TF,MotifID,AUC,NES,MotifSimilarityQvalue,OrthologousIdentity,Annotation,Context,TargetGenes,RankAtMax
Ehf,taipale_tf_pairs__E2F1_ELK1_SGCGCNNNNNNNNNNCGGAAGN_CAP_repr,0.051211317,3.078104339,3.17E-06,1,gene is annotated for similar motif transfac_pro__M02745 ('V$EHF_06: Ehf'; q-value = 3.17e-06),"frozenset({'activating', 'mm10_500bp_up_100bp_down_full_tx_v10_clust.genes_vs_motifs.rankings', 'weight>75.0%'})","[('Agbl5', 0.8446908133772851), ('Prickle2', 3.145584220684332), ('Car2', 5.935813996565943), ('Gm20753', 0.8710216658668326), ('Cttnbp2nl', 0.6941317631261718), ('Maml3', 0.7049339924485171), ('BC107364', 8.026115421023828), ('Dnajc6', 17.43428152008733), ('Utp14b', 5.428260689277833), ('Acsl3', 6.108264078790731), ('Dgkz', 14.768769036922397), ('Phlpp1', 12.768205527182916), ('Jade1', 1.9060849163047264), ('Slc39a10', 0.9229992883319836), ('Tpd52', 0.8667423497159714), ('Alad', 0.959323390263498), ('Mrps5', 0.5212305255323266), ('Rbm17', 1.37352214757505), ('Fgfr3', 2.0433287199811745), ('Slc44a1', 4.74892730512004), ('Hdac11', 0.9315766536973634), ('E130309D02Rik', 2.500329939200584), ('Ccdc149', 1.0791809167661977), ('Tbc1d8', 3.032987513161921), ('Tprgl', 0.4905307602031806), ('Tanc1', 10.92914407164599), ('Rexo4', 1.633442931781677), ('Sft2d2', 0.7438527421874551), ('Spg20', 1.63415597514106), ('Coro2a', 34.63057038796936), ('Mms22l', 0.917000149627823), ('Nol9', 0.7989401899381402), ('Grsf1', 1.5701800065173122), ('Stk39', 20.47750290358064), ('Bag2', 0.5620541410656761), ('Traf2', 4.892718396261069), ('Eif5b', 2.0261976646516886), ('Xpa', 1.245233592285558), ('Gar1', 1.916095124104296), ('Chchd7', 1.1147059961653618), ('E130102H24Rik', 1.8317986032527067), ('Papss1', 4.228945638766495), ('Plag1', 17.50556567494059), ('Rasal1', 25.98359816353597), ('Hivep3', 12.377195798631528), ('2500004C02Rik', 3.7008211441933216), ('Pop5', 0.6987333096086491), ('Itga8', 2.601593575465386), ('Ift52', 0.4490300650182786), ('Mcm6', 2.595970388165473), ('Proser2', 19.350148144235032), ('Txndc9', 0.4259641847227357), ('Brd3', 0.8467111253520069), ('Casp6', 0.949928754235421), ('Gm11240', 0.5895218581848114), ('Vangl1', 2.2272747531829715), ('Ddi2', 2.9830910998713382), ('Yes1', 0.6163681755300091), ('Pus7', 0.9221848803811602), ('Eif3j1', 0.8255600798372436), ('Fbxo10', 1.1053634748683363), ('Mex3a', 6.534582933836812), ('Chn1', 1.8245325359757607), ('Phactr4', 3.556988591066684), ('Kank4', 6.805420842653162), ('A930024E05Rik', 1.466597348945509), ('Igsf3', 10.96899807745459), ('Cops7a', 0.4339369023128311), ('Pnpla7', 0.6572567679678198), ('Gpm6b', 12.965131181981643), ('Kdm2b', 1.4971148861024892), ('Ppa2', 1.476890821750097), ('Patj', 4.195297931574242), ('Ninl', 3.821318544946756), ('Ttpa', 39.42440010831235), ('Susd4', 4.648323372734949), ('Dlg3', 10.063417473958731), ('Mme', 1.6916576801969492), ('Cenpf', 1.1452727493978512), ('C77080', 1.169050500774379), ('Med21', 0.557351190179777), ('Fnbp1l', 0.9143404279638848), ('Zfp618', 3.351329372110792), ('Gm13648', 5.987859926213764), ('Commd3', 0.5495204471395881), ('Trnau1ap', 1.517819687460199), ('Atic', 3.456392395467629), ('Kdf1', 0.7506256594579682), ('Ptma', 2.7633882310465983), ('Tmsb10', 2.1475175624496257), ('Golim4', 0.5449714405061211), ('Pnrc2', 0.5022968514288063), ('Phtf2', 0.5276585747324124), ('Lamtor4', 3.3062136150626413), ('Itgb6', 7.102233073593792), ('Hey1', 11.223264987255396), ('Bend7', 21.07434153588773), ('Nras', 2.765299075269556), ('Rab22a', 0.6781027794265204), ('Chmp4c', 28.2055077154732), ('Cdc14a', 0.8440035577839038), ('Lbr', 5.831891076192492), ('Rgs20', 24.528671562755186), ('Rbm47', 1.7318055599973128), ('Ubqln4', 0.4761828504838397), ('Zc3h15', 1.0137226248475937), ('Hs2st1', 0.4927244460045547), ('Col4a6', 2.607893279086234), ('Ndufa4', 0.7343674756908912), ('Bcl2l1', 7.582635289315903), ('Dock7', 0.43941400549059), ('Arhgef26', 6.669848591511106), ('Ngef', 8.78709882588245), ('Rcc1', 0.6421810619371733), ('A430005L14Rik', 0.4344016230316866), ('Mterf1a', 0.476112845356589), ('Sdc4', 8.837477384552265), ('Phc1', 0.568920406278372), ('Pus1', 2.7680455638367447), ('Tec', 1.1987735195642133), ('Kdelr2', 0.5876332425302225), ('Igfbp5', 17.791746750477877), ('Trp53i11', 2.534357444818028), ('Utp3', 0.5948237573568789), ('Tmem167b', 0.4777631574466677), ('Ndufc1', 0.6602156540950339), ('Tfcp2l1', 17.95416358081006), ('Agap1', 3.469541195244381), ('Col4a5', 11.005464775783564), ('Casp2', 4.508590407420011), ('Ppp1cb', 39.26782985345751), ('Bcl2', 5.423650507529628), ('Dstyk', 1.624421908808929), ('Gas5', 9.226570339562327), ('Spats2l', 1.7328168771079788), ('Raph1', 1.177325771478801), ('L1cam', 0.4443163279031584), ('Ap1s3', 4.229906740701909), ('Chn1os3', 0.5124509398318928)]",1876
Elf3,taipale_tf_pairs__GCM1_ETV7_NTNNNGGCGGAAGNNNTTCCNNN_CAP_repr,0.059865262,3.705772273,8.11E-06,1,gene is annotated for similar motif transfac_pro__M01977 ('V$ESE1_01: ESE-1'; q-value = 8.11e-06),"frozenset({'activating', 'mm10_500bp_up_100bp_down_full_tx_v10_clust.genes_vs_motifs.rankings', 'weight>75.0%'})","[('Zdhhc4', 1.265132218491973), ('Lyrm2', 0.6140134240231712), ('Acot8', 0.9092446503825008), ('Kdelr2', 1.6446948263898369), ('Chchd5', 4.767013550924412), ('Ssr2', 0.6762805375152954), ('Mrpl20', 1.0162667979413902), ('Rer1', 2.3805888016153984), ('Ttc30b', 0.5085703909253274), ('Rpl12', 4.254175374904963), ('Ccdc181', 0.9199700404364868), ('Eif3i', 1.0711171768643992), ('Uqcrh', 1.6812668224945282), ('Sys1', 0.6918146737271256), ('Dtymk', 1.5416023537973191), ('Tmem59', 0.835692821262313), ('Srp14', 1.0248856135680096), ('Pomp', 3.563535092719023), ('Trmt6', 0.5747776557655717), ('Pdcl', 0.5251199045489001), ('Cdk11b', 1.0887516607761312), ('Serp1', 1.2988965908175654), ('Pcna', 0.7869912513106198), ('Tyro3', 1.6187737374038031), ('Rps21', 1.4482275151073447), ('Gatad1', 0.5811162757729276), ('Eif3m', 0.5463596824285215), ('Slc35a2', 1.1517374179944515), ('Cox20', 4.129186329124751), ('Zbtb33', 1.0210985380744553), ('Chchd2', 2.557466148685137), ('Ubl4a', 5.942450138387884), ('Mrpl44', 1.7940936262940623), ('Hsd17b11', 0.7308637735826182), ('Slc35a1', 1.0851150748701996), ('Rnf4', 0.545865897383962), ('Prpf18', 0.6398243877498686), ('Tmem128', 0.700919329681676), ('Pdap1', 1.1450414232202382), ('Cdh7', 0.496827888559687), ('Rps15a-ps4', 0.4322697693231845), ('Mrps14', 5.047697187598663), ('Rps4x', 6.944820765102524), ('Tmem54', 0.9645871311102064), ('Atp5k', 4.494725725542192), ('Ppdpf', 0.9996332454707872), ('Rps27', 3.792416092468727), ('Serinc3', 3.890573901170929), ('Rps6', 3.5327857240096656), ('Rpl34', 0.9222177601901144), ('Csn3', 5.433413621033023), ('Tubb4b', 10.699764654352023), ('Hypk', 2.6267587097892275), ('Gng5', 3.0217935739161894), ('Tmsb10', 3.0028708790446608), ('Gnas', 1.4936734864216774), ('Jtb', 1.129261343407043), ('Gas5', 1.2507284597893424), ('Suclg1', 0.5751819440576291), ('Tesk1', 3.614120540918614), ('Rpn1', 1.1865335550748364), ('Rpl21', 4.5352435024666935), ('Rpl36a', 1.205512112017226), ('Igfbp5', 3.3173696297776765), ('Slc2a1', 1.9284381635587111), ('Plb1', 0.5171057760165364), ('9230102O04Rik', 1.103264481152213), ('Ddost', 0.8235057138742017), ('Rpl31', 4.624242605852109), ('Spint1', 0.5965361712230695), ('Cox6a1', 0.570369457365181), ('Slc35c2', 0.6321976405972155), ('Pebp1', 1.0193602109417903), ('Tmem125', 0.7570908916641882), ('Armcx2', 2.5977792618412754), ('S100a13', 0.7460144513105206), ('Arl6ip4', 1.759430610576063), ('Rpl11', 7.259650519282836), ('Romo1', 3.5131776645045205), ('Cops6', 0.7270355769437906), ('Med28', 2.331708362571233), ('Wfs1', 3.219511986395804), ('Cox5b', 3.875374352152424), ('Vsig10', 0.5358030448850329), ('Bola1', 0.7781660162805222), ('Rhoc', 0.7648891386577251), ('Cdk9', 2.804577315077096), ('Arfip1', 0.7886837317844768), ('Rassf5', 0.4177324667343601), ('Lmna', 1.6764010956213398), ('Eloc', 1.4768876404772309), ('Bmyc', 1.6916113787165807), ('Rpl22', 4.505827754773684), ('Fam210b', 1.0781763606261914), ('Hspd1', 0.6785658908411167), ('Rpl6', 5.691269483330712), ('Pdzk1ip1', 3.3329664303536024), ('Pkp1', 1.2949507665895152), ('Erich2', 0.9677998682020962)]",3397
Elf3,metacluster_191.2,0.058182901,3.516434477,6.90E-06,0.876011,motif similar to taipale_cyt_meth__ELF3_ACCCGGAAGNNNNNNNNNWWWWW_FL ('ELF3 [ETS]'; q-value = 6.9e-06) which is annotated for orthologous gene ENSG00000163435 in H. sapiens (identity = 87%),"frozenset({'activating', 'mm10_500bp_up_100bp_down_full_tx_v10_clust.genes_vs_motifs.rankings', 'weight>75.0%'})","[('Rer1', 2.3805888016153984), ('Zdhhc4', 1.265132218491973), ('Chchd5', 4.767013550924412), ('Lyrm2', 0.6140134240231712), ('Dtymk', 1.5416023537973191), ('Srp14', 1.0248856135680096), ('Acot8', 0.9092446503825008), ('Snhg8', 4.693081568148552), ('Cdk9', 2.804577315077096), ('Cox20', 4.129186329124751), ('Vsig10', 0.5358030448850329), ('Pomp', 3.563535092719023), ('Slc35c2', 0.6321976405972155), ('Tomm7', 5.306175064973837), ('Rps6', 3.5327857240096656), ('Rnf4', 0.545865897383962), ('Mrpl20', 1.0162667979413902), ('Rps3a1', 4.812796314639975), ('Cox5b', 3.875374352152424), ('Arl6ip4', 1.759430610576063), ('Atp5k', 4.494725725542192), ('Rps21', 1.4482275151073447), ('Hypk', 2.6267587097892275), ('Mospd3', 4.632648234666782), ('Spint1', 0.5965361712230695), ('Mrpl44', 1.7940936262940623), ('Hmgn2', 0.6603934531389667), ('Tsen15', 1.6043767855687685), ('Pkig', 0.5642498329861704), ('Eif3m', 0.5463596824285215), ('Ssr2', 0.6762805375152954), ('Mrfap1', 1.8665709636070755), ('Adh5', 1.331866125342564), ('Plod3', 2.915154801914856), ('Gatad1', 0.5811162757729276), ('Dnajc5', 1.752080393910182), ('Atp5j2', 0.7610204665732454), ('Eloc', 1.4768876404772309), ('Rpl6', 5.691269483330712), ('Slc35a1', 1.0851150748701996), ('Pdap1', 1.1450414232202382), ('Traf6', 0.5251599340513059), ('Kdelr2', 1.6446948263898369), ('Rps27', 3.792416092468727), ('Tmem59', 0.835692821262313), ('Chchd2', 2.557466148685137), ('Ost4', 1.252511837022105), ('Wdr1', 0.5462295502777973), ('Ergic3', 1.2979213661937103), ('Srsf9', 1.1912072467971433), ('Pdcl', 0.5251199045489001), ('Rps8', 4.791744362276255), ('Gas5', 1.2507284597893424), ('Denr', 1.8588988282150216), ('Arfip1', 0.7886837317844768), ('Alkbh2', 0.5083499830119459), ('Ndufa1', 0.6172703301110147), ('Eif3i', 1.0711171768643992), ('Znhit1', 1.1348045558958888), ('Sars', 0.5667818493841739), ('Cnbp', 1.318051848153924), ('Cox6a1', 0.570369457365181), ('Tmem128', 0.700919329681676), ('Ubl4a', 5.942450138387884), ('Aph1a', 1.3690861741850031), ('Mme', 3.3147560011229564), ('Tmub1', 3.649054876524664), ('Cdk11b', 1.0887516607761312), ('Stat1', 0.6266105925308372), ('Zbtb33', 1.0210985380744553), ('Jun', 0.6984585129733878), ('Muc1', 0.4556024828166518), ('Prpf18', 0.6398243877498686), ('Mageh1', 0.9257237234787598), ('Trmt6', 0.5747776557655717), ('Fgfr3', 0.471727686160818), ('Armcx2', 2.5977792618412754), ('Areg', 4.759887713654706), ('Serp1', 1.2988965908175654), ('Csn3', 5.433413621033023), ('Rpl10', 3.856182435283882), ('Med28', 2.331708362571233), ('Ttc30b', 0.5085703909253274), ('Rpl11', 7.259650519282836), ('Rps4x', 6.944820765102524), ('Pcna', 0.7869912513106198), ('Mrps21', 0.6991041274562549), ('Gnl3l', 2.174387308451606), ('Osgin2', 1.500171806537862), ('Sys1', 0.6918146737271256), ('Pin4', 2.716164456454805), ('Rpl7', 6.597474839088456), ('Psmc3', 1.5873915988648102), ('Tceal8', 0.4724539092309754), ('Gnas', 1.4936734864216774), ('Hspd1', 0.6785658908411167), ('Fam210b', 1.0781763606261914), ('Rpl12', 4.254175374904963), ('Psmd10', 0.9750035803454904), ('Txnip', 2.562070474940666), ('Rpl36a', 1.205512112017226), ('Trnau1ap', 0.6530172764078491), ('Cebpb', 2.628600774312722), ('Mrps14', 5.047697187598663), ('Alpl', 0.6296983281311339), ('Asnsd1', 3.819244417505297), ('Gapdh', 2.0343246796502483), ('Tacstd2', 5.001565856745346), ('Ckmt1', 1.4360935812263862), ('Hsd17b11', 0.7308637735826182), ('Ssr4', 4.400720207903799), ('Glmp', 1.0622916633673654), ('Phf13', 1.2108670597891025), ('Tor1aip2', 0.9148038734934176), ('Uqcrh', 1.6812668224945282), ('Rpl37a', 9.60587369035012), ('Mrps25', 1.525136914075347), ('Rpl31', 4.624242605852109), ('Gnb2', 8.999526604885517), ('Rps15a-ps4', 0.4322697693231845), ('Ltbr', 1.1704844509885293), ('H3f3a', 1.292396295813458), ('Mrpl30', 1.9538546506914292), ('Tubb4b', 10.699764654352023), ('Cited4', 1.141386213573334), ('Rnf114', 1.405863092033491), ('Edf1', 1.529809803959776)]",4540
Elf3,metacluster_166.2,0.061423556,3.881147104,5.99E-06,1,gene is annotated for similar motif transfac_pro__M01977 ('V$ESE1_01: ESE-1'; q-value = 5.99e-06),"frozenset({'activating', 'mm10_500bp_up_100bp_down_full_tx_v10_clust.genes_vs_motifs.rankings', 'weight>75.0%'})","[('Zdhhc4', 1.265132218491973), ('Chchd5', 4.767013550924412), ('Eif3m', 0.5463596824285215), ('Ssr2', 0.6762805375152954), ('Pomp', 3.563535092719023), ('Dtymk', 1.5416023537973191), ('Mrpl20', 1.0162667979413902), ('Arl6ip4', 1.759430610576063), ('Gas5', 1.2507284597893424), ('Dnajc5', 1.752080393910182), ('Acot8', 0.9092446503825008), ('Rer1', 2.3805888016153984), ('Eif3i', 1.0711171768643992), ('Gatad1', 0.5811162757729276), ('Trmt6', 0.5747776557655717), ('Lyrm2', 0.6140134240231712), ('Serp1', 1.2988965908175654), ('Ccdc181', 0.9199700404364868), ('Cdk9', 2.804577315077096), ('Chchd2', 2.557466148685137), ('Rps21', 1.4482275151073447), ('Cdk11b', 1.0887516607761312), ('Atp5k', 4.494725725542192), ('Mrpl44', 1.7940936262940623), ('Sys1', 0.6918146737271256), ('Rps6', 3.5327857240096656), ('Snhg8', 4.693081568148552), ('Prpf18', 0.6398243877498686), ('Arfip1', 0.7886837317844768), ('Srp14', 1.0248856135680096), ('Txnip', 2.562070474940666), ('Hspd1', 0.6785658908411167), ('Pdcl', 0.5251199045489001), ('Hypk', 2.6267587097892275), ('Romo1', 3.5131776645045205), ('Mospd3', 4.632648234666782), ('Slc35a1', 1.0851150748701996), ('Ergic3', 1.2979213661937103), ('Slc35c2', 0.6321976405972155), ('Tomm7', 5.306175064973837), ('Tmem128', 0.700919329681676), ('Zbtb33', 1.0210985380744553), ('Mrpl51', 3.669263628146005), ('Tmem59', 0.835692821262313), ('Ttc30b', 0.5085703909253274), ('Gnl3l', 2.174387308451606), ('Armcx2', 2.5977792618412754), ('Mul1', 0.821430028890517), ('Wdr1', 0.5462295502777973), ('Spint1', 0.5965361712230695), ('Lmna', 1.6764010956213398), ('Cox20', 4.129186329124751), ('Rps3a1', 4.812796314639975), ('Atp5e', 1.8597913108505215), ('Rps27', 3.792416092468727), ('Aph1a', 1.3690861741850031), ('9230102O04Rik', 1.103264481152213), ('Cox5b', 3.875374352152424), ('Pdap1', 1.1450414232202382), ('Mrps21', 0.6991041274562549), ('Rps8', 4.791744362276255), ('Dpm3', 3.846600600241573), ('Plod3', 2.915154801914856), ('Asnsd1', 3.819244417505297), ('Vamp3', 1.0618602757543965), ('Rpl11', 7.259650519282836), ('Psmg3', 1.6297399469042215), ('Ost4', 1.252511837022105), ('Rpl6', 5.691269483330712), ('Sars', 0.5667818493841739), ('Hsd17b11', 0.7308637735826182), ('Klhl9', 0.547775920008953), ('Vsig10', 0.5358030448850329), ('Uqcrh', 1.6812668224945282), ('Rpl37a', 9.60587369035012), ('Mrpl30', 1.9538546506914292), ('Rpl7', 6.597474839088456), ('Rnf4', 0.545865897383962), ('Rps4x', 6.944820765102524), ('Ssr4', 4.400720207903799), ('Rpl12', 4.254175374904963), ('Gm13889', 0.4388162842134255), ('Suclg1', 0.5751819440576291), ('Atp5j2', 0.7610204665732454), ('Eloc', 1.4768876404772309), ('Plb1', 0.5171057760165364), ('Itm2c', 0.900849411583888), ('Rpl31', 4.624242605852109), ('Tacstd2', 5.001565856745346), ('Psmc3', 1.5873915988648102), ('Pmpcb', 0.7736969395105118), ('Ddost', 0.8235057138742017), ('Tmsb4x', 0.6584717815372648), ('Gng5', 3.0217935739161894), ('Ncl', 1.4189531508040645), ('Rpl34', 0.9222177601901144), ('Cox6a1', 0.570369457365181), ('Jtb', 1.129261343407043), ('Tceal8', 0.4724539092309754), ('Slc35a2', 1.1517374179944515), ('Rpl35', 7.691085657928685), ('Alkbh2', 0.5083499830119459), ('Csn3', 5.433413621033023), ('Mrps14', 5.047697187598663), ('Pebp1', 1.0193602109417903), ('Adh5', 1.331866125342564), ('Mrfap1', 1.8665709636070755), ('Pin4', 2.716164456454805), ('Tmem125', 0.7570908916641882), ('Pms2', 0.5240442852435968), ('Stat1', 0.6266105925308372), ('Fam210b', 1.0781763606261914), ('Tubb4b', 10.699764654352023), ('Psmb4', 1.902782996043833), ('Trnau1ap', 0.6530172764078491), ('Tmub1', 3.649054876524664), ('Znhit1', 1.1348045558958888), ('Edf1', 1.529809803959776), ('Ndufa1', 0.6172703301110147), ('Cnbp', 1.318051848153924), ('Bola1', 0.7781660162805222), ('B3galt6', 0.7343093341987077), ('Mageh1', 0.9257237234787598), ('Pdia4', 0.603774178931218), ('Pex11b', 0.8162567355669784), ('Glmp', 1.0622916633673654), ('Tesk1', 3.614120540918614), ('Rassf5', 0.4177324667343601), ('Kdelr2', 1.6446948263898369), ('Rpl21', 4.5352435024666935), ('Tgoln1', 0.7037024609515469), ('Rnf114', 1.405863092033491), ('Crabp2', 7.627204441367524), ('Bmyc', 1.6916113787165807), ('Aurkaip1', 1.4990332628687668), ('Rhov', 5.112278000818578), ('Pcna', 0.7869912513106198), ('Gata3', 0.5527014248542522), ('Hmgb1', 2.43963373109869), ('Cd9', 0.6415927306830784), ('Mpped2', 0.6380636384390915), ('Rpl39', 5.976106797825928)]",4981
Elf3,hdpi__FLI1,0.05557003,3.222374449,2.09E-06,0.831202,gene is orthologous to ENSG00000163435 in H. sapiens (identity = 83%) which is annotated for similar motif taipale_cyt_meth__ELF3_ACCCGGAAGNNNNNNNNNWWWWW_FL ('ELF3 [ETS]'; q-value = 2.09e-06),"frozenset({'activating', 'mm10_500bp_up_100bp_down_full_tx_v10_clust.genes_vs_motifs.rankings', 'weight>75.0%'})","[('Zdhhc4', 1.265132218491973), ('Dtymk', 1.5416023537973191), ('Lyrm2', 0.6140134240231712), ('Chchd5', 4.767013550924412), ('Mrpl20', 1.0162667979413902), ('Pomp', 3.563535092719023), ('Rer1', 2.3805888016153984), ('Eif3m', 0.5463596824285215), ('Trmt6', 0.5747776557655717), ('Ssr2', 0.6762805375152954), ('Ccdc181', 0.9199700404364868), ('Chchd2', 2.557466148685137), ('Acot8', 0.9092446503825008), ('Eif3i', 1.0711171768643992), ('Arl6ip4', 1.759430610576063), ('Ttc30b', 0.5085703909253274), ('Gatad1', 0.5811162757729276), ('Srp14', 1.0248856135680096), ('Cdk9', 2.804577315077096), ('Rpl34', 0.9222177601901144), ('Zbtb33', 1.0210985380744553), ('Gas5', 1.2507284597893424), ('Tmem128', 0.700919329681676), ('Sys1', 0.6918146737271256), ('Rps21', 1.4482275151073447), ('Rps6', 3.5327857240096656), ('Prpf18', 0.6398243877498686), ('Cox5b', 3.875374352152424), ('Tmem59', 0.835692821262313), ('Pdcl', 0.5251199045489001), ('Atp5k', 4.494725725542192), ('Dnajc5', 1.752080393910182), ('Arfip1', 0.7886837317844768), ('Slc35a1', 1.0851150748701996), ('Cdk11b', 1.0887516607761312), ('Spint1', 0.5965361712230695), ('Hypk', 2.6267587097892275), ('Serp1', 1.2988965908175654), ('Romo1', 3.5131776645045205), ('Snhg8', 4.693081568148552), ('Mrpl44', 1.7940936262940623), ('Slc35c2', 0.6321976405972155), ('Rps4x', 6.944820765102524), ('Hspd1', 0.6785658908411167), ('Gnl3l', 2.174387308451606), ('Ergic3', 1.2979213661937103), ('Slc35a2', 1.1517374179944515), ('Mospd3', 4.632648234666782), ('Trnau1ap', 0.6530172764078491), ('Wdr1', 0.5462295502777973), ('Armcx2', 2.5977792618412754), ('Pcna', 0.7869912513106198), ('Hsd17b11', 0.7308637735826182), ('Aph1a', 1.3690861741850031), ('Mrps21', 0.6991041274562549), ('Uqcrh', 1.6812668224945282), ('Asnsd1', 3.819244417505297), ('Cox20', 4.129186329124751), ('Txnip', 2.562070474940666), ('9230102O04Rik', 1.103264481152213), ('Rpl6', 5.691269483330712), ('Eloc', 1.4768876404772309), ('Atp5e', 1.8597913108505215), ('Rpl21', 4.5352435024666935), ('Rps3a1', 4.812796314639975), ('Rps8', 4.791744362276255), ('Pdap1', 1.1450414232202382), ('Rpl11', 7.259650519282836), ('Mul1', 0.821430028890517), ('Lmna', 1.6764010956213398), ('Klhl9', 0.547775920008953), ('Kdelr2', 1.6446948263898369), ('Gm13889', 0.4388162842134255), ('Rpl37a', 9.60587369035012), ('Tomm7', 5.306175064973837), ('Tgoln1', 0.7037024609515469), ('Sars', 0.5667818493841739), ('Itm2c', 0.900849411583888), ('Rps27', 3.792416092468727), ('Dpm3', 3.846600600241573), ('Rpl36a', 1.205512112017226), ('Mrpl51', 3.669263628146005), ('Rpl31', 4.624242605852109), ('Atp5j2', 0.7610204665732454), ('Tceal8', 0.4724539092309754), ('Rpl12', 4.254175374904963), ('Tacstd2', 5.001565856745346), ('Pmpcb', 0.7736969395105118), ('Tmsb4x', 0.6584717815372648), ('Plod3', 2.915154801914856), ('Psmb4', 1.902782996043833), ('Rnf4', 0.545865897383962), ('Cox6a1', 0.570369457365181), ('Ddost', 0.8235057138742017), ('Ncl', 1.4189531508040645), ('Rpl35', 7.691085657928685), ('Plb1', 0.5171057760165364), ('Mrpl30', 1.9538546506914292), ('Adh5', 1.331866125342564), ('Ssr4', 4.400720207903799), ('Psmc3', 1.5873915988648102), ('Pms2', 0.5240442852435968), ('Mpped2', 0.6380636384390915), ('Tubb4b', 10.699764654352023), ('Cops6', 0.7270355769437906), ('Psmg3', 1.6297399469042215), ('Vsig10', 0.5358030448850329), ('Alkbh2', 0.5083499830119459), ('Bmyc', 1.6916113787165807), ('Suclg1', 0.5751819440576291), ('Edf1', 1.529809803959776), ('Gng5', 3.0217935739161894), ('Tmub1', 3.649054876524664), ('Tmem35a', 0.4709022641780038), ('Tesk1', 3.614120540918614), ('Jtb', 1.129261343407043), ('Mrfap1', 1.8665709636070755), ('Ost4', 1.252511837022105), ('Znhit1', 1.1348045558958888), ('Ndufa1', 0.6172703301110147), ('Rassf5', 0.4177324667343601), ('Cnbp', 1.318051848153924), ('Glmp', 1.0622916633673654), ('Mlf2', 2.627565093077445), ('Csn3', 5.433413621033023), ('Mageh1', 0.9257237234787598), ('Rnf114', 1.405863092033491), ('Mrps14', 5.047697187598663), ('Pebp1', 1.0193602109417903)]",4669
Elf3,taipale_tf_pairs__ETV2_DLX3_RSCGGAANNNNNNNTAATKR_CAP_repr,0.061753576,3.918288589,1.99E-06,1,motif similar to transfac_pro__M01977 ('V$ESE1_01: ESE-1'; q-value = 1.99e-06) which is directly annotated,"frozenset({'activating', 'mm10_500bp_up_100bp_down_full_tx_v10_clust.genes_vs_motifs.rankings', 'weight>75.0%'})","[('Zdhhc4', 1.265132218491973), ('Rps6', 3.5327857240096656), ('Rps15a-ps4', 0.4322697693231845), ('Cdk9', 2.804577315077096), ('Pomp', 3.563535092719023), ('Chchd5', 4.767013550924412), ('Rpl37a', 9.60587369035012), ('Eloc', 1.4768876404772309), ('Chchd2', 2.557466148685137), ('Gas5', 1.2507284597893424), ('Slc35c2', 0.6321976405972155), ('Ctnnd1', 2.074578271351357), ('Dtymk', 1.5416023537973191), ('Tmem128', 0.700919329681676), ('Eif3i', 1.0711171768643992), ('Rer1', 2.3805888016153984), ('Ubl4a', 5.942450138387884), ('Pcna', 0.7869912513106198), ('Cox5b', 3.875374352152424), ('Kdelr2', 1.6446948263898369), ('Lyrm2', 0.6140134240231712), ('Mageh1', 0.9257237234787598), ('Rpl35', 7.691085657928685), ('Rpl36a', 1.205512112017226), ('Cdk11b', 1.0887516607761312), ('Prpf18', 0.6398243877498686), ('Gnl3l', 2.174387308451606), ('Rps21', 1.4482275151073447), ('Trmt6', 0.5747776557655717), ('Rpl31', 4.624242605852109), ('Mrpl20', 1.0162667979413902), ('Ttc30b', 0.5085703909253274), ('Mrpl51', 3.669263628146005), ('Tor1aip2', 0.9148038734934176), ('Pdap1', 1.1450414232202382), ('Sys1', 0.6918146737271256), ('Rps27', 3.792416092468727), ('2510039O18Rik', 1.485187275008885), ('Armcx2', 2.5977792618412754), ('Rhoc', 0.7648891386577251), ('Jtb', 1.129261343407043), ('Psmg3', 1.6297399469042215), ('Cox6a1', 0.570369457365181), ('Mrpl24', 0.8374163876096332), ('Itm2c', 0.900849411583888), ('Hypk', 2.6267587097892275), ('Hsd17b11', 0.7308637735826182), ('Uqcrh', 1.6812668224945282), ('Ost4', 1.252511837022105), ('Cox20', 4.129186329124751), ('Srp14', 1.0248856135680096), ('Tmem54', 0.9645871311102064), ('Pmpcb', 0.7736969395105118), ('Ybx1', 2.807181325090588), ('Gnb2', 8.999526604885517), ('Tmem176a', 1.4402318771202138), ('Atp6v1g1', 0.4416715718043794), ('Slc35a2', 1.1517374179944515), ('Rnf4', 0.545865897383962), ('Arfip1', 0.7886837317844768), ('Acot8', 0.9092446503825008)]",2133
Elf3,metacluster_183.4,0.072418456,5.118544998,6.40E-07,1,gene is annotated for similar motif transfac_pro__M01977 ('V$ESE1_01: ESE-1'; q-value = 6.4e-07),"frozenset({'activating', 'mm10_500bp_up_100bp_down_full_tx_v10_clust.genes_vs_motifs.rankings', 'weight>75.0%'})","[('Rbbp7', 0.4554872093912407), ('Pcna', 0.7869912513106198), ('Set', 0.5636022243312763), ('Dtymk', 1.5416023537973191), ('Rpl31', 4.624242605852109), ('Tmem54', 0.9645871311102064), ('Snhg12', 1.203948266655376), ('Ddost', 0.8235057138742017), ('Bbox1', 0.5185575783251654), ('Gnas', 1.4936734864216774), ('Bhlhe41', 2.097549219898518), ('Ccdc181', 0.9199700404364868), ('Spint1', 0.5965361712230695), ('Kdelr2', 1.6446948263898369), ('Gapdh', 2.0343246796502483), ('Rpl7', 6.597474839088456), ('Dnajc5', 1.752080393910182), ('Ckmt1', 1.4360935812263862), ('Ssr2', 0.6762805375152954), ('Txnip', 2.562070474940666), ('Ndufs5', 1.2456163857947564), ('Ttc30b', 0.5085703909253274), ('Gata3', 0.5527014248542522), ('Eif2s2', 1.277292584408239), ('Suclg1', 0.5751819440576291), ('Ctnnd1', 2.074578271351357), ('Dstn', 0.8683631520197609), ('Stat1', 0.6266105925308372), ('Rab29', 0.5432855946473495), ('Adh5', 1.331866125342564), ('Pkig', 0.5642498329861704), ('Zdhhc4', 1.265132218491973), ('Rps15a-ps4', 0.4322697693231845)]",993
Elf3,metacluster_191.3,0.065105892,4.295567883,2.47E-09,0.876011,motif similar to swissregulon__hs__ELF3 ('hs__ELF3'; q-value = 2.47e-09) which is annotated for orthologous gene ENSG00000163435 in H. sapiens (identity = 87%),"frozenset({'activating', 'mm10_500bp_up_100bp_down_full_tx_v10_clust.genes_vs_motifs.rankings', 'weight>75.0%'})","[('Lyrm2', 0.6140134240231712), ('Dtymk', 1.5416023537973191), ('Rpl34', 0.9222177601901144), ('Mrpl20', 1.0162667979413902), ('Zdhhc4', 1.265132218491973), ('Rer1', 2.3805888016153984), ('Pomp', 3.563535092719023), ('Chchd2', 2.557466148685137), ('Alpl', 0.6296983281311339), ('Aph1a', 1.3690861741850031), ('Chchd5', 4.767013550924412), ('Srp14', 1.0248856135680096), ('Ttc30b', 0.5085703909253274), ('Slc35c2', 0.6321976405972155), ('Cdk9', 2.804577315077096), ('Rpl37a', 9.60587369035012), ('Snhg8', 4.693081568148552), ('Trmt6', 0.5747776557655717), ('Srsf9', 1.1912072467971433), ('Rps21', 1.4482275151073447), ('Cox5b', 3.875374352152424), ('Rps6', 3.5327857240096656), ('Ccdc181', 0.9199700404364868), ('Zbtb33', 1.0210985380744553), ('Pdcl', 0.5251199045489001), ('Tmem128', 0.700919329681676), ('Atp5k', 4.494725725542192), ('Gm13889', 0.4388162842134255), ('Rpl35', 7.691085657928685), ('Arl6ip4', 1.759430610576063), ('Gatad1', 0.5811162757729276), ('Eif3m', 0.5463596824285215), ('Tgoln1', 0.7037024609515469), ('Hypk', 2.6267587097892275), ('Trnau1ap', 0.6530172764078491), ('Slc35a1', 1.0851150748701996), ('Tceal8', 0.4724539092309754), ('Eif3i', 1.0711171768643992), ('Spint1', 0.5965361712230695), ('Arfip1', 0.7886837317844768), ('Pla2g4a', 2.21216127274469), ('Eif3b', 0.6118825909511446), ('Rps3a1', 4.812796314639975), ('Psmg3', 1.6297399469042215), ('Prpf18', 0.6398243877498686), ('S100a6', 3.6219568825861033), ('Cdk11b', 1.0887516607761312), ('Sys1', 0.6918146737271256), ('Gas5', 1.2507284597893424), ('Atp5j2', 0.7610204665732454), ('Pdzk1ip1', 3.3329664303536024), ('9230102O04Rik', 1.103264481152213), ('Gnl3l', 2.174387308451606), ('Romo1', 3.5131776645045205), ('Sars', 0.5667818493841739), ('Tmsb4x', 0.6584717815372648), ('Pcna', 0.7869912513106198), ('Mrpl44', 1.7940936262940623), ('Dpm3', 3.846600600241573), ('Ssr4', 4.400720207903799), ('R3hdml', 3.27142613309681), ('Eloc', 1.4768876404772309), ('Znhit1', 1.1348045558958888), ('Glul', 1.3321083775168596), ('Asl', 0.50586401899576), ('Hsd17b11', 0.7308637735826182), ('Pkig', 0.5642498329861704), ('Dnajc5', 1.752080393910182), ('Atp5e', 1.8597913108505215), ('Mospd3', 4.632648234666782), ('Rnf4', 0.545865897383962), ('Asnsd1', 3.819244417505297), ('Acot8', 0.9092446503825008), ('Psmb4', 1.902782996043833), ('Phf13', 1.2108670597891025), ('Osgin2', 1.500171806537862), ('Cox6a1', 0.570369457365181), ('Wdr1', 0.5462295502777973), ('Rpl39', 5.976106797825928), ('Mpped2', 0.6380636384390915), ('Itm2c', 0.900849411583888), ('Cops6', 0.7270355769437906), ('Tacstd2', 5.001565856745346), ('Rpl11', 7.259650519282836), ('Ubl4a', 5.942450138387884), ('Ppdpf', 0.9996332454707872), ('Notch1', 2.6513074646404), ('Armcx2', 2.5977792618412754), ('Ncl', 1.4189531508040645), ('Mrps21', 0.6991041274562549), ('Rpl21', 4.5352435024666935), ('Glrx2', 0.9801396041647992), ('Mlf2', 2.627565093077445), ('Gstm5', 2.953980760285627), ('Pomgnt1', 0.4950991819021267), ('Mageh1', 0.9257237234787598), ('Rassf5', 0.4177324667343601), ('Hspd1', 0.6785658908411167), ('Tmsb10', 3.0028708790446608), ('Cxcl15', 2.8213141240061548), ('Tyro3', 1.6187737374038031), ('Ccdc34', 0.4859029354417284), ('Tmem59', 0.835692821262313), ('Rpl31', 4.624242605852109), ('Fam210b', 1.0781763606261914), ('Ost4', 1.252511837022105)]",4861
Elf3,metacluster_138.2,0.069103361,4.745454592,1.33E-10,1,gene is annotated for similar motif transfac_pro__M01977 ('V$ESE1_01: ESE-1'; q-value = 1.33e-10),"frozenset({'activating', 'mm10_500bp_up_100bp_down_full_tx_v10_clust.genes_vs_motifs.rankings', 'weight>75.0%'})","[('Phf13', 1.2108670597891025), ('Bhlhe41', 2.097549219898518), ('Vsig10', 0.5358030448850329), ('Rpl12', 4.254175374904963), ('Aph1a', 1.3690861741850031), ('Gng5', 3.0217935739161894), ('Ncl', 1.4189531508040645), ('Mlf2', 2.627565093077445), ('Cox5b', 3.875374352152424), ('Rpl37a', 9.60587369035012), ('Eif2s2', 1.277292584408239), ('Rpl31', 4.624242605852109), ('Mrfap1', 1.8665709636070755), ('Dnajc5', 1.752080393910182), ('Pgrmc1', 0.7514951764690033), ('Tuba4a', 3.456942986518744), ('Prpf18', 0.6398243877498686), ('Krtcap2', 3.3489261752277173), ('Tmub1', 3.649054876524664), ('Mageh1', 0.9257237234787598), ('Vcp', 0.8404226484060311), ('Tubb4b', 10.699764654352023), ('Mrpl24', 0.8374163876096332), ('Atp1b1', 1.3767131778402375), ('Gapdh', 2.0343246796502483), ('Pdcl', 0.5251199045489001), ('Ndufc1', 0.763439370668766), ('Gas5', 1.2507284597893424)]",792
Elf3,metacluster_166.4,0.065842856,4.378507891,0,1,gene is directly annotated,"frozenset({'activating', 'mm10_500bp_up_100bp_down_full_tx_v10_clust.genes_vs_motifs.rankings', 'weight>75.0%'})","[('Gm13889', 0.4388162842134255), ('Hmgn2', 0.6603934531389667), ('Ywhah', 0.9187783322963944), ('Actb', 0.9355131613370988), ('Prdx1', 0.6044269080167063), ('Tfcp2l1', 2.59979861223966), ('Mpped2', 0.6380636384390915), ('Snhg8', 4.693081568148552), ('Areg', 4.759887713654706), ('Slc2a1', 1.9284381635587111), ('Rpl10', 3.856182435283882), ('Gas5', 1.2507284597893424), ('Sdc4', 5.072587348359676), ('Txnip', 2.562070474940666), ('Id3', 1.0935658365664147), ('Bhlha15', 1.7721815743924016), ('Sars', 0.5667818493841739), ('Wdr1', 0.5462295502777973), ('Tmsb10', 3.0028708790446608), ('Tuba4a', 3.456942986518744), ('Ier5', 0.7142384425950697), ('Cdk9', 2.804577315077096), ('Hspa5', 0.5533593549642041), ('Rplp0', 4.064961398631982), ('Cebpb', 2.628600774312722), ('Crabp2', 7.627204441367524), ('Pdia4', 0.603774178931218), ('Ltbr', 1.1704844509885293), ('Rassf5', 0.4177324667343601), ('Tubb4b', 10.699764654352023), ('Osgin2', 1.500171806537862), ('Slc25a5', 7.768192211955145), ('Ccdc34', 0.4859029354417284), ('Atp6v1g1', 0.4416715718043794), ('Srp14', 1.0248856135680096), ('Fgfr3', 0.471727686160818), ('Hspb1', 5.250338180416011), ('Gnb2', 8.999526604885517), ('Elf3', 1.0), ('Srsf9', 1.1912072467971433), ('Mlf2', 2.627565093077445), ('Eif3b', 0.6118825909511446), ('Kdelr2', 1.6446948263898369), ('Acot8', 0.9092446503825008), ('Gnas', 1.4936734864216774), ('Zdhhc4', 1.265132218491973), ('Snx21', 2.282089967481181), ('Enho', 1.5577480757157358), ('Inhbb', 11.83419023755025), ('Cited4', 1.141386213573334), ('Glul', 1.3321083775168596), ('Pex11b', 0.8162567355669784), ('Nucks1', 1.8531376543858324), ('Lyrm2', 0.6140134240231712), ('Tomm7', 5.306175064973837), ('Sh3d21', 1.6486375714889498), ('Rhov', 5.112278000818578), ('Igfbp5', 3.3173696297776765), ('Dtymk', 1.5416023537973191), ('Pla2g4a', 2.21216127274469), ('Pomgnt1', 0.4950991819021267), ('Ncl', 1.4189531508040645), ('Rpl37a', 9.60587369035012), ('M6pr', 0.5119817575184068), ('Jtb', 1.129261343407043)]",2459
Elf4,tfdimers__MD00581,0.056668146,4.031125695,5.89E-06,0.79084,gene is orthologous to ENSG00000102034 in H. sapiens (identity = 79%) which is annotated for similar motif tfdimers__MD00018 ('M00971_forward_8_M00980_forward dimer: Ets / TBP'; q-value = 5.89e-06),"frozenset({'activating', 'mm10_500bp_up_100bp_down_full_tx_v10_clust.genes_vs_motifs.rankings', 'weight>75.0%'})","[('Cask', 0.8115002414882135), ('Lcorl', 0.8122252346122761), ('Tie1', 0.4621684000676477), ('Smap2', 1.3046878514068514), ('Rassf2', 3.72402803380972), ('Elf4', 1.0), ('Xiap', 0.7630694199581965), ('Col1a2', 1.1037599511263914), ('Armcx3', 1.095304364224657), ('Plxdc2', 0.9387202144742312), ('Fbn1', 5.053001687404262), ('Tbx15', 1.4792910428713602), ('Iqsec2', 1.5982618352369868), ('Elmo2', 5.251190611345773), ('Stard8', 1.4037213263116024), ('Elovl1', 5.340508851774113), ('Lef1', 0.4536403079809221), ('Sh2d3c', 2.015198845953752), ('Fn1', 21.221573061282594), ('Akna', 13.204106983642296), ('Fgr', 5.516704697611789), ('Tsc22d4', 5.131518488833627), ('S100a10', 0.4390412795822607), ('Ptgs1', 9.043313554669744), ('Sp110', 6.762330642843088), ('Ggta1', 1.45886648323457), ('Srgap2', 13.86330095840748), ('2310002L09Rik', 0.495652914099676), ('Gab3', 1.258043874528593), ('Arhgef10l', 5.366614723593108), ('Itgav', 9.500009396425584), ('Npr1', 8.200358968784053), ('Itpkb', 11.613668210183658), ('Tmem164', 5.959645860989444), ('Cers6', 4.071085338682161), ('Ppfia4', 0.4656003602445295), ('Klhl13', 1.541839110209538), ('Inpp4a', 2.522632786205906), ('Steap3', 1.11072379118171), ('Ecm1', 4.287034323684948), ('Rab2a', 0.5653938528127439), ('Col5a2', 1.9400750162283829), ('Ugdh', 1.3039902299302617), ('Efhd2', 1.1423720004581042), ('Dgkz', 1.3889214569447443), ('Arhgap6', 0.4282511889957191), ('Ntf3', 0.4266737704060485), ('Abi2', 2.674790640231312), ('Tec', 6.606227766334278), ('Col5a1', 1.9396882646211693), ('Kif21b', 0.9791192475540332), ('Lrmp', 7.573823494211849), ('Kcnj10', 5.231423479986043), ('Gm5127', 11.98566638241986), ('Cd34', 1.3823798245840104), ('Clec4a2', 3.0555713455857845), ('Lrrcc1', 0.9173725141201888), ('Bcor', 0.6289803768062865), ('Ppp1r16b', 2.1802616319589765), ('Atoh8', 0.4331574586605755), ('Prrx2', 1.3543913336205349), ('Tbc1d14', 2.203114713770593), ('Oas3', 0.4662847229177413), ('Ocrl', 2.8747477083603323), ('Rrbp1', 0.8435532616335497), ('Il1rl2', 0.945142820723058), ('Fap', 0.5857230023064469), ('Frmd4b', 2.79430959415546), ('Tpd52', 4.33356639771578), ('Sulf1', 0.7904458478449693), ('Zzz3', 0.5832466252031007), ('Dapp1', 2.164176080060979), ('Dpp4', 2.1764087059705086), ('Sat1', 14.557928180241037), ('Rab7b', 2.8788712017122298), ('Cysltr1', 1.8433606532800757), ('Celf2', 0.4701897598225326), ('Khdrbs1', 2.0261749119530887), ('Igsf10', 0.4742847941553971), ('Cd52', 1.024990880464273), ('Tram2', 3.1445222370608925), ('Tmem51', 1.059309301005514), ('Magi2', 2.189347836237685), ('Pltp', 1.0967211040644436), ('Acot9', 0.5618095489726721), ('Renbp', 1.8001737697272435), ('Psd4', 4.231802642823923), ('Tbc1d8b', 2.033623118803857), ('Cd38', 0.8141438490658572), ('Gabra3', 0.7167866850105504), ('Adgrl3', 3.1820539129637964), ('Gbp2b', 2.7789963441200194), ('Ptprj', 4.502101928815019), ('Wipf1', 41.73830943819779), ('Slc9a7', 0.7751478027011244), ('Fcer1g', 3.0588845116205743), ('Elf2', 0.7207745465825224), ('Tnfrsf1b', 10.72931233463168), ('Pde11a', 0.909205532727036), ('Abcd1', 1.0215910565461466), ('Sema4a', 0.5952057805382843), ('Pla2r1', 0.8392128604473525), ('Csf3r', 3.0638676227035764), ('Rasa4', 1.1535959078646865), ('Ptgis', 1.62416542835035), ('Rap1a', 9.72056706760118), ('Nol4l', 0.4982238818439558), ('S100a4', 1.5776747234570387), ('Gria3', 0.4828981360324944), ('Rusc2', 0.8392918061816396), ('Itpripl1', 0.5008078085747969), ('Hspa12b', 0.4568957200356109), ('Padi2', 0.578174012084543), ('Ptpn6', 2.334304287859118), ('Sp3', 1.0509272214119143), ('Gpc3', 0.5460579551445518), ('Gbp9', 0.981542102760932), ('Calcrl', 2.9522098833994312), ('Antxr2', 1.2789415210273734), ('Ackr3', 2.467034131130151), ('Maml3', 0.9570873916477604), ('Fcgr2b', 2.3092035614220827), ('Pam', 1.1368913596798629), ('Klf4', 1.2460289966357472), ('Sh2b3', 1.2928865237369445), ('Slc11a1', 2.792735293786361), ('Oasl1', 2.375877082850786), ('Sec24d', 0.5510930358764463), ('Arhgef2', 9.764821373341968), ('Cenpi', 1.7172347299629531), ('Cap1', 1.426258504672618), ('Galk2', 0.859959722006783), ('Phc2', 2.0099715702402845), ('Nav1', 18.39297369260928), ('Ngf', 0.7723733368905121), ('Rhoh', 9.573084462456787), ('Hecw2', 0.9431097922493265), ('Gbgt1', 0.4706719368953063), ('Tlr7', 0.610793743700703), ('Fam171a1', 1.4520145532592168), ('Sms', 0.7916230989688275), ('Dennd4c', 1.4780481879263567), ('Gsap', 10.349376575302829), ('Arpc1b', 1.6682010192284065), ('Mfap5', 6.213807653233637), ('Plcb2', 1.9409529765818336), ('Vim', 0.4606423995880281), ('Ddr2', 1.5569246654108957), ('Atp7a', 1.1723445190978763), ('Lmo2', 1.1914475841161525), ('Sh3bgrl3', 0.6835485124633837), ('Ifi209', 1.504675289492231), ('Gimap3', 1.936990921741209), ('Serpinb8', 0.5925161973544134), ('Cd4', 0.5530346230500257), ('Cd48', 1.4062350968828068), ('Manbal', 0.4931967914511999), ('Gimap4', 1.6417471138491035), ('Faah', 1.3145948558834295), ('Tlr12', 6.674453541107617), ('Gls', 5.481807447400665), ('Myo3b', 0.6063794100169977), ('Rit1', 1.269964870186384), ('Ephx1', 0.4749302821187101), ('Pi15', 1.9615782673642443), ('Csf1', 0.9966666166384076), ('Slc12a6', 5.6491731242380725), ('Vps18', 0.5271619630588938), ('En1', 0.4205076754432693), ('Ccdc146', 0.8776421156730104), ('Lpar1', 13.048263111975777), ('Prrc2b', 0.8249846054627458), ('Trpc4ap', 0.5946564321222267), ('Spc25', 0.797554557996267), ('Yipf1', 1.398579587653442), ('Gusb', 1.268363438749269), ('Htt', 0.7779493146335599), ('Col6a3', 3.65810739770398), ('Pnpla7', 1.9314423136882843), ('Slamf8', 2.782862239461185), ('Cracr2a', 4.153159834529223), ('Sh2d1b1', 44.87968541701604), ('Orai2', 6.192885188370873), ('Erp29', 1.0755728288351871), ('Ezh2', 0.649661036178822), ('Cfp', 0.5337042642917936), ('2900026A02Rik', 0.5583305647527247), ('Flna', 0.4215945236977969), ('Fmn1', 0.5891291809994565), ('Spata6', 0.6401159085843962), ('Kcnab2', 7.641225782520079), ('Cnr2', 2.7269035679464286), ('Necab3', 4.255959838938008), ('Skap2', 5.797825131126382)]",4675
Elf4,tfdimers__MD00480,0.052486371,3.396334664,2.21E-06,0.79084,gene is orthologous to ENSG00000102034 in H. sapiens (identity = 79%) which is annotated for similar motif tfdimers__MD00044 ('M00971_forward_6_M01797_reverse dimer: Ets / SIRT6'; q-value = 2.21e-06),"frozenset({'activating', 'mm10_500bp_up_100bp_down_full_tx_v10_clust.genes_vs_motifs.rankings', 'weight>75.0%'})","[('Armcx3', 1.095304364224657), ('Xiap', 0.7630694199581965), ('Cers6', 4.071085338682161), ('Elf4', 1.0), ('Fbn1', 5.053001687404262), ('Adamts4', 2.82592711598148), ('Cysltr1', 1.8433606532800757), ('Smox', 1.405909553740484), ('Pilrb1', 1.4745595040034642), ('Lef1', 0.4536403079809221), ('Zap70', 0.7644116369035715), ('Adgrl4', 0.749889840438079), ('Wipf1', 41.73830943819779), ('Was', 0.7779370825188915), ('Gabra3', 0.7167866850105504), ('Npr1', 8.200358968784053), ('Ptpn1', 2.805023549219136), ('Tbx15', 1.4792910428713602), ('Akna', 13.204106983642296), ('Mcub', 2.064320195909314), ('Oas1g', 1.7776324555524496), ('Clec4a2', 3.0555713455857845), ('Sp3', 1.0509272214119143), ('Htt', 0.7779493146335599), ('Rbl1', 1.1197539621818224), ('Khdrbs1', 2.0261749119530887), ('Rhoh', 9.573084462456787), ('Dr1', 0.7117374123569913), ('Pilrb2', 28.81456709643301), ('Tram2', 3.1445222370608925), ('Itpripl1', 0.5008078085747969), ('Csf3r', 3.0638676227035764), ('Sec24d', 0.5510930358764463), ('Fn1', 21.221573061282594), ('Cenpa', 0.4760835755913148), ('Fcer1g', 3.0588845116205743), ('Celf2', 0.4701897598225326), ('Btk', 6.060181865093567), ('Adipor1', 1.2300801227750962), ('Igsf10', 0.4742847941553971), ('Dennd4c', 1.4780481879263567), ('Abcd1', 1.0215910565461466), ('Itgav', 9.500009396425584), ('Tspan5', 1.448145042771765), ('Cd38', 0.8141438490658572), ('Tie1', 0.4621684000676477), ('Cd52', 1.024990880464273), ('Vav2', 4.151133827542865), ('Fap', 0.5857230023064469), ('Tlr12', 6.674453541107617), ('Nmnat2', 0.4921218484514355), ('Gimap4', 1.6417471138491035), ('Gbp8', 5.042040426494664), ('Efhd2', 1.1423720004581042), ('Adamtsl1', 3.092318541048204), ('Ppp1r16b', 2.1802616319589765), ('Atoh8', 0.4331574586605755), ('Sms', 0.7916230989688275), ('Frmd7', 1.2179305491396972), ('Gbp2b', 2.7789963441200194), ('Elmo2', 5.251190611345773), ('Ntf3', 0.4266737704060485), ('Oas1a', 3.798348531068009), ('Pilra', 5.34501411679247), ('Pnpla7', 1.9314423136882843), ('Lmo2', 1.1914475841161525), ('Tmem119', 3.3263787063060497), ('Tpm3', 3.211482242556003), ('Kcnab2', 7.641225782520079), ('Sh2b3', 1.2928865237369445), ('Sgk3', 0.7434919361678451), ('Sirpa', 9.66329121920798), ('Smap2', 1.3046878514068514), ('Clec4a3', 0.9870626508050416), ('Gm5127', 11.98566638241986), ('Gbgt1', 0.4706719368953063), ('Rusc2', 0.8392918061816396), ('Elf2', 0.7207745465825224), ('Gm1720', 8.203466254986093), ('Cap1', 1.426258504672618), ('Eif2ak3', 0.4427341604737699), ('Srgap2', 13.86330095840748), ('Mgat4a', 2.729209247537949), ('Alpk1', 0.558155849888447), ('Rassf5', 2.059389590385555), ('Sema4a', 0.5952057805382843), ('Sh2d1b1', 44.87968541701604), ('Arpc1b', 1.6682010192284065), ('Gimap3', 1.936990921741209), ('C430049B03Rik', 1.9073404940185672), ('Pik3cd', 6.925379429445101), ('Spsb1', 1.260661276523419), ('Abca4', 1.2456424017331822), ('Klhl13', 1.541839110209538), ('Rnf149', 1.6513254236475206), ('Runx3', 2.2621475040796586), ('Cybb', 2.811715371354769), ('Slc35f6', 1.27251246223493), ('P3h3', 1.582754488173427), ('Vps18', 0.5271619630588938), ('Diaph2', 0.7760341767866339), ('Fcgr4', 0.5524738695862561), ('Inpp4a', 2.522632786205906), ('Iqsec2', 1.5982618352369868), ('Fcgr1', 1.273592301177198), ('Kpna4', 0.5344602854457805), ('Pea15a', 3.0850473707527386), ('Calcrl', 2.9522098833994312), ('Csf1', 0.9966666166384076), ('Tnfrsf25', 0.4391556704446199), ('Ptpn6', 2.334304287859118), ('Pi15', 1.9615782673642443), ('Klf4', 1.2460289966357472), ('Flna', 0.4215945236977969), ('Col6a3', 3.65810739770398), ('Pam', 1.1368913596798629), ('4930512J16Rik', 1.103055074148083), ('Lrmp', 7.573823494211849), ('Tpd52', 4.33356639771578), ('Kdelr2', 0.9165976720129564), ('Il12rb2', 0.8102393784845687), ('Plxdc2', 0.9387202144742312), ('Pcdh19', 1.0980874078818756), ('Fam171a1', 1.4520145532592168), ('Slc9a4', 1.4660578100145572), ('Pdzd4', 0.6174135540808894), ('Sh3bgrl3', 0.6835485124633837), ('Fcgr2b', 2.3092035614220827), ('Rgs1', 1.2790931938256762), ('Slamf7', 1.1075237743370154), ('Prrx2', 1.3543913336205349), ('Sass6', 2.3615140867578828), ('Dnm1', 3.105003940822392), ('Dpp4', 2.1764087059705086), ('Tmem51', 1.059309301005514), ('Lrrfip1', 1.001657714194417), ('Col3a1', 3.3904798224889894), ('Lcorl', 0.8122252346122761), ('Pla2r1', 0.8392128604473525), ('Gusb', 1.268363438749269), ('Antxr2', 1.2789415210273734), ('Ecm1', 4.287034323684948), ('Padi4', 1.8793990562932064), ('Fcrls', 4.755144490448364), ('5031425F14Rik', 0.6170420300874253), ('Dgkz', 1.3889214569447443), ('Col5a2', 1.9400750162283829), ('P2ry12', 0.8158950786841626), ('Cfp', 0.5337042642917936), ('Spc25', 0.797554557996267), ('Rest', 3.558449672795666), ('Mbnl1', 1.168262859059097), ('Inip', 0.4419305033618026), ('Gbp9', 0.981542102760932), ('Dlgap4', 2.229174028930643), ('Dnm3os', 1.1489232351794192), ('Il1r2', 0.416593584953529), ('Cd72', 3.976191758169461), ('Ncapd2', 0.4446298561136982), ('Laptm5', 4.113674061153092), ('Bank1', 0.710076177422325), ('Dock10', 1.9873794449924391), ('Cpxm1', 0.7740379700511316), ('Stag2', 0.5587123282504645), ('Skap2', 5.797825131126382), ('Cask', 0.8115002414882135), ('Plk3', 0.5375944481397107), ('Madd', 0.922808461226479), ('Tnfsf8', 0.8039037663711895), ('Sash3', 11.20089457732704), ('Elovl1', 5.340508851774113), ('Pip4k2a', 11.530109477226144), ('Ocrl', 2.8747477083603323), ('Tnfrsf1b', 10.72931233463168), ('Pkig', 1.864239115654712), ('Cd247', 4.169607178796337), ('Sp110', 6.762330642843088), ('C1qtnf7', 0.8144876056797661), ('F630028O10Rik', 0.5406074529958611), ('Sat1', 14.557928180241037), ('Ankrd44', 0.6746308454539095), ('Rassf2', 3.72402803380972), ('Arhgap15', 11.412452415397066)]",4289
Elf4,metacluster_167.2,0.057076124,4.093056527,2.03E-06,0.781297,motif similar to tfdimers__MD00018 ('M00971_forward_8_M00980_forward dimer: Ets / TBP'; q-value = 2.03e-06) which is annotated for orthologous gene ENSG00000102034 in H. sapiens (identity = 78%),"frozenset({'activating', 'mm10_500bp_up_100bp_down_full_tx_v10_clust.genes_vs_motifs.rankings', 'weight>75.0%'})","[('Fcrls', 4.755144490448364), ('Wipf1', 41.73830943819779), ('Adamts4', 2.82592711598148), ('Plcb2', 1.9409529765818336), ('Sh3bp2', 8.463459020590546), ('Was', 0.7779370825188915), ('Tram2', 3.1445222370608925), ('Sec24d', 0.5510930358764463), ('Lmo2', 1.1914475841161525), ('Inpp4a', 2.522632786205906), ('Gabra3', 0.7167866850105504), ('Necab3', 4.255959838938008), ('Itpripl1', 0.5008078085747969), ('F630028O10Rik', 0.5406074529958611), ('Cers6', 4.071085338682161), ('Dr1', 0.7117374123569913), ('Diaph2', 0.7760341767866339), ('Gm5127', 11.98566638241986), ('Dock10', 1.9873794449924391), ('P2ry12', 0.8158950786841626), ('Cd38', 0.8141438490658572), ('Casp8', 0.9100441836820256), ('Ppp1r16b', 2.1802616319589765), ('Lcorl', 0.8122252346122761), ('Bank1', 0.710076177422325), ('Nmnat2', 0.4921218484514355), ('Iqsec2', 1.5982618352369868), ('Gbp2b', 2.7789963441200194), ('Kif3b', 0.90050709772379), ('Elmo2', 5.251190611345773), ('Il12rb2', 0.8102393784845687), ('Gpr35', 1.1758524665611954), ('Khdrbs1', 2.0261749119530887), ('Inpp5d', 5.037919302776297), ('Cysltr1', 1.8433606532800757), ('Dapp1', 2.164176080060979), ('Pilrb2', 28.81456709643301), ('Ptprc', 19.677186695215525), ('Bub1b', 0.7460939321060945), ('Cd247', 4.169607178796337), ('Zap70', 0.7644116369035715), ('Creb5', 1.6063196184810076), ('Ptpn1', 2.805023549219136), ('Zfp984', 0.6724479913934186), ('Cenpa', 0.4760835755913148), ('Abcd1', 1.0215910565461466), ('Fcgr1', 1.273592301177198), ('Galnt5', 0.8664560083078109), ('Akna', 13.204106983642296), ('Xiap', 0.7630694199581965), ('Ptpn6', 2.334304287859118), ('Pilrb1', 1.4745595040034642), ('Slc9a4', 1.4660578100145572), ('4930512J16Rik', 1.103055074148083), ('Rnf149', 1.6513254236475206), ('Pilra', 5.34501411679247), ('Tspan5', 1.448145042771765), ('Lef1', 0.4536403079809221), ('Arhgap6', 0.4282511889957191), ('Sms', 0.7916230989688275), ('Madd', 0.922808461226479), ('Sash3', 11.20089457732704), ('Elf4', 1.0), ('Trpv4', 0.4460159246192534), ('Gm5150', 1.3198642921896728), ('Prrx2', 1.3543913336205349), ('Skap2', 5.797825131126382), ('Dnm1', 3.105003940822392), ('Elovl1', 5.340508851774113), ('Cd72', 3.976191758169461), ('Spc25', 0.797554557996267), ('Frmd4b', 2.79430959415546), ('Manbal', 0.4931967914511999), ('Ptgs1', 9.043313554669744), ('Rab7b', 2.8788712017122298), ('Calcrl', 2.9522098833994312), ('Zzz3', 0.5832466252031007), ('Steap3', 1.11072379118171), ('Fcer1g', 3.0588845116205743), ('Vav2', 4.151133827542865), ('Dhrs9', 0.5713195858036622), ('Sirpa', 9.66329121920798), ('Cd52', 1.024990880464273), ('Hes6', 0.6376361999825769), ('Alpk1', 0.558155849888447), ('Fcrl1', 0.6382312711863745), ('Tec', 6.606227766334278), ('Sema4a', 0.5952057805382843), ('Gbp8', 5.042040426494664), ('Stard8', 1.4037213263116024), ('Akt3', 5.394366699678742), ('Sirpb1a', 1.2993860349279216), ('Ncapd2', 0.4446298561136982), ('Cfp', 0.5337042642917936), ('Txk', 0.5788474705941722), ('Myo3b', 0.6063794100169977), ('Rnf152', 0.7412049567502936), ('Medag', 1.0064582106279696), ('Ano3', 0.4949921389325352), ('Fbn1', 5.053001687404262), ('Arhgap30', 8.130433549562188), ('Col5a2', 1.9400750162283829), ('Cap1', 1.426258504672618), ('Kdelr2', 0.9165976720129564), ('Oas1g', 1.7776324555524496), ('Gpc3', 0.5460579551445518), ('Tmem119', 3.3263787063060497), ('Cd40', 0.5990366120564814), ('Lrmp', 7.573823494211849), ('Cttnbp2nl', 1.5165713682965931), ('Lyn', 7.210663508119659), ('Tram1', 0.9199345612038788), ('Pld1', 1.0947735839164534), ('Clspn', 1.7689268183698983), ('Sh3bgrl3', 0.6835485124633837), ('Tmem51', 1.059309301005514), ('Elf2', 0.7207745465825224), ('Csf3r', 3.0638676227035764), ('Bcat1', 0.6561195001675477), ('Ugdh', 1.3039902299302617), ('Lpar5', 0.7480888719618616), ('Mbnl1', 1.168262859059097), ('Ntf3', 0.4266737704060485), ('Tlr12', 6.674453541107617), ('Htt', 0.7779493146335599), ('Bdh2', 0.7189365354145745), ('Antxr2', 1.2789415210273734), ('Itpkb', 11.613668210183658), ('Taok3', 18.41011143262527), ('Itgav', 9.500009396425584), ('S100a4', 1.5776747234570387), ('Arpc1b', 1.6682010192284065), ('Ankrd44', 0.6746308454539095), ('Cpxm1', 0.7740379700511316), ('Sirpb1b', 1.7819348875213692), ('Pla2g4a', 5.820430794002912), ('Clec4b1', 0.6646289038746873), ('Ifi209', 1.504675289492231), ('Nfatc2', 0.7620269797061051), ('Clec4a2', 3.0555713455857845), ('Ctss', 5.34366214116989), ('Dgkz', 1.3889214569447443), ('Rgs1', 1.2790931938256762), ('Fcgr4', 0.5524738695862561), ('Arhgap15', 11.412452415397066), ('Knl1', 0.855794709396523), ('Tlr1', 1.0960396199805935), ('Gm1720', 8.203466254986093), ('Apbb1ip', 21.91779615740809), ('Bach2os', 0.9570767457562958), ('Mgat4a', 2.729209247537949), ('Gab3', 1.258043874528593), ('Trpc4ap', 0.5946564321222267), ('Gpr174', 0.653513912371812), ('Alox5ap', 0.6164289043351755), ('Ly9', 3.4739269366250323), ('Eif2ak3', 0.4427341604737699), ('Dennd1b', 1.4576951860792915), ('Uggt1', 0.5712635302768789), ('Ptprj', 4.502101928815019), ('Adipor1', 1.2300801227750962), ('Kcnab2', 7.641225782520079), ('Icos', 1.8797718887425905), ('Sp100', 10.260647679038568), ('Hltf', 4.1584177875836446), ('Il18rap', 1.547333863560412), ('Tyms', 0.6528677240902474), ('Pik3cd', 6.925379429445101), ('Dnm3os', 1.1489232351794192), ('Snx30', 0.7304349240314371), ('Abl1', 1.9417359637632887), ('Abi1', 3.772540659043991), ('Lrrc8c', 7.034781505490118), ('Klf3', 5.819951362507332), ('Cd34', 1.3823798245840104), ('Vim', 0.4606423995880281), ('Osbpl6', 0.51369962665558), ('Frem1', 0.8997009726150157), ('Pam', 1.1368913596798629), ('BC028528', 13.891043386474015), ('Gimap4', 1.6417471138491035), ('Gusb', 1.268363438749269), ('Rap1gds1', 3.889887564706586), ('Ptpn22', 7.723367849269256), ('Itch', 3.7270864655405287), ('Gtf2ird2', 1.2160510912578522), ('Slc43a3', 0.6245615063109403), ('Adamtsl1', 3.092318541048204), ('Vav3', 1.491090419768383), ('Soat1', 9.154645986456204), ('Tlr13', 9.346189225793408), ('Fam227b', 1.006393614023309), ('5031425F14Rik', 0.6170420300874253), ('Vps18', 0.5271619630588938), ('Galk2', 0.859959722006783), ('Ralb', 0.4430846282611021), ('Tmprss11d', 0.8453253075632281), ('Nceh1', 1.2081812730104493), ('Faah', 1.3145948558834295), ('Slc12a6', 5.6491731242380725), ('Spata6', 0.6401159085843962), ('Pnpla7', 1.9314423136882843), ('Arhgef2', 9.764821373341968), ('Sh2d1b1', 44.87968541701604), ('Nfkb1', 1.5356920571300967), ('Smox', 1.405909553740484), ('Mmp23', 5.727525199649665), ('Lck', 5.486285579240495), ('Stap1', 2.298100286220589)]",4657
Elf4,tfdimers__MD00488,0.055539831,3.859848237,2.43E-08,0.79084,gene is orthologous to ENSG00000102034 in H. sapiens (identity = 79%) which is annotated for similar motif tfdimers__MD00018 ('M00971_forward_8_M00980_forward dimer: Ets / TBP'; q-value = 2.43e-08),"frozenset({'activating', 'mm10_500bp_up_100bp_down_full_tx_v10_clust.genes_vs_motifs.rankings', 'weight>75.0%'})","[('Ptpn1', 2.805023549219136), ('Cd48', 1.4062350968828068), ('Gimap6', 0.6777687537859401), ('Was', 0.7779370825188915), ('Fcrls', 4.755144490448364), ('Tram2', 3.1445222370608925), ('Clec4a3', 0.9870626508050416), ('Clec4a2', 3.0555713455857845), ('Inpp5d', 5.037919302776297), ('Sp3', 1.0509272214119143), ('Rhoh', 9.573084462456787), ('Cers6', 4.071085338682161), ('F630028O10Rik', 0.5406074529958611), ('Ifi209', 1.504675289492231), ('Gm5150', 1.3198642921896728), ('Sh3bp2', 8.463459020590546), ('Oas1g', 1.7776324555524496), ('Gpr174', 0.653513912371812), ('Clec4a4', 0.5295641444219624), ('Arhgap30', 8.130433549562188), ('Il1rl1', 1.453035150788321), ('4930512J16Rik', 1.103055074148083), ('Duoxa1', 0.4553808408623369), ('Lmo2', 1.1914475841161525), ('Cnr2', 2.7269035679464286), ('Fcgr1', 1.273592301177198), ('Plcb2', 1.9409529765818336), ('Traf3ip3', 0.4865934180658778), ('Cd34', 1.3823798245840104), ('Slc12a6', 5.6491731242380725), ('Rassf5', 2.059389590385555), ('Fcgr4', 0.5524738695862561), ('BC028528', 13.891043386474015), ('Padi2', 0.578174012084543), ('Kcnab2', 7.641225782520079), ('C1qtnf7', 0.8144876056797661), ('Casp8', 0.9100441836820256), ('Xiap', 0.7630694199581965), ('Atoh8', 0.4331574586605755), ('Mbnl1', 1.168262859059097), ('Slamf7', 1.1075237743370154), ('Fam171a1', 1.4520145532592168), ('Calcrl', 2.9522098833994312), ('Rnf152', 0.7412049567502936), ('Sirpb1b', 1.7819348875213692), ('Fbn1', 5.053001687404262), ('Rab43', 0.501156205892729), ('Nfatc2', 0.7620269797061051), ('Pik3cd', 6.925379429445101), ('Cfp', 0.5337042642917936), ('Il12rb2', 0.8102393784845687), ('Gbgt1', 0.4706719368953063), ('Dennd1b', 1.4576951860792915), ('Cap1', 1.426258504672618), ('Pilrb2', 28.81456709643301), ('Dr1', 0.7117374123569913), ('Cd72', 3.976191758169461), ('Taok3', 18.41011143262527), ('Smox', 1.405909553740484), ('Khdrbs1', 2.0261749119530887), ('S100a4', 1.5776747234570387), ('Cd55', 2.3496085527913326), ('Atp8a1', 4.262097877757156), ('Tlr12', 6.674453541107617), ('Chst7', 1.276290289835567), ('Tmem154', 0.8739330795256508), ('Kcnd1', 0.7598494091545225), ('Trpc4ap', 0.5946564321222267), ('Ankrd44', 0.6746308454539095), ('Runx3', 2.2621475040796586), ('Bank1', 0.710076177422325), ('Cenpa', 0.4760835755913148), ('Zap70', 0.7644116369035715), ('Sh2d2a', 0.6855611663888018), ('Sash3', 11.20089457732704), ('Dock10', 1.9873794449924391), ('Lck', 5.486285579240495), ('Adamts4', 2.82592711598148), ('Steap3', 1.11072379118171), ('Pilra', 5.34501411679247), ('Lyn', 7.210663508119659), ('Wipf1', 41.73830943819779), ('Dnajb14', 1.4247977009168016), ('Fcer1g', 3.0588845116205743), ('Txk', 0.5788474705941722), ('Adamtsl1', 3.092318541048204), ('Spi1', 9.352997273256229), ('Atp7a', 1.1723445190978763), ('Bach2os', 0.9570767457562958), ('Yipf1', 1.398579587653442), ('Fam227b', 1.006393614023309), ('Itpripl1', 0.5008078085747969), ('Osbpl9', 0.6894979647045889), ('Il1rl2', 0.945142820723058), ('Gbp9', 0.981542102760932), ('Frmd4b', 2.79430959415546), ('Rgs19', 0.7220280817034638), ('Myo3b', 0.6063794100169977), ('Itgav', 9.500009396425584), ('Padi4', 1.8793990562932064), ('Sh2b3', 1.2928865237369445), ('Il1r1', 1.0798320897914078), ('Stat4', 0.4804681950174584), ('Stap1', 2.298100286220589), ('Lat2', 0.9706759494575712), ('Galnt5', 0.8664560083078109), ('Tnrc18', 0.7697619242734242), ('Gusb', 1.268363438749269), ('Nmnat2', 0.4921218484514355), ('Gbp8', 5.042040426494664), ('Il18rap', 1.547333863560412), ('Pilrb1', 1.4745595040034642), ('Ifi203', 15.462087489380233), ('P2ry12', 0.8158950786841626), ('Mndal', 12.347625869692171), ('Igsf10', 0.4742847941553971), ('Mcub', 2.064320195909314), ('Vps18', 0.5271619630588938), ('Cntrl', 1.84124997503859), ('Sirpb1a', 1.2993860349279216), ('Iqsec2', 1.5982618352369868), ('Gimap3', 1.936990921741209), ('Fmn1', 0.5891291809994565), ('Rap1a', 9.72056706760118), ('Tbx15', 1.4792910428713602), ('Ptpn6', 2.334304287859118), ('Oas2', 0.5192249025880742), ('Celf2', 0.4701897598225326), ('Psd4', 4.231802642823923), ('Sdk1', 0.6640975633010486), ('Cd52', 1.024990880464273), ('Pla2g4a', 5.820430794002912), ('Akna', 13.204106983642296), ('Sh2d3c', 2.015198845953752), ('Laptm5', 4.113674061153092), ('Csf1', 0.9966666166384076), ('Phc2', 2.0099715702402845), ('Lrmp', 7.573823494211849), ('Btk', 6.060181865093567), ('Col5a1', 1.9396882646211693), ('Anks6', 0.6075897368629469), ('Tor3a', 1.6291198199676082), ('Clec4b1', 0.6646289038746873), ('Ncoa3', 3.2867780759562404), ('Lcorl', 0.8122252346122761), ('Itch', 3.7270864655405287), ('Sh2d1b1', 44.87968541701604), ('Arhgef2', 9.764821373341968), ('Oas1a', 3.798348531068009), ('Stra6l', 0.8532629821566788), ('Sirpa', 9.66329121920798), ('Madd', 0.922808461226479), ('Sat1', 14.557928180241037), ('Camk1d', 11.1807153389518), ('Cass4', 4.226444601338603), ('Tek', 2.3337512880082114), ('Raph1', 1.7166975241063582), ('Rgs1', 1.2790931938256762), ('Slc35f6', 1.27251246223493), ('Sh3bgrl3', 0.6835485124633837), ('Col3a1', 3.3904798224889894), ('Clnk', 1.921226825293184), ('Arhgap15', 11.412452415397066), ('Ugdh', 1.3039902299302617), ('Frmd7', 1.2179305491396972), ('Gpc3', 0.5460579551445518), ('Ccdc146', 0.8776421156730104), ('Arhgap6', 0.4282511889957191), ('Jakmip1', 0.7147115089497662), ('Itga4', 5.918495671663239), ('Efhd2', 1.1423720004581042), ('Mgat4a', 2.729209247537949), ('Fnbp1', 1.4027229742326084), ('Rufy3', 0.5369766200215476), ('Col5a2', 1.9400750162283829), ('Vim', 0.4606423995880281), ('Elf2', 0.7207745465825224), ('Cysltr1', 1.8433606532800757), ('Plk4', 0.4972210240355114), ('Npr1', 8.200358968784053), ('Ppp1r16b', 2.1802616319589765), ('Cd160', 0.8494827708365669), ('Elovl1', 5.340508851774113), ('Cd4', 0.5530346230500257), ('Meaf6', 0.5328000696762849), ('Zfyve28', 3.9805554493356032), ('Pla2r1', 0.8392128604473525), ('Cd40', 0.5990366120564814), ('Disp1', 3.9792628692244425), ('Tifa', 0.7440433047397074), ('Serping1', 0.4233652992148365), ('Kcnj10', 5.231423479986043), ('Dbf4', 0.5753804206108685), ('Tie1', 0.4621684000676477), ('Tbc1d14', 2.203114713770593), ('Dlgap4', 2.229174028930643), ('Diaph2', 0.7760341767866339), ('Cd44', 2.070961263606986), ('Tsc22d4', 5.131518488833627), ('Ncapd2', 0.4446298561136982), ('Slamf8', 2.782862239461185), ('Itpkb', 11.613668210183658), ('Pdzd4', 0.6174135540808894), ('Zzz3', 0.5832466252031007), ('Msn', 3.681045764953128), ('Ctss', 5.34366214116989), ('Ptprj', 4.502101928815019), ('Tnfsf8', 0.8039037663711895), ('Dennd4c', 1.4780481879263567), ('Stag2', 0.5587123282504645)]",4945
Elf4,tfdimers__MD00398,0.051683164,3.274408338,7.11E-09,0.79084,gene is orthologous to ENSG00000102034 in H. sapiens (identity = 79%) which is annotated for similar motif tfdimers__MD00044 ('M00971_forward_6_M01797_reverse dimer: Ets / SIRT6'; q-value = 7.11e-09),"frozenset({'activating', 'mm10_500bp_up_100bp_down_full_tx_v10_clust.genes_vs_motifs.rankings', 'weight>75.0%'})","[('Plxdc2', 0.9387202144742312), ('Armcx3', 1.095304364224657), ('Fbn1', 5.053001687404262), ('Tie1', 0.4621684000676477), ('Tbx15', 1.4792910428713602), ('Gabra3', 0.7167866850105504), ('Rusc2', 0.8392918061816396), ('Lcorl', 0.8122252346122761), ('Fn1', 21.221573061282594), ('Xiap', 0.7630694199581965), ('Khdrbs1', 2.0261749119530887), ('Npr1', 8.200358968784053), ('Sh2d3c', 2.015198845953752), ('Fap', 0.5857230023064469), ('Il1rl2', 0.945142820723058), ('Notch2', 3.502530952931404), ('Ppfia4', 0.4656003602445295), ('Ptgis', 1.62416542835035), ('Ccdc146', 0.8776421156730104), ('Rhoh', 9.573084462456787), ('Mfap5', 6.213807653233637), ('Klhl13', 1.541839110209538), ('Wipf1', 41.73830943819779), ('Cap1', 1.426258504672618), ('Tspan5', 1.448145042771765), ('Lef1', 0.4536403079809221), ('Nmnat2', 0.4921218484514355), ('Smap2', 1.3046878514068514), ('Igsf10', 0.4742847941553971), ('Sema4a', 0.5952057805382843), ('Sec24d', 0.5510930358764463), ('Pkig', 1.864239115654712), ('Gab3', 1.258043874528593), ('Pi15', 1.9615782673642443), ('Celf2', 0.4701897598225326), ('Kpna4', 0.5344602854457805), ('Csf1', 0.9966666166384076), ('Atoh8', 0.4331574586605755), ('Col5a2', 1.9400750162283829), ('Pcdh19', 1.0980874078818756), ('Ocrl', 2.8747477083603323), ('Abcd1', 1.0215910565461466), ('Sirpa', 9.66329121920798), ('Clec4a3', 0.9870626508050416), ('Ppp1r16b', 2.1802616319589765), ('Cd52', 1.024990880464273), ('Clec4a2', 3.0555713455857845), ('Efhd2', 1.1423720004581042), ('Htt', 0.7779493146335599), ('Itpripl1', 0.5008078085747969), ('Csf3r', 3.0638676227035764), ('Dpp4', 2.1764087059705086), ('Elovl1', 5.340508851774113), ('St6galnac6', 0.581180184777747), ('Uggt1', 0.5712635302768789), ('Pdzd4', 0.6174135540808894), ('Mcub', 2.064320195909314), ('Prrx2', 1.3543913336205349), ('Pla2r1', 0.8392128604473525), ('Mgat4a', 2.729209247537949), ('Kcnab2', 7.641225782520079), ('Was', 0.7779370825188915), ('Lpar1', 13.048263111975777), ('Ecm1', 4.287034323684948), ('Ackr3', 2.467034131130151), ('Calcrl', 2.9522098833994312), ('Lrrcc1', 0.9173725141201888), ('Capzb', 1.0218940106704784), ('Arhgap6', 0.4282511889957191), ('Dennd4c', 1.4780481879263567), ('Gbp8', 5.042040426494664), ('Manbal', 0.4931967914511999), ('Ugcg', 5.342438436151251), ('Dlgap4', 2.229174028930643), ('Cdc42', 1.8893698098388816), ('Pnpla7', 1.9314423136882843), ('Ntf3', 0.4266737704060485), ('Arhgef10l', 5.366614723593108), ('Stag2', 0.5587123282504645), ('Elmo2', 5.251190611345773), ('Nfe2l2', 4.951814123287622), ('Sgk3', 0.7434919361678451), ('Gsap', 10.349376575302829), ('Dgkz', 1.3889214569447443), ('Raph1', 1.7166975241063582), ('Gbgt1', 0.4706719368953063), ('Tsc22d4', 5.131518488833627), ('Srgap2', 13.86330095840748), ('Nfatc2', 0.7620269797061051), ('Magi2', 2.189347836237685), ('Tlr7', 0.610793743700703), ('Cysltr1', 1.8433606532800757), ('Mmp23', 5.727525199649665), ('Zzz3', 0.5832466252031007), ('Stard8', 1.4037213263116024), ('Fcer1g', 3.0588845116205743), ('Adamtsl1', 3.092318541048204), ('Psd4', 4.231802642823923), ('Cers6', 4.071085338682161), ('Gm5127', 11.98566638241986), ('Gbp9', 0.981542102760932), ('Cask', 0.8115002414882135), ('Cd34', 1.3823798245840104), ('Ifi211', 1.3569624129595477), ('Rassf5', 2.059389590385555), ('Dnm1', 3.105003940822392), ('Fcgr2b', 2.3092035614220827), ('Ugdh', 1.3039902299302617), ('Stat4', 0.4804681950174584), ('Akna', 13.204106983642296), ('Galk2', 0.859959722006783), ('Tbc1d14', 2.203114713770593), ('Slc12a6', 5.6491731242380725), ('Cntrl', 1.84124997503859), ('Il2rg', 0.5859089777198431), ('Rasa4', 1.1535959078646865), ('Cfp', 0.5337042642917936), ('Runx3', 2.2621475040796586), ('Cpxm1', 0.7740379700511316), ('Ptpn6', 2.334304287859118), ('Cd44', 2.070961263606986), ('Dyrk4', 0.7827936703783136), ('Elf4', 1.0), ('Dock10', 1.9873794449924391), ('Evi5', 0.8352642805482353), ('Cd72', 3.976191758169461), ('Rit1', 1.269964870186384), ('Abl1', 1.9417359637632887), ('Itpkb', 11.613668210183658), ('Frmd4b', 2.79430959415546), ('Prkcq', 1.8590341198532545), ('Tnrc18', 0.7697619242734242), ('Ptprj', 4.502101928815019), ('Rab2a', 0.5653938528127439), ('BC028528', 13.891043386474015), ('Lrrfip1', 1.001657714194417), ('Sash3', 11.20089457732704), ('Sat1', 14.557928180241037), ('Ifi204', 3.2671766181553896), ('Cd160', 0.8494827708365669), ('Pilrb2', 28.81456709643301), ('Disp1', 3.9792628692244425), ('Tlr1', 1.0960396199805935), ('Rrbp1', 0.8435532616335497), ('Alox5ap', 0.6164289043351755), ('Fhl1', 0.9899894799140624), ('Prim2', 0.5840540446146393), ('Tpm3', 3.211482242556003), ('Col6a3', 3.65810739770398), ('Bcor', 0.6289803768062865), ('Oas3', 0.4662847229177413), ('Dapp1', 2.164176080060979), ('Klf4', 1.2460289966357472), ('Duoxa1', 0.4553808408623369), ('Sp3', 1.0509272214119143), ('Ddr2', 1.5569246654108957), ('Pilrb1', 1.4745595040034642), ('Rnf152', 0.7412049567502936), ('Ano3', 0.4949921389325352), ('Vps18', 0.5271619630588938), ('Pde11a', 0.909205532727036), ('Ap1s2', 2.581474913846301), ('Dok1', 0.5045613164262259), ('Mxra8', 0.4463568703446047), ('Itga4', 5.918495671663239), ('Rnf115', 0.5227275330570983), ('Arhgef2', 9.764821373341968), ('Elf2', 0.7207745465825224), ('Alpk1', 0.558155849888447), ('Nfkb1', 1.5356920571300967), ('Bub1b', 0.7460939321060945), ('Nuak2', 2.888292911569857), ('Eif2ak3', 0.4427341604737699), ('Inpp5d', 5.037919302776297), ('Plk3', 0.5375944481397107), ('Iqsec2', 1.5982618352369868), ('Dhrs9', 0.5713195858036622), ('Rab43', 0.501156205892729), ('Pla2g4a', 5.820430794002912), ('Lmo2', 1.1914475841161525), ('Mbnl1', 1.168262859059097), ('Nol4l', 0.4982238818439558), ('Itgav', 9.500009396425584), ('Steap3', 1.11072379118171), ('Rufy3', 0.5369766200215476), ('Rab7b', 2.8788712017122298), ('Antxr2', 1.2789415210273734), ('Btk', 6.060181865093567), ('Tpd52', 4.33356639771578), ('Man1c1', 3.517684366927237), ('Pip4k2a', 11.530109477226144), ('Vav2', 4.151133827542865), ('Mcl1', 4.4684697179755135), ('Lmx1a', 7.30688767808364), ('Vamp4', 1.1203939791798732), ('Tlr12', 6.674453541107617), ('Aim2', 8.98108254213352), ('Padi2', 0.578174012084543), ('Ifi209', 1.504675289492231)]",4931
Elf4,metacluster_167.5,0.067099633,5.614619663,6.72E-09,0.79084,"gene is orthologous to ENSG00000102034 in H. sapiens (identity = 79%) which is annotated for similar motif taipale_cyt_meth__ELF4_NATGCGGAAGTN_eDBD_meth ('ELF4 [ETS, CpG-meth]'; q-value = 6.72e-09)","frozenset({'activating', 'mm10_500bp_up_100bp_down_full_tx_v10_clust.genes_vs_motifs.rankings', 'weight>75.0%'})","[('Lef1', 0.4536403079809221), ('Sh2d3c', 2.015198845953752), ('Tie1', 0.4621684000676477), ('Plxdc2', 0.9387202144742312), ('Elovl1', 5.340508851774113), ('Ppfia4', 0.4656003602445295), ('Iqsec2', 1.5982618352369868), ('Klhl13', 1.541839110209538), ('Inpp4a', 2.522632786205906), ('Rassf2', 3.72402803380972), ('Itpkb', 11.613668210183658), ('Tbx15', 1.4792910428713602), ('Cask', 0.8115002414882135), ('Cysltr1', 1.8433606532800757), ('Fn1', 21.221573061282594), ('Smap2', 1.3046878514068514), ('Dapp1', 2.164176080060979), ('Ecm1', 4.287034323684948), ('Elmo2', 5.251190611345773), ('Fgr', 5.516704697611789), ('Gabra3', 0.7167866850105504), ('Itgav', 9.500009396425584), ('Cfp', 0.5337042642917936), ('Cd52', 1.024990880464273), ('Ggta1', 1.45886648323457), ('Lcorl', 0.8122252346122761), ('Il1rl2', 0.945142820723058), ('Col5a2', 1.9400750162283829), ('Gab3', 1.258043874528593), ('Ntf3', 0.4266737704060485), ('Rusc2', 0.8392918061816396), ('Cers6', 4.071085338682161), ('Elf4', 1.0), ('Tsc22d4', 5.131518488833627), ('Sirpa', 9.66329121920798), ('Csf3r', 3.0638676227035764), ('Ppp1r16b', 2.1802616319589765), ('Ptgis', 1.62416542835035), ('Akna', 13.204106983642296), ('Fbn1', 5.053001687404262), ('Oasl1', 2.375877082850786), ('Pde4dip', 0.82053882490705), ('Lrrfip1', 1.001657714194417), ('Myo3b', 0.6063794100169977), ('Arhgef10l', 5.366614723593108), ('Srgap2', 13.86330095840748), ('Csf1', 0.9966666166384076), ('Steap3', 1.11072379118171), ('Cd34', 1.3823798245840104), ('Xiap', 0.7630694199581965), ('Slc12a6', 5.6491731242380725), ('Armcx3', 1.095304364224657), ('Col1a2', 1.1037599511263914), ('Dgkz', 1.3889214569447443), ('2310002L09Rik', 0.495652914099676), ('Zzz3', 0.5832466252031007), ('Was', 0.7779370825188915), ('Gbp2b', 2.7789963441200194), ('Tlr7', 0.610793743700703), ('Pde11a', 0.909205532727036), ('Ptgs1', 9.043313554669744), ('Gbp9', 0.981542102760932), ('Tspan5', 1.448145042771765), ('Hspa12b', 0.4568957200356109), ('Sec24d', 0.5510930358764463), ('Gbp8', 5.042040426494664), ('Clec4a2', 3.0555713455857845)]",1150
Elf4,tfdimers__MD00221,0.051254787,3.209380964,3.40E-10,0.79084,gene is orthologous to ENSG00000102034 in H. sapiens (identity = 79%) which is annotated for similar motif tfdimers__MD00018 ('M00971_forward_8_M00980_forward dimer: Ets / TBP'; q-value = 3.4e-10),"frozenset({'activating', 'mm10_500bp_up_100bp_down_full_tx_v10_clust.genes_vs_motifs.rankings', 'weight>75.0%'})","[('Dennd4c', 1.4780481879263567), ('Tlr12', 6.674453541107617), ('Gbp8', 5.042040426494664), ('Gbp9', 0.981542102760932), ('Ifi205', 0.4480292902695948), ('Clec4a2', 3.0555713455857845), ('Itpripl1', 0.5008078085747969), ('Fbn1', 5.053001687404262), ('Fcer1g', 3.0588845116205743), ('Khdrbs1', 2.0261749119530887), ('Sh2b3', 1.2928865237369445), ('Ptpn1', 2.805023549219136), ('Ifi204', 3.2671766181553896), ('Spata6', 0.6401159085843962), ('Armcx3', 1.095304364224657), ('Lmo2', 1.1914475841161525), ('Wipf1', 41.73830943819779), ('Xiap', 0.7630694199581965), ('Cers6', 4.071085338682161), ('Gbgt1', 0.4706719368953063), ('Cd53', 0.5029638242990425), ('Adamtsl1', 3.092318541048204), ('Dr1', 0.7117374123569913), ('Lef1', 0.4536403079809221), ('Sp3', 1.0509272214119143), ('Adamts4', 2.82592711598148), ('Ocrl', 2.8747477083603323), ('Ifi211', 1.3569624129595477), ('Cfp', 0.5337042642917936), ('Oas1g', 1.7776324555524496), ('Adipor1', 1.2300801227750962), ('Oas1a', 3.798348531068009), ('Rhoh', 9.573084462456787), ('P2ry12', 0.8158950786841626), ('Arhgap15', 11.412452415397066), ('Gabra3', 0.7167866850105504), ('Fcgr2b', 2.3092035614220827), ('Was', 0.7779370825188915), ('Lrmp', 7.573823494211849), ('Gbp2b', 2.7789963441200194), ('Pcdh19', 1.0980874078818756), ('Mcub', 2.064320195909314), ('4930455G09Rik', 1.0028518328054608), ('Dnm3os', 1.1489232351794192), ('Tpm3', 3.211482242556003), ('Cybb', 2.811715371354769), ('Pilrb1', 1.4745595040034642), ('Sh2d1b1', 44.87968541701604), ('Padi2', 0.578174012084543), ('Fn1', 21.221573061282594), ('Btk', 6.060181865093567), ('Clec4a3', 0.9870626508050416), ('Sms', 0.7916230989688275), ('Steap3', 1.11072379118171), ('Yipf1', 1.398579587653442), ('Fhl1', 0.9899894799140624), ('Cyp27a1', 0.5806956399183664), ('Gusb', 1.268363438749269), ('Oas1b', 2.906390414158876), ('Psd4', 4.231802642823923), ('Smox', 1.405909553740484), ('Cd247', 4.169607178796337), ('Pnpla7', 1.9314423136882843), ('Smc4', 0.7087866629969918), ('Ctss', 5.34366214116989), ('Rnf149', 1.6513254236475206), ('Pilra', 5.34501411679247), ('Bank1', 0.710076177422325), ('Slamf7', 1.1075237743370154), ('Cenpa', 0.4760835755913148), ('Diaph2', 0.7760341767866339), ('En1', 0.4205076754432693), ('Eif2ak3', 0.4427341604737699), ('Elmo2', 5.251190611345773), ('Rap1a', 9.72056706760118), ('Tie1', 0.4621684000676477), ('Oasl1', 2.375877082850786), ('Laptm5', 4.113674061153092), ('Frem1', 0.8997009726150157), ('Runx1t1', 0.876327305592773), ('Celf2', 0.4701897598225326), ('Ecm1', 4.287034323684948), ('Gimap6', 0.6777687537859401), ('Dhrs9', 0.5713195858036622), ('F11r', 0.6637286107781507), ('Mbnl1', 1.168262859059097), ('Arhgef10l', 5.366614723593108), ('Raph1', 1.7166975241063582), ('Pilrb2', 28.81456709643301), ('Col5a1', 1.9396882646211693), ('Tbx15', 1.4792910428713602), ('4930512J16Rik', 1.103055074148083), ('Clec4b1', 0.6646289038746873), ('Cd40', 0.5990366120564814), ('Htt', 0.7779493146335599), ('Rab43', 0.501156205892729), ('Rusc2', 0.8392918061816396), ('Dapp1', 2.164176080060979), ('Casp8', 0.9100441836820256), ('Prrx1', 3.212968395000279), ('Vps18', 0.5271619630588938), ('Nfkb1', 1.5356920571300967), ('Arhgap6', 0.4282511889957191), ('Cask', 0.8115002414882135), ('Il12rb2', 0.8102393784845687), ('Evi5', 0.8352642805482353), ('Cd28', 1.135721608712022), ('Cd160', 0.8494827708365669), ('Gimap3', 1.936990921741209), ('Cd38', 0.8141438490658572), ('Jak1', 2.377361804175411), ('Cd2', 1.085605306814731), ('Runx3', 2.2621475040796586), ('Sh2d3c', 2.015198845953752), ('Sass6', 2.3615140867578828), ('Frmd7', 1.2179305491396972), ('Dnm1', 3.105003940822392), ('Sgk3', 0.7434919361678451), ('Ncf1', 2.860080651899659), ('Lpar5', 0.7480888719618616), ('Cysltr1', 1.8433606532800757), ('Fcrls', 4.755144490448364)]",2519
Elf4,tfdimers__MD00215,0.051029125,3.175125473,3.12E-11,0.79084,gene is orthologous to ENSG00000102034 in H. sapiens (identity = 79%) which is annotated for similar motif tfdimers__MD00018 ('M00971_forward_8_M00980_forward dimer: Ets / TBP'; q-value = 3.12e-11),"frozenset({'activating', 'mm10_500bp_up_100bp_down_full_tx_v10_clust.genes_vs_motifs.rankings', 'weight>75.0%'})","[('Cers6', 4.071085338682161), ('Dennd4c', 1.4780481879263567), ('Ptpn1', 2.805023549219136), ('Fbn1', 5.053001687404262), ('Fcer1g', 3.0588845116205743), ('Sh2b3', 1.2928865237369445), ('Traf3ip3', 0.4865934180658778), ('Clec4a2', 3.0555713455857845), ('Wipf1', 41.73830943819779), ('Inpp5d', 5.037919302776297), ('Cd53', 0.5029638242990425), ('Cfp', 0.5337042642917936), ('Was', 0.7779370825188915), ('Itpripl1', 0.5008078085747969), ('Gbp8', 5.042040426494664), ('Fcrls', 4.755144490448364), ('Laptm5', 4.113674061153092), ('Lmo2', 1.1914475841161525), ('Clec4a3', 0.9870626508050416), ('Gimap6', 0.6777687537859401), ('Cd72', 3.976191758169461), ('P2ry12', 0.8158950786841626), ('Gm5150', 1.3198642921896728), ('Sp3', 1.0509272214119143), ('Gbp9', 0.981542102760932), ('Fcgr2b', 2.3092035614220827), ('Khdrbs1', 2.0261749119530887), ('Lrmp', 7.573823494211849), ('Gabra3', 0.7167866850105504), ('Alox5ap', 0.6164289043351755), ('Pla2g4a', 5.820430794002912), ('Arhgap15', 11.412452415397066), ('Bank1', 0.710076177422325), ('Btk', 6.060181865093567), ('Padi2', 0.578174012084543), ('Xiap', 0.7630694199581965), ('Sms', 0.7916230989688275), ('Tlr12', 6.674453541107617), ('Tram2', 3.1445222370608925), ('Adamts4', 2.82592711598148), ('Gusb', 1.268363438749269), ('Dock10', 1.9873794449924391), ('Fcgr1', 1.273592301177198), ('Pilrb2', 28.81456709643301), ('Rap1a', 9.72056706760118), ('4930512J16Rik', 1.103055074148083), ('Sh3bp2', 8.463459020590546), ('Ctss', 5.34366214116989), ('Gbp2b', 2.7789963441200194), ('Zfp992', 1.7051370053262884), ('Abl1', 1.9417359637632887), ('Ncf1', 2.860080651899659), ('Cd48', 1.4062350968828068), ('Mcub', 2.064320195909314), ('Ptpn6', 2.334304287859118), ('Atp8a1', 4.262097877757156), ('Sh2d3c', 2.015198845953752), ('Cd44', 2.070961263606986), ('Pilrb1', 1.4745595040034642), ('Clec4a4', 0.5295641444219624), ('Cd2', 1.085605306814731), ('Cd40', 0.5990366120564814), ('Fcgr4', 0.5524738695862561), ('Il12rb2', 0.8102393784845687), ('Tor1b', 0.958333865968888), ('BC028528', 13.891043386474015), ('Slc9a4', 1.4660578100145572), ('Vps18', 0.5271619630588938), ('Adamtsl1', 3.092318541048204), ('Ppp1r16b', 2.1802616319589765), ('Itgav', 9.500009396425584), ('Yipf1', 1.398579587653442), ('Pcdh19', 1.0980874078818756), ('Stk4', 1.8204531559912416), ('Steap3', 1.11072379118171), ('Rnf149', 1.6513254236475206), ('Elovl1', 5.340508851774113), ('Cap1', 1.426258504672618), ('Pilra', 5.34501411679247), ('Uggt1', 0.5712635302768789), ('Sirpa', 9.66329121920798), ('Frmd4b', 2.79430959415546), ('Gimap4', 1.6417471138491035), ('Smox', 1.405909553740484), ('Rest', 3.558449672795666), ('Fn1', 21.221573061282594), ('Arhgef2', 9.764821373341968), ('Gbgt1', 0.4706719368953063), ('S100a4', 1.5776747234570387), ('Plcb2', 1.9409529765818336), ('Cd247', 4.169607178796337), ('Il1r2', 0.416593584953529), ('Oas3', 0.4662847229177413), ('Cysltr1', 1.8433606532800757), ('Cttnbp2nl', 1.5165713682965931), ('Fmn1', 0.5891291809994565), ('Inip', 0.4419305033618026), ('Casp8', 0.9100441836820256), ('A630001G21Rik', 5.623609123754453), ('Celf2', 0.4701897598225326), ('5031425F14Rik', 0.6170420300874253), ('Apbb1ip', 21.91779615740809), ('Atoh8', 0.4331574586605755), ('Ifi209', 1.504675289492231), ('Oas1a', 3.798348531068009), ('Oas1g', 1.7776324555524496), ('Sh2d1b1', 44.87968541701604), ('Diaph2', 0.7760341767866339), ('Inpp4a', 2.522632786205906), ('Mcl1', 4.4684697179755135), ('I830077J02Rik', 1.732007243857755), ('Adipor1', 1.2300801227750962), ('Clnk', 1.921226825293184), ('Stap1', 2.298100286220589), ('Ankrd44', 0.6746308454539095), ('Arhgap6', 0.4282511889957191), ('Disp1', 3.9792628692244425), ('Gimap3', 1.936990921741209), ('Csf1', 0.9966666166384076), ('Jak1', 2.377361804175411), ('Ptpn22', 7.723367849269256), ('Slc12a6', 5.6491731242380725), ('Lef1', 0.4536403079809221), ('Icos', 1.8797718887425905), ('Arhgap30', 8.130433549562188), ('Oas2', 0.5192249025880742), ('Cyp27a1', 0.5806956399183664), ('Elmo2', 5.251190611345773), ('Stag2', 0.5587123282504645)]",2224
Elf4,tfdimers__MD00145,0.050853184,3.148417801,1.18E-11,0.781297,motif similar to tfdimers__MD00018 ('M00971_forward_8_M00980_forward dimer: Ets / TBP'; q-value = 1.18e-11) which is annotated for orthologous gene ENSG00000102034 in H. sapiens (identity = 78%),"frozenset({'activating', 'mm10_500bp_up_100bp_down_full_tx_v10_clust.genes_vs_motifs.rankings', 'weight>75.0%'})","[('Ecm1', 4.287034323684948), ('Elovl1', 5.340508851774113), ('Lef1', 0.4536403079809221), ('Cask', 0.8115002414882135), ('Inpp4a', 2.522632786205906), ('Ptgs1', 9.043313554669744), ('Rassf2', 3.72402803380972), ('Fgr', 5.516704697611789), ('Serpinb8', 0.5925161973544134), ('Dapp1', 2.164176080060979), ('Smap2', 1.3046878514068514), ('Pde11a', 0.909205532727036), ('Elmo2', 5.251190611345773), ('Padi2', 0.578174012084543), ('Gbp8', 5.042040426494664), ('Oasl1', 2.375877082850786), ('Ptpn6', 2.334304287859118), ('Iqsec2', 1.5982618352369868), ('Il1rl2', 0.945142820723058), ('Hecw2', 0.9431097922493265), ('Tlr12', 6.674453541107617), ('Adgrl3', 3.1820539129637964), ('Rrbp1', 0.8435532616335497), ('Cd247', 4.169607178796337), ('Sh2d3c', 2.015198845953752), ('Itgav', 9.500009396425584), ('Galk2', 0.859959722006783), ('Gimap3', 1.936990921741209), ('Dhrs9', 0.5713195858036622), ('Ggta1', 1.45886648323457), ('Itpkb', 11.613668210183658), ('Fkbp15', 0.6560717606626605), ('Sulf1', 0.7904458478449693), ('Atp7a', 1.1723445190978763), ('Frmd4b', 2.79430959415546), ('Tie1', 0.4621684000676477), ('Lcorl', 0.8122252346122761), ('Ppp1r16b', 2.1802616319589765), ('S100a4', 1.5776747234570387), ('Spc25', 0.797554557996267), ('Gab3', 1.258043874528593), ('Cd34', 1.3823798245840104), ('Casp8', 0.9100441836820256), ('Ntf3', 0.4266737704060485), ('Mfsd7a', 4.942273402164497), ('Plxdc2', 0.9387202144742312), ('Ttll7', 0.5914811167366093), ('Manbal', 0.4931967914511999), ('Rp2', 1.8402900431985063), ('Stard8', 1.4037213263116024), ('Fn1', 21.221573061282594), ('Slc4a4', 0.4994467450092796), ('Pilrb2', 28.81456709643301), ('Trpc4ap', 0.5946564321222267), ('Pla2r1', 0.8392128604473525), ('Pilrb1', 1.4745595040034642), ('Slc9a7', 0.7751478027011244), ('Ephx1', 0.4749302821187101), ('Cers6', 4.071085338682161), ('Cd38', 0.8141438490658572), ('Oas3', 0.4662847229177413), ('Actr3', 5.267759701941585), ('Plekhb2', 0.828204653515598), ('Pip4k2a', 11.530109477226144), ('Gabra3', 0.7167866850105504), ('Icos', 1.8797718887425905), ('Runx1t1', 0.876327305592773), ('Abcd1', 1.0215910565461466), ('Vps18', 0.5271619630588938), ('Clec4a2', 3.0555713455857845), ('Disp1', 3.9792628692244425), ('Klhl13', 1.541839110209538), ('Pilra', 5.34501411679247), ('Gna12', 3.694772921298633), ('Nfatc2', 0.7620269797061051), ('Rusc2', 0.8392918061816396), ('Rem1', 3.1561077555812544), ('Rap2b', 0.4321747981007179), ('Bcat1', 0.6561195001675477), ('Fcgr2b', 2.3092035614220827), ('Cd8a', 0.4333616527218086), ('Rad51ap1', 0.6545935216308336), ('Pla2g4a', 5.820430794002912), ('Pde4dip', 0.82053882490705), ('Col5a2', 1.9400750162283829), ('Arhgap15', 11.412452415397066), ('Sh3bgrl3', 0.6835485124633837), ('Mgat4a', 2.729209247537949), ('Abi2', 2.674790640231312), ('Ifi205', 0.4480292902695948), ('Pkig', 1.864239115654712), ('Mxra8', 0.4463568703446047), ('Tsc22d4', 5.131518488833627), ('Fcer1g', 3.0588845116205743), ('Steap3', 1.11072379118171), ('Slc9a4', 1.4660578100145572), ('Tpd52', 4.33356639771578), ('Fbn1', 5.053001687404262), ('2900026A02Rik', 0.5583305647527247), ('Tlr13', 9.346189225793408), ('Cnr2', 2.7269035679464286), ('Cttnbp2nl', 1.5165713682965931), ('Ifi204', 3.2671766181553896), ('Dpt', 1.0089389228620524), ('Fap', 0.5857230023064469), ('Tmem119', 3.3263787063060497), ('Maml3', 0.9570873916477604), ('Slc13a3', 3.5233271700301367), ('Adam22', 4.4661970777381885), ('Kif3b', 0.90050709772379), ('Nfkb1', 1.5356920571300967), ('Itpripl1', 0.5008078085747969), ('Sike1', 1.3354627243170634), ('Gbgt1', 0.4706719368953063), ('Hspa12b', 0.4568957200356109), ('Cfp', 0.5337042642917936), ('Laptm5', 4.113674061153092), ('Gimap4', 1.6417471138491035), ('Plekhm3', 3.414254526971084), ('Tbx15', 1.4792910428713602), ('Arhgef10l', 5.366614723593108), ('Igsf10', 0.4742847941553971), ('Pdzd4', 0.6174135540808894), ('Mfap5', 6.213807653233637), ('Rnf152', 0.7412049567502936), ('Sms', 0.7916230989688275), ('Tbc1d8b', 2.033623118803857), ('Myo3b', 0.6063794100169977), ('Tram2', 3.1445222370608925), ('Nav1', 18.39297369260928), ('4930512J16Rik', 1.103055074148083), ('Cd48', 1.4062350968828068), ('Dlgap4', 2.229174028930643), ('Madd', 0.922808461226479), ('Prrx2', 1.3543913336205349), ('Srgap2', 13.86330095840748), ('Snx30', 0.7304349240314371), ('Slc12a6', 5.6491731242380725), ('Smc4', 0.7087866629969918), ('Antxr2', 1.2789415210273734), ('Ifi207', 3.1565571511650963), ('Tmem164', 5.959645860989444), ('Tek', 2.3337512880082114), ('Siah2', 0.8594362566944123), ('Sema4a', 0.5952057805382843), ('Hck', 3.829312601727755), ('Nol4l', 0.4982238818439558), ('Gbp9', 0.981542102760932), ('Ncoa3', 3.2867780759562404), ('Nfe2l2', 4.951814123287622), ('Nceh1', 1.2081812730104493), ('Lrrfip1', 1.001657714194417), ('Gpr160', 1.018455556853426), ('Lrrcc1', 0.9173725141201888), ('Ocrl', 2.8747477083603323), ('Sgk3', 0.7434919361678451), ('Grk3', 0.7452174533156516), ('Adamts4', 2.82592711598148), ('Sh2b3', 1.2928865237369445), ('Ppfia4', 0.4656003602445295)]",3556
Elf4,tfdimers__MD00012,0.058576718,4.32084587,5.59E-12,0.79084,gene is orthologous to ENSG00000102034 in H. sapiens (identity = 79%) which is annotated for similar motif tfdimers__MD00044 ('M00971_forward_6_M01797_reverse dimer: Ets / SIRT6'; q-value = 5.59e-12),"frozenset({'activating', 'mm10_500bp_up_100bp_down_full_tx_v10_clust.genes_vs_motifs.rankings', 'weight>75.0%'})","[('Usp12', 4.712382577662895), ('Bard1', 2.444311399172993), ('Radil', 0.738627796081399), ('Pxn', 7.114485910149091), ('Skap2', 5.797825131126382), ('Dennd4c', 1.4780481879263567), ('Spata6', 0.6401159085843962), ('Rit1', 1.269964870186384), ('Mfsd14a', 0.7514649671060086), ('Itga4', 5.918495671663239), ('Gpr160', 1.018455556853426), ('Prex1', 12.456996454493249), ('Traf5', 0.6281811045349511), ('Limk1', 3.6065703088374415), ('Osbpl9', 0.6894979647045889), ('Man1c1', 3.517684366927237), ('Asap3', 0.8390810121699793), ('Ephx1', 0.4749302821187101), ('Cd34', 1.3823798245840104), ('Flna', 0.4215945236977969), ('Inpp4a', 2.522632786205906), ('Rap2b', 0.4321747981007179), ('Tpd52', 4.33356639771578), ('Cntrl', 1.84124997503859), ('Kntc1', 0.6932474869292711), ('Ctsz', 4.360890659798814), ('Lrrcc1', 0.9173725141201888), ('Necab3', 4.255959838938008), ('Sgk3', 0.7434919361678451), ('Sh2b3', 1.2928865237369445), ('Ralb', 0.4430846282611021), ('Knl1', 0.855794709396523), ('Tgfbr1', 7.399288436831931), ('Coro1c', 8.749750869763474), ('Slc35f6', 1.27251246223493), ('Padi2', 0.578174012084543), ('Cpxm1', 0.7740379700511316), ('Soat1', 9.154645986456204), ('Dnase1l1', 3.3813042201589814), ('Psd4', 4.231802642823923)]",624
Elf4,tfdimers__MD00097,0.056619698,4.023771409,4.17E-12,0.781297,motif similar to tfdimers__MD00018 ('M00971_forward_8_M00980_forward dimer: Ets / TBP'; q-value = 4.17e-12) which is annotated for orthologous gene ENSG00000102034 in H. sapiens (identity = 78%),"frozenset({'activating', 'mm10_500bp_up_100bp_down_full_tx_v10_clust.genes_vs_motifs.rankings', 'weight>75.0%'})","[('Lef1', 0.4536403079809221), ('Smap2', 1.3046878514068514), ('Fbn1', 5.053001687404262), ('Sema4a', 0.5952057805382843), ('Tnfrsf1b', 10.72931233463168), ('Pxn', 7.114485910149091), ('Lmx1a', 7.30688767808364), ('Abcd1', 1.0215910565461466), ('Elovl1', 5.340508851774113), ('Plcb2', 1.9409529765818336), ('Sgk3', 0.7434919361678451), ('Rassf2', 3.72402803380972), ('Ppfia4', 0.4656003602445295), ('Ralb', 0.4430846282611021), ('Skap2', 5.797825131126382), ('S100a10', 0.4390412795822607), ('Tpd52', 4.33356639771578), ('Flna', 0.4215945236977969), ('Traf5', 0.6281811045349511), ('Lcorl', 0.8122252346122761), ('Evi5', 0.8352642805482353), ('Arhgef10l', 5.366614723593108), ('Xiap', 0.7630694199581965), ('Kif21b', 0.9791192475540332), ('Dapp1', 2.164176080060979), ('Enah', 0.6938120582124583), ('Abi2', 2.674790640231312), ('Klhl13', 1.541839110209538), ('Tie1', 0.4621684000676477), ('Arhgap6', 0.4282511889957191), ('Dgkz', 1.3889214569447443), ('Ptgis', 1.62416542835035), ('Il1r1', 1.0798320897914078), ('Dennd4c', 1.4780481879263567), ('Dr1', 0.7117374123569913), ('Btk', 6.060181865093567), ('Lrmp', 7.573823494211849), ('Npr1', 8.200358968784053), ('Lpar1', 13.048263111975777), ('Soat1', 9.154645986456204), ('Cntrl', 1.84124997503859), ('Psd4', 4.231802642823923), ('Wipf1', 41.73830943819779), ('Col1a2', 1.1037599511263914), ('Col5a1', 1.9396882646211693), ('Cd4', 0.5530346230500257), ('Adgrl3', 3.1820539129637964), ('Prex1', 12.456996454493249), ('Cd34', 1.3823798245840104), ('Stard8', 1.4037213263116024), ('Itga4', 5.918495671663239), ('Spata6', 0.6401159085843962), ('Frmd4b', 2.79430959415546), ('Madd', 0.922808461226479), ('Cpxm1', 0.7740379700511316), ('Osbpl9', 0.6894979647045889), ('En1', 0.4205076754432693), ('Rab2a', 0.5653938528127439), ('Vim', 0.4606423995880281), ('Necab3', 4.255959838938008), ('Padi2', 0.578174012084543), ('Cass4', 4.226444601338603), ('Phc2', 2.0099715702402845), ('Rasgrp1', 1.1585510039957598), ('Serpinb8', 0.5925161973544134), ('St3gal5', 0.8351092203836774), ('Creb5', 1.6063196184810076), ('Lrrcc1', 0.9173725141201888), ('Col5a2', 1.9400750162283829), ('Ak8', 3.7714638977364663), ('Klf4', 1.2460289966357472), ('Il1rl2', 0.945142820723058), ('Man1c1', 3.517684366927237), ('Rnf152', 0.7412049567502936), ('Tmem164', 5.959645860989444), ('Kynu', 1.263720779264938), ('Ctsz', 4.360890659798814), ('Inpp4a', 2.522632786205906), ('Slc35f6', 1.27251246223493), ('I830077J02Rik', 1.732007243857755), ('Il2rg', 0.5859089777198431), ('Sulf1', 0.7904458478449693), ('Cd28', 1.135721608712022), ('Gm5127', 11.98566638241986), ('Tmod1', 1.184689805261078), ('Abi1', 3.772540659043991), ('Sh2d3c', 2.015198845953752), ('Rap1a', 9.72056706760118), ('Maml3', 0.9570873916477604), ('Renbp', 1.8001737697272435), ('Plxdc2', 0.9387202144742312), ('Atoh8', 0.4331574586605755), ('Sp110', 6.762330642843088), ('Tec', 6.606227766334278), ('Fmn1', 0.5891291809994565), ('Hspa12b', 0.4568957200356109), ('Tmem163', 5.732692732504399), ('C130026I21Rik', 0.574557350050753), ('Tpm3', 3.211482242556003), ('Frem1', 0.8997009726150157), ('Pea15a', 3.0850473707527386), ('Kdelr2', 0.9165976720129564), ('P3h3', 1.582754488173427), ('Pdzd4', 0.6174135540808894), ('Arhgef2', 9.764821373341968), ('Slc11a1', 2.792735293786361), ('Notch2', 3.502530952931404), ('Cd38', 0.8141438490658572), ('Iqsec2', 1.5982618352369868), ('Cenpa', 0.4760835755913148), ('Pld1', 1.0947735839164534), ('Pcdh19', 1.0980874078818756), ('Hecw2', 0.9431097922493265), ('Tlr12', 6.674453541107617), ('Lmo2', 1.1914475841161525), ('Fn1', 21.221573061282594), ('Pltp', 1.0967211040644436), ('Tnrc18', 0.7697619242734242), ('Khdrbs1', 2.0261749119530887), ('Cd44', 2.070961263606986), ('Oas1g', 1.7776324555524496), ('Adipor1', 1.2300801227750962), ('Taok3', 18.41011143262527), ('Ptgs1', 9.043313554669744), ('Bard1', 2.444311399172993), ('Stra6l', 0.8532629821566788), ('Wasf2', 7.557705911043313), ('Efhd2', 1.1423720004581042), ('Fcgr4', 0.5524738695862561), ('Sec24d', 0.5510930358764463), ('Cers6', 4.071085338682161), ('2900026A02Rik', 0.5583305647527247), ('Ldb2', 1.2697322653208296), ('2310002L09Rik', 0.495652914099676), ('Ptprj', 4.502101928815019), ('Ssh1', 1.059819794300361), ('Elmo2', 5.251190611345773), ('Prrx2', 1.3543913336205349), ('Fkbp7', 2.5476869566686067), ('Cd40', 0.5990366120564814), ('Ackr3', 2.467034131130151), ('Rasa4', 1.1535959078646865), ('Tmem132cos', 1.101878820001169), ('Gtf2ird2', 1.2160510912578522), ('Magi2', 2.189347836237685), ('Cd52', 1.024990880464273), ('Xpnpep2', 1.3710943500623765), ('Htt', 0.7779493146335599), ('Celf2', 0.4701897598225326), ('Rufy3', 0.5369766200215476), ('Frmd7', 1.2179305491396972), ('Laptm5', 4.113674061153092), ('Dnajc1', 0.4492007044774155), ('Nuak2', 2.888292911569857), ('Radil', 0.738627796081399), ('Capzb', 1.0218940106704784), ('Bach2os', 0.9570767457562958), ('Oas2', 0.5192249025880742), ('4933417E11Rik', 1.4854167316064464), ('Zyx', 10.789537448188195), ('Tnfrsf25', 0.4391556704446199), ('Cd247', 4.169607178796337), ('Faah', 1.3145948558834295), ('Ptpn6', 2.334304287859118), ('Zfp217', 2.2691756896855657), ('Klf3', 5.819951362507332), ('Csf3r', 3.0638676227035764), ('Hck', 3.829312601727755), ('C430049B03Rik', 1.9073404940185672), ('Usp12', 4.712382577662895), ('Gna12', 3.694772921298633), ('Fgr', 5.516704697611789), ('Ecm1', 4.287034323684948), ('Pgap1', 0.6259161476888933), ('Rit1', 1.269964870186384), ('Gbp2b', 2.7789963441200194), ('Asap3', 0.8390810121699793), ('Tbc1d14', 2.203114713770593), ('Abl1', 1.9417359637632887), ('Tnfaip8l2', 0.4346037372725974), ('Ocrl', 2.8747477083603323), ('Kpna4', 0.5344602854457805), ('Cd8a', 0.4333616527218086), ('Sh2b3', 1.2928865237369445), ('Nfkb1', 1.5356920571300967), ('Gab3', 1.258043874528593), ('Amz1', 3.327487998035256), ('Gpr160', 1.018455556853426), ('Ccdc146', 0.8776421156730104)]",4391
Elf4,tfdimers__MD00018,0.054837344,3.753211085,0,0.79084,gene is orthologous to ENSG00000102034 in H. sapiens (identity = 79%) which is directly annotated for motif,"frozenset({'activating', 'mm10_500bp_up_100bp_down_full_tx_v10_clust.genes_vs_motifs.rankings', 'weight>75.0%'})","[('Xiap', 0.7630694199581965), ('Rhoh', 9.573084462456787), ('Bank1', 0.710076177422325), ('Fbn1', 5.053001687404262), ('Itpripl1', 0.5008078085747969), ('Khdrbs1', 2.0261749119530887), ('Dennd4c', 1.4780481879263567), ('Gpr174', 0.653513912371812), ('Wipf1', 41.73830943819779), ('Ocrl', 2.8747477083603323), ('Mcub', 2.064320195909314), ('Pcdh19', 1.0980874078818756), ('Ptpn1', 2.805023549219136), ('Dnm3os', 1.1489232351794192), ('Ifi205', 0.4480292902695948), ('Adgrl4', 0.749889840438079), ('Lmo2', 1.1914475841161525), ('Gbgt1', 0.4706719368953063), ('Disp1', 3.9792628692244425), ('Adamts4', 2.82592711598148), ('Adipor1', 1.2300801227750962), ('Gabra3', 0.7167866850105504), ('Ifi213', 0.6148176996270741), ('Fn1', 21.221573061282594), ('Oasl1', 2.375877082850786), ('Ptpn22', 7.723367849269256), ('Gbp9', 0.981542102760932), ('Dr1', 0.7117374123569913), ('Lrmp', 7.573823494211849), ('Armcx3', 1.095304364224657), ('Pi15', 1.9615782673642443), ('Kdelr2', 0.9165976720129564), ('Sp3', 1.0509272214119143), ('Cybb', 2.811715371354769), ('Cers6', 4.071085338682161), ('Pdzd4', 0.6174135540808894), ('Sh2b3', 1.2928865237369445), ('F11r', 0.6637286107781507), ('Yipf1', 1.398579587653442), ('Spata6', 0.6401159085843962), ('Adamtsl1', 3.092318541048204), ('Ifi204', 3.2671766181553896), ('Clec4a2', 3.0555713455857845), ('Cd160', 0.8494827708365669), ('Oas1a', 3.798348531068009), ('Atoh8', 0.4331574586605755), ('Mbnl1', 1.168262859059097), ('Col5a2', 1.9400750162283829), ('Runx3', 2.2621475040796586), ('Pkig', 1.864239115654712), ('Tbx15', 1.4792910428713602), ('Oas1g', 1.7776324555524496), ('Clec4a3', 0.9870626508050416), ('Gbp8', 5.042040426494664), ('Fcgr2b', 2.3092035614220827), ('Cd28', 1.135721608712022), ('Slamf7', 1.1075237743370154), ('Celf2', 0.4701897598225326), ('Col5a1', 1.9396882646211693), ('Was', 0.7779370825188915), ('Gusb', 1.268363438749269), ('Btk', 6.060181865093567), ('Smox', 1.405909553740484), ('Ifi211', 1.3569624129595477), ('Kcnab2', 7.641225782520079), ('Fam171a1', 1.4520145532592168), ('Fhl1', 0.9899894799140624), ('Arhgef2', 9.764821373341968), ('Tpm3', 3.211482242556003), ('Cfp', 0.5337042642917936), ('Pilrb1', 1.4745595040034642), ('Arhgap15', 11.412452415397066), ('Elmo2', 5.251190611345773), ('Cyp27a1', 0.5806956399183664), ('Rbl1', 1.1197539621818224), ('Il12rb2', 0.8102393784845687), ('Tlr12', 6.674453541107617), ('En1', 0.4205076754432693), ('Sema3e', 1.35254225133655), ('Cysltr1', 1.8433606532800757), ('Evi5', 0.8352642805482353), ('Slc25a24', 5.059626670273183), ('Padi2', 0.578174012084543), ('Bard1', 2.444311399172993), ('Fcer1g', 3.0588845116205743), ('BC028528', 13.891043386474015), ('Kif3b', 0.90050709772379), ('Tie1', 0.4621684000676477), ('Lpar1', 13.048263111975777), ('Itgav', 9.500009396425584), ('Arhgap6', 0.4282511889957191), ('Ifi209', 1.504675289492231), ('Cd53', 0.5029638242990425), ('Akt3', 5.394366699678742), ('Rassf5', 2.059389590385555), ('Pilra', 5.34501411679247), ('Vps18', 0.5271619630588938), ('P2ry12', 0.8158950786841626)]",2015
Elf4,tfdimers__MD00044,0.055168826,3.803529886,0,0.79084,gene is orthologous to ENSG00000102034 in H. sapiens (identity = 79%) which is directly annotated for motif,"frozenset({'activating', 'mm10_500bp_up_100bp_down_full_tx_v10_clust.genes_vs_motifs.rankings', 'weight>75.0%'})","[('Sh2b3', 1.2928865237369445), ('Stk4', 1.8204531559912416), ('Inpp5d', 5.037919302776297), ('Sh3bp2', 8.463459020590546), ('Clec4a2', 3.0555713455857845), ('Slc12a6', 5.6491731242380725), ('Alox5ap', 0.6164289043351755), ('Cd72', 3.976191758169461), ('Gusb', 1.268363438749269), ('Serping1', 0.4233652992148365), ('Ctss', 5.34366214116989), ('Fcer1g', 3.0588845116205743), ('Fcgr2b', 2.3092035614220827), ('Casp8', 0.9100441836820256), ('Pla2g4a', 5.820430794002912), ('Laptm5', 4.113674061153092), ('Arhgap15', 11.412452415397066), ('Fmn1', 0.5891291809994565), ('Fcgr1', 1.273592301177198), ('Cers6', 4.071085338682161), ('Wasf2', 7.557705911043313), ('Pilra', 5.34501411679247), ('Dennd4c', 1.4780481879263567), ('Abi1', 3.772540659043991), ('Pilrb2', 28.81456709643301), ('Cysltr1', 1.8433606532800757), ('Itgav', 9.500009396425584), ('Arhgef2', 9.764821373341968), ('Frmd4b', 2.79430959415546), ('Pilrb1', 1.4745595040034642), ('Mcub', 2.064320195909314), ('Sh2d3c', 2.015198845953752), ('F630028O10Rik', 0.5406074529958611), ('Rap1a', 9.72056706760118), ('Cfp', 0.5337042642917936), ('Spi1', 9.352997273256229), ('BC028528', 13.891043386474015), ('Clec4a3', 0.9870626508050416), ('Clec4b1', 0.6646289038746873), ('Renbp', 1.8001737697272435), ('Gimap6', 0.6777687537859401), ('Atp8a1', 4.262097877757156), ('Ifi209', 1.504675289492231), ('Akna', 13.204106983642296), ('Tmod1', 1.184689805261078), ('C130026I21Rik', 0.574557350050753), ('Xiap', 0.7630694199581965), ('Atoh8', 0.4331574586605755), ('Fcrl1', 0.6382312711863745), ('Clnk', 1.921226825293184), ('Rgs19', 0.7220280817034638), ('Pcdh19', 1.0980874078818756), ('Prim2', 0.5840540446146393), ('Oas2', 0.5192249025880742), ('Slc9a4', 1.4660578100145572), ('Stap1', 2.298100286220589), ('Ugdh', 1.3039902299302617), ('Uggt1', 0.5712635302768789), ('Cd53', 0.5029638242990425), ('Arhgap4', 2.076146232459473), ('Arpc1b', 1.6682010192284065), ('Tor1b', 0.958333865968888), ('Sms', 0.7916230989688275), ('Maml3', 0.9570873916477604), ('Il1r2', 0.416593584953529), ('Rest', 3.558449672795666), ('Celf2', 0.4701897598225326), ('Acp2', 2.4516769298003043), ('Rgs1', 1.2790931938256762), ('Vps18', 0.5271619630588938), ('Jak1', 2.377361804175411), ('Dpp4', 2.1764087059705086), ('Dock10', 1.9873794449924391), ('Klhl13', 1.541839110209538), ('Rufy3', 0.5369766200215476), ('Fcrls', 4.755144490448364), ('Zbtb46', 1.541469588297364), ('Dnajc1', 0.4492007044774155), ('Txk', 0.5788474705941722), ('Kif21b', 0.9791192475540332), ('Inip', 0.4419305033618026), ('I830077J02Rik', 1.732007243857755), ('Gpr35', 1.1758524665611954), ('4930512J16Rik', 1.103055074148083), ('Adamts4', 2.82592711598148), ('Ncf1', 2.860080651899659), ('Pla2r1', 0.8392128604473525), ('Ptpn22', 7.723367849269256), ('Tec', 6.606227766334278), ('Gbgt1', 0.4706719368953063), ('Apbb1ip', 21.91779615740809), ('Gabra3', 0.7167866850105504), ('Adgrl4', 0.749889840438079), ('Tmem51', 1.059309301005514), ('Cap1', 1.426258504672618), ('Hltf', 4.1584177875836446), ('Psd4', 4.231802642823923), ('Tnfaip8l2', 0.4346037372725974), ('Capza2', 7.863916586971153), ('Elovl1', 5.340508851774113), ('Sirpa', 9.66329121920798), ('Cd48', 1.4062350968828068), ('Sppl2a', 0.476336093505793), ('Ppp1r16b', 2.1802616319589765), ('Gls', 5.481807447400665), ('Capzb', 1.0218940106704784), ('Was', 0.7779370825188915), ('Tpm3', 3.211482242556003), ('Cd40', 0.5990366120564814), ('Cenpl', 3.054474929433294), ('Clec4a4', 0.5295641444219624), ('Abl1', 1.9417359637632887), ('Csf1', 0.9966666166384076), ('Lrmp', 7.573823494211849), ('Mfap5', 6.213807653233637), ('Cd44', 2.070961263606986), ('Aspm', 0.501186400184773)]",2082
Elk4,taipale_tf_pairs__ETV2_CLOCK_NNCACGTGNNNNNCCGGAWRY_CAP,0.057811108,3.59242911,5.51E-06,1,gene is annotated for similar motif cisbp__M01489 ('ETV3L[gene ID: ENSG00000253831 species: Homo sapiens TF status: inferred TF family: Ets DBDs: Ets]; Elk4[gene ID: ENSMUSG00000026436 species: Mus musculus TF status: direct TF family: Ets DBDs: Ets]; Erf[gene ID: ENSMUSG00000040857 species: Mus musculus TF status: inferred TF family: Ets DBDs: Ets]'; q-value = 5.51e-06),"frozenset({'activating', 'mm10_500bp_up_100bp_down_full_tx_v10_clust.genes_vs_motifs.rankings', 'weight>75.0%'})","[('Mdk', 0.7151592002050824), ('Prnp', 1.1304934586636275), ('Dnttip2', 1.8108152322714328), ('Hgf', 0.5008469254296489), ('Pappa', 1.2349933715740216), ('Pias3', 0.5824079423374499), ('Gm15179', 2.7460104150853604), ('Gatad1', 1.3637977941775932), ('Mapk10', 0.6013876973338944), ('Gm5127', 0.7570891166697745), ('Speg', 0.9460105461717798), ('Kdr', 1.850215330995892), ('Ptprt', 0.9222273684728014), ('Sh2d3c', 4.779644931723645), ('Efna1', 1.433913404002361), ('Pomp', 0.5716309603709436), ('Smarca1', 2.3921442652571066), ('Trp53i11', 11.292915466675684), ('Dgkz', 0.6820339625733249), ('Aplnr', 6.441620533827145), ('Ampd2', 0.5781749620202221), ('Ccm2l', 0.5821813694067323)]",771
Elk4,taipale_tf_pairs__ETV5_CLOCK_NCACGTGNNNNNSCGGAWRN_CAP_repr,0.0630528,4.215277794,3.73E-06,1,gene is annotated for similar motif cisbp__M01489 ('ETV3L[gene ID: ENSG00000253831 species: Homo sapiens TF status: inferred TF family: Ets DBDs: Ets]; Elk4[gene ID: ENSMUSG00000026436 species: Mus musculus TF status: direct TF family: Ets DBDs: Ets]; Erf[gene ID: ENSMUSG00000040857 species: Mus musculus TF status: inferred TF family: Ets DBDs: Ets]'; q-value = 3.73e-06),"frozenset({'activating', 'mm10_500bp_up_100bp_down_full_tx_v10_clust.genes_vs_motifs.rankings', 'weight>75.0%'})","[('Pdcl', 2.2517361782180085), ('Tasp1', 0.4517718271420971), ('Pithd1', 0.5898519189377659), ('Klhl7', 0.5335303341759083), ('Mcm10', 1.4855545385564362), ('Rpl21', 0.5802290695458103), ('Rpl10', 0.4175315682536232), ('Cnih4', 1.286991831529934), ('Tuba4a', 0.5748034539245981), ('Mdn1', 0.5175085420153985), ('Igsf3', 0.6354245045879725), ('Syf2', 0.6657024317614915), ('BC005624', 0.4290890219627656), ('Ctdsp1', 0.7953775359603205), ('Lbr', 0.7112177497761586), ('Rasal2', 1.919922070524799), ('Sart3', 0.8042614644429871), ('Etnppl', 1.6482998979318817), ('Asb6', 0.976707633626856), ('Cnn3', 1.1280429868245243), ('Rbpj', 1.3805814181511171), ('Lypla2', 1.2641714908968718), ('Tatdn3', 0.467388168763396), ('Nrarp', 0.7074716103535047), ('Gm13986', 1.348939571352697), ('Ddost', 0.5932655100170146), ('Gmeb1', 1.73325747509479), ('Arpc5l', 1.1813510968006469), ('Syt11', 0.6731293154323947), ('Itga8', 0.723179791199423), ('Fscn1', 4.221146789525467), ('Azin2', 0.5490695726196386), ('Zfp982', 0.5582659668176216), ('Ubr4', 0.7729081645019161), ('Gm12925', 1.19337118205564), ('Elk4', 1.0), ('Per2', 0.5029199909132441), ('S100a16', 0.6554753424758527), ('Dnttip2', 1.8108152322714328), ('Inpp1', 0.5758348467332008), ('Prnp', 1.1304934586636275), ('Nat10', 0.4592086146487805), ('Enho', 1.5048825553355896), ('Kcnh1', 0.7906760306514335), ('Ptprt', 0.9222273684728014), ('Cd93', 7.473935285922938), ('Tex10', 0.5311136436890748)]",1917
Elk4,taipale_tf_pairs__ETS2_RCCGGAAGTG_HT,0.053738555,3.108504462,2.98E-06,1,gene is annotated for similar motif transfac_pro__M01983 ('V$SAP1A_02: SAP1A (Elk4)'; q-value = 2.98e-06),"frozenset({'activating', 'mm10_500bp_up_100bp_down_full_tx_v10_clust.genes_vs_motifs.rankings', 'weight>75.0%'})","[('Tmem214', 0.5472186625871951), ('Zbtb34', 2.393256459502652), ('Nkain1', 0.4461967731415908), ('Hspa12b', 2.9178779585033734), ('Pias3', 0.5824079423374499), ('Qsox1', 0.8410230028143582), ('Klhl21', 0.4349646911084007), ('Mettl21a', 0.5919520537245708), ('Lbr', 0.7112177497761586), ('Pde7a', 0.438717316739949), ('Mapk10', 0.6013876973338944), ('Tram1', 0.8210000850130286), ('Prss12', 0.4349491143858398), ('Grhl3', 2.1906274040559235)]",349
Elk4,hdpi__ELF2,0.054193055,3.162510737,2.24E-06,0.869767,"gene is orthologous to ENSG00000158711 in H. sapiens (identity = 86%) which is annotated for similar motif dbtfbs__ELK4_HeLa-S3_ENCSR000EVI_merged_N1 ('ELK4 (human, HeLa-S3, ENCSR000EVI, merged N1)'; q-value = 2.24e-06)","frozenset({'activating', 'mm10_500bp_up_100bp_down_full_tx_v10_clust.genes_vs_motifs.rankings', 'weight>75.0%'})","[('Stpg2', 1.9161716466321168), ('Lypla2', 1.2641714908968718), ('Ssr2', 0.4476350798952712), ('Pomp', 0.5716309603709436), ('Arl6ip4', 1.0573198917898323), ('Tex10', 0.5311136436890748), ('Haus6', 0.4773494360008363), ('Gatad1', 1.3637977941775932), ('Syf2', 0.6657024317614915), ('Xrcc5', 0.4558134918245405), ('Mrpl33', 0.4176645188898623), ('Usp11', 0.6128972850027485), ('Arpc5l', 1.1813510968006469), ('Sf3b4', 3.1398374711156074), ('Asb6', 0.976707633626856), ('Snhg8', 1.3300060107638227), ('Gatb', 1.035322724572899), ('Tatdn3', 0.467388168763396), ('Tor1b', 0.7289995561004656), ('Eif4e2', 1.257657368992608), ('Syt11', 0.6731293154323947), ('Tars2', 0.688631265719843), ('Pdcl', 2.2517361782180085), ('Ints12', 0.4166690569633267), ('Mettl21a', 0.5919520537245708), ('Romo1', 0.846553685740473)]",1003
Elk4,taipale_tf_pairs__ELK1_EOMES_RSCGGAANNAGGYGYNA_CAP_repr,0.061554746,4.03727027,1.75E-06,0.869767,gene is orthologous to ENSG00000158711 in H. sapiens (identity = 86%) which is annotated for similar motif jaspar__MA0076.2 ('ELK4'; q-value = 1.75e-06),"frozenset({'activating', 'mm10_500bp_up_100bp_down_full_tx_v10_clust.genes_vs_motifs.rankings', 'weight>75.0%'})","[('Aph1a', 1.1821848026285462), ('Smyd1', 0.5827376359833769), ('Xkr4', 0.4487041484395134), ('Speg', 0.9460105461717798), ('Tie1', 0.6935506693665503), ('2900026A02Rik', 1.7456655795011178), ('Sh2d3c', 4.779644931723645), ('Akna', 0.4605916613106422), ('Tro', 0.4745193233700334), ('Dnttip2', 1.8108152322714328), ('Hspg2', 1.4953151633982524), ('B3gnt7', 2.425079939958927), ('Pdcl', 2.2517361782180085), ('Tex10', 0.5311136436890748), ('Mrps2', 1.3210000467486749), ('Efna1', 1.433913404002361), ('Pappa', 1.2349933715740216), ('Nebl', 1.3109571737168704), ('Etnppl', 1.6482998979318817), ('Enho', 1.5048825553355896), ('Aqp7', 1.4628186231338618), ('Dgkz', 0.6820339625733249), ('Tmem214', 0.5472186625871951), ('Mdk', 0.7151592002050824), ('Mapk10', 0.6013876973338944), ('Fbxo6', 0.9261307511601292), ('Zfp664', 1.9751885455790967)]",1018
Elk4,taipale_tf_pairs__ERF_HES7_NNCACGTGNNNNNCCGGAANN_CAP_repr,0.055915367,3.367166095,9.95E-08,1,motif similar to cisbp__M01489 ('ETV3L[gene ID: ENSG00000253831 species: Homo sapiens TF status: inferred TF family: Ets DBDs: Ets]; Elk4[gene ID: ENSMUSG00000026436 species: Mus musculus TF status: direct TF family: Ets DBDs: Ets]; Erf[gene ID: ENSMUSG00000040857 species: Mus musculus TF status: inferred TF family: Ets DBDs: Ets]'; q-value = 9.95e-08) which is directly annotated,"frozenset({'activating', 'mm10_500bp_up_100bp_down_full_tx_v10_clust.genes_vs_motifs.rankings', 'weight>75.0%'})","[('Tars2', 0.688631265719843), ('Lypla2', 1.2641714908968718), ('Arl6ip4', 1.0573198917898323), ('Mcm10', 1.4855545385564362), ('Dnttip2', 1.8108152322714328), ('Ssr2', 0.4476350798952712), ('Eif4e2', 1.257657368992608), ('Tuba4a', 0.5748034539245981), ('Gatb', 1.035322724572899), ('Mrpl33', 0.4176645188898623), ('Arpc5l', 1.1813510968006469), ('Stpg2', 1.9161716466321168), ('Tcaf2', 1.073298518793136), ('Rpl21', 0.5802290695458103), ('Asb6', 0.976707633626856), ('Xrcc5', 0.4558134918245405), ('Pias3', 0.5824079423374499), ('Haus6', 0.4773494360008363), ('Pdcl', 2.2517361782180085), ('S100a16', 0.6554753424758527), ('Ybx1', 0.7140944550812107), ('Pla2g4a', 0.6974711618488045), ('Ints12', 0.4166690569633267), ('Usp11', 0.6128972850027485), ('Prss12', 0.4349491143858398), ('Mettl21a', 0.5919520537245708), ('Tomm40l', 0.4500880403072468), ('Tor1b', 0.7289995561004656), ('Zfp979', 1.0210526163007616), ('Pappa', 1.2349933715740216), ('Zfp142', 0.7780731117369294), ('Bmp7', 0.5310173073070836), ('Sparcl1', 6.167411190636661), ('Rpl10', 0.4175315682536232), ('Pomp', 0.5716309603709436), ('Zscan29', 0.5675624981308458), ('She', 3.316387620379017), ('Rbpj', 1.3805814181511171), ('Nat10', 0.4592086146487805), ('Tubb4b', 0.5923490881549242), ('Snhg8', 1.3300060107638227), ('Mapk10', 0.6013876973338944), ('Tatdn3', 0.467388168763396), ('Bbs12', 0.652210438588286), ('Zbtb34', 2.393256459502652), ('Scarb1', 1.9920583969801708), ('Zfyve28', 1.4590645096683537), ('Hhat', 0.5083604777573906), ('Fam110a', 0.5170238363708454), ('Zmym1', 0.4401433717917404), ('Shc1', 0.7965131153900993), ('Etnppl', 1.6482998979318817), ('Tro', 0.4745193233700334), ('Ufm1', 0.994406798024427), ('Mageb18', 0.4182920769950667), ('Itpkb', 1.7771485741225392), ('Mrpl47', 0.5468895230820154), ('Vsig10', 0.4581641885259125), ('Pebp1', 0.4223020595279066), ('Rps6ka1', 0.8370811020223071), ('Syt11', 0.6731293154323947), ('Grhl3', 2.1906274040559235), ('Kdr', 1.850215330995892)]",3502
Fosl2,tfdimers__MD00527,0.05499367,3.077864198,1.98E-06,0.95092,motif similar to tfdimers__MD00098 ('M01665_forward_9_M00925_forward dimer: IRF-8 / AP-1'; q-value = 1.98e-06) which is annotated for orthologous gene ENSG00000075426 in H. sapiens (identity = 95%),"frozenset({'activating', 'mm10_500bp_up_100bp_down_full_tx_v10_clust.genes_vs_motifs.rankings', 'weight>75.0%'})","[('Abtb2', 1.9008154301393243), ('Med14', 0.7278772080527139), ('Wipi2', 0.5596870600450131), ('Usf1', 1.0640987991897783), ('Txlna', 0.5217018087399178), ('Mmgt1', 3.75884940096932), ('Ythdf3', 0.7084892228183), ('Lancl1', 0.6558079968823456), ('Cers6', 3.2806989491663416), ('Zfp451', 0.6561008227658935), ('Fosl2', 1.0), ('Mcub', 30.15857035938771), ('Rbck1', 0.805568659710409), ('Mtmr1', 0.4338992541023185), ('Plcb1', 0.7058869573150056), ('Tbc1d8', 12.493014188570784), ('Elmo2', 1.411404718704247), ('Kdelr2', 7.065876342315375), ('Sptan1', 0.745115787160465), ('Tanc1', 1.0389943532430468), ('Txnip', 0.4599664465010127), ('Bcl2', 0.7611066048025951), ('Dnaja1', 0.5010423489257373), ('Pdia4', 0.6408531715858826), ('Rhoh', 9.810893976466897), ('Spint1', 1.0607588613758991), ('S100pbp', 0.5930937723409951), ('Eif4e', 0.7026632000074842), ('Smc2os', 0.5427830762272114), ('Rasal2', 0.8007616979873278), ('Ppp1cb', 1.441678813202888), ('Fn1', 3.818034503105188), ('E130102H24Rik', 0.5502863466798533), ('Zfp384', 0.5403071667790253), ('Atp6ap1', 0.4889740796697747), ('Zfp46', 0.6462788240410963), ('Gnai3', 0.6081821468900345), ('Gorasp2', 1.0408799875175845), ('Gnb2', 0.5234282904399824), ('Mettl5', 0.6541842493741976), ('Hook1', 2.113235840223611), ('Rbm12b2', 0.5238260273113455), ('Morf4l2', 0.7280596237954764), ('Gpr155', 1.3475208756068682), ('Bcl10', 2.020024286869765), ('Shc1', 0.4931195595728639), ('Ddi2', 4.334312067604486), ('Esrp1', 0.4223868884602738), ('Tor3a', 0.7416362565329864), ('Panct2', 1.3170679205227898), ('Hopx', 5.466453842485883), ('Aff1', 0.6696109086502462), ('Acbd6', 1.511159811794298), ('Bcl2l1', 1.2100578465350038), ('Usp46', 2.29809745468189), ('Serp1', 3.642135127263863), ('Pomgnt1', 0.4437255208942138), ('Arhgef16', 0.509116480911252), ('Zfas1', 0.5325777329055564), ('Galnt9', 0.9737625164630654), ('Rufy3', 3.633409755548029), ('Tril', 1.7034380946897385), ('Tagln2', 1.133112998614543), ('Lpar1', 1.903311214437276), ('Olfm1', 0.8339390112632021), ('Ttc22', 1.9299683730161448), ('Ccnc', 0.5639965162113144), ('Ptpn6', 0.4917636319609546), ('C030007H22Rik', 0.7340024891236774), ('Wdr45', 0.550648582927538), ('Ptpn22', 4.716246232929798), ('Hip1r', 2.182608764951924), ('Rnf10', 0.8780043422078624), ('Rnf103', 0.8235103038952635), ('Rbm10', 0.6389467556534533), ('Anp32e', 0.4747341879715945), ('4930455G09Rik', 7.173897317634599), ('Pxn', 4.550046401047228), ('Rilpl1', 1.215307684172812), ('Ptger3', 0.7220748778973236), ('Jak1', 1.5544630844462135), ('Edem3', 4.530993506442046), ('Rgs20', 0.4812001817003676), ('Rassf6', 0.7000844551705564), ('Cdc42', 1.5728123888052867), ('Slc35c2', 0.5962498969256416), ('Zbp1', 0.5593993043302915), ('Trim59', 0.6578345203851098), ('Fam110a', 0.5863795003713639), ('Kif16b', 0.8812181003415591), ('Smap2', 1.8003792232848388), ('Glul', 5.9430884259183765), ('Qsox1', 1.874056726459374), ('Lamp2', 0.4946355763291955), ('Ptgfr', 1.372410164360967), ('S100a14', 1.5164564403430376), ('Htatsf1', 1.2601438866521857), ('St8sia4', 1.4350825250591488), ('Lin7c', 0.5534349237260727), ('AA986860', 1.2961320852252858), ('Cops4', 3.0631551924369824), ('Mrpl51', 2.1025313678490822), ('Gm19619', 0.4678228225088956), ('Vangl2', 1.3715098431309185), ('Gid8', 0.4569749492048727), ('Il18r1', 1.9243628998506028), ('Sox12', 1.0456251824935958), ('Zmpste24', 1.05392911394865), ('Ssr4', 0.4468413563840362), ('Cytip', 1.046141457740048), ('Ctsz', 0.8582239616253992), ('Arhgef6', 0.5513361136635878), ('Pfkfb2', 0.5339500015726382), ('Glrb', 0.5311122417021398), ('Tmem38b', 0.9550360450252054), ('Plekhf2', 4.692501309825757), ('Cacnb4', 0.7922841738934394), ('Bhlhe41', 0.6012173183647742), ('Mob4', 1.9127701695298451), ('Pik3cd', 3.951700593798024), ('Eid1', 0.6610240693645569), ('Pianp', 1.3127492564523455), ('Kpna6', 0.820913079663578), ('Glis1', 3.533807212202948), ('Bcl2l11', 0.8206604041038752)]",4654
Gata2,transfac_pro__M01207,0.084871155,3.298542136,8.82E-06,0.979167,gene is orthologous to ENSG00000179348 in H. sapiens (identity = 97%) which is annotated for similar motif tfdimers__MD00562 ('M00025_forward_24_M00789_forward dimer: Elk-1 / GATA'; q-value = 8.82e-06),"frozenset({'activating', 'mm10_500bp_up_100bp_down_full_tx_v10_clust.genes_vs_motifs.rankings', 'weight>75.0%'})","[('Cst3', 17.454988362674623), ('Lmo2', 6.516651884040425), ('Hint2', 0.6105014250727924), ('Sbspon', 0.9010232499002996), ('Gbp5', 3.1863351536795226), ('Nr5a2', 1.2773464059620911), ('Cytl1', 6.448964735358212), ('Micall2', 0.664881720343122), ('9530036O11Rik', 0.8051628041805262), ('Tprgl', 6.389247909071378), ('Elmo2', 1.238448581706746)]",805
Gata3,metacluster_138.2,0.051943334,3.099538746,1.49E-08,0.96614,gene is orthologous to ENSG00000107485 in H. sapiens (identity = 96%) which is annotated for similar motif tfdimers__MD00562 ('M00025_forward_24_M00789_forward dimer: Elk-1 / GATA'; q-value = 1.49e-08),"frozenset({'activating', 'mm10_500bp_up_100bp_down_full_tx_v10_clust.genes_vs_motifs.rankings', 'weight>75.0%'})","[('Utp3', 3.040128950401898), ('Zdhhc4', 0.4377086739757461), ('Lyrm2', 3.115912285593984), ('Cops7a', 2.874578859707205), ('Sf3a3', 0.5032859737452028), ('Kti12', 0.4816450170874467), ('Chmp5', 9.735898324108668), ('Prpf6', 0.502112117409803), ('Kdelr2', 7.00811347712029), ('Taf1a', 0.4422374560381469), ('Ubr1', 0.7304734899448081), ('Chchd5', 3.3176417269632137), ('Arpc3', 4.310682877998104), ('Ppip5k2', 2.447065678052996), ('Ssr2', 8.530201198318023), ('Tmem33', 7.656612323166015), ('Mrpl20', 4.492076542513675), ('Bloc1s6', 2.942166866708192), ('Snrpe', 13.820641850438085), ('Urm1', 3.4377722920722715), ('Exoc1', 1.2883479234976716), ('Pdcd10', 1.302087624586749), ('Rer1', 6.367003888870334), ('Rpl12', 19.41690320118002), ('Ccdc181', 2.146074228843776), ('Lypla2', 2.454203880311922), ('Bag1', 8.02535269285206), ('Gemin8', 0.5647837608274137), ('Prkra', 0.4574082334840507), ('Vps4b', 3.1795642826528825), ('Pigt', 19.90256613052668), ('Tmem230', 0.5392266264218128), ('Rabgef1', 0.4183504030566728), ('Eif3i', 11.891206086215718), ('Thoc2', 9.430270910216825), ('Clta', 4.995465863813515), ('G3bp2', 11.552754169848976), ('S100a16', 5.469301640465866), ('Rbck1', 1.910642375364188), ('Zkscan1', 3.446138392204441), ('Rpf1', 1.2250889033396506), ('Rfc2', 0.5198902467928587), ('Usf1', 2.271037289445668), ('Nom1', 0.6100526845189095), ('Nifk', 4.927352760439547), ('Gpatch4', 1.6846559469579), ('Morn1', 3.13702798512668), ('Uqcrh', 26.85378226944977), ('Rhbdd1', 2.43122085000279), ('Nhs', 3.74445777438544), ('Sys1', 4.945806859379957), ('Sass6', 0.6645227820178211), ('Gid8', 5.076823294763615), ('Gnai3', 1.0914444488971535), ('Tmem59', 24.64517508258933), ('Atrx', 2.2760058324273698), ('Eif2s3x', 6.717985521478497), ('Snrpb', 8.951557226296108), ('Ikbkg', 0.7263499926980312), ('Srp14', 11.958014603867742), ('Dnajb4', 0.5398777581200296), ('Pomp', 7.685951219316044), ('Larp7', 3.7285431054209366), ('Casp2', 12.877101793670285), ('Pyroxd1', 0.6699390695513509), ('Zfp113', 1.741094580896596), ('Trmt6', 2.14707965281814), ('Cops9', 9.982376839798324), ('Fkbp1a', 1.4602454395159503), ('Hs6st2', 0.5393957584625088), ('Ccndbp1', 4.886296239600232), ('Ufc1', 3.766058165194074), ('Zfp655', 1.333181552803563), ('Large2', 2.70466792919154), ('Pdcl', 3.1709540905526734), ('Pef1', 0.6758298545147993), ('Ppp1cb', 31.57279953042769), ('Manbal', 2.5527383599556663), ('Nop58', 12.372389794996751), ('Zfp408', 0.8345591344363246), ('Fubp1', 1.057399310496177), ('Arhgap1', 0.9964355806928288), ('Lsm10', 2.452553043216535), ('Cdk11b', 0.5616160095188526), ('Fam98b', 3.212585659362888), ('Tanc1', 8.465393366976787), ('Kmt5a', 4.784185116121222), ('Zmynd19', 3.044377417312619), ('Psmb7', 0.5383680459203022), ('Ociad1', 1.7019569785261586), ('Lrrc8a', 1.5066196434600332), ('Serp1', 14.737204856291124), ('Dnajc1', 4.669153086205605), ('Pcna', 3.78726000857979), ('Syf2', 2.691017827180177), ('Dr1', 1.89764816012614), ('Rpl22l1', 10.346645558651751), ('Dpm1', 0.6633626573969753), ('Wdr45', 3.0059535185368413), ('1500011B03Rik', 12.387839198591054), ('Tyro3', 7.016226456815983), ('Morf4l2', 3.417247456530111), ('Rps21', 26.890669268358177), ('Hax1', 1.1525202454658032), ('Trappc3', 1.207999485324886), ('Ctnnbl1', 4.223754312168847), ('Ints11', 0.8412602611360146), ('Zranb3', 1.6954896625172555), ('Gatad1', 2.341897708919847), ('Edem3', 0.8166625516294004), ('Inip', 3.050562675241782), ('Eif3m', 9.415660626682891), ('Ube2d3', 0.4210478370431204), ('Tmem234', 5.893521834783787), ('Slc35a2', 2.561268268821115), ('Mbtps2', 0.5907011107211633), ('Zfp182', 0.5796060213521267), ('Fgd1', 0.9782898286266284), ('Zfp932', 0.7280264712714092), ('Cox20', 2.9774325495385603), ('Dnajc10', 1.620856381310479), ('Necap2', 3.887683146155158), ('Tcea1', 2.15304850475218), ('Zbtb33', 1.3789587182013163), ('Exosc3', 2.578559260356237), ('Dcaf12', 2.7695617194468007), ('Nup210', 14.325494566033896), ('Gle1', 6.717703589230038), ('Cir1', 2.3554956082909464), ('Chchd2', 15.500524276957425), ('Foxj3', 1.0889037634247434), ('Eif4g3', 1.0727626477978938), ('Zbtb43', 2.229104437206204), ('AU040320', 0.4786303065417856), ('Nudc', 9.35634761669247), ('Zfp992', 0.7189687368028475), ('Ubl4a', 5.558005276870001), ('Rere', 0.8989181392841853), ('Slc30a9', 1.100299475388344), ('Zfp341', 0.7594597486122623), ('Itgav', 4.623868196022199), ('Pik3c2b', 14.30890209911323), ('Mrpl44', 1.1969645474522974), ('Dnttip2', 5.63767016787359), ('Armc10', 3.0954792427418227), ('Uso1', 0.531114088209013), ('Hsd17b11', 0.6886358361217714), ('Slc35a1', 3.474535733246305), ('Emc4', 3.1227679408070723), ('Rnf4', 1.852615016900413), ('Grcc10', 7.918859543707243), ('Snapc4', 0.8950528956916403), ('Ncstn', 6.2888961234584855), ('Fundc2', 3.212924357582731), ('Bcl2l1', 6.977154758691354), ('Arfrp1', 1.622104271550711), ('Tor1b', 0.4543893923587476), ('Prpf18', 0.5611729647643314), ('Tmem128', 2.0106634290919945), ('Fam78b', 1.0534383227411888), ('Utp11', 1.9687006461549357), ('Cd82', 14.586527151412689), ('Tmx2', 5.499101739902002), ('Dusp19', 0.992482566403128), ('Vps29', 1.679425688447082), ('Maged2', 0.9810870851768378), ('Rrp15', 0.6390134021277977), ('Penk', 10.380391519109644), ('Txlna', 0.7248468327121762), ('Clock', 0.7042980230845942), ('Rbm10', 1.859126345654025), ('Pdap1', 17.598587150860283), ('Tex10', 0.9362380527192916), ('Mrpl33', 7.695569973418307), ('Thap4', 2.7306088184938115), ('Coa5', 3.0195390206379247), ('Ncbp1', 1.0134839314922242), ('Trim46', 2.892391661765973), ('Wipi2', 1.874432225589207), ('Ncs1', 4.151736898882965), ('Rnf25', 0.6571756048261902), ('Timm17a', 1.7244002508350595), ('Sdhc', 1.91441278855556), ('Mrps14', 3.681460097296101), ('Magi1', 1.4682209898099114), ('Ogfr', 3.806815023854184), ('Adrm1', 6.662716571791111), ('Emg1', 12.340662768276728), ('2410004B18Rik', 0.7290352679737451), ('Adam15', 1.3398977012237443), ('Ufm1', 5.623857908558921), ('Rps4x', 15.011673164016235), ('Sema4c', 8.258014069058971), ('Tmem54', 2.578743233821738), ('Atp5k', 10.072722582709694), ('Ccdc120', 8.046304263049125), ('Fam185a', 0.9728212783668831), ('Ppdpf', 4.78970193047741), ('Cdk2ap1', 4.597585828166891), ('Efna1', 6.844713630821353), ('Rps27', 14.499449733282194), ('Hhipl2', 10.589925304782152), ('Serinc3', 41.20851544425687), ('Rps6', 24.03669830289861), ('Taf6', 1.3698692205994258), ('Rpl34', 20.594889258493517), ('Hcfc1', 1.380453269968848), ('Zbtb8os', 0.5024429988546649), ('Ptbp3', 19.291073221737733), ('Tmf1', 1.3871405557030638), ('Ppm1j', 0.5681347716510715), ('Ids', 3.1680168515768297), ('Hscb', 8.272724575818117), ('Smim12', 1.7109090746000355), ('Eif2b1', 0.4286121082952141), ('Pus1', 1.3297384199382212), ('Csn3', 8.074802998529558), ('Med19', 5.346547287331063), ('Nckap1', 1.876323322685048), ('Sf3b4', 4.130420781749843), ('Gm15772', 0.4590411916695731), ('Med14', 1.2639952422026262), ('Smu1', 1.4532521442884798), ('Rnf10', 1.6651870126083534), ('Tubb4b', 8.571266965030672), ('Sec23b', 1.4690897179334337), ('Foxk1', 0.9147216845050936), ('Lnx1', 3.5340805636587715), ('Spata2', 0.4373510503181853), ('Bcl7b', 2.2835614497262724), ('Hypk', 4.356000973365781), ('Spats2l', 3.2954028090424576), ('Yme1l1', 0.6927870956262253), ('Tgif2', 1.9473944968770864), ('Nop10', 7.399041382259013), ('Gng5', 5.046601546310405), ('Wdr31', 1.5901794606732935), ('Cnot6l', 2.3969365185897), ('4921539E11Rik', 0.4881045761115216), ('Tmsb10', 5.686992186461402), ('Gnas', 8.937938630434994), ('Smim8', 2.1234279748727234), ('Bdnf', 0.7962963612671984), ('Mrps35', 0.7858858540902837), ('Jtb', 5.361070882630856), ('Gas5', 24.06749730446889), ('Col9a1', 1.876766076968854), ('Stk16', 0.9178331017562829), ('Mpzl1', 9.771179116958242), ('Acad9', 3.1768325518834857), ('Magoh', 5.638063622026302), ('Cc2d1b', 0.5519527099071326), ('Mars2', 0.6309695553475619), ('Timm17b', 1.413735016065098), ('Ebna1bp2', 2.94150982169182), ('Cmpk1', 1.6768900601071122), ('Golga2', 1.2842961811821647), ('Gabpb1', 12.873228114549384), ('Ints12', 3.429429152866258), ('Dars', 4.719296362113317), ('Mrps17', 1.0057406470413863), ('Rpn1', 9.16166925279982), ('Gar1', 2.8092239532434022), ('AW011738', 3.155884793979696), ('Scrn3', 0.91793513715048), ('Rpl21', 18.74296702310108), ('Ece1', 0.8333980692904225), ('Jade1', 1.3179036531081936), ('Skil', 16.864723085127714), ('Rpl36a', 17.061203991701124), ('Cobll1', 2.4347277488868864), ('Atp7a', 1.715447881543739), ('Igbp1', 4.699178240355085), ('Ptpn1', 4.642877590274997), ('Qsox1', 24.548595383273607), ('Ppig', 3.555849964169691), ('Zc3h15', 5.155552319490998), ('Ipo13', 0.4745471853077336), ('Ankle2', 0.8054515198507539), ('Mettl15', 2.7110914622468987), ('Rbms1', 0.4527881366604748), ('Igfbp5', 30.50241086406225), ('Ostc', 8.497429547431375), ('Mmgt1', 1.793588357289372), ('Tcaf2', 1.186785305258516), ('Bloc1s4', 0.7237223368687434), ('Arhgef6', 1.1213488024909677), ('Slc2a1', 5.977409647928697), ('1110065P20Rik', 0.8589229492941386), ('Rsrc2', 1.0744339351096626), ('Plb1', 4.460247705813739), ('9230102O04Rik', 3.182082176819762), ('Ddost', 16.975917483733326), ('Chek2', 2.319769469386507), ('Zbtb7b', 1.1594556792124004), ('Rpl31', 16.27393222307998), ('1810030O07Rik', 1.1104421269522315), ('G6pdx', 1.4979216742913135), ('Zfp711', 4.591690857467098), ('Ssrp1', 7.347831559122496), ('Spint1', 10.976994110092251), ('Cox6a1', 14.992946273133212), ('Bud31', 12.943865794936768), ('Eya1', 1.1772716491419002), ('Mcl1', 0.685425831337798), ('Rnf6', 10.3069177265473), ('Rbbp4', 4.66779003392467), ('Pak6', 4.3391529532889415), ('Prss48', 2.2894911952840173), ('Pcif1', 2.898504608090071), ('Pde5a', 1.255992040315403), ('Ccdc163', 0.6807053891889087), ('Slc35c2', 1.1522478303806096), ('Frrs1', 3.0755742061958533), ('Pebp1', 16.589552573501365), ('Setx', 2.59148762866035), ('Ahdc1', 2.2531973320889582), ('Acbd6', 1.130333235475932), ('Tmem125', 1.8272835983631603), ('Kras', 3.219543286456521), ('Wbscr25', 1.441327154517036), ('Armcx2', 8.458602643281653), ('Eef1b2', 17.969074652663632), ('Sptan1', 8.241448402696319), ('Txndc9', 2.567882140761213), ('S100a13', 8.330683477382768), ('Bcl10', 2.8088289188746827), ('Rabggtb', 3.171699136375043), ('Fmn1', 9.011438812761543), ('Arl6ip4', 7.559947159021855), ('Atp2a2', 5.1109731923253205), ('Orc4', 0.738852108794053), ('Hnrnpd', 0.5016238242040505), ('Smc4', 6.981776371046516), ('Fosl2', 8.345446678411706), ('Faxc', 2.26503047482646), ('Trp53rka', 0.8915588522134954), ('Eif4e2', 0.4343141467356974), ('Arhgef5', 12.401541296344764), ('Rpl11', 18.292094553618668), ('Golt1b', 2.30517224133601), ('Arpc5l', 8.823422460283759), ('Tm9sf4', 1.268952648990465), ('Col25a1', 0.9228624727254032), ('Pgm2', 5.046901765155947), ('Insig2', 3.089307375951496), ('Phactr4', 8.080021505659852), ('Fbrsl1', 6.3121712398037735), ('Xrcc5', 1.0850604371263854), ('Lrrc8b', 13.50255051188818), ('Tmem222', 0.8589647138669562), ('Romo1', 17.979992517085684), ('Fzd7', 2.0188794916509925), ('Cops6', 2.137625791197483), ('Uggt1', 0.6777322544601164), ('Tpra1', 1.6685783688371727), ('Ttc22', 2.589710624082916), ('Atp5g3', 14.618924985656784), ('Tab3', 0.7204756600774622), ('Sec22b', 1.2164996718728711), ('Ndufs2', 8.692894741930893), ('Chn1', 2.9994187576795195), ('Ing5', 0.5636740379802369), ('Phc1', 2.428304565659788), ('Zbtb10', 3.791708337537674), ('C130021I20Rik', 5.768499287442706), ('Nelfa', 1.524327876479102), ('Epb41l5', 3.407384142052628), ('Lmx1b', 23.58959067453329), ('Pard6b', 1.350730660821359), ('Uhmk1', 1.6574286776125526), ('Maml3', 26.27632219006717), ('Adipor1', 21.639092033381683), ('Elf5', 9.086340311177262), ('Copg1', 1.7136699570934757), ('Adgrl2', 1.5431164071544126), ('Rnf11', 1.490970310068843), ('Dclk1', 0.6019483283062804), ('Agap1', 11.078043600156198), ('Med28', 2.129547654486725), ('Rgs12', 0.8973273506722849), ('Wfs1', 0.4219372685021837), ('Cox5b', 6.291030919823785), ('Mtmr11', 0.4857564857391993), ('Zmpste24', 5.922063163291399), ('Tmem167b', 3.9143782364404105), ('Rasef', 13.093449226798304), ('Vsig10', 11.578527261666316), ('Prkab1', 7.184748255805105), ('Bola1', 0.5244896204252758), ('Abtb2', 5.597907520865692), ('Sdf4', 11.498215510983131), ('Tsn', 4.255661853078541), ('Rhoc', 10.656568060923725), ('Cops8', 1.430091732616299), ('Ift22', 1.1720444446657623), ('Scyl3', 3.959311209355565), ('Ttc39b', 1.6108239934472743), ('Galnt3', 15.723521381112231), ('Lurap1l', 2.756769862020118), ('Arfip1', 2.5042358860087908), ('Capzb', 1.3996037318553023), ('Patj', 20.087201150688013), ('Etl4', 9.777059552537263), ('Neu2', 3.840951225678957), ('Psip1', 2.595281137692565), ('Shc1', 0.5064178784150615), ('Vps72', 5.934299989572699), ('1700025G04Rik', 4.9501525969348), ('Srrt', 0.5435454001718513), ('Cnksr1', 4.868018583995947), ('Rassf5', 2.6433869444935247), ('Lmna', 3.330193206292867), ('Spen', 0.4346723578491864), ('Vps37d', 1.7128738864421762), ('Eloc', 2.9933782911041984), ('Wdr26', 1.214120244672379), ('Fahd2a', 0.5342780349010741), ('Scly', 4.956383764939767), ('Bmyc', 0.9267910193767916), ('Ift80', 1.4475768262361932), ('Phc2', 9.622509370462552), ('Nme7', 3.03756366378968), ('Hspe1', 6.600934739649825), ('Sms', 4.8272061635930426), ('Pop7', 5.563975300133407), ('Ap1s1', 4.973239954303137), ('Grsf1', 0.8134282051354409), ('Plaa', 0.7547056077649767), ('Ctdsp1', 0.7871741293413448), ('Rpl22', 26.05528108455184), ('Dnajc6', 6.759040545049367), ('Mrps18c', 2.851288185123566), ('Pole3', 2.062816428114129), ('Rbm47', 0.6938515469192725), ('Fam210b', 17.010329101623537), ('Hspd1', 7.415356231101573), ('Ubxn4', 1.238738188899406), ('Ramp1', 12.122697614626269), ('Dnaaf5', 0.458638416981555), ('Mms22l', 0.6775723966742244), ('Ccdc28b', 0.9109504823542456), ('Atp11b', 0.9929048929791308), ('Spata5l1', 4.139902169893006), ('Rpl6', 14.019796491989744), ('Nudt5', 0.8537302142533747), ('Pdzk1ip1', 1.2606743258419586), ('Pkp1', 3.704652195206794), ('Ehd4', 0.6337191443167677), ('Zdhhc12', 0.6328847657108173), ('Akirin1', 7.974718907115373), ('Rps6ka6', 1.6040293972234323), ('Chmp4c', 14.149253803157611), ('Erich2', 0.4931209151771918), ('Zfp937', 2.617977897797457), ('Mtfr1l', 3.714975404837282), ('Src', 5.340361941706112), ('Dcun1d1', 1.5639924617375809), ('Rcan3', 6.996335186784355), ('Ythdc1', 0.4927065124005741), ('Etfdh', 0.6331696940065124), ('Fam110a', 4.590872582844927), ('Tfb2m', 1.070908490819481), ('Itga8', 3.763369288106686), ('Tars2', 0.5268219005534117), ('Bcap31', 2.0461722375553446), ('Ppie', 8.422101043966137), ('Mrpl51', 21.26906291080623), ('Tex30', 1.4247079682516486), ('Kank4', 3.286093802956843), ('Snhg17', 2.0646194680789853), ('Ppm1g', 1.992054211094031), ('Zfp281', 1.930670139637336), ('Arl6ip5', 1.0110595253409382), ('Dhx37', 2.1996718467425724), ('Gnpda2', 0.5782912413805429), ('Fam221a', 11.39212516625569), ('Txn1', 10.349916048986335), ('Fndc10', 3.4672522293611503), ('Uba1', 3.665871293473732), ('Hccs', 0.723472764796081), ('Man1a2', 15.320751637701358), ('Tfe3', 0.9804395613509602), ('Padi2', 2.033122306047144), ('Itga6', 1.296755334021389), ('Tfap2c', 13.375489060478769), ('Rbm18', 2.9302784925274463), ('Klhl9', 4.795169610124224), ('Prkcz', 10.426972564247317), ('Camk1d', 6.052723251074393), ('C1qtnf4', 1.578307944512464), ('Gigyf2', 0.5924389258924438), ('Ruvbl1', 2.9050097374891783), ('Snhg3', 3.114455475107257), ('Capg', 4.172167872322299), ('Lpcat4', 5.363878828334718), ('Dlg3', 15.1794042723632), ('Sbno1', 4.041421787811117), ('Enah', 30.49837770017639), ('Phka1', 1.1410773015433928), ('Tspan9', 19.072531625673847), ('Tmem185a', 2.081050395232862), ('Suds3', 4.692785804650499), ('Phtf1', 0.4597256605469794), ('Atg13', 1.64580427865425), ('Slco1a5', 2.701298826882529), ('Clstn1', 8.563741301604264), ('Grpel1', 1.0180073808606702), ('F8a', 0.7032849320148968), ('Arhgef10l', 18.62760387149611), ('Sephs1', 0.8174016962092455), ('Cfap77', 0.8811828513920539), ('Pfdn2', 12.065317109379958), ('Ythdf1', 2.272831483967706), ('Dcaf8', 0.666111151952436), ('Mfap1a', 0.6445447930346948), ('Kyat1', 9.588901960823936), ('Ints6l', 1.2484558156578691), ('Eva1b', 8.560614631982224), ('Ift52', 0.6940700501282732), ('Snx12', 0.5573723730808545), ('Gm14164', 1.5506229889079717), ('Ehf', 13.098623913967971), ('Bcs1l', 1.4186969764773312), ('Psmb4', 11.207128508248624), ('Unc50', 1.344786687706588), ('Rgs2', 4.440992819752861), ('Lama5', 7.215256532137282), ('Zranb2', 0.6041660339826919), ('Arhgef2', 12.829469797829082), ('Zfp46', 1.1466602097507008), ('Cdk6', 8.4752196879895), ('Sde2', 4.905900315194442), ('Tmed2', 14.168580627620786), ('Pabpc4', 1.35272401132192), ('Trnau1ap', 1.2670934173110011), ('Prex1', 7.636587320416861), ('Cdc42se1', 15.895908455547088), ('Eogt', 0.9061745529455332), ('Rwdd3', 3.0452962414915192), ('Khdrbs1', 7.228051235180275), ('Grhpr', 0.9414389155108406), ('Zfp362', 0.5777127885727099), ('Prdm11', 0.986399768141974), ('Crabp2', 0.8782136608159661), ('Gpbp1l1', 0.7752201084510159), ('Tmco1', 1.2173516952303791), ('Pgrmc1', 5.691333964703431), ('Gtf3a', 0.4601337922209166), ('Bri3bp', 8.772741579675214), ('St6galnac6', 0.9694719019869432), ('Plrg1', 8.326887619630284), ('Trim56', 2.352021282891529), ('Rgs20', 5.135068832850689), ('Fdps', 0.4509883704935344), ('Orai2', 1.5645429228685088), ('Fuca1', 3.026730831260694), ('Il13ra1', 19.043955105916748), ('Arhgef38', 13.318722399507829), ('Slc17a9', 6.577591240984464), ('Tbx3', 16.216387013600222), ('Aimp1', 1.0443227018101375), ('Tmem248', 3.226117808123923), ('Chmp4b', 7.0918373764453495), ('Itm2c', 8.326660293179332), ('Eif4h', 8.176433168051577), ('Lgr6', 6.053250708337767), ('Gpr155', 10.968144906442994), ('Selenoh', 0.9481539829180168), ('Dpm3', 9.548053695898057), ('Plag1', 5.485392887217079), ('Vamp3', 1.9611705989818973), ('Anp32b', 12.677806115420529), ('Pigo', 0.4723817551056281), ('Surf1', 2.036550835226887), ('Inhbb', 18.29127918538636), ('Rac1', 14.462520292146934), ('Thrap3', 0.5869965416967784), ('Bmpr1b', 23.484613736303658), ('Col4a5', 16.597154401589876), ('Nr6a1', 1.5919082711676908), ('Rbbp7', 5.371367599258998), ('Pmpcb', 3.6553936803915614), ('Rmnd5a', 15.736329068911584), ('Pnrc2', 6.5023177355607), ('Mtf1', 0.5752394584778828), ('Hip1r', 27.25654808882621), ('Dnlz', 3.519592823265053), ('3300002I08Rik', 1.836086938887464), ('Aox2', 3.604434837308794), ('Adh5', 1.5848084730289016), ('Tax1bp1', 1.7043150122623516), ('Usp6nl', 9.360776684222728), ('Tmprss11a', 2.7908464088737954), ('Rbmx', 0.8186469082754212), ('Mtf2', 5.74241623417936), ('Fis1', 5.596268382798213), ('Tceal8', 5.834903461354445), ('Aph1a', 3.5671342443005143), ('Smr2', 0.5594732932492454), ('Rftn2', 4.064036227187837), ('Vcp', 7.946479676937933), ('Lyn', 1.025524858755774), ('Rchy1', 0.9798514643746372), ('Kdm3a', 6.759388771293009), ('4921507P07Rik', 0.841010477396066), ('Txnip', 15.438716295410863), ('Coro1c', 0.7787540990032922), ('Ssr3', 23.2980674347062)]",4936
Gata3,metacluster_166.4,0.05201077,3.109248182,9.18E-09,0.963964,motif similar to tfdimers__MD00562 ('M00025_forward_24_M00789_forward dimer: Elk-1 / GATA'; q-value = 9.18e-09) which is annotated for orthologous gene ENSG00000107485 in H. sapiens (identity = 96%),"frozenset({'activating', 'mm10_500bp_up_100bp_down_full_tx_v10_clust.genes_vs_motifs.rankings', 'weight>75.0%'})","[('Taf1a', 0.4422374560381469), ('Kti12', 0.4816450170874467), ('Arpc3', 4.310682877998104), ('Cops7a', 2.874578859707205), ('Zdhhc4', 0.4377086739757461), ('Rbck1', 1.910642375364188), ('Chchd5', 3.3176417269632137), ('Pyroxd1', 0.6699390695513509), ('Utp3', 3.040128950401898), ('Ikbkg', 0.7263499926980312), ('Eif3m', 9.415660626682891), ('Lypla2', 2.454203880311922), ('Mcl1', 0.685425831337798), ('Zkscan1', 3.446138392204441), ('Ubr1', 0.7304734899448081), ('Prpf6', 0.502112117409803), ('Ssr2', 8.530201198318023), ('Prss48', 2.2894911952840173), ('Pomp', 7.685951219316044), ('2410004B18Rik', 0.7290352679737451), ('Ncstn', 6.2888961234584855), ('Manbal', 2.5527383599556663), ('Urm1', 3.4377722920722715), ('Mrpl20', 4.492076542513675), ('Mbtps2', 0.5907011107211633), ('Arl6ip4', 7.559947159021855), ('Necap2', 3.887683146155158), ('Gas5', 24.06749730446889), ('Pdcd10', 1.302087624586749), ('Nom1', 0.6100526845189095), ('Dnajc5', 0.8448527817908135), ('Tex10', 0.9362380527192916), ('Rer1', 6.367003888870334), ('Gnai3', 1.0914444488971535), ('Pigt', 19.90256613052668), ('Rrp15', 0.6390134021277977), ('Yme1l1', 0.6927870956262253), ('Cdc123', 4.0534675065460855), ('Eif3i', 11.891206086215718), ('Rhbdd1', 2.43122085000279), ('Spata2', 0.4373510503181853), ('Inip', 3.050562675241782), ('Chmp5', 9.735898324108668), ('Gatad1', 2.341897708919847), ('Syf2', 2.691017827180177), ('Nudc', 9.35634761669247), ('Rpf1', 1.2250889033396506), ('Exoc1', 1.2883479234976716), ('Trmt6', 2.14707965281814), ('Hspe1', 6.600934739649825), ('Sf3a3', 0.5032859737452028), ('AU040320', 0.4786303065417856), ('Lyrm2', 3.115912285593984), ('Fkbp1a', 1.4602454395159503), ('Dhx37', 2.1996718467425724), ('Snrpe', 13.820641850438085), ('Wdr31', 1.5901794606732935), ('Xrcc5', 1.0850604371263854), ('Serp1', 14.737204856291124), ('Tmem230', 0.5392266264218128), ('Melk', 1.3268212531412462), ('Rabgef1', 0.4183504030566728), ('Cops9', 9.982376839798324), ('Nudt5', 0.8537302142533747), ('Ccdc181', 2.146074228843776), ('Emc4', 3.1227679408070723), ('Gar1', 2.8092239532434022), ('Zfp408', 0.8345591344363246), ('Tprgl', 2.566276648160989), ('Mrpl33', 7.695569973418307), ('Arhgap1', 0.9964355806928288), ('Bag1', 8.02535269285206), ('Arpc5l', 8.823422460283759), ('Morn1', 3.13702798512668), ('Pef1', 0.6758298545147993), ('5430416N02Rik', 1.0972734281041423), ('Sf3b4', 4.130420781749843), ('Exosc3', 2.578559260356237), ('Chchd2', 15.500524276957425), ('Nop58', 12.372389794996751), ('Dpm1', 0.6633626573969753), ('Snrpb2', 4.152694524022374), ('Bloc1s6', 2.942166866708192), ('Ccndbp1', 4.886296239600232), ('Phtf1', 0.4597256605469794), ('Coa5', 3.0195390206379247), ('Rps21', 26.890669268358177), ('Sec22b', 1.2164996718728711), ('Cnot11', 1.3900899055524587), ('Rfc2', 0.5198902467928587), ('Bloc1s4', 0.7237223368687434), ('Ppip5k2', 2.447065678052996), ('Cdk11b', 0.5616160095188526), ('Slc50a1', 4.13340422167633), ('Smu1', 1.4532521442884798), ('Snhg6', 7.253891095653808), ('Atp5k', 10.072722582709694), ('Ebna1bp2', 2.94150982169182), ('Dnajb6', 2.656657590355921), ('Insig2', 3.089307375951496), ('Med14', 1.2639952422026262), ('Mrpl44', 1.1969645474522974), ('Smim8', 2.1234279748727234), ('Psmb7', 0.5383680459203022), ('Atp7a', 1.715447881543739), ('Hat1', 2.188754406606284), ('Rnf6', 10.3069177265473), ('Sys1', 4.945806859379957), ('Rps6', 24.03669830289861), ('Dnajc1', 4.669153086205605), ('Snhg8', 2.6019358021333727), ('Gatb', 8.58825561142589), ('Kmt5a', 4.784185116121222), ('Tor1b', 0.4543893923587476), ('Eif4e2', 0.4343141467356974), ('Ccz1', 0.50414671328254), ('Zbtb8os', 0.5024429988546649), ('Sdf4', 11.498215510983131), ('Tmem222', 0.8589647138669562), ('Ipo13', 0.4745471853077336), ('Prpf18', 0.5611729647643314), ('Acad9', 3.1768325518834857), ('Zmpste24', 5.922063163291399), ('Maged2', 0.9810870851768378), ('Sde2', 4.905900315194442), ('Uhmk1', 1.6574286776125526), ('Zbtb17', 4.561219796608235), ('Mrps35', 0.7858858540902837), ('Gtf2ird2', 3.182062911019385), ('Arfip1', 2.5042358860087908), ('Isg20l2', 1.0349058148253278), ('Mars2', 0.6309695553475619), ('Snapc4', 0.8950528956916403), ('Srp14', 11.958014603867742), ('Ift22', 1.1720444446657623), ('Zfp992', 0.7189687368028475), ('Phb2', 10.271859754972564), ('Txnip', 15.438716295410863), ('Dnajc10', 1.620856381310479), ('Vps4b', 3.1795642826528825), ('Mrps18c', 2.851288185123566), ('Eif4g3', 1.0727626477978938), ('Trp53rka', 0.8915588522134954), ('Tars2', 0.5268219005534117), ('Hspd1', 7.415356231101573), ('Fam98b', 3.212585659362888), ('Pdcl', 3.1709540905526734), ('Ints12', 3.429429152866258), ('Tmem234', 5.893521834783787), ('Lrrc8a', 1.5066196434600332), ('Dr1', 1.89764816012614), ('Cmpk1', 1.6768900601071122), ('Gpatch4', 1.6846559469579), ('Ing5', 0.5636740379802369), ('Csnk2a1', 0.8649496428540312), ('Hcfc1', 1.380453269968848), ('Hypk', 4.356000973365781), ('Romo1', 17.979992517085684), ('Sec61a1', 7.933626001694224), ('Mospd3', 1.2311683298634646), ('Slc35a1', 3.474535733246305), ('Snrpb', 8.951557226296108), ('Ergic3', 7.070936783247872), ('Uggt1', 0.6777322544601164), ('Slc35c2', 1.1522478303806096), ('Polr2j', 4.761523577963727), ('Eif2d', 0.8980721261510554), ('Bcap31', 2.0461722375553446), ('Tomm7', 14.780818660352292), ('Wdr45', 3.0059535185368413), ('Zfp316', 2.142193465652413), ('Arfrp1', 1.622104271550711), ('Ufc1', 3.766058165194074), ('Tmem128', 2.0106634290919945), ('Zbtb33', 1.3789587182013163), ('Zfp655', 1.333181552803563), ('Mms22l', 0.6775723966742244), ('Txndc9', 2.567882140761213), ('Mrpl51', 21.26906291080623), ('Trappc3', 1.207999485324886), ('Snx12', 0.5573723730808545), ('Gabpb1', 12.873228114549384), ('Dnaaf5', 0.458638416981555), ('Tmem59', 24.64517508258933), ('Edem3', 0.8166625516294004), ('Ube2j2', 1.1787321249544935), ('Adam15', 1.3398977012237443), ('Gnl3l', 6.675721631013634), ('Rtf1', 1.158944162005806), ('4921507P07Rik', 0.841010477396066), ('Slc30a9', 1.100299475388344), ('Armcx2', 8.458602643281653), ('Mtf1', 0.5752394584778828), ('Tex30', 1.4247079682516486), ('Rprd1b', 9.368825566006157), ('Coro1c', 0.7787540990032922), ('Med8', 0.6365836483142757), ('Arl14ep', 0.632363788381378), ('Utp11', 1.9687006461549357), ('Stk40', 12.199470584734176), ('Pard6b', 1.350730660821359), ('Adipor1', 21.639092033381683), ('Ppat', 2.006839824721694), ('Cacybp', 4.427464525308509), ('Tmco1', 1.2173516952303791), ('Ptpn1', 4.642877590274997), ('Tmx2', 5.499101739902002), ('Tmem33', 7.656612323166015), ('Mtfr1l', 3.714975404837282), ('Nifk', 4.927352760439547), ('Dnaja1', 0.9504937065653922), ('E130308A19Rik', 9.578582466457268), ('Wdr1', 5.453016140008669), ('Setx', 2.59148762866035), ('Spint1', 10.976994110092251), ('Ube2d3', 0.4210478370431204), ('Lmna', 3.330193206292867), ('Eloa', 0.6019847988031292), ('Gemin8', 0.5647837608274137), ('Pde5a', 1.255992040315403), ('Idh3g', 2.470816161148957), ('Atp11b', 0.9929048929791308), ('Pogk', 1.8076196782986411), ('Trim46', 2.892391661765973), ('Lsm10', 2.452553043216535), ('Ubxn4', 1.238738188899406), ('Cox20', 2.9774325495385603), ('Tax1bp1', 1.7043150122623516), ('Rps3a1', 26.5266966440868), ('Ppp1cb', 31.57279953042769), ('Atp5e', 13.537537428671609), ('Aplf', 1.086887172918768), ('Armc10', 3.0954792427418227), ('Rps27', 14.499449733282194), ('Dnttip1', 0.8958815225728206), ('Aph1a', 3.5671342443005143), ('9230102O04Rik', 3.182082176819762), ('Fbrsl1', 6.3121712398037735), ('Pop7', 5.563975300133407), ('Med19', 5.346547287331063), ('Cox5b', 6.291030919823785), ('Slc35c1', 7.2822305779905), ('Zbtb43', 2.229104437206204), ('Tanc1', 8.465393366976787), ('Rnf25', 0.6571756048261902), ('Zfp937', 2.617977897797457), ('Sptan1', 8.241448402696319), ('Pdap1', 17.598587150860283), ('Dusp19', 0.992482566403128), ('Dnttip2', 5.63767016787359), ('Gorasp2', 2.610467654976548), ('Fam110a', 4.590872582844927), ('Prkra', 0.4574082334840507), ('Mrps21', 4.755231497737829), ('Rps8', 35.35948516505056), ('Lpcat4', 5.363878828334718), ('Dnpep', 5.149010008713362), ('Tmem248', 3.226117808123923), ('Dpm3', 9.548053695898057), ('Impa1', 2.2053655510837555), ('G3bp2', 11.552754169848976), ('Zmynd19', 3.044377417312619), ('Aimp2', 2.2764317258569045), ('Bcl2l1', 6.977154758691354), ('Zranb2', 0.6041660339826919), ('Tmem185a', 2.081050395232862), ('Fzd7', 2.0188794916509925), ('Zfp182', 0.5796060213521267), ('Vps29', 1.679425688447082), ('Rab7', 2.2413074404445767), ('Mfap1a', 0.6445447930346948), ('F8a', 0.7032849320148968), ('Adrm1', 6.662716571791111), ('Vamp3', 1.9611705989818973), ('Ttc30a1', 0.5750214090503273), ('Zer1', 1.695486524095441), ('Anapc7', 0.9900980574690812), ('Frrs1', 3.0755742061958533), ('Tcea1', 2.15304850475218), ('Irak1', 0.8732495934431197), ('Rpl11', 18.292094553618668), ('Ost4', 17.230870100030817), ('Grpel1', 1.0180073808606702), ('Rpl6', 14.019796491989744), ('Mcm2', 4.122401069837204), ('Wdfy1', 1.974596460360184), ('Mlec', 9.224369974201796), ('3300002I08Rik', 1.836086938887464), ('Elf2', 0.4685721563579187), ('Harbi1', 1.038072606695651), ('Sars', 7.932947954387785), ('Yes1', 4.394280732989879), ('Rbm17', 3.226806795981022), ('Cobll1', 2.4347277488868864), ('Anp32b', 12.677806115420529), ('Phc1', 2.428304565659788), ('Cdc42se1', 15.895908455547088), ('Rab2a', 1.771116452627847), ('Hsd17b11', 0.6886358361217714), ('Tmf1', 1.3871405557030638), ('Klhl9', 4.795169610124224), ('Pus1', 1.3297384199382212), ('Vsig10', 11.578527261666316), ('Tfe3', 0.9804395613509602), ('Rraga', 5.6813173085267055), ('Gid8', 5.076823294763615), ('Noc2l', 4.653253661152754), ('Rbm43', 5.242772144477767), ('Uqcrh', 26.85378226944977), ('Rpl37a', 28.911319012488622), ('Ctnnbl1', 4.223754312168847), ('Ythdf1', 2.272831483967706), ('Stoml2', 4.29842227419967), ('Ptbp3', 19.291073221737733), ('Mrpl30', 3.7955813291919305), ('Car6', 0.636248303104161), ('Ints11', 0.8412602611360146), ('Ehd4', 0.6337191443167677), ('Rpl7', 13.049249388586478), ('Dnlz', 3.519592823265053), ('Ppig', 3.555849964169691), ('Zfp984', 2.1274338565152267), ('Rbm3', 1.7800806544336385), ('Zranb3', 1.6954896625172555), ('Slc35f6', 2.518179912759487), ('Dclk1', 0.6019483283062804), ('Ufm1', 5.623857908558921), ('Capzb', 1.3996037318553023), ('Bud31', 12.943865794936768), ('Nr6a1', 1.5919082711676908), ('Slc25a53', 0.61071037939116), ('Rnf4', 1.852615016900413), ('Phka1', 1.1410773015433928), ('Polr3c', 0.6638093713637135), ('Rps4x', 15.011673164016235), ('Ssr4', 3.014536694218028), ('Rpl12', 19.41690320118002), ('Chmp4b', 7.0918373764453495), ('Igbp1', 4.699178240355085), ('2210016L21Rik', 6.937019204599235), ('Gle1', 6.717703589230038), ('Fmn1', 9.011438812761543), ('Etl4', 9.777059552537263), ('Csrp1', 2.566038710873757), ('Etfrf1', 0.6499850173300258), ('Itga6', 1.296755334021389), ('Atp5j2', 7.304574573543301), ('Fundc2', 3.212924357582731), ('Tubgcp4', 3.58628176704528), ('Hnrnpa2b1', 3.600137952398665), ('Emg1', 12.340662768276728), ('Slc4a2', 0.5691242941360888), ('Txlna', 0.7248468327121762), ('Eloc', 2.9933782911041984), ('Gtf3a', 0.4601337922209166), ('Zfas1', 7.295930425419061), ('Eogt', 0.9061745529455332), ('Smim20', 1.1066869746128691), ('Ciao1', 0.8192636008251588), ('Rnf128', 0.5669282637797267), ('Ube2f', 8.86415236610941), ('Svbp', 3.09324944556988), ('Prkab1', 7.184748255805105), ('Plb1', 4.460247705813739), ('Itm2c', 8.326660293179332), ('Exo1', 0.8540874187222983), ('Scyl3', 3.959311209355565), ('Zfp341', 0.7594597486122623), ('Sdhb', 2.691208153956589), ('Phospho2', 1.8083329905669288), ('Tgif2', 1.9473944968770864), ('Szrd1', 2.396299631124576), ('Gstcd', 0.7436393403688395), ('Ociad1', 1.7019569785261586), ('Zc3h15', 5.155552319490998), ('Ube3b', 0.5783385361003254), ('Golga2', 1.2842961811821647), ('2900026A02Rik', 10.11349557824018), ('Zfp120', 1.8867613370084717), ('Rpl31', 16.27393222307998), ('Man1c1', 0.7841242215223168), ('Tm2d1', 1.377417490698004), ('Adar', 3.103888792090259), ('Ndufs2', 8.692894741930893), ('Bach2', 6.851194167043646), ('Wdr26', 1.214120244672379), ('Ssrp1', 7.347831559122496), ('Ppie', 8.422101043966137), ('Tacstd2', 2.302629607665716), ('Edem2', 3.114475482539631), ('Eef1b2', 17.969074652663632), ('Eif3j1', 2.79521136345321), ('Cfap77', 0.8811828513920539), ('Hhat', 6.653432003824766), ('Emc7', 0.5918023470657496), ('Ythdf2', 1.0052190851823426), ('Dpp6', 0.5178232937674826), ('Psmc3', 2.9309287668387247), ('Actr1b', 0.4983777854382065), ('Fahd2a', 0.5342780349010741), ('Ormdl1', 2.66317420090154), ('Cd82', 14.586527151412689), ('Cir1', 2.3554956082909464), ('Eif2a', 1.078559589652907), ('Copg1', 1.7136699570934757), ('Sass6', 0.6645227820178211), ('Lypla1', 3.3042386329912805), ('Ogfr', 3.806815023854184), ('Pmpcb', 3.6553936803915614), ('Fuca1', 3.026730831260694), ('Golt1b', 2.30517224133601), ('Dcaf12', 2.7695617194468007), ('Hccs', 0.723472764796081), ('Zfp362', 0.5777127885727099), ('Pdk3', 1.7602963613586926), ('Ddost', 16.975917483733326), ('Ncs1', 4.151736898882965), ('Mrps26', 0.9277440719368112), ('Tmsb4x', 21.464906058704013), ('Copa', 2.597593001102644), ('Aimp1', 1.0443227018101375), ('Grsf1', 0.8134282051354409), ('Gm973', 0.7630506313260076), ('Cops2', 0.6617779403497838), ('Sbspon', 0.4737307668360854), ('Bcl7b', 2.2835614497262724), ('Psmd4', 1.1588467964869216), ('Casz1', 30.91176076257611), ('Fh1', 2.2855333058546354), ('Gng5', 5.046601546310405), ('Snhg3', 3.114455475107257), ('Erp44', 1.2364950071708765), ('Ncl', 19.26031975291372), ('Rpl34', 20.594889258493517), ('1110065P20Rik', 0.8589229492941386), ('Scamp3', 0.520239315323796), ('Zfp46', 1.1466602097507008), ('Cox6a1', 14.992946273133212), ('Pik3r3', 1.9094915039451028), ('Fzd5', 1.4812568402389352), ('BC005624', 0.6137792620956036), ('Dnah7c', 0.5009737756957573), ('Tinagl1', 2.8762817878583644), ('Sumo1', 1.7875440726157414), ('Pigo', 0.4723817551056281), ('Zfp113', 1.741094580896596), ('Tspan9', 19.072531625673847), ('Zmynd8', 2.776204683083461), ('Spata6', 0.8439032671679781), ('Brwd3', 3.350288521542885), ('Etfdh', 0.6331696940065124), ('Khdrbs1', 7.228051235180275), ('Jtb', 5.361070882630856), ('Spg20', 3.247833299803353), ('Abi2', 1.2085872616079982), ('Usp9x', 0.742150078748467), ('Ncbp1', 1.0134839314922242), ('Fbxo44', 1.934118453096917), ('Stk16', 0.9178331017562829), ('Taf13', 4.989049535935271), ('Psmc2', 0.6704453075811806), ('Tceal8', 5.834903461354445), ('Cep85', 8.60316301832536), ('Tbc1d8', 19.068966911947303), ('Gm15772', 0.4590411916695731), ('Ids', 3.1680168515768297), ('Nras', 1.1936646394230062), ('Slc35a2', 2.561268268821115), ('Hs6st2', 0.5393957584625088), ('Ppa2', 3.29138841926609), ('Morf4l2', 3.417247456530111), ('Icmt', 1.3861034270059471), ('Bcl2l11', 18.32045073145307), ('Szt2', 2.3174365191259767), ('Tmem79', 1.4464077125152313), ('Rpl35', 11.962271321633416), ('Fis1', 5.596268382798213), ('Zfp281', 1.930670139637336), ('Zfp933', 1.850110326111174), ('Dennd2d', 3.056889793054003), ('E2f5', 1.425323824742856), ('Zdhhc5', 2.153208407725419), ('Hes6', 1.0196860975460178), ('Thrap3', 0.5869965416967784), ('Dcaf8', 0.666111151952436), ('Miga1', 10.4036542197025), ('Mob4', 1.9342169369584687), ('Shc1', 0.5064178784150615), ('Alkbh2', 2.065441335227138), ('Sbds', 0.5528178159278926), ('Csn3', 8.074802998529558), ('Kif4', 0.6387169933773588), ('Ssr3', 23.2980674347062), ('Rwdd3', 3.0452962414915192), ('Hax1', 1.1525202454658032), ('Mrps14', 3.681460097296101), ('Arpc1a', 19.302986748813307), ('Eif2b1', 0.4286121082952141), ('Rab14', 2.975685993752623), ('Zfp593', 0.7611268216384763), ('Pebp1', 16.589552573501365), ('Jade1', 1.3179036531081936), ('Sbno1', 4.041421787811117), ('Ccdc173', 7.5223065299526), ('Plbd2', 0.5399773694617787), ('Nub1', 3.879973213427784), ('Rbm47', 0.6938515469192725), ('Tpk1', 2.5437179161349173), ('Adh5', 1.5848084730289016), ('Tmem167b', 3.9143782364404105), ('Hnrnpd', 0.5016238242040505), ('Kyat1', 9.588901960823936), ('Pdzd11', 2.8344901393112063), ('Ndufb6', 0.9999016796742546), ('Mrfap1', 16.87776702452724), ('Cops8', 1.430091732616299), ('Pin4', 15.02529679377934), ('Tmem125', 1.8272835983631603), ('Rcn1', 9.32850515866194), ('Prdm11', 0.986399768141974), ('Klhl21', 4.269208235316225), ('Spen', 0.4346723578491864), ('Sms', 4.8272061635930426), ('Chd4', 9.042224597649664), ('Fam210b', 17.010329101623537), ('Tubb4b', 8.571266965030672), ('Cap1', 1.2978125022902882), ('Mbnl3', 5.442608643509812), ('Tomm5', 2.6590136379676905), ('Ostc', 8.497429547431375), ('Fzd10', 1.4832145832188888), ('Psmb4', 11.207128508248624), ('Prelid3b', 1.7797753534320992), ('Uso1', 0.531114088209013), ('Psma5', 1.7598689306842337), ('Rnf2', 5.062738211197147), ('S100pbp', 3.618495634361079), ('Mycbp', 1.682832053524414), ('Tox2', 22.86267345304034), ('Surf1', 2.036550835226887), ('Mysm1', 0.8919419280890212), ('Srp72', 3.0383094393138466), ('Trnau1ap', 1.2670934173110011), ('Lamtor2', 15.303518849525288), ('Pak3', 0.6602572200047238), ('Sft2d2', 3.0669521128763515), ('Ralgapb', 0.5879722971172217), ('Tmub1', 2.4718861473045437), ('Plp2', 4.864257117342151), ('Bcs1l', 1.4186969764773312), ('Ptpn3', 7.489817618709925), ('A430005L14Rik', 3.0413106399488483), ('Phc2', 9.622509370462552), ('Lrp4', 2.422112950776631), ('Arhgap21', 0.4971051100426677), ('Htatsf1', 1.8886174435829504), ('Acbd6', 1.130333235475932), ('Trrap', 2.531446206424841), ('Znhit1', 4.527058733040026), ('Mib2', 1.4244836638769474), ('Tfb2m', 1.070908490819481), ('Plrg1', 8.326887619630284), ('Zdhhc21', 3.3662790969519545), ('Zfp932', 0.7280264712714092), ('Kdm3a', 6.759388771293009), ('Edf1', 7.499918168239156), ('Kif16b', 1.554509875181502), ('Npas2', 4.423731284464439), ('Serinc2', 22.526071069360988), ('Mrpl19', 1.4576804378705543), ('Ndufa1', 14.29227849833537), ('Orc4', 0.738852108794053), ('Ccdc163', 0.6807053891889087), ('Ckap2l', 2.176629168276822), ('Cfap45', 0.5507278506982278), ('Timm17a', 1.7244002508350595), ('Suds3', 4.692785804650499), ('Cnbp', 7.716100104476385), ('Bola1', 0.5244896204252758), ('Spg11', 2.0716776583201755), ('Qsox1', 24.548595383273607), ('Cenpf', 2.080506769041559), ('Irs1', 0.8661774321948821), ('Rbbp4', 4.66779003392467), ('B3galt6', 1.8316327662840932), ('Rab17', 12.978538921176964), ('Gpr155', 10.968144906442994), ('Usf1', 2.271037289445668), ('Polr1d', 1.184161697474798), ('Bcl10', 2.8088289188746827), ('Pdia4', 14.835894166044008), ('Pabpc4', 1.35272401132192), ('Ppp1r7', 1.9307830885842503), ('Gca', 0.8786056705148303), ('Taf3', 1.598398697586178), ('Ift52', 0.6940700501282732), ('Glmp', 8.692744670243586), ('Klhl23', 3.6523448700712233), ('Sf3b1', 0.5329124224147844), ('Kdm5b', 12.063392769802125), ('Kif18a', 0.5207562011826641), ('Atp2a2', 5.1109731923253205), ('Tmem47', 2.2437636343871725), ('Rassf5', 2.6433869444935247), ('Kdelr2', 7.00811347712029), ('Rpl21', 18.74296702310108), ('Lxn', 1.6205772094634547), ('Leprot', 13.692795490973374), ('Bzw1', 10.982628349576302), ('Ddx3x', 4.538347895123199), ('Faxc', 2.26503047482646), ('Susd4', 0.6585401788032937), ('Kazn', 2.4121673939684647), ('Tgoln1', 4.584543421168189), ('Rnf114', 2.484990198540898), ('Exosc9', 1.2234480570465152), ('Magi1', 1.4682209898099114), ('Crabp2', 0.8782136608159661), ('Vps37b', 19.779964724372288), ('Utp14b', 0.692739153917216), ('Zdhhc12', 0.6328847657108173), ('Elk4', 0.4965420081112984), ('Rasef', 13.093449226798304), ('Ensa', 2.06781035966395), ('Bmyc', 0.9267910193767916), ('Aurkaip1', 11.873068448125562), ('St6galnac6', 0.9694719019869432), ('Dnajb4', 0.5398777581200296), ('Rftn2', 4.064036227187837), ('Ssna1', 0.4727536904091765), ('Pfdn4', 3.4013045369677037), ('Rhov', 1.7289675046515394), ('Mgat5', 28.77992007063264), ('Fam102a', 10.932696047332616), ('Ralgps2', 2.605535170434244), ('Atg13', 1.64580427865425), ('Pcna', 3.78726000857979), ('Srrt', 0.5435454001718513), ('1810030O07Rik', 1.1104421269522315), ('Usp6nl', 9.360776684222728), ('Gata3', 1.0), ('S100a10', 1.0765322529911978), ('Prex1', 7.636587320416861), ('Dnajc2', 2.4830758420901087), ('Phactr4', 8.080021505659852), ('Hmgb1', 13.186890628358666), ('Pnrc2', 6.5023177355607), ('Scrn3', 0.91793513715048), ('Epb41l5', 3.407384142052628), ('Cd9', 35.93182316968258), ('Sdhc', 1.91441278855556), ('Spata5l1', 4.139902169893006), ('Mpped2', 10.3211387558412), ('Gm12992', 0.4654618624227873), ('Unc50', 1.344786687706588), ('C1galt1c1', 3.3456872130453554), ('Fubp1', 1.057399310496177), ('Fgd1', 0.9782898286266284), ('Cdc26', 2.987388495701732), ('Acsl4', 1.803504029052237), ('Rpl39', 28.575487719854923), ('Fdps', 0.4509883704935344), ('Ccdc60', 6.235558568015923)]",4990
Gfi1b,tfdimers__MD00012,0.071072319,3.042328785,5.11E-06,0.851515,motif similar to tfdimers__MD00052 ('M01067_forward_7_M01894_forward dimer: Gfi1 / YY1'; q-value = 5.11e-06) which is annotated for orthologous gene ENSG00000165702 in H. sapiens (identity = 85%),"frozenset({'activating', 'mm10_500bp_up_100bp_down_full_tx_v10_clust.genes_vs_motifs.rankings', 'weight>75.0%'})","[('Elf4', 2.0073220438735278), ('Col27a1', 1.2519226054541943), ('Elovl1', 1.8703998767854848), ('Fn1', 8.037642645368708), ('Fgr', 2.045628043929314), ('Itgav', 0.584474955205349), ('Itpkb', 1.114958229474443), ('Cers6', 0.4173870943366096), ('Ppfia4', 1.0378163254554302)]",633
Hes2,metacluster_14.20,0.077236627,3.402331161,3.61E-06,0.051576,motif similar to nitta__cwo_TCTGAG40NCAG_KK_NKCACGTGMN_m1_c4 ('cwo (fly)'; q-value = 3.61e-06) which is annotated for orthologous gene FBgn0259938 in D. melanogaster (identity = 5%),"frozenset({'activating', 'mm10_500bp_up_100bp_down_full_tx_v10_clust.genes_vs_motifs.rankings', 'weight>75.0%'})","[('Antxr2', 0.4345488480886087), ('Cnppd1', 0.789626386446781), ('Prim2', 0.5092615311903081), ('Zfp69', 8.260514345007845), ('Rpl31', 0.5033946032819443), ('Usf1', 0.5718889921015137), ('Ebp', 0.7842599346346543), ('Gm7609', 1.4248012081859405), ('Wdsub1', 2.8676232560400248), ('Bag2', 1.3751645990806014), ('Hspb1', 0.422660374566318), ('Oas3', 2.092070831400926), ('Slc15a4', 3.268094329891308), ('Espn', 0.4657260356026225)]",1224
Hes2,metacluster_57.2,0.083305792,3.815553894,4.67E-09,0.051576,motif similar to nitta__cwo_TCTGAG40NCAG_KK_NKCACGTGMN_m1_c4 ('cwo (fly)'; q-value = 4.67e-09) which is annotated for orthologous gene FBgn0259938 in D. melanogaster (identity = 5%),"frozenset({'activating', 'mm10_500bp_up_100bp_down_full_tx_v10_clust.genes_vs_motifs.rankings', 'weight>75.0%'})","[('Zfp69', 8.260514345007845), ('Usf1', 0.5718889921015137), ('Sms', 1.0742748122503374), ('Wdsub1', 2.8676232560400248), ('Espn', 0.4657260356026225), ('Prim2', 0.5092615311903081), ('Slc15a4', 3.268094329891308), ('Rufy3', 0.7711655476560904), ('Antxr2', 0.4345488480886087)]",773
Hes2,metacluster_57.3,0.082023856,3.728272525,0,0.229299,gene is orthologous to FBgn0259938 in D. melanogaster (identity = 22%) which is directly annotated for motif,"frozenset({'activating', 'mm10_500bp_up_100bp_down_full_tx_v10_clust.genes_vs_motifs.rankings', 'weight>75.0%'})","[('Cnppd1', 0.789626386446781), ('Ak8', 1.3198297694698604), ('4930512J16Rik', 2.6443004497342), ('Klf3', 1.8219830114162776), ('Arpc5', 0.4923520151772769), ('Zcchc17', 0.6015811412440258), ('Hes2', 1.0), ('Selplg', 0.700880876532561)]",355
Nfatc2,tfdimers__MD00012,0.062592754,4.753003781,7.44E-06,0.889251,motif similar to tfdimers__MD00050 ('M01721_forward_6_M01281_forward dimer: PUR1 / NFAT1'; q-value = 7.44e-06) which is annotated for orthologous gene ENSG00000101096 in H. sapiens (identity = 88%),"frozenset({'activating', 'mm10_500bp_up_100bp_down_full_tx_v10_clust.genes_vs_motifs.rankings', 'weight>75.0%'})","[('Fcrls', 9.84276368255412), ('Wipf1', 1.2839898581957807), ('Tlr4', 4.988373077760385), ('Tfec', 1.4925439078273712), ('Sh3bp2', 1.5867463677792275), ('Was', 1.2697591030513669), ('Ctnnd1', 0.8240287517094828), ('Lmo2', 7.376783449258811), ('Inpp4a', 15.853319920390453), ('Ly96', 4.861456619780407), ('Itpripl1', 2.26929308698674), ('F630028O10Rik', 5.847990024303116), ('Slamf9', 1.7554395487872534), ('Osbpl2', 0.522336367003937), ('Gm5127', 1.450381417403867), ('Vcpip1', 1.5336270529304046), ('C030034L19Rik', 3.3482123052707857), ('C1qc', 11.95410319501362), ('Stk17b', 16.822133566276722), ('P2ry12', 17.953437152769233), ('Cd38', 2.2415507888392736), ('Casp8', 3.149559399955891), ('Lcorl', 0.6171368925091), ('Bank1', 21.62170259099316), ('Gpr35', 0.6159805327972546), ('Wdfy3', 1.978960040197428), ('Inpp5d', 16.728027778058713), ('E2f5', 3.013072789060709), ('Cysltr1', 6.889688410448977), ('Il6ra', 3.4046029113505174), ('Dapp1', 5.158675639046225), ('Pilrb2', 7.152791281368589), ('Tpra1', 0.75339817402322), ('Itm2c', 0.6224136878498351), ('Ptprc', 4.124329983529155), ('Zap70', 0.7331449051962959), ('Zfp984', 6.680402333526062), ('Xrn2', 0.4801767504891208), ('Cenpa', 2.5450998112562844), ('Abcd1', 2.281333885458313), ('Fcgr1', 1.420146449791961), ('Cst3', 4.375713046901195), ('Akna', 9.257114195314893), ('Ptpn6', 5.525648679630419), ('Pilrb1', 1.225859599790709), ('2610203C22Rik', 7.718896534311345), ('Slc9a4', 1.3110169136283416), ('Mcoln2', 5.970953609775977), ('Spdye4b', 0.4385412196031378), ('Cacybp', 1.1332581952892515), ('Sms', 0.4605726987486704), ('Rell1', 7.404645634004048), ('Madd', 10.35559570911147), ('Sash3', 1.4150112300035438), ('Fam117b', 7.172103264513465), ('Elf4', 2.4183170635210254), ('Trpv4', 13.668663872259929), ('Skap2', 0.703234761775393), ('Dnm1', 5.28175417468927), ('Sh3kbp1', 0.4673941993308441), ('Frmd4b', 30.319991770757092), ('Rab7b', 15.984838513967569), ('Fosl2', 0.5968360607550424), ('Fam214b', 0.6429608018348953), ('Slc2a9', 1.409984771471703), ('Xlr4b', 4.357891198926158), ('Tmcc2', 2.311514934215806), ('Fcer1g', 13.410214095190565), ('Sirpa', 1.2331382769162895), ('Cd52', 0.8478544958791459), ('Tfpi', 13.084508812133846), ('Nup210', 0.4851401114624619), ('Alpk1', 9.042268741683875), ('Tec', 8.509693303755855), ('Sema4a', 15.719081355225155), ('Gbp8', 0.7858980364727544), ('Ogfr', 2.1910249092386778), ('Stard8', 26.222409235801795), ('Prkx', 1.5718151668070288), ('A630012P03Rik', 7.88956236736332), ('Cfp', 9.00593113152367), ('Pdia4', 0.454473439003849), ('Txk', 0.5423892311004009), ('Arhgap30', 11.901448690137958), ('Eps15', 5.9657731728687295), ('Mrc1', 23.34775652497659), ('Oas1g', 6.9354566911153865), ('Tbc1d1', 0.5390871661323047), ('Cd40', 4.9701940291175), ('Lrmp', 8.7580524601331), ('Lyn', 7.718933576543343), ('P2rx7', 6.993828506202452), ('Bend4', 7.14535159305888), ('Rgs18', 8.241173069286923), ('C1qb', 8.570989885413427), ('Sh3bgrl3', 7.393826163108948), ('Elf2', 1.850809911332876), ('Csf3r', 0.7226020659601324), ('Lurap1l', 1.057603643017078), ('Plekhg5', 20.84697320504123), ('Lpar5', 1.726199194377376), ('Mbnl1', 3.8948687027766806), ('Itpkb', 2.2747887966846383), ('Taok3', 3.1162103532375887), ('S100a4', 0.5960101438987004), ('Arpc1b', 3.619766869262152), ('Foxp2', 1.3502634759048024), ('Ankrd44', 1.503386046536645), ('Gba2', 3.730352066913349), ('Clec4b1', 5.167773066240461), ('Ifi209', 6.747448980589542), ('Nfatc2', 1.0), ('Clec4a2', 3.9559486454112567), ('Ctss', 5.550387741287812), ('Dgkz', 0.6852813900648915), ('Arhgap15', 13.486302735776864), ('Tlr1', 1.325256583739644), ('Gab3', 10.129685394556391), ('Aunip', 0.9506551325496212), ('Gpr174', 1.6936600892222553), ('Pf4', 9.935310629194037), ('Znfx1', 0.8858722182615637), ('Alox5ap', 15.18527914079858), ('Ly9', 2.3599693262821875), ('Dennd1b', 1.4686216619395391), ('Ptprj', 11.990542066924704), ('Kcnab2', 20.29973033244977), ('Icos', 0.5740834203109759), ('Sp100', 4.196633531263317), ('Pik3cd', 11.180935130969658), ('Snx30', 7.359396664479306), ('Abi1', 0.7934312566523896), ('Vim', 1.256707539326237), ('BC028528', 3.452970902884194), ('Siglec1', 26.693000637119383), ('Gusb', 1.3668206940700742), ('Rap1gds1', 2.9316358586389946), ('Ptpn22', 1.5413330744443627), ('Ifi202b', 1.4878073738855295), ('Slc16a14', 14.64984160832812), ('Agfg1', 3.026477813211245), ('Nudt9', 1.5430176055602218), ('Vav3', 3.943267513546972), ('Soat1', 2.050336054311887), ('Ankrd13a', 0.8201333464428716), ('Rnpep', 7.555456622297185), ('Tlr13', 0.8644622772464828), ('5031425F14Rik', 1.0641709455144537), ('Vps18', 0.890223695312289), ('Galk2', 0.5080849003945858), ('Ralb', 4.256010530185585), ('Sestd1', 0.8981344937130861), ('Mmp9', 3.216435681661701), ('Dennd4b', 2.3171752020329164), ('Nceh1', 1.8706254777040112), ('Slc12a6', 0.7232767465910568), ('Lrrc34', 2.093218580004572), ('Tdrd7', 0.4204537411215829), ('L1cam', 0.5509184712133598), ('Cd5l', 0.6017021060675247), ('Commd9', 0.9644312743736796), ('Abcb4', 0.5211940092441546), ('Smox', 5.470193026195748), ('C1qa', 14.987661423058324), ('Lck', 0.7685824515618724), ('Dclk2', 1.1768550719198585), ('Mtus2', 2.782748796530772), ('Atp1a1', 0.865408275221483), ('Capzb', 1.4024524442926167), ('Mcub', 9.335767594496769), ('Smim20', 2.252374542974507), ('Fcna', 8.542761593159128), ('Slc31a2', 1.1165328151071054), ('Dennd4c', 0.9922263451812422), ('Agtrap', 3.5336324288299945), ('Adar', 0.5826141904842781), ('Clec4a3', 8.33542184845678)]",4983
Nfatc2,tfdimers__MD00015,0.051453934,3.127011301,6.30E-06,0.889251,motif similar to tfdimers__MD00036 ('M00926_forward_6_M01281_reverse dimer: AP-1 / NFAT1'; q-value = 6.3e-06) which is annotated for orthologous gene ENSG00000101096 in H. sapiens (identity = 88%),"frozenset({'activating', 'mm10_500bp_up_100bp_down_full_tx_v10_clust.genes_vs_motifs.rankings', 'weight>75.0%'})","[('Cd48', 14.234015591605814), ('Tlr4', 4.988373077760385), ('Gimap6', 0.6189486394344401), ('Was', 1.2697591030513669), ('Fcrls', 9.84276368255412), ('Fosl2', 0.5968360607550424), ('Clec4a3', 8.33542184845678), ('Clec4a2', 3.9559486454112567), ('Inpp5d', 16.728027778058713), ('2610203C22Rik', 7.718896534311345), ('Mrc1', 23.34775652497659), ('Rhoh', 2.7025371977968464), ('F630028O10Rik', 5.847990024303116), ('Slc2a9', 1.409984771471703), ('Ifi209', 6.747448980589542), ('Ctnnd1', 0.8240287517094828), ('Tmcc2', 2.311514934215806), ('Cst3', 4.375713046901195), ('Sh3bp2', 1.5867463677792275), ('Ly96', 4.861456619780407), ('Oas1g', 6.9354566911153865), ('Gpr174', 1.6936600892222553), ('Clec4a4', 0.6401629932156667), ('Arhgap30', 11.901448690137958), ('Il1rl1', 3.96348836202012), ('Lmo2', 7.376783449258811), ('Cnr2', 3.098084971685981), ('Fcgr1', 1.420146449791961), ('Tbc1d1', 0.5390871661323047), ('Traf3ip3', 0.4254205449384025), ('Slc12a6', 0.7232767465910568), ('Rassf5', 0.5855774595661766), ('BC028528', 3.452970902884194), ('Tfpi', 13.084508812133846), ('Kcnab2', 20.29973033244977), ('Casp8', 3.149559399955891), ('Mbnl1', 3.8948687027766806), ('Fam214b', 0.6429608018348953), ('Isg15', 0.9828646738245886), ('Rell1', 7.404645634004048), ('Nup210', 0.4851401114624619), ('Bcl10', 3.2110858414849703), ('Rab43', 0.7597464542948752), ('Nfatc2', 1.0), ('C1qc', 11.95410319501362), ('Pik3cd', 11.180935130969658), ('Ophn1', 1.7562636372962002), ('Cfp', 9.00593113152367), ('Gbgt1', 5.467413371959256), ('Dennd1b', 1.4686216619395391), ('Pilrb2', 7.152791281368589), ('C1qb', 8.570989885413427), ('Rnpep', 7.555456622297185), ('Taok3', 3.1162103532375887), ('Bst1', 4.4890148038292), ('Smox', 5.470193026195748)]",977
Nfatc2,tfdimers__MD00018,0.058082622,4.094636019,2.87E-06,0.889251,motif similar to tfdimers__MD00050 ('M01721_forward_6_M01281_forward dimer: PUR1 / NFAT1'; q-value = 2.87e-06) which is annotated for orthologous gene ENSG00000101096 in H. sapiens (identity = 88%),"frozenset({'activating', 'mm10_500bp_up_100bp_down_full_tx_v10_clust.genes_vs_motifs.rankings', 'weight>75.0%'})","[('Uap1l1', 0.6899205007613942), ('Osbpl2', 0.522336367003937), ('Nhlrc3', 1.4550909908173282), ('Commd9', 0.9644312743736796), ('Tnfrsf1b', 7.4588876125113), ('Fbxw7', 5.630222267246627), ('Clta', 0.6832305677714369), ('Itm2c', 0.6224136878498351), ('Selplg', 6.396725229681477), ('Cept1', 1.9811904825426647), ('Oasl2', 1.588911055885501), ('Pisd', 0.6809159251693392), ('Clca3a1', 0.6878737605074866), ('Tsc1', 1.4589606595684943), ('Nudt9', 1.5430176055602218), ('Mcoln2', 5.970953609775977), ('Rab7', 0.4811798318138255), ('Cd5l', 0.6017021060675247), ('Cd28', 1.5079080357623809)]",233
Nfatc2,tfdimers__MD00398,0.058965736,4.223548746,2.56E-06,0.889251,motif similar to tfdimers__MD00050 ('M01721_forward_6_M01281_forward dimer: PUR1 / NFAT1'; q-value = 2.56e-06) which is annotated for orthologous gene ENSG00000101096 in H. sapiens (identity = 88%),"frozenset({'activating', 'mm10_500bp_up_100bp_down_full_tx_v10_clust.genes_vs_motifs.rankings', 'weight>75.0%'})","[('Rasgef1b', 0.4294938394019384), ('Tmcc2', 2.311514934215806), ('Nsmaf', 1.077083541549431), ('Daglb', 7.231818892262804), ('Wwp1', 5.898628075956783), ('St3gal5', 5.094596543502402), ('Itga4', 8.664803432357257), ('Smox', 5.470193026195748), ('Rusc2', 0.5683277519631725), ('Selenbp1', 1.2027604611160114), ('Gltp', 9.051317386117928), ('Slc31a2', 1.1165328151071054), ('Abi2', 0.4535310369541174), ('Bcor', 1.5895869248026182), ('Nfatc2', 1.0), ('Lemd1', 1.1596072844274734), ('Itpripl1', 2.26929308698674), ('Csf3r', 0.7226020659601324), ('Fmn1', 0.4651038040382856), ('Snx8', 18.189072769961747), ('Stk17b', 16.822133566276722), ('Ralgps2', 0.5688033150120646), ('Cfhr2', 1.221446738696415), ('Sulf2', 0.4756365868939671), ('Pkig', 2.248111377979602), ('Gpr174', 1.6936600892222553), ('Eps15', 5.9657731728687295), ('Dapp1', 5.158675639046225), ('Slc10a6', 0.4394514987828946), ('Slc9a4', 1.3110169136283416), ('Dpp7', 1.5830395197627078), ('Agfg1', 3.026477813211245), ('E2f5', 3.013072789060709), ('Znfx1', 0.8858722182615637), ('Sema4a', 15.719081355225155), ('Frmd4b', 30.319991770757092), ('Espn', 2.6261100337259125), ('Ctss', 5.550387741287812), ('Zeb2', 1.513375390471158), ('Vps18', 0.890223695312289), ('Mbnl1', 3.8948687027766806), ('Ica1l', 1.326528264421662), ('Mfsd1', 3.6971708695365626), ('Abcg3', 4.669140143871557), ('Tlr2', 0.6869947890950643)]",901
Nfatc2,metacluster_167.5,0.073484485,6.342927415,1.01E-06,0.889251,motif similar to tfdimers__MD00050 ('M01721_forward_6_M01281_forward dimer: PUR1 / NFAT1'; q-value = 1.01e-06) which is annotated for orthologous gene ENSG00000101096 in H. sapiens (identity = 88%),"frozenset({'activating', 'mm10_500bp_up_100bp_down_full_tx_v10_clust.genes_vs_motifs.rankings', 'weight>75.0%'})","[('Dennd4c', 0.9922263451812422), ('Mafk', 1.548230432545773), ('Pxn', 1.256752322745596), ('Snx8', 18.189072769961747), ('Sh2b3', 7.7381312884514655), ('Skap2', 0.703234761775393), ('Mfsd14a', 7.41972629571304), ('Fam126a', 0.6470163867654966), ('Itga4', 8.664803432357257), ('Arrdc1', 0.7269762709812311), ('Inpp4a', 15.853319920390453), ('Degs1', 0.8933286602260632), ('Bcl10', 3.2110858414849703), ('Ralb', 4.256010530185585), ('Tpd52', 0.5697690129525694), ('Rell1', 7.404645634004048), ('Man1c1', 6.662646068837734), ('Smim20', 2.252374542974507), ('Slc6a6', 0.5244581834979815), ('Tbc1d1', 0.5390871661323047), ('Dnase1l1', 3.3367738743378976), ('Tdrd7', 0.4204537411215829), ('Stxbp3', 5.082655440192404), ('Tmem87b', 1.0641884366644407), ('Gpr160', 10.272466465487389), ('Arfgef2', 0.5032782005706121), ('Soat1', 2.050336054311887), ('Osbpl9', 12.600301952212202), ('Hlx', 1.12901065310227), ('Dck', 3.920146598000291), ('Coro1c', 1.1152357888042943), ('Ephx1', 1.1158801916642802), ('Fam214b', 0.6429608018348953), ('Tpcn1', 0.9383138719958882), ('Prex1', 1.5610937559008802), ('Adar', 0.5826141904842781), ('Psd4', 1.6718855156015249), ('Themis2', 5.0521306891089415), ('Abcd1', 2.281333885458313), ('Tnfrsf1b', 7.4588876125113)]",662
Pbx1,tfdimers__MD00254,0.051248351,3.146996772,6.57E-14,1,motif similar to tfdimers__MD00308 ('M01307_forward_5_M01017_forward dimer: POU5F1 / Pbx-1'; q-value = 6.57e-14) which is annotated for orthologous gene ENSG00000185630 in H. sapiens (identity = 100%),"frozenset({'activating', 'mm10_500bp_up_100bp_down_full_tx_v10_clust.genes_vs_motifs.rankings', 'weight>75.0%'})","[('Mme', 1.1679184068918302), ('Zfp746', 0.7604406892045773), ('Lpgat1', 16.52321843692696), ('Kdm3a', 6.51664452392438), ('Creb3l1', 0.4741886592810512), ('Raph1', 2.8436878944304933), ('Patj', 6.793415916706345), ('Tmcc2', 0.8221628573617157), ('Kctd18', 3.1390120545245783), ('Acsl3', 1.3499268618736118), ('Utp14b', 0.4814271479972766), ('Jade1', 0.431113561098362), ('Galnt11', 0.7057721703169577), ('Sbspon', 0.6830493844286524), ('Zfp292', 3.0573507423270447), ('Cacna2d1', 13.592361637585322), ('Cdkn2c', 0.6234042871516859), ('Thsd7a', 1.42198125201526), ('Hipk3', 2.993079166202312), ('Ccdc107', 1.4225940753641766), ('Xk', 0.6221718824946708), ('Fmnl2', 11.912488211719776), ('Fam126a', 0.4986921125369405), ('Map4k4', 46.07351625444269), ('Jag1', 2.5057384655001007), ('E130102H24Rik', 18.964797356471184), ('Dcun1d1', 3.7479352683192007), ('Rell1', 1.0488659391403674), ('Kiz', 0.6048379019614082), ('Atg4c', 1.8320634711181367), ('Mms22l', 0.5117352136306345), ('Sdcbp', 1.4043790268147085), ('Hnrnpd', 8.758987749354878), ('Dock7', 42.51669719681414), ('Igsf3', 3.0329961825696192), ('Slc30a4', 4.638304343380527), ('Pigv', 27.66252564400928), ('Wwp1', 0.4200869323237561), ('Rusc2', 1.5174574535678256), ('Upf2', 1.1209624414724917), ('S100a10', 0.912167018967452), ('Porcn', 0.7361996306833312), ('Ankef1', 0.4293980467793009), ('Rnf149', 1.6235518200760253), ('Sft2d2', 1.1703263975045022), ('Bend7', 1.5118763821865453), ('Prickle2', 29.07537860678725), ('Phlpp1', 33.3164979221154), ('Zyg11a', 0.6255631548762624), ('Arl5b', 11.209622149669936), ('Ago3', 0.5078075227496921), ('Slc39a13', 1.139238197600425), ('Rab23', 2.5631459953158537), ('Dnajc1', 26.17894165252603), ('Tnrc18', 8.218682838671615), ('Bivm', 4.001556855188034), ('Zzz3', 7.742139677063287), ('Fam102b', 7.777764901899824), ('Dennd4c', 0.9412933073891152), ('Gpm6b', 8.05339960378262), ('Pappa', 1.1580262869829894), ('Acvr2a', 21.30464363268821), ('Sp3', 0.6650273318149399), ('Asxl1', 15.470294811669286), ('Med14', 2.3714071733957995), ('Katnbl1', 5.684613195712978), ('Dync1i2', 27.8495702444391), ('Ak4', 0.7063481202146935), ('Abl2', 2.1023772814792827), ('Mllt3', 35.6376769196765), ('Stx2', 3.933754358737887), ('Lmo4', 17.262588573336032), ('Gpbp1l1', 0.5285923520301616), ('Eda', 8.846869313618086), ('Capza2', 0.9843607343279688), ('Fam114a1', 13.4122174593214), ('Ube2j1', 7.634381780228675), ('Ift81', 8.353936603444975), ('Rab33b', 1.8242485931249268), ('Macrod2', 3.5464084650133807), ('Rest', 0.954004999059174), ('Wipi2', 0.5179342506525885), ('Dhtkd1', 2.678485933155981), ('Rexo4', 6.947480852106037), ('Rere', 2.6039303772664346), ('Agfg1', 24.31519440969729), ('Acvr1c', 1.767003995056326), ('Cdc73', 1.6116020902378307), ('Rfc1', 2.077922600051077), ('Chic2', 15.537885342949416), ('Prr14l', 1.8529530357163295), ('Col5a1', 4.409801805264697), ('Gatad1', 0.4412880841692361), ('Eif5b', 1.3050120149016653), ('Ppp1cb', 4.18806514413559), ('Usf1', 0.5916801702120018), ('Stk39', 17.625857927400048), ('Bcl2', 23.51241088809165), ('Mepce', 0.5790434571329021), ('Cbfa2t2', 4.341773279888819), ('Rbm17', 2.476786319230393), ('Vangl1', 22.402684630238483), ('Slc27a4', 0.4647654226395853), ('Ppfibp1', 3.2785580484438706), ('Fip1l1', 9.327798278042955), ('Mpzl1', 2.903832472265442), ('Ints3', 1.4662885810745108), ('Klf15', 0.4417182128650489), ('Dmd', 5.060408481619596), ('Nfkb1', 38.09647494956256), ('Ttc21b', 5.897456218484157), ('Map2', 15.187161502515949), ('Hp1bp3', 0.8247543175263854), ('Cdc42bpa', 31.09986519244349), ('Rab2a', 20.38743195116708), ('Tgfbr3', 3.918341228773477), ('Rnf2', 1.5222624643705978), ('Eogt', 2.7504651020726083), ('Gorasp2', 5.676896542125569), ('Txlna', 0.5353060496635793), ('Wipf1', 0.9021882524145114), ('Pola1', 3.777365013072811), ('Phc1', 1.960526947867936), ('Tubb4b', 0.6521845126842284), ('2500004C02Rik', 1.3682648255563143), ('Ephb2', 0.5310521107859213), ('Ssx2ip', 0.72779547444238), ('Msto1', 1.4318182529891268), ('Tanc1', 22.33331456672744), ('Inpp1', 8.320105852725296), ('Yes1', 28.066274157523637), ('Suds3', 0.4823062651647629), ('Kdm1a', 11.67724548524233), ('Mcts1', 2.090595990370658), ('Wdr12', 4.381146179725593), ('Hdac4', 8.952130064400478), ('Ythdf2', 0.5374656272289348), ('Rbms1', 43.180470806676645), ('Fmr1', 4.406922056503082), ('Nup35', 4.096698089969423), ('Pxn', 3.486719441409021), ('Usp13', 4.436580329231388), ('Hibadh', 0.5646673865009572), ('Clip1', 19.292403590181134), ('Mark1', 3.758793447018279), ('Fam102a', 3.0397486258648323), ('Mpdz', 4.909262870405157), ('Lgr6', 1.672559518620592), ('Plaa', 0.4298427747201013), ('Bcl7a', 4.0389895610342), ('Secisbp2l', 1.2206414269751786), ('Fhl3', 0.4525188439380885), ('Frmd4a', 4.520367498847475), ('Szrd1', 0.5171806610574746), ('Psen2', 0.9566586387999426), ('Ccdc149', 6.866022858407464), ('Ovol2', 2.397713403261943), ('Igf2bp3', 0.8950749411575833), ('Tmem201', 0.7745059341536912), ('Taf3', 5.18298039614132), ('Fam210b', 0.5336409737423202), ('Vav3', 3.240006229151733), ('Gata3', 0.6252842668800992), ('Taf1a', 5.848086085474412), ('Phactr4', 19.41528955132455), ('Proser2', 0.8690492214516414), ('A430005L14Rik', 1.1051214219247645), ('Nbeal1', 2.880383857455417), ('Rgs7', 1.0845655816578177), ('Rai2', 6.638260742259046), ('Lrrc7', 0.5057998387318922), ('Dclk1', 9.223355188471707), ('Nck2', 2.197899658287295), ('Lpar1', 0.8902393302009486), ('Denr', 1.699061011619595), ('Cpne3', 1.3757076816838814), ('Ciz1', 1.7663316762834564), ('Pan3', 14.63253587597039), ('Hat1', 2.290274158168241), ('Shox2', 0.9642907786446164), ('Chic1', 5.780045233257042), ('Uba6', 14.108652868175476), ('Eps15', 0.7830974581355787), ('Dhx35', 0.8779719620536655), ('Metap1d', 1.3400028628172984), ('Spg20', 15.593745333720976), ('AI506816', 3.867551323272591), ('Nlgn1', 0.5264820103555123), ('Guf1', 4.196873664953631), ('Csf1', 9.306386104180248), ('Ddi2', 0.5133004606259732), ('Actl6a', 0.7383817627037355), ('Gnb4', 0.5329742170754261), ('Prrg4', 0.5781667273444153), ('Cttnbp2nl', 3.800108529180576), ('Tinagl1', 0.5158111577357717), ('Otud7b', 17.057015356977537), ('Disp1', 1.4529096544262543), ('Idh1', 1.0782703246051557), ('Dstn', 1.5023448469170873), ('Cdk6', 5.643890262227608), ('Atg13', 1.500378461197636), ('Mier1', 10.976847221547658), ('Atp7a', 1.4116766094193225), ('Ptbp2', 29.93570858407896), ('Rufy3', 1.814443377553798), ('Pnkd', 0.6666586574104534), ('Adam23', 0.9127084879186134), ('Ncs1', 0.9347689687163416), ('Tmem9', 0.857454104115107), ('Meis2', 2.206183423491017), ('Src', 12.588357562490245), ('Tsn', 1.1977357739275611), ('Papss1', 9.65390159259492), ('Tmem214', 0.7962161015766488), ('Txnrd3', 0.7520600868365445), ('Zfp385b', 2.5849173629680497), ('Clk2', 6.213384072197854), ('Caprin2', 1.9047536405652448), ('Rpn2', 0.6252808362006943), ('Ube2e3', 13.972482815468338), ('Cmas', 5.815386952960625), ('Rcc2', 3.8535965193700426), ('Myl9', 1.3681115839332227), ('Ptger3', 5.67124449050265), ('Zfp398', 2.848447201018588), ('Slc44a1', 31.57931684722989), ('Tec', 1.6784208161847969), ('Shroom2', 0.5779522492864225), ('Svbp', 0.7199120952072765), ('Scmh1', 20.447898998819053), ('Lamtor2', 0.8917545674355931), ('Elf2', 0.4840903197844386), ('Sec31a', 16.780723601337456), ('Firre', 6.158383678453682), ('Ssh1', 1.9549381190462272), ('Wasf2', 5.062237043699512), ('Pkia', 30.842905383836687), ('E2f5', 6.924866846080035), ('Nsmaf', 11.45478438319807), ('Actr1b', 0.8452125641920762), ('Ncoa2', 2.148001640048191), ('Adgra3', 5.520964511396479), ('Abl1', 8.534280590236882), ('Fkbp7', 0.8989157353757677), ('Slc25a13', 4.548169357829871), ('Evc', 1.6883890876409249), ('Cnnm4', 0.6385042656043414), ('Dst', 5.368333613001486), ('Usp12', 0.7390126817606608), ('Usp8', 0.4457218378241944), ('Ttc39a', 0.5216824456456995), ('Metap1', 0.4198240865966544), ('Ube4b', 2.576003597998357), ('Tmem165', 6.241475515282742), ('Rnf19b', 0.8432416301114595), ('Mrpl1', 0.5415838255890429), ('Plcb1', 2.367605349014452), ('Ptpn3', 19.432978278960174), ('Phtf2', 6.032340937821651), ('Zmym4', 1.96429602079265), ('Cdkn2b', 0.4537779122114873), ('Tdrd7', 3.0415926079044184), ('Raver2', 1.426038587069456), ('Qsox1', 1.1855194334701438), ('Tiprl', 8.91833266398662), ('Tnik', 5.290968597195964), ('Tesk2', 0.5543471139776575), ('Adipor1', 0.732019578414869), ('Pebp1', 0.5391823720348834), ('Set', 0.6384206835007367), ('Chchd7', 0.9839990310018292), ('2610301B20Rik', 2.194823251253502), ('Sema6c', 0.4433579238761875), ('Pdk3', 5.280302309490507), ('Agrn', 3.362594031059712), ('Nipsnap3b', 5.636975465408337), ('Kit', 3.2614564153836083), ('Bri3', 9.441474338859296), ('Stk40', 1.0852712230469488), ('C2cd5', 3.619143485105897), ('Rtca', 0.7872178247387233), ('Pop5', 0.9496439250317988), ('Snapc4', 3.163975891716055), ('Tsen15', 4.567394379938804), ('Mybl2', 0.5972281672897675), ('Dab2ip', 1.1909086671672455), ('Snx7', 2.046555313825464), ('Gapdh', 1.06159656483553), ('Rasal1', 1.5205942734888451), ('Kdelr2', 7.662872686211061), ('Rc3h2', 2.227766267653169), ('Smurf1', 1.077539342876655), ('Nos1ap', 8.202072842675838), ('Gm16070', 0.8866678188901748), ('Col1a2', 1.9878659517851205), ('Rlim', 1.605871875015986), ('Mff', 0.4547956549955879), ('Vkorc1l1', 0.5514878724372974), ('Lmbrd1', 1.202019396083225), ('Srsf6', 31.531106952758595), ('Shroom3', 6.838064198644011), ('Apool', 3.306072432475444), ('Setd1b', 0.9170750831485596), ('Bdnf', 3.489256005960629), ('Als2', 0.8165618864633687), ('Foxo1', 3.073582939670912), ('Auts2', 103.14138369859324), ('Trmt2b', 1.1201026633475275), ('Ankrd44', 1.0653515836701684), ('Gnas', 3.5291954028853363), ('Cdkl2', 1.5696490801453082), ('Abtb2', 3.193125167776834), ('Slc30a9', 0.6286008264317924), ('Maml3', 5.605047653617629), ('Ephb6', 2.784269190246447), ('Ctnnal1', 3.862527905185503), ('Ap1ar', 3.981704148086551), ('Serpinb5', 1.1301944385039502), ('Khdrbs1', 16.43104452820272), ('Ubxn2b', 9.641927680139174), ('Ift52', 1.1723333097871511), ('Nono', 2.224220353388525), ('Harbi1', 1.94832803940068), ('Golga1', 1.5336848641154597), ('Aifm1', 2.053860451833545), ('Gtpbp6', 2.8344207553310863), ('Cachd1', 4.6215348695654175), ('Parm1', 0.4502524141692282), ('Gm11240', 0.5010280446323457), ('Sema3e', 0.8626969704837807), ('Cenpc1', 1.207299273656385), ('Tcaf1', 8.270904902571292), ('Zscan20', 0.4783310981839708), ('Tbc1d19', 14.548900928343835), ('S100pbp', 9.069136233830612), ('Trp53inp1', 1.4875604868812968), ('Ccna2', 0.6627351875785513), ('Pigm', 0.5096778358028119), ('Orc5', 2.631132613568798), ('Gpr146', 0.5146427378049793), ('Rps21', 1.257755909660435), ('Lmod1', 3.631466964287607), ('Coro2a', 1.297341564823195), ('Cds1', 0.9988692809788036), ('Tmem64', 0.4174691725561754), ('Pogz', 3.819309693076722), ('Kifap3', 24.2681580077237), ('Smap2', 2.0110873602736103), ('Tnfrsf11a', 0.5994459798097017), ('Hecw2', 1.0573055206608193), ('Dpp6', 1.693315178424875), ('Rragc', 0.7357016107614823), ('N4bp2l1', 0.8038647870565678), ('Ctnnbip1', 4.312955537185503), ('Gm13648', 2.830575957805836), ('Prkci', 3.642958951615901), ('Zc3h15', 2.7488819554336565), ('Stx12', 2.282981965006947), ('Psip1', 6.089739988079252), ('Acot7', 7.075681051563127), ('Cdc14a', 1.4572393319234092), ('Zbtb37', 1.733351165291256), ('Jazf1', 0.659013282417207), ('Ctso', 3.09501845928717), ('Ank2', 6.290369578337565), ('Snx12', 3.45862820583367), ('Arfgap1', 4.515424685980827), ('Ost4', 1.1611196598676183), ('Gemin8', 8.284302259287639), ('Zmym1', 1.2394223440911445), ('Tapt1', 0.4701535298487967), ('Zfp326', 1.6296526191180094), ('Pck1', 1.1040867734713142), ('Dock10', 5.7102958413012805), ('Ptpn1', 1.0915684386369828), ('Fosl2', 9.006850741191858), ('Madd', 0.7918490571453551), ('Trip12', 1.6765474697168763), ('Susd4', 0.5597783117893809), ('Dhx15', 6.423577108866244), ('Nek6', 3.679710752515785), ('Lrrc8d', 0.7594585093985933), ('Pkp4', 4.351243631025142), ('Vps45', 0.5575101721761284), ('Slc25a12', 0.64305992365251), ('Kcnip3', 2.0496349476062097), ('Abcd3', 0.683151486947437), ('Runx1t1', 4.28226968603074), ('Tceal9', 1.9913137971828447), ('Hmcn1', 2.2273976859736475), ('Eya2', 1.6639271284484705), ('Papolb', 0.6235921206328762), ('Arpc1b', 1.1301702586625038), ('Col27a1', 1.0807331259257544), ('Slc4a4', 3.132392368111725), ('Cdc42', 2.1018918506743502), ('Esrrg', 1.5864778957382517), ('Sri', 1.3652794405811035), ('Kirrel', 42.93449186524572), ('Dennd1a', 2.679194231148371), ('Wwtr1', 11.386026775832564), ('Zcchc4', 0.8697852650995544), ('Nhsl2', 0.9168577791517962), ('Mdn1', 1.972353615457077), ('Pdlim5', 13.907420431438467), ('Foxk1', 7.948845033247347), ('Zfp316', 0.978235648472668), ('Slc39a10', 3.634634427030666), ('Kcnb1', 0.4910817988684707), ('E130309D02Rik', 1.3156105677008267), ('Kdsr', 1.165913463396732), ('Ypel4', 0.5677887383762562), ('Agap1', 28.40383310716679), ('Tpm2', 1.4209782019282178), ('Apbb2', 27.61338104498992), ('Rbm39', 0.432570547095575), ('Slc16a2', 4.143191682902854), ('Plag1', 4.153429784830079), ('Rabgap1', 8.031991526915686), ('Bmpr2', 35.06296339843869), ('Mmp23', 0.5420712812136901), ('Ppp1cc', 2.63674330841983), ('Rcan3', 0.4212651893338334), ('Fbxl5', 10.634957368211571), ('Usp6nl', 1.6283442801002164), ('Nkap', 2.775605786843492), ('Rabgap1l', 29.347804828872142), ('Gle1', 0.4349529260741269), ('Atp11b', 2.907887263626556), ('Stxbp3', 4.889980272844966), ('Sptan1', 2.050397930698787), ('Ino80d', 3.8201203775395034), ('Mast2', 5.609759587180148), ('Eri3', 13.348320721625573), ('Rims4', 0.6172687376087705), ('Dennd5b', 0.9338537890601932), ('Pdgfc', 27.98139015272775), ('Tiparp', 1.2851202664918089), ('Sumo1', 0.8235886790463476), ('Sdad1', 5.375734521528228), ('Nr2c2', 2.351197316824695), ('Zfp46', 3.0613926108481846), ('Trpc4ap', 5.514625662319484), ('Iffo2', 2.461416969263423), ('Hip1r', 0.7713347945400186), ('Noa1', 6.703260580829177), ('Dedd', 1.973088698800585), ('Rpl31', 1.0310248087954137), ('Nckap5', 0.7790474943901087), ('Gnb2', 0.425056852908666), ('Sema6d', 1.4150026677500604), ('Fam117b', 1.83906739546776), ('Fbxo3', 0.5308884870224209), ('E130308A19Rik', 1.5044153924036403), ('Map7d1', 0.8314417791521201), ('Phf21a', 19.204050168758844), ('Dis3l2', 12.073440644097508), ('Dynll1', 1.8710334073718764), ('Med13l', 34.37920360804586), ('Ndufa4', 0.7361958353807004), ('Usp46', 8.893479783579206), ('Fubp3', 7.035283562951115), ('Acbd5', 0.8750390544026655), ('Mga', 9.888913219963433), ('Atf3', 1.7434498140745611), ('Dgkz', 2.772480948446438), ('Mid1ip1', 0.4969992996100858), ('Nfib', 51.6086877528136), ('Ttll4', 12.082752998815216), ('Snapc3', 3.939869544478805), ('Fbxo36', 1.09451652867606), ('Glmn', 12.658307773982411), ('Tmf1', 4.114005526803747), ('Dnttip2', 0.5567230435005072), ('Pex11b', 0.5256397277769074), ('Ddb2', 1.6284626576994163), ('Ube3c', 1.807489891575222), ('Gsn', 6.200506185077728), ('Zfp280c', 0.4351058390771629), ('Trim2', 7.123507797754042), ('Car8', 3.505438092043707), ('Fam135a', 5.579728406594664), ('Ccnd2', 0.5215556685577233), ('Ccnyl1', 1.799361654507967), ('Npdc1', 5.480741921186209), ('Tmem168', 0.4958107083772914), ('Slc25a53', 1.0079268193992377), ('Tardbp', 1.2239993976412262), ('Fbxl4', 0.7135562834424304), ('Slc9a7', 1.5733968911309428), ('Zfp157', 9.806581403032547), ('Unc119b', 2.1747557115052336), ('Rab14', 1.1227849678044897), ('Sgms2', 0.6345564280557214), ('Apoo', 1.6494209135576472), ('Ctdspl2', 1.0951788363116344), ('Rlf', 1.2591733681548758), ('Adgrl2', 17.073966235798018), ('Itgav', 10.267513709556365), ('Bcl2l1', 6.234978784115098), ('Ralgds', 1.0660119196068856), ('Tnks1bp1', 1.3924551390123725), ('Hyi', 13.508248464474947), ('Syt2', 0.6135775078936718), ('Maea', 7.714149694821457), ('Atic', 5.867309434259061), ('Fam199x', 0.8290803219485741), ('Synpo2', 14.88568135534328), ('Ocrl', 13.2750426594792), ('Hdac1', 0.6793001169611541), ('Zfp982', 5.130662068300063), ('Wdr31', 1.5248285352729103), ('Strip1', 0.6145109442452984), ('Ctps2', 0.9364361312078214), ('Spata6', 9.266116914809984), ('Fam219a', 0.539627442620045), ('Pcif1', 0.6832624764293467), ('Trim33', 4.881076401222405), ('Znhit6', 3.8557851137092234), ('Tshz2', 34.822102577701074), ('Myef2', 11.56058281395503), ('Urm1', 0.8033383892652642), ('Stx6', 4.005142741837201), ('Cflar', 0.4329132524809472), ('Rps6ka3', 4.512938076646174), ('Ctnnbl1', 0.5659110334296408), ('Nras', 9.08654841438892), ('Syt14', 0.4420447059582437), ('Mpped2', 0.9213143314043198), ('Eif2ak4', 0.4259062422255203), ('Lrp4', 1.7770273444467457), ('Rbsn', 1.3889185899024163), ('Acbd3', 5.021344957951791), ('Agbl5', 2.651198576927646), ('Rab22a', 0.9312616610913113), ('Dnajc10', 13.515554495098357), ('Casp2', 5.503150381600402), ('Ube2w', 5.4612351133235535), ('B230216N24Rik', 22.25795801951718), ('Ccdc34', 8.805941481665823), ('Fnbp1l', 10.942607791196789), ('Inhbb', 0.4973642868197644), ('Mlxip', 3.623929699566506), ('Sike1', 3.2316956832280503), ('Snap23', 0.5775840940605501), ('Map3k20', 13.68072777504384), ('Bod1l', 0.4599038304135909), ('Fam171a1', 3.079819138768602), ('Kdm2b', 10.054624686533534), ('Tmem164', 3.264977419471569), ('Gmps', 0.8591693309606002), ('Atp9a', 2.517988954866897), ('Hltf', 14.760893313678611), ('Msantd3', 0.5064903152670583), ('Ralgapa2', 0.6440323220796351), ('Arl4c', 1.7588387777327184), ('Mars2', 1.0853838193158876), ('Dvl1', 1.1935489309963987), ('Rita1', 0.9408013735127616), ('Smim12', 0.4415460316286368), ('Tle1', 1.9026738350797123), ('Cdk14', 20.477181902905063), ('Adamts3', 5.122485027799131), ('Flna', 5.95368703186506), ('Arhgap29', 3.718661959624708), ('Glrb', 0.5959672972782235), ('Manea', 2.554628780253605), ('Snx21', 1.7899442061382984), ('Snrpb2', 0.4297500375716018), ('Bbs7', 0.6042070073986154), ('Suco', 15.613103986578633), ('Mex3a', 0.5096507961512335), ('Cct3', 1.5166529967594355), ('Mnd1', 7.994377469254178), ('Colgalt2', 2.9303268730421914), ('Mcl1', 0.7684687649902318), ('Mettl5', 1.7414500432014737), ('Dlg3', 4.960308728077435), ('Thnsl1', 1.6572929951022253), ('Ncoa5', 7.13554807387667), ('Sp140', 4.513286801418925), ('Ntmt1', 7.041049191792756), ('Lrig1', 1.1917852343700823), ('Dtd1', 9.362269314061544), ('Pak3', 8.239876664495508), ('Wdr19', 1.0207471305118672), ('Rrbp1', 5.93754941404264), ('Eif2b3', 0.5034447681093936), ('Prex2', 1.0975351222476677), ('Unc13b', 7.046640679464904), ('Reck', 4.638296501281451), ('Fam20b', 1.4752581525041837), ('Polr2b', 0.8810561131604769), ('Pkd2', 29.16626293863717), ('Sh3d21', 1.2122227001139647), ('Mcm7', 0.9684296730328246), ('Pbdc1', 0.5881040605343465), ('Zfp462', 29.782945493804483), ('Rfc2', 0.975576639453952), ('Mtx2', 0.4742836401918865), ('Stxbp1', 5.062153680669208), ('Uap1', 0.5844491316890453), ('Hsd17b12', 3.274065997470578), ('Setdb1', 2.961402664997952), ('Cnih3', 3.682924142861709), ('Eif2d', 2.7140067632166005), ('Nudc', 0.9164472901167036), ('Speg', 0.7105548833332591), ('Itga8', 1.3270689089527352), ('Gar1', 0.9039817730581812), ('Trnau1ap', 3.131376075510321), ('Mapkbp1', 7.472108900712906), ('Fbxo10', 4.897860875789063), ('Dpm3', 0.8696467078132691), ('Pgap1', 2.661321314591824), ('Fis1', 5.490444916748369), ('Lamp5', 0.8543555061000667), ('Smyd2', 16.43148382301283), ('N4bp2', 9.136851574665728), ('Klhl21', 0.4806598156080042), ('Glis1', 2.8784314637637265), ('Negr1', 1.031857913025367), ('Ica1l', 3.4682543903124747), ('Nbea', 27.904233777659147), ('Hdx', 0.8535712625788486), ('Zfp618', 5.963377603705782), ('Arl8a', 1.3385943146720265), ('Fgd1', 5.695345318235935), ('Hnrnpr', 10.061130712891242), ('Slc35a3', 3.2563464221455507), ('Lrsam1', 0.6932015307053487), ('Rchy1', 5.317349133595243), ('Cks1b', 1.198182958595611), ('Zbed6', 3.002594594262867), ('Ctsk', 0.801371367393856)]",4206
Rbpj,flyfactorsurvey__SuH_FlyReg_FBgn0004837,0.053435655,3.406636211,0,0.69962,gene is orthologous to FBgn0004837 in D. melanogaster (identity = 69%) which is directly annotated for motif,"frozenset({'activating', 'mm10_500bp_up_100bp_down_full_tx_v10_clust.genes_vs_motifs.rankings', 'weight>75.0%'})","[('Ago3', 3.6047165397575065), ('Tmcc2', 8.401718587007041), ('Rufy3', 3.028912053932745), ('Sema4a', 60.08423223892487), ('Cttnbp2nl', 4.28581959172443), ('Wasf2', 15.047879526860214), ('Pan3', 1.713138046166001), ('Ankrd44', 1.5253222181649069), ('Dnajb14', 4.2914792567805415), ('Tet2', 0.4292815834677786), ('Dgkz', 1.5807189055105972), ('Gltp', 19.290685717743937), ('Slc39a10', 0.4951122927233254), ('Tpd52', 11.504722008530422), ('Selenbp1', 4.978120807748205), ('Tnrc18', 0.6572221124649068), ('Rasgef1b', 6.522403203483968), ('Zfx', 0.5996539490448953), ('Dclk2', 2.8183250842925296), ('Ica1l', 1.0391822116683709), ('Mcl1', 4.721040272678965), ('Tbc1d8', 0.9332873328425778), ('Rell1', 49.412169584393496), ('Rab14', 0.7906309332264613), ('Sft2d2', 4.630587531385989), ('Sgk3', 12.531897052658511), ('Bmp2', 11.389812396509663), ('Inip', 0.5098705555995039), ('Asxl1', 0.5421844486082747), ('Adipor1', 0.4490884098806635), ('Eif5b', 0.8625159553920629), ('Wdfy3', 31.380710071203264), ('Sh3tc1', 1.641622654060804), ('Syn1', 4.180916683575582), ('Ube2e3', 1.2040859208757355), ('E130102H24Rik', 1.7735150719701351), ('Slc30a1', 2.930504881192079), ('Sdcbp', 7.736518856121359), ('Mbnl1', 5.112449242501693), ('Tbc1d1', 1.4163803462641995), ('Rnf149', 4.555851319866191), ('Wipf1', 6.6545291723516735)]",535
Runx3,tfdimers__MD00382,0.051882625,3.185065747,7.45E-06,1,gene is annotated for similar motif transfac_pro__M00769 ('V$AML_Q6: AML'; q-value = 7.45e-06),"frozenset({'activating', 'mm10_500bp_up_100bp_down_full_tx_v10_clust.genes_vs_motifs.rankings', 'weight>75.0%'})","[('Fcrls', 0.6949347834787993), ('Wipf1', 2.855561441998698), ('Plcb2', 24.25814662842149), ('Tfec', 2.764867133211797), ('Sh3bp2', 11.25287631255875), ('Was', 0.9318850740877987), ('Tnfsf15', 1.2031424591658095), ('Frmd4a', 1.5213572284927364), ('Slamf9', 2.721712597862046), ('Cers6', 2.3842191808544646), ('Tank', 0.7686155537147756), ('Stk17b', 1.8680483789642723), ('Bcl2', 3.623231574693929), ('Dock10', 21.357220555990413), ('P2ry12', 3.623455507333536), ('Cd38', 1.3904328598987612), ('Ppp1r16b', 6.346493091381593), ('Lcorl', 0.9901784327730244), ('Rps6ka1', 4.517586665517896), ('Il12rb2', 19.139516540474084), ('Gpr35', 1.4479983957609273), ('Khdrbs1', 0.7725747018728719), ('Inpp5d', 26.13710922330289), ('Pilrb2', 2.307149644525265), ('Ptprc', 37.1609354030036), ('Bub1b', 8.225730115583568), ('Cd247', 0.6603425235459517), ('Zap70', 8.529349333007442), ('Zfp984', 1.4443294726089353), ('Il1a', 3.433679633841177), ('Fcgr1', 1.9177720480646765), ('Akna', 13.672595470803524), ('P2ry10', 13.008906662166543), ('Ptpn6', 15.452103531530748), ('Rnf149', 19.79330308692236), ('Pilra', 9.229000731893755), ('Lef1', 1.4778087429065805), ('Madd', 0.7305238643523994), ('Sash3', 9.310673994568036), ('Elf4', 13.920086995784786), ('Gm5150', 2.9146797524981967), ('Skap2', 8.670330610440237), ('Elovl1', 3.8386456116975674), ('Cd72', 24.89661220312604), ('Mcm3', 0.4417586321009765), ('Hvcn1', 28.886807215638097), ('Ptgs1', 2.877830179245224), ('Cd82', 0.8635098775217648), ('Xlr4b', 7.730844130661934), ('Skil', 7.430163815983883), ('Fcer1g', 1.1680102199670548), ('Vav2', 3.331945496043882), ('Sirpa', 8.133572331638005), ('Cd52', 16.99099724586764), ('Nup210', 4.354880006619138), ('Fcrl1', 1.6253170952971965), ('Tec', 0.5202481551880425), ('Gm5547', 0.4685962174989728), ('Tgs1', 0.4413568865493681), ('Gbp8', 40.00789373822531), ('Txk', 10.48791133104715), ('Myo3b', 4.736504857360638), ('Arhgap30', 2.63313433406996), ('Vcam1', 0.8639788728112557), ('Cap1', 3.143864041209484), ('Tbc1d1', 1.7873468187733936), ('Tmem119', 9.420888043809729), ('Lrmp', 3.70901349320944), ('Cttnbp2nl', 19.25979982891117), ('Lyn', 20.32414483462063), ('Ivns1abp', 1.6576771535674786), ('Clspn', 0.5986384046095372), ('Sh3bgrl3', 2.580486700274609), ('Csf3r', 12.394372804180607), ('Ssu72', 0.467985298869237), ('Mbnl1', 8.64396117762666), ('Tlr12', 50.82243624323005), ('Tle1', 3.671426999541015), ('Taok3', 0.8205022350706753), ('Itgav', 35.21519539621636), ('Ankrd44', 7.667987310672677), ('Sirpb1b', 0.6134727119799008), ('Pla2g4a', 6.2640365893285175), ('Tbc1d8', 20.155664478064807), ('Arl4c', 1.9606622030446172), ('Clec4a2', 2.156894250916023), ('Ctss', 23.889108450919384), ('Rgs1', 2.7316375139363784), ('Arhgap15', 3.411394908251157), ('Knl1', 0.5178406254805266), ('Tlr1', 23.210217318585705), ('Gm1720', 22.125542099540024), ('Cdk6', 19.174785993124868), ('Apbb1ip', 12.189575401526485), ('Bach2os', 15.01398775487675), ('Mgat4a', 51.21910452195349), ('Gab3', 3.0796962221090665), ('Gpr174', 0.5835224015996648), ('Prpf40a', 0.8211592388101399), ('Alox5ap', 1.2618437423981994), ('Eif2ak3', 0.5987884644658276), ('Cd101', 12.567036167362351), ('Ocstamp', 9.317587444403262), ('Dennd1b', 2.0418166262413058), ('Ptprj', 0.9252836641378606), ('Kcnab2', 1.6031355554970708), ('Icos', 0.6506935948493497), ('Hltf', 5.696397818022644), ('Il18rap', 0.4811401266049893), ('Pik3cd', 15.84943009665504), ('Rnf19b', 0.5028784626620656), ('Abi1', 1.8095774108549316), ('Tpp2', 2.7152401259055967), ('BC028528', 0.9690393310887228), ('Gimap4', 6.082284279265483), ('Gusb', 3.80887232832996), ('Rap1gds1', 5.80280440337), ('Ptpn22', 30.81635755177506), ('Itch', 0.9226476182419168), ('Soat1', 34.23747297737991), ('Cnnm4', 2.757317657909702), ('Rnpep', 0.533160448808519), ('Tlr13', 1.1488413198945724), ('Slc2a3', 0.557014570191125), ('Fam107b', 0.934811514924868), ('5031425F14Rik', 3.385460493632802), ('Galk2', 1.6470488140097963), ('Nceh1', 39.84955509802402), ('AI847159', 0.6420020244715082), ('Pnpla7', 12.360964210025434), ('Arhgef2', 11.366535005840731), ('Sh2d1b1', 9.061898317993515), ('Nfkb1', 1.0263692456918527), ('Mrps35', 1.144031292399882), ('Abcb4', 1.356359700871397), ('Smox', 1.593088623684051), ('Cxcr3', 2.861619383881568), ('Gpr162', 0.5880267786607056), ('Lck', 10.289365422432375), ('Stap1', 2.1650455961139867)]",4657
Runx3,tfdimers__MD00459,0.051944131,3.193631633,1.02E-08,0.891253,gene is orthologous to ENSG00000020633 in H. sapiens (identity = 89%) which is annotated for similar motif tfdimers__MD00509 ('M01814_forward_6_M01876_reverse dimer: AML2 / GABP-beta'; q-value = 1.02e-08),"frozenset({'activating', 'mm10_500bp_up_100bp_down_full_tx_v10_clust.genes_vs_motifs.rankings', 'weight>75.0%'})","[('Lax1', 6.984251296039423), ('Cd48', 1.1111896233886107), ('Gimap6', 6.338924902696389), ('Was', 0.9318850740877987), ('Fcrls', 0.6949347834787993), ('Clec4a2', 2.156894250916023), ('Inpp5d', 26.13710922330289), ('Rhoh', 5.832074672432263), ('Cers6', 2.3842191808544646), ('Il1a', 3.433679633841177), ('Gm5150', 2.9146797524981967), ('Sh3bp2', 11.25287631255875), ('Gpr174', 0.5835224015996648), ('Cnnm4', 2.757317657909702), ('Arhgap30', 2.63313433406996), ('Fcgr1', 1.9177720480646765), ('Tbc1d1', 1.7873468187733936), ('Plcb2', 24.25814662842149), ('Traf3ip3', 19.17966948162609), ('BC028528', 0.9690393310887228), ('Padi2', 6.769692917430594), ('Sla2', 3.2456692043119664), ('Kcnab2', 1.6031355554970708), ('Acbd5', 0.4669588577267015), ('Mbnl1', 8.64396117762666), ('Slamf7', 27.00946680025412), ('Zrsr2', 0.9234239388797318), ('Sirpb1b', 0.6134727119799008), ('Rnpepl1', 0.888350936213698), ('Tpp2', 2.7152401259055967), ('Bcl2', 3.623231574693929), ('Nup210', 4.354880006619138), ('Pik3cd', 15.84943009665504), ('Il12rb2', 19.139516540474084), ('Gbgt1', 0.457728088422716), ('Dennd1b', 2.0418166262413058), ('Mcm3', 0.4417586321009765), ('Cap1', 3.143864041209484), ('Pilrb2', 2.307149644525265), ('Rnpep', 0.533160448808519), ('Cd72', 24.89661220312604), ('Taok3', 0.8205022350706753), ('Bst1', 0.501370785408414), ('Smox', 1.593088623684051), ('Khdrbs1', 0.7725747018728719), ('Rps6ka1', 4.517586665517896), ('Atp8a1', 32.99513326699523), ('Tlr12', 50.82243624323005), ('Ankrd44', 7.667987310672677), ('Runx3', 1.0), ('Zap70', 8.529349333007442), ('Sh2d2a', 2.1381552369643293), ('Tnfsf15', 1.2031424591658095), ('Sash3', 9.310673994568036), ('Dock10', 21.357220555990413), ('Lck', 10.289365422432375), ('Pilra', 9.229000731893755), ('Lyn', 20.32414483462063), ('Wipf1', 2.855561441998698), ('Dnajb14', 0.743403910699637), ('Fcer1g', 1.1680102199670548), ('Txk', 10.48791133104715), ('Spi1', 15.141313025637416), ('Mms22l', 0.9334660530203502), ('Atp7a', 1.1125951938360268), ('Bach2os', 15.01398775487675), ('Cdk6', 19.174785993124868), ('Gjb4', 0.5375503166541347), ('Myo3b', 4.736504857360638), ('Itgav', 35.21519539621636), ('Tank', 0.7686155537147756), ('Sh2b3', 0.7581419773774813), ('Stat4', 0.9922567832496884), ('Stap1', 2.1650455961139867), ('Nasp', 0.8684096577550954), ('Lat2', 20.43369225987126), ('Gusb', 3.80887232832996), ('P2ry10', 13.008906662166543), ('Gbp8', 40.00789373822531), ('Il18rap', 0.4811401266049893), ('P2ry12', 3.623455507333536), ('Cntrl', 1.386165643171002), ('Gimap3', 1.5910437918674052), ('Tgs1', 0.4413568865493681), ('Rap1a', 4.745493115288204), ('Spint1', 1.8571191807782568), ('Gimap1', 2.89170155368598), ('Lrrc4c', 3.0518929790497125), ('Ptpn6', 15.452103531530748), ('Slc2a3', 0.557014570191125), ('Psd4', 25.14860369491042), ('Cd52', 16.99099724586764), ('Pla2g4a', 6.2640365893285175), ('Akna', 13.672595470803524), ('Sh2d3c', 3.741787196006008), ('Laptm5', 2.4776706228667256), ('Phc2', 29.633467566102905), ('Lrmp', 3.70901349320944), ('Tor3a', 1.7223460797338528), ('Ncoa3', 1.046793349806174), ('Fam107b', 0.934811514924868), ('Lcorl', 0.9901784327730244), ('Itch', 0.9226476182419168), ('Sh2d1b1', 9.061898317993515), ('Arhgef2', 11.366535005840731), ('Stra6l', 14.14062749313445), ('Sirpa', 8.133572331638005), ('Madd', 0.7305238643523994), ('Sat1', 37.1842966888414), ('Camk1d', 4.125233954818753), ('Frmd4a', 1.5213572284927364), ('Cxcr3', 2.861619383881568), ('Rgs1', 2.7316375139363784), ('Sh3bgrl3', 2.580486700274609), ('Gimap5', 1.1763918973586538), ('Clnk', 26.7206880425024), ('Arhgap15', 3.411394908251157), ('Gatm', 3.626227440826621), ('Slamf9', 2.721712597862046), ('Jakmip1', 4.736982772744448), ('Itga4', 0.6514848184668329), ('Dusp2', 1.933100547915064), ('Efhd2', 3.5742268602120366), ('Mgat4a', 51.21910452195349), ('AI847159', 0.6420020244715082), ('Fnbp1', 5.282156001749886), ('Xcl1', 2.4760503714261284), ('Ivns1abp', 1.6576771535674786), ('Ppp1r16b', 6.346493091381593), ('Trim55', 3.2504592814209867), ('Vcam1', 0.8639788728112557), ('Cd160', 3.2310160110977595), ('Elovl1', 3.8386456116975674), ('Cd4', 5.709664787775765), ('Zfyve28', 1.0211027948802849), ('Ocstamp', 9.317587444403262), ('Kcnj10', 25.34686173708044), ('Dbf4', 5.406569443287574), ('Cd44', 1.2019729266509385), ('Tsc22d4', 0.6619091159737053), ('Slamf8', 6.089387794523129), ('Rfc2', 0.9135300529171634), ('Clec4n', 19.91354781763458), ('Xlr4b', 7.730844130661934), ('Ogt', 0.5150356474602414), ('Cd82', 0.8635098775217648), ('Ctss', 23.889108450919384), ('Ptprj', 0.9252836641378606), ('Tnfsf8', 26.771945115812343)]",4912
Runx3,tfdimers__MD00066,0.052984132,3.338472971,7.25E-09,0.891253,gene is orthologous to ENSG00000020633 in H. sapiens (identity = 89%) which is annotated for similar motif tfdimers__MD00509 ('M01814_forward_6_M01876_reverse dimer: AML2 / GABP-beta'; q-value = 7.25e-09),"frozenset({'activating', 'mm10_500bp_up_100bp_down_full_tx_v10_clust.genes_vs_motifs.rankings', 'weight>75.0%'})","[('Cers6', 2.3842191808544646), ('Fcer1g', 1.1680102199670548), ('Sh2b3', 0.7581419773774813), ('Traf3ip3', 19.17966948162609), ('Clec4a2', 2.156894250916023), ('Rps6ka1', 4.517586665517896), ('Wipf1', 2.855561441998698), ('Inpp5d', 26.13710922330289), ('Cd53', 1.637674240097972), ('Was', 0.9318850740877987), ('Tbc1d1', 1.7873468187733936), ('Gbp8', 40.00789373822531), ('Casp8ap2', 1.9869084252087976), ('Fcrls', 0.6949347834787993), ('Laptm5', 2.4776706228667256), ('Bcl2', 3.623231574693929), ('Tfec', 2.764867133211797), ('Gimap6', 6.338924902696389), ('Cd72', 24.89661220312604), ('Cdk6', 19.174785993124868), ('P2ry12', 3.623455507333536), ('Gm5150', 2.9146797524981967), ('Khdrbs1', 0.7725747018728719), ('Lrmp', 3.70901349320944), ('Alox5ap', 1.2618437423981994), ('Pla2g4a', 6.2640365893285175), ('Arhgap15', 3.411394908251157), ('Cd82', 0.8635098775217648), ('Cnnm4', 2.757317657909702), ('Padi2', 6.769692917430594), ('Gpr162', 0.5880267786607056), ('Slc2a3', 0.557014570191125), ('Tlr12', 50.82243624323005), ('Bst1', 0.501370785408414), ('Gusb', 3.80887232832996), ('Dock10', 21.357220555990413), ('Fcgr1', 1.9177720480646765), ('Ocstamp', 9.317587444403262), ('Pilrb2', 2.307149644525265), ('Rap1a', 4.745493115288204), ('Sh3bp2', 11.25287631255875), ('Ctss', 23.889108450919384), ('Zrsr2', 0.9234239388797318), ('Zfp992', 0.6259684649258921), ('Ncf1', 1.184247937436172), ('Cd48', 1.1111896233886107), ('Ptpn6', 15.452103531530748), ('Atp8a1', 32.99513326699523), ('Sh2d3c', 3.741787196006008), ('Cd44', 1.2019729266509385), ('Cxcr3', 2.861619383881568), ('Gimap5', 1.1763918973586538), ('Il12rb2', 19.139516540474084), ('Rfc2', 0.9135300529171634), ('BC028528', 0.9690393310887228), ('Scarb2', 7.628339507482476), ('Il1a', 3.433679633841177), ('Ppp1r16b', 6.346493091381593), ('P2ry10', 13.008906662166543), ('Itgav', 35.21519539621636), ('Stk4', 1.0431377856403612), ('Rnf149', 19.79330308692236), ('Elovl1', 3.8386456116975674), ('Cap1', 3.143864041209484), ('Pilra', 9.229000731893755), ('Sirpa', 8.133572331638005), ('Tnfsf15', 1.2031424591658095), ('Frmd4a', 1.5213572284927364), ('Gimap4', 6.082284279265483), ('Gm5547', 0.4685962174989728), ('Smox', 1.593088623684051), ('Arhgef2', 11.366535005840731), ('Cd8b1', 2.616385829322305), ('Gbgt1', 0.457728088422716), ('Plcb2', 24.25814662842149), ('Cd247', 0.6603425235459517), ('Cttnbp2nl', 19.25979982891117), ('Ssu72', 0.467985298869237), ('A630001G21Rik', 2.7452831858551883), ('5031425F14Rik', 3.385460493632802), ('Apbb1ip', 12.189575401526485), ('Sh2d1b1', 9.061898317993515), ('I830077J02Rik', 11.793439817070308), ('Gimap1', 2.89170155368598), ('Clnk', 26.7206880425024), ('Stap1', 2.1650455961139867), ('Ankrd44', 7.667987310672677), ('Gimap3', 1.5910437918674052), ('Ptpn22', 30.81635755177506), ('Lef1', 1.4778087429065805), ('Icos', 0.6506935948493497), ('Arhgap30', 2.63313433406996), ('Pnpla7', 12.360964210025434), ('Prim2', 1.8897921043691368), ('Slamf9', 2.721712597862046), ('Chic2', 1.2939650995358667), ('Taok3', 0.8205022350706753), ('Nup210', 4.354880006619138), ('Clec4n', 19.91354781763458), ('Mbnl1', 8.64396117762666), ('Itga4', 0.6514848184668329), ('Acbd5', 0.4669588577267015), ('Lyn', 20.32414483462063), ('Tpp2', 2.7152401259055967), ('Zbtb34', 0.4784509928119149), ('Cntrl', 1.386165643171002), ('Card9', 1.0460627841843722), ('Sirpb1b', 0.6134727119799008)]",2809
Sp3,metacluster_3.8,0.054442052,3.082428693,5.00E-06,1,gene is annotated for similar motif transfac_pro__M00932 ('V$SP1_Q4_01: Sp1'; q-value = 5e-06),"frozenset({'activating', 'mm10_500bp_up_100bp_down_full_tx_v10_clust.genes_vs_motifs.rankings', 'weight>75.0%'})","[('Ccdc73', 0.625344081438342), ('Armcx2', 0.7201180313586695), ('Chmp5', 0.7244973638648231), ('Uba6', 0.5226786642402999), ('Vps4b', 0.47946118433487), ('Tmem234', 0.4917286391009278), ('Klhl20', 0.4861014396460473), ('Cdk9', 1.026547564440898), ('Slc30a9', 0.8017768719964048), ('Zfp217', 2.758561486963004), ('Nom1', 1.232474203507704), ('Arhgap1', 1.190108862838981), ('Rps6kc1', 0.4289903853191838), ('Mrpl51', 0.4215150903856845), ('Stk4', 1.0651229867101353), ('Gnai3', 1.284348239938866), ('Exoc1', 2.420978601534178), ('Gripap1', 3.221038715035996), ('Naa20', 2.616606825021945), ('Cnnm4', 1.6119306616485998), ('5530601H04Rik', 1.1367814335330269), ('Was', 1.9769065683355216), ('Uggt1', 0.8096126039167347), ('Actr3', 2.1674143408083992), ('Sec61a1', 0.593247345782841), ('Zfp316', 3.73223300787304), ('Arpc1a', 0.5012187261447323), ('Ncstn', 1.122204115589117), ('Zfp384', 3.605810182947521), ('Zfp992', 0.7773429430894163), ('Extl2', 2.274473990620417), ('Nfs1', 0.8999382457698966), ('Smc1a', 0.4253363159629443), ('Bloc1s6', 0.915863418630957), ('Gid8', 0.5623096021275101), ('Romo1', 0.4700385091475719), ('Mknk1', 1.9944588542226176), ('Ptpn11', 0.4880169135054132), ('Gba', 0.5319120717123795), ('Cap1', 2.5504118784727403), ('Gpr155', 0.990421376378856), ('Mms22l', 0.7117418813743368), ('Gpr107', 0.8317890999510913), ('Rab2a', 1.08913346300418), ('Dcaf10', 0.4291216986106729), ('Gar1', 1.698660151127411), ('Rbm45', 1.238851399986336), ('Sike1', 0.973254691321958), ('Dennd1b', 0.4542111480692057), ('Sass6', 0.7101006123216549), ('Invs', 0.6702593717216172), ('Tpx2', 2.121815629007567), ('Cd72', 1.2411968081823517), ('Dcaf12', 1.005476433781208), ('Uhmk1', 1.282412918037908), ('Mlxip', 0.5480197441489528), ('Tram2', 0.5518976626308196), ('Plp1', 2.29528219178151), ('Psmg3', 1.171753629880141), ('Atp7a', 1.1068921377171197), ('Abcb7', 0.4418847211520237), ('Psd4', 0.5075067889318279), ('Slc9a8', 0.526211640756769), ('Gpn1', 1.517707969660822), ('Rac1', 0.7619757976473558), ('Zfp120', 2.89410216580986), ('Ppid', 0.678273782302166), ('Mcm10', 1.4328227500069333), ('Ube2f', 0.9082957270456562), ('Anapc1', 0.759617911271893), ('Akirin2', 1.5630951071941472), ('Rgs19', 5.342439703665793), ('Arhgap15', 2.8842946154794364), ('Actr1b', 0.5124752607432109), ('Wdr45', 0.7659385789967468), ('Suco', 0.5193349591159686), ('Ralgps2', 1.0436714750060223), ('Tmem127', 0.5930139925077008), ('Tada2b', 0.5248967213398001), ('Pdss1', 0.7571533629645594), ('Taok3', 0.8093920053871715), ('Dcaf17', 0.6258586225571895), ('Eya3', 0.666364868930519), ('Tmem167b', 0.6316124989766141), ('Hsf3', 0.6283801851552778), ('Phka1', 1.307492097702842), ('Cenpe', 0.4268967122034727), ('Xiap', 0.5157817971704021), ('Ckap2l', 1.0006648293607925), ('Wdr76', 1.2416652510994628), ('Map4k4', 1.6118441970163595), ('Taf1', 1.896294659092146), ('Dpm2', 0.5277572065827106), ('Prim2', 3.682662965310589), ('Ifih1', 1.0585264326027557), ('Itgb3bp', 0.7679636305732908), ('Cacnb4', 0.4408241320939437), ('Setdb1', 0.8200610804910066), ('Kif4', 0.8140614197524925), ('Isy1', 0.9663168592958906), ('Rad54b', 1.17866917794822), ('Eif4g3', 2.6776954909789974), ('Caprin2', 1.2569269062406183), ('Zfp933', 2.238953341323245), ('Knl1', 1.187317789019893), ('Gorab', 0.4808475295032803), ('Sirpa', 0.9686222780205216), ('Hsph1', 0.4892321993704541), ('C1qc', 0.5157123432910536), ('Dgkz', 0.5690231912270186), ('Acbd3', 1.6934977476940278), ('Cd59b', 0.5124821743453473), ('Steap3', 0.4547410229703225), ('Cdk5rap1', 1.073008233966965), ('Wdfy3', 0.4331580084375161), ('Sbno1', 0.4864304406077696), ('Hnrnpd', 4.144188997045212), ('Clec4a3', 0.6380424598571434), ('Hjurp', 1.676797691726721), ('Cox18', 3.1305062899018616), ('Tex10', 0.9504731131364352), ('Frem1', 0.5317543977904307), ('Ybx1', 0.8565538022292519), ('Snrnp40', 0.4876048285847871), ('Lmo2', 0.4565597393099296), ('Dclre1b', 1.2402978459202616), ('Atp5k', 0.4490566566186489), ('Sp3', 1.0), ('Pigt', 0.4641939163424539), ('Bard1', 3.260242849126579), ('Chfr', 0.7803113844246378), ('Cers6', 0.8079154266744337), ('Coq8a', 0.6541787323856691), ('Tfec', 0.8441786232572539), ('Rcsd1', 0.7305602960195658), ('6330418K02Rik', 1.561958040138462), ('Hnrnpr', 0.4451887869804038), ('Cysltr1', 0.5056269897176523), ('Etnk2', 0.5322732473296639), ('Ifi203', 0.8402128925740681), ('Itpripl1', 1.0627537345968878), ('Miip', 1.405947469057449), ('Ctss', 0.5120881315567528), ('Pafah2', 0.593204908643831), ('Capzb', 1.1166887804724197), ('A930019D19Rik', 0.4300617533774152), ('Cep152', 0.4711501864981632), ('Hadh', 3.116543979494278), ('Clspn', 0.610202033670324), ('Ythdf3', 1.331385746825157), ('Ccdc171', 0.4574195671754588), ('Utp14a', 0.4470424286414885), ('Ngef', 0.4175829231752729), ('Itch', 0.7000288173165209), ('Khdrbs1', 2.370717267226772), ('Cmpk1', 0.6946644567059249), ('Wasf2', 1.9198984807892163), ('Orai1', 0.7434211476454161), ('Csrp1', 3.382189793278735), ('Trim44', 0.417795006545445), ('Wdfy1', 0.4521581060537071), ('Ssr3', 1.5462089514332402), ('Rbpj', 0.7639746817539177), ('Rragc', 2.718637219524393), ('Ndp', 0.557550127003831), ('Arpc1b', 0.8819048970079127), ('Tstd2', 0.7295522442216743), ('Snap23', 0.5517188841809852), ('Zfp984', 1.565632255368634), ('Casp8ap2', 1.8075593618637744), ('Las1l', 0.5682454012519045), ('Chm', 0.5364525202213221), ('5031425F14Rik', 2.6877132365604663), ('Nr2c2', 0.5932644782871765), ('Wipf1', 0.5183692214382386), ('Pygb', 0.476007137150825), ('Anp32b', 0.4447427156295632), ('Ccdc93', 0.6928192344883701), ('Plekhm3', 2.4589086279033454), ('Dcaf6', 0.4483407476013219), ('Cab39', 0.6088895305910272), ('Serp1', 0.710708745517312), ('Ube3b', 0.5416570553025237), ('Trip12', 1.0291933124873691), ('Rsbn1l', 0.6231062025943997), ('Slc25a43', 1.062774703979358), ('Stk38l', 1.923632979612114), ('Cdc42', 1.041601509245828), ('Gbgt1', 0.5592146491264274), ('Ctnnd1', 0.9109732705226072), ('Bcl2l11', 0.55822360891115), ('Htt', 1.5865567883687377), ('Mastl', 0.5978860653669419), ('Zfp335', 0.9115501755346298), ('Eif2ak3', 5.7940082186722215), ('Gorasp2', 1.0909578830059137), ('Ppil3', 0.6460536833507495), ('Mad1l1', 0.636261530808813), ('Nmur1', 1.441577414621121), ('Mrpl44', 0.4178876982972377), ('Acox3', 1.6417794425669752), ('Trpv4', 0.5585109515589679), ('Hvcn1', 0.6422990784521916), ('Madd', 0.7281428741434078), ('Abi1', 0.6083728739600709), ('Ftx', 1.2964535332922809), ('Adam15', 1.5672262353082804)]",4702
Sp3,metacluster_170.2,0.055003537,3.15197922,0,1,gene is directly annotated,"frozenset({'activating', 'mm10_500bp_up_100bp_down_full_tx_v10_clust.genes_vs_motifs.rankings', 'weight>75.0%'})","[('Naa25', 0.7205276499560785), ('Acbd3', 1.6934977476940278), ('Rab2a', 1.08913346300418), ('Zfp316', 3.73223300787304), ('Csnk2a1', 1.7208203595274274), ('Eya3', 0.666364868930519), ('Rap1a', 3.53599691332888), ('Abi1', 0.6083728739600709), ('Tanc1', 0.4899356799533304), ('Cds2', 3.0303238479867853), ('Cdk5rap2', 1.0942153952192903), ('Ncapd2', 1.8990345277921332), ('Trip12', 1.0291933124873691), ('Kdelr2', 1.125300354355684), ('Zfp281', 0.6875837852821057), ('Abhd1', 5.17657019659139), ('Zfp384', 3.605810182947521), ('Meaf6', 0.9146890247296696), ('Mms22l', 0.7117418813743368), ('Bmp2k', 0.5904237462638281), ('Rchy1', 0.5191366453810441), ('Stam', 3.7094927932117394), ('Pank2', 0.6427859329333973), ('Mrpl51', 0.4215150903856845), ('Slc30a9', 0.8017768719964048), ('Irak1', 1.3525378176732812), ('Dstyk', 0.9311917965118168), ('E2f2', 1.0481680542313734), ('Srgap2', 2.397448901146408), ('Zfp862-ps', 1.7493974600978217), ('Xpr1', 1.4169093830136137), ('Gon4l', 0.5504347488108092), ('Eloa', 1.401193564541501), ('Gar1', 1.698660151127411), ('Gfi1b', 1.8654521416157912), ('Tram2', 0.5518976626308196), ('Ybx1', 0.8565538022292519), ('Twist2', 0.4431369826315168), ('Ngef', 0.4175829231752729), ('Fgr', 2.626141327440497), ('2210016L21Rik', 3.950015558718074), ('Mapkapk2', 1.282998610621383), ('Selenon', 0.4278126695712602), ('Kif3b', 6.010120124038151), ('Hltf', 0.9956844030026984), ('Wipf1', 0.5183692214382386), ('Snrnp40', 0.4876048285847871), ('Stk38l', 1.923632979612114), ('Ctnnbl1', 0.520201122698286), ('Gid8', 0.5623096021275101), ('Ube2f', 0.9082957270456562), ('Mrpl9', 0.6261688793897299), ('Atg4c', 0.8043430678742752), ('Erp29', 2.835874401670745), ('Taf1', 1.896294659092146), ('Nans', 0.7002602276332294), ('Sbno1', 0.4864304406077696), ('Agfg1', 0.4530458533465089), ('Klhl20', 0.4861014396460473), ('Ssr4', 0.5340081308745872), ('Gpr107', 0.8317890999510913), ('Cdk5rap1', 1.073008233966965), ('Mastl', 0.5978860653669419), ('Ralgps2', 1.0436714750060223), ('Mthfr', 0.4949359741612589), ('Lmbrd1', 0.4335313371798938), ('Zfx', 2.460145660637556), ('Ctnnd1', 0.9109732705226072), ('Uggt1', 0.8096126039167347), ('Lpar1', 0.4917293324614197), ('Mepce', 1.1636030826016477), ('Diaph2', 1.082707015732993), ('Serp1', 0.710708745517312), ('Madd', 0.7281428741434078), ('Ndufc1', 0.5029873698221765), ('Capzb', 1.1166887804724197), ('Prdm2', 0.4203844763705076), ('Pi4k2b', 1.6657872927670443), ('Insig1', 0.6896650166120756), ('Ehd4', 2.4881565037826974), ('Pum1', 0.5615816425741205), ('Hnrnpr', 0.4451887869804038), ('Pigt', 0.4641939163424539), ('Elf2', 0.5669860106432683), ('Cask', 0.9496008887363946), ('Spc25', 1.774164437084444), ('Mad1l1', 0.636261530808813), ('Dnm1', 0.4300006806553826), ('Atp13a2', 0.5391201863950907), ('Cap1', 2.5504118784727403), ('Phka1', 1.307492097702842), ('Mrpl15', 0.4804995556903759), ('Adar', 0.5307357595985915), ('Mybl1', 0.4672525922126206), ('Dcaf6', 0.4483407476013219), ('5530601H04Rik', 1.1367814335330269), ('Ttf2', 0.521229755657746), ('Frem1', 0.5317543977904307), ('Cep152', 0.4711501864981632), ('Tti1', 0.5753947203801573), ('Dhx15', 0.925314025128752), ('Gnb2', 1.429163659198866), ('Polr2b', 0.441497153495961), ('Lcorl', 0.7373695298188501), ('Fam126a', 0.4611179022773298), ('Atp6v0b', 0.4914618100700492), ('Ftx', 1.2964535332922809), ('Slc25a24', 0.8386827139132504), ('Gm15401', 0.7651657660016703), ('Melk', 1.4100293644968234), ('Romo1', 0.4700385091475719), ('Ptger3', 0.8164061360196679), ('Zc3h11a', 1.4273557528326046), ('Nr2c2', 0.5932644782871765), ('Mknk1', 1.9944588542226176), ('Slc44a1', 0.50685122227148), ('Spats2l', 0.6297605506982845), ('Kif4', 0.8140614197524925), ('Sp3', 1.0), ('Rrbp1', 0.5530641480027406), ('Ccdc93', 0.6928192344883701), ('Adrm1', 0.5920879770643077), ('Scarb1', 0.987481083956566), ('Csrp1', 3.382189793278735), ('Hlx', 2.0069862052995364), ('Wdfy1', 0.4521581060537071), ('Dnm3os', 0.498035691941289), ('Gorasp2', 1.0909578830059137), ('Kmt2c', 0.4453512410846081), ('Smc4', 0.4604510496626595), ('Ezh2', 0.4688758705573911), ('Chfr', 0.7803113844246378), ('Hdlbp', 0.5573094891068298), ('Vcpip1', 0.5409141719894012), ('Cdc7', 1.4924793776755496), ('Pafah2', 0.593204908643831), ('Ptafr', 0.6381457273391509), ('Psmg3', 1.171753629880141), ('Ncaph', 0.7617959402144208), ('Casp8ap2', 1.8075593618637744), ('Smim14', 0.471048537899783), ('Sned1', 0.9357556519431816), ('Snx5', 0.5517406746126965), ('Ccdc171', 0.4574195671754588), ('E130311K13Rik', 0.5941145980730337), ('Rps6kc1', 0.4289903853191838), ('Atp7a', 1.1068921377171197), ('Ptprt', 1.9096525466293797), ('Qsox1', 1.105102283090086), ('Mgat5', 0.9663348702052672), ('Spata6', 0.4830874484968938), ('Ubl3', 1.2668307158132477), ('Tchp', 0.7155268849421634), ('Bloc1s6', 0.915863418630957), ('Fabp12', 0.5099501730043583), ('Wasf2', 1.9198984807892163)]",3494
Sp3,metacluster_3.11,0.055555986,3.220410543,0,1,gene is directly annotated,"frozenset({'activating', 'mm10_500bp_up_100bp_down_full_tx_v10_clust.genes_vs_motifs.rankings', 'weight>75.0%'})","[('5530601H04Rik', 1.1367814335330269), ('Zfp384', 3.605810182947521), ('Gnai3', 1.284348239938866), ('Klhl20', 0.4861014396460473), ('Ppid', 0.678273782302166), ('Exoc1', 2.420978601534178), ('Ccdc73', 0.625344081438342), ('Cdk9', 1.026547564440898), ('Isy1', 0.9663168592958906), ('Uba6', 0.5226786642402999), ('Zfp316', 3.73223300787304), ('Vps4b', 0.47946118433487), ('Nom1', 1.232474203507704), ('Tram2', 0.5518976626308196), ('Arhgap1', 1.190108862838981), ('Eya3', 0.666364868930519), ('Ncstn', 1.122204115589117), ('Caprin2', 1.2569269062406183), ('Chmp5', 0.7244973638648231), ('Gar1', 1.698660151127411), ('Armcx2', 0.7201180313586695), ('Wdr45', 0.7659385789967468), ('Mrpl51', 0.4215150903856845), ('Hjurp', 1.676797691726721), ('Pdss1', 0.7571533629645594), ('Naa20', 2.616606825021945), ('Pigt', 0.4641939163424539), ('Uhmk1', 1.282412918037908), ('Zfp217', 2.758561486963004), ('Bloc1s6', 0.915863418630957), ('Stk4', 1.0651229867101353), ('Tmem234', 0.4917286391009278), ('Tpx2', 2.121815629007567), ('Slc30a9', 0.8017768719964048), ('Rbm45', 1.238851399986336), ('Mcl1', 2.2576939922031904), ('Uggt1', 0.8096126039167347), ('Setdb1', 0.8200610804910066), ('Nfs1', 0.8999382457698966), ('Sec61a1', 0.593247345782841), ('Ppil3', 0.6460536833507495), ('Was', 1.9769065683355216), ('Cmpk1', 0.6946644567059249), ('Tex10', 0.9504731131364352), ('Hacd1', 0.5617183045077634), ('Aar2', 0.9924405310278316), ('Atp7a', 1.1068921377171197), ('Romo1', 0.4700385091475719), ('Dcaf12', 1.005476433781208), ('Utp14a', 0.4470424286414885), ('Smc1a', 0.4253363159629443), ('Actr3', 2.1674143408083992), ('Tada2b', 0.5248967213398001), ('Dpm2', 0.5277572065827106), ('Gripap1', 3.221038715035996), ('Gid8', 0.5623096021275101), ('Rps6kc1', 0.4289903853191838), ('Rgs19', 5.342439703665793), ('Sass6', 0.7101006123216549), ('Gpr107', 0.8317890999510913), ('Wdr76', 1.2416652510994628), ('Zfp992', 0.7773429430894163), ('Stk38l', 1.923632979612114), ('Hnrnpd', 4.144188997045212), ('Rac1', 0.7619757976473558), ('Mcm10', 1.4328227500069333), ('Mknk1', 1.9944588542226176), ('Tmem167b', 0.6316124989766141), ('Ube2f', 0.9082957270456562), ('Abcb7', 0.4418847211520237), ('Itgb3bp', 0.7679636305732908), ('Taf1', 1.896294659092146), ('Las1l', 0.5682454012519045), ('Slc9a8', 0.526211640756769), ('Hsf3', 0.6283801851552778), ('Khdrbs1', 2.370717267226772), ('Ube3b', 0.5416570553025237), ('Timm17a', 0.5441711684264156), ('Bmp2k', 0.5904237462638281), ('Acbd3', 1.6934977476940278), ('Slc30a7', 0.5785293413841991), ('Map4k4', 1.6118441970163595), ('Bcl7b', 0.8719780003383162), ('Gba', 0.5319120717123795), ('Psmg3', 1.171753629880141), ('Coa5', 0.571234655876885), ('Sp3', 1.0), ('Thap6', 0.6731012890870526), ('Cox18', 3.1305062899018616), ('Zc3h11a', 1.4273557528326046), ('Prdm2', 0.4203844763705076), ('Ptpn11', 0.4880169135054132), ('Kif4', 0.8140614197524925), ('Psd4', 0.5075067889318279), ('Kdelr2', 1.125300354355684), ('Mms22l', 0.7117418813743368), ('Mrpl44', 0.4178876982972377), ('Adrm1', 0.5920879770643077), ('Anapc1', 0.759617911271893), ('Eif4g3', 2.6776954909789974), ('Tfe3', 0.4849312237247958), ('Ythdf3', 1.331385746825157), ('Lrsam1', 0.5086601927085364), ('Ckap2l', 1.0006648293607925), ('Melk', 1.4100293644968234), ('Sf3b1', 3.1671501598888385), ('Xiap', 0.5157817971704021), ('Rad54b', 1.17866917794822), ('Ndufs2', 1.0728500838257633), ('Dcaf17', 0.6258586225571895), ('Miip', 1.405947469057449), ('Sike1', 0.973254691321958), ('Lamtor2', 0.5233951467327921), ('Dcaf10', 0.4291216986106729), ('Abtb1', 0.9665569084372572), ('Tstd2', 0.7295522442216743), ('Zfp120', 2.89410216580986), ('Eloa', 1.401193564541501), ('Serp1', 0.710708745517312), ('Csnk2a1', 1.7208203595274274), ('Ifih1', 1.0585264326027557), ('Gpr155', 0.990421376378856), ('Pygb', 0.476007137150825), ('Nras', 0.5868973816951158), ('Arpc1a', 0.5012187261447323), ('Rab2a', 1.08913346300418), ('Invs', 0.6702593717216172), ('Phka1', 1.307492097702842), ('Cap1', 2.5504118784727403), ('Flna', 0.4801258850941104), ('Itch', 0.7000288173165209), ('Suco', 0.5193349591159686), ('Gon4l', 0.5504347488108092), ('Csrp1', 3.382189793278735), ('Ralgps2', 1.0436714750060223), ('Snrnp40', 0.4876048285847871), ('Ybx1', 0.8565538022292519), ('Gorab', 0.4808475295032803), ('Tmem127', 0.5930139925077008), ('Ccdc171', 0.4574195671754588), ('Prim2', 3.682662965310589), ('Pex11b', 0.423867433536962), ('Mthfr', 0.4949359741612589), ('Atp5k', 0.4490566566186489), ('Dgkz', 0.5690231912270186), ('Frem1', 0.5317543977904307), ('Nfe2l2', 0.5173747050575644), ('Elf2', 0.5669860106432683), ('Trim44', 0.417795006545445), ('Casp8ap2', 1.8075593618637744), ('Ccdc28b', 1.87487400539649), ('Vcpip1', 0.5409141719894012)]",3097
Sp3,metacluster_3.7,0.056409184,3.326095366,0,1,gene is directly annotated,"frozenset({'activating', 'mm10_500bp_up_100bp_down_full_tx_v10_clust.genes_vs_motifs.rankings', 'weight>75.0%'})","[('Cers6', 0.8079154266744337), ('Ccdc28b', 1.87487400539649), ('Wipf1', 0.5183692214382386), ('Map4k4', 1.6118441970163595), ('Was', 1.9769065683355216), ('Ctnnd1', 0.9109732705226072), ('Itpripl1', 1.0627537345968878), ('Casp8ap2', 1.8075593618637744), ('Trip12', 1.0291933124873691), ('Vps4b', 0.47946118433487), ('9330102E08Rik', 2.3245959658781024), ('Lmo2', 0.4565597393099296), ('Clec4a3', 0.6380424598571434), ('Tfec', 0.8441786232572539), ('Cd72', 1.2411968081823517), ('C1qc', 0.5157123432910536), ('Cdk6', 1.2736263467917546), ('Sp3', 1.0), ('Khdrbs1', 2.370717267226772), ('Nmur1', 1.441577414621121), ('Mapkapk2', 1.282998610621383), ('Gorab', 0.4808475295032803), ('Ythdf3', 1.331385746825157), ('Arhgap15', 2.8842946154794364), ('Rell1', 0.7178303801381603), ('Cnnm4', 1.6119306616485998), ('Ccdc92', 0.6941972426989976), ('Alpl', 0.7966918261633202), ('Xiap', 0.5157817971704021), ('Phf21a', 1.5410271049500486), ('Tram2', 0.5518976626308196), ('Zfp664', 1.088187445099546), ('Armcx2', 0.7201180313586695), ('Slc16a1', 2.446747572645013), ('Vcpip1', 0.5409141719894012), ('Hnrnpd', 4.144188997045212), ('Ccdc73', 0.625344081438342), ('Gapvd1', 1.2910562458628432), ('Rap1a', 3.53599691332888), ('Exoc1', 2.420978601534178), ('4930512J16Rik', 3.787454571246205), ('Gripap1', 3.221038715035996), ('Clstn3', 0.6144158181147331), ('Rbpj', 0.7639746817539177), ('Ctss', 0.5120881315567528)]",639
Zfp316,transfac_pro__M05563,0.076426581,3.657272223,7.69E-06,0.791544,gene is orthologous to ENSG00000205903 in H. sapiens (identity = 79%) which is annotated for similar motif transfac_pro__M05968 ('V$ZNF316_01: ZNF316'; q-value = 7.69e-06),"frozenset({'activating', 'mm10_500bp_up_100bp_down_full_tx_v10_clust.genes_vs_motifs.rankings', 'weight>75.0%'})","[('Itgav', 0.6049436499078903), ('Txlna', 0.7392316890860966), ('Fabp5', 5.250825816847877), ('Wdr12', 0.4516258006300664), ('Fbxo6', 0.4589648499060961), ('Slc25a5', 0.6285618980893415), ('Cyth3', 0.7290472804666462), ('Fam133b', 0.6675017165654188), ('Gm15772', 0.4849457803116901), ('Osbpl6', 6.533710099860567), ('C920021L13Rik', 0.6526513956445966), ('Shisa4', 0.6431228683123766)]",895
Bach2,metacluster_129.1,0.06805477,3.239634658,1.13E-06,0.900119,motif similar to tfdimers__MD00476 ('M01216_reverse_6_M00983_forward dimer: FOXO1 / MAF'; q-value = 1.13e-06) which is annotated for orthologous gene ENSG00000112182 in H. sapiens (identity = 90%),"frozenset({'activating', 'mm10_500bp_up_100bp_down_full_tx_v10_clust.genes_vs_motifs.rankings', 'weight>90.0%'})","[('Mme', 1.350327064225232), ('Myo1b', 4.1391956559920695), ('Raph1', 2.591171713233038), ('Patj', 5.072289576562872), ('Acsl3', 2.148995121350964), ('Sbspon', 3.246193436623396), ('Zfp292', 2.628390325076267), ('Cacna2d1', 4.626222147929985), ('Steap2', 1.221037049164276), ('Xk', 1.5298945436942906), ('Fmnl2', 1.9526115548516865), ('Hnrnpd', 1.8135898466271392), ('Dock7', 21.799392865097037), ('Igsf3', 9.47409642316951), ('Bend7', 2.6209103063886485), ('Prickle2', 3.350851839383686), ('Tbc1d1', 2.542159506250628), ('Gpm6b', 1.4271215015075869), ('Pappa', 3.88402072064488), ('Asxl1', 1.7218585597286762), ('Dync1i2', 3.79124417212001), ('Mllt3', 11.34530114841936), ('Sms', 5.511874407549357), ('Capza2', 1.2977386661733517), ('Rfc1', 1.9528638452043203), ('Chic2', 5.799817599448971), ('B3glct', 1.4526741930392248), ('Ppp1cb', 2.7736164683218982), ('Usf1', 1.395924724736605), ('Stk39', 9.975117416285984), ('Bcl2', 4.846814222102638), ('Vangl1', 11.727814460762064), ('Mpzl1', 10.219573632769931), ('Dmd', 1.8174153488823797), ('Nfkb1', 6.591599442494994), ('Icmt', 1.2917941904658814), ('Map2', 9.654576930154972), ('Hp1bp3', 1.4330615136636635), ('Cdc42bpa', 2.2851297480618387), ('Rnf2', 1.353737019097926), ('Eogt', 3.443881767920481), ('2500004C02Rik', 7.743955314989249), ('Tanc1', 6.613168197172736), ('Inpp1', 6.2187401962989375), ('Yes1', 1.3453612701048652), ('Hdac4', 4.210242210078754), ('Ythdf2', 1.8614630083111745), ('Rbms1', 3.894287054816513), ('Nup35', 2.011727467067503), ('Pxn', 7.286359160960646), ('Mark1', 5.563476404171883), ('Secisbp2l', 1.3676582515563582), ('Ovol2', 8.826860970542032), ('Igf2bp3', 1.2990307394454566), ('Vav3', 3.512691385064501), ('Phactr4', 3.160622193179732), ('Proser2', 5.280103222172002), ('A430005L14Rik', 1.8493652706186368), ('Cpne3', 1.551835064528681), ('Pan3', 1.3136572731096323), ('Hat1', 2.5437478421109625), ('Uba6', 2.174164575128841), ('Spg20', 4.058957369517964), ('AI506816', 1.8718878716051348), ('Prrg4', 2.7552038866983537), ('Cttnbp2nl', 12.413997271288071), ('Disp1', 3.139111525280293), ('Dstn', 6.027412314181643), ('Cdk6', 11.736440171332626), ('Chn1', 3.633561278751111), ('Ptbp2', 11.889224452536808), ('Rasgef1b', 1.662608264915065), ('Kctd3', 1.770506822537078), ('Src', 5.4828836473714215), ('Papss1', 1.2942854691963852), ('Txnrd3', 2.5949406965837234), ('Ngef', 1.2777212216292912), ('Ube2e3', 8.05567049409337), ('Svbp', 1.4113456756482643), ('Scmh1', 5.150973205265317), ('Wasf2', 2.2251353222864463), ('Pkia', 7.5297619797155955), ('Nsmaf', 1.3243861633238323), ('Adgra3', 1.831971246930847), ('Slc25a13', 6.541999988999092), ('Cenpe', 2.000460845498391), ('Ptpn3', 5.457891699548473), ('Tnik', 6.104048936344176), ('1700066M21Rik', 4.085584859740569), ('Agrn', 1.3802879783423605), ('Nipsnap3b', 2.2995763855945555), ('Kit', 16.01898698850413), ('Stk40', 3.385918568580322), ('Col9a2', 1.9152477430840569), ('Abhd1', 4.917705023783574), ('Rc3h2', 1.2237788132605536), ('Shroom3', 3.941422798424396), ('Bdnf', 1.321289765964479), ('Auts2', 2.7644796261996905), ('Ankrd44', 1.938101501464101), ('Abtb2', 4.477521178096417), ('Maml3', 12.428162102411182), ('Ephb6', 2.4367524719702027), ('Serpinb5', 10.50384550688131), ('Khdrbs1', 4.576189768702187), ('Serinc2', 1.8245268063429747), ('Golga1', 1.246192521698733), ('Sema3e', 5.4752154181353765), ('S100pbp', 2.599339700450608), ('Lmod1', 3.612030993113467), ('Tnfrsf11a', 4.1881435874709), ('Dpp6', 6.850967516883405), ('Ctnnbip1', 2.9923560400090974), ('Prkci', 5.4004773872076735), ('Cdc14a', 8.119026598449652), ('Kif21b', 5.153973655411642), ('Lrrc8d', 2.228328348728542), ('Pkp4', 3.8522549149371335), ('Slc25a12', 4.092561615930865), ('Hmcn1', 5.25014238866126), ('Eya2', 2.6155031178372914), ('Lnx1', 4.86531364594997), ('Nhsl2', 1.2716454006090403), ('Pdlim5', 8.491275504512583), ('Cse1l', 3.4706672628845805), ('E130309D02Rik', 1.379983907060524), ('Tpm2', 4.661631669508797), ('Drp2', 2.945781418716354), ('Kif26b', 3.50159662031247), ('Rcan3', 1.300054224716776), ('Fbxl5', 1.299370118041346), ('Usp6nl', 7.310249452943265), ('Atp11b', 1.3018740132665712), ('Mast2', 2.2894819431703883), ('Pdgfc', 5.86174094382212), ('Nemp2', 2.8133605326972444), ('Iffo2', 3.754565614955629), ('Hip1r', 1.32637410168027), ('Brat1', 1.68850958950848), ('Med13l', 6.46345065683095), ('Dgkz', 3.911556190764689), ('Nfib', 2.0878141309384404), ('Glmn', 2.131034660532455), ('Chd7', 2.0895622506778717), ('Trim2', 6.062695823137684), ('Slc9a7', 3.816697638196145), ('Adgrl2', 14.07551507312356), ('Itgav', 12.334776556910134), ('Bcl2l1', 3.41530901426418), ('Maea', 2.447131744426817), ('Synpo2', 1.2514500822811276), ('Ocrl', 1.4853498603977948), ('Spata6', 1.9429742060639288), ('Trim33', 6.307114160663279), ('Znhit6', 2.6919580290054204), ('Tshz2', 2.546873881877384), ('Hhipl2', 1.5102246532424617), ('Lrp4', 2.9901764849548504), ('Dnajc10', 2.0859908866955967), ('Casp2', 2.8118918122669387), ('B230216N24Rik', 1.2868969817276965), ('Ccdc34', 1.994309657548436), ('Fnbp1l', 27.62547747302742), ('Mlxip', 5.41875734768251), ('Map3k20', 1.9030220709520251), ('Kdm2b', 1.4084212596375938), ('Arl4c', 1.5916016071635812), ('Tle1', 1.637058521334714), ('Adamts3', 1.9210807654565007), ('Flna', 4.294377984970884), ('Phc2', 3.516128217467184), ('Glrb', 3.4793011627986536), ('Suco', 4.43936472271929), ('Mex3a', 2.2265200124018936), ('Colgalt2', 2.888071731268087), ('Mbnl3', 1.979625967366916), ('Dlg3', 2.56632027635505), ('Sp140', 1.4206323199289237), ('Pak3', 5.178136604766816), ('Unc13b', 4.944635635078679), ('Fam20b', 2.417836992632554), ('Ackr3', 1.1959860494675083), ('Zfp462', 22.299416799831988), ('Eif2d', 1.6986196002575538), ('Itga8', 6.483209182046563), ('Fbxo10', 2.2958638471814465), ('N4bp2', 1.5892706714068845), ('Nbea', 2.480105739911316), ('Zfp618', 1.95912681253398), ('Fgd1', 1.3388985560443496)]",4179
Bach2,metacluster_188.1,0.06566607,3.010262094,3.15E-07,0.900119,motif similar to tfdimers__MD00476 ('M01216_reverse_6_M00983_forward dimer: FOXO1 / MAF'; q-value = 3.15e-07) which is annotated for orthologous gene ENSG00000112182 in H. sapiens (identity = 90%),"frozenset({'activating', 'mm10_500bp_up_100bp_down_full_tx_v10_clust.genes_vs_motifs.rankings', 'weight>90.0%'})","[('Mllt3', 11.34530114841936), ('Acsl3', 2.148995121350964), ('Steap2', 1.221037049164276), ('Cenpe', 2.000460845498391), ('Phactr4', 3.160622193179732), ('Asxl1', 1.7218585597286762), ('Cacna2d1', 4.626222147929985), ('Usf1', 1.395924724736605), ('Pappa', 3.88402072064488), ('Wasf2', 2.2251353222864463), ('Tbc1d1', 2.542159506250628), ('Spata6', 1.9429742060639288), ('Hp1bp3', 1.4330615136636635), ('2500004C02Rik', 7.743955314989249), ('Spg20', 4.058957369517964), ('Nsmaf', 1.3243861633238323), ('Stk39', 9.975117416285984), ('Proser2', 5.280103222172002), ('Zfp292', 2.628390325076267), ('Nemp2', 2.8133605326972444), ('Sbspon', 3.246193436623396), ('Ythdf2', 1.8614630083111745), ('Cttnbp2nl', 12.413997271288071), ('S100pbp', 2.599339700450608), ('Shroom3', 3.941422798424396), ('Gpm6b', 1.4271215015075869), ('Ankrd44', 1.938101501464101), ('Disp1', 3.139111525280293), ('N4bp2', 1.5892706714068845), ('Mme', 1.350327064225232), ('Ube2e3', 8.05567049409337), ('Kit', 16.01898698850413), ('Bend7', 2.6209103063886485), ('Fzd7', 3.58253657465544), ('Dync1i2', 3.79124417212001), ('Ptpn3', 5.457891699548473), ('Rfc1', 1.9528638452043203), ('Dmd', 1.8174153488823797), ('Tanc1', 6.613168197172736), ('Sms', 5.511874407549357), ('Yes1', 1.3453612701048652), ('Myo1b', 4.1391956559920695), ('Pan3', 1.3136572731096323), ('Txnrd3', 2.5949406965837234), ('Xk', 1.5298945436942906), ('Eogt', 3.443881767920481), ('Dlg3', 2.56632027635505), ('Maml3', 12.428162102411182), ('Hnrnpd', 1.8135898466271392), ('Prickle2', 3.350851839383686), ('Dstn', 6.027412314181643), ('Pls3', 3.8863432667479465), ('Cdc42bpa', 2.2851297480618387), ('Scmh1', 5.150973205265317), ('Antxr2', 1.444522037841082), ('Klhl13', 2.161375888749908), ('Itga8', 6.483209182046563), ('Rcan3', 1.300054224716776), ('Chic2', 5.799817599448971), ('Patj', 5.072289576562872), ('Synpo2', 1.2514500822811276), ('Khdrbs1', 4.576189768702187), ('Ccdc34', 1.994309657548436), ('Uba6', 2.174164575128841), ('Samhd1', 1.7302216599266849), ('Mcm6', 4.064688995512473), ('Slc7a1', 5.440133306991513), ('Sertad4', 1.4980865194191155), ('Rbms1', 3.894287054816513), ('Nhsl2', 1.2716454006090403), ('B3glct', 1.4526741930392248), ('Prkci', 5.4004773872076735), ('Pdlim5', 8.491275504512583), ('Bcl2', 4.846814222102638), ('Chn1', 3.633561278751111), ('Ngef', 1.2777212216292912), ('Ppp1cb', 2.7736164683218982), ('Mfsd6', 1.3686938134717497), ('Capza2', 1.2977386661733517), ('Golga1', 1.246192521698733), ('Gulp1', 2.778238523867468), ('Mex3a', 2.2265200124018936), ('Auts2', 2.7644796261996905), ('Ntng1', 2.348216393130967), ('Pxn', 7.286359160960646), ('Rnf38', 2.205312394500571), ('Rnf2', 1.353737019097926), ('Dock7', 21.799392865097037), ('Ovol2', 8.826860970542032), ('AI506816', 1.8718878716051348), ('Nbea', 2.480105739911316), ('Dgkz', 3.911556190764689), ('Ift74', 5.019829644706374), ('Dpp6', 6.850967516883405), ('Cdk5rap2', 8.090581523465678), ('Fnbp1l', 27.62547747302742), ('Bdnf', 1.321289765964479), ('Kif26b', 3.50159662031247), ('Igf2bp3', 1.2990307394454566), ('E130309D02Rik', 1.379983907060524), ('Lbr', 1.913812513398416), ('Pkia', 7.5297619797155955), ('Zfp618', 1.95912681253398), ('Kif18a', 3.424143347173801), ('Med13l', 6.46345065683095), ('Fbxo10', 2.2958638471814465), ('Agrn', 1.3802879783423605), ('Lrrc8d', 2.228328348728542), ('Kctd3', 1.770506822537078), ('Ptbp2', 11.889224452536808), ('Papss1', 1.2942854691963852), ('Mlxip', 5.41875734768251), ('Slc25a43', 2.555652584089645), ('Itgav', 12.334776556910134), ('Mpzl1', 10.219573632769931), ('A430005L14Rik', 1.8493652706186368), ('Igsf3', 9.47409642316951), ('Rc3h2', 1.2237788132605536), ('Lrp4', 2.9901764849548504), ('Slc25a13', 6.541999988999092), ('Tpm2', 4.661631669508797), ('Ephb6', 2.4367524719702027), ('Hat1', 2.5437478421109625), ('Raph1', 2.591171713233038), ('Vangl1', 11.727814460762064), ('Fmnl2', 1.9526115548516865), ('Secisbp2l', 1.3676582515563582), ('Sema3e', 5.4752154181353765), ('Prrg4', 2.7552038866983537), ('Pik3c2b', 4.700163197507786), ('Nfib', 2.0878141309384404), ('Dhrs9', 1.442934839212046), ('Suco', 4.43936472271929), ('Nfkb1', 6.591599442494994), ('Pkp1', 1.5619695245257574), ('Tshz2', 2.546873881877384), ('Hhat', 5.188663544538494), ('Luzp1', 2.234867403826737), ('Bcl10', 6.948291636915827), ('Creb5', 25.49889740585923), ('Ralgps2', 1.3920612062189714), ('Traf2', 2.9461480728619467), ('Rasgef1b', 1.662608264915065), ('Pak3', 5.178136604766816), ('Intu', 8.248206715324182), ('Klf7', 16.05570102970877), ('Arhgef26', 4.951010459152295), ('Zc2hc1a', 6.532359070427602), ('Nipsnap3b', 2.2995763855945555), ('Trim33', 6.307114160663279), ('Rap2c', 2.8319516382646786), ('Smc4', 3.8715635608395744), ('Arl4c', 1.5916016071635812), ('Reps2', 6.7336891369941725), ('Eya2', 2.6155031178372914), ('Phc2', 3.516128217467184), ('Abtb2', 4.477521178096417), ('Ccdc126', 6.37424348885936), ('Pla2g4a', 2.234668111190127), ('1700028E10Rik', 11.301912044927176), ('Acvr1', 1.5924646341350217), ('Chd7', 2.0895622506778717), ('Cacnb4', 2.6119141998863613), ('Shroom4', 4.034518799743523), ('Tox', 2.0117641869273792), ('Glmn', 2.131034660532455), ('Slc12a6', 2.316361133278018), ('Pinc', 1.4280659792517711), ('Rps6ka6', 4.665232214817723), ('Magi1', 9.824477077979576), ('Sbno1', 2.110519156583506), ('Col9a2', 1.9152477430840569), ('Fbxl5', 1.299370118041346), ('Nup35', 2.011727467067503), ('Cpne3', 1.551835064528681), ('Ror1', 10.79377468214382), ('Matn4', 1.991229679444423), ('Abi2', 2.602298503782602), ('Icmt', 1.2917941904658814), ('Epha4', 11.91204523481704), ('Eif2d', 1.6986196002575538), ('Plcl1', 5.2379400310012985), ('Src', 5.4828836473714215), ('Vav3', 3.512691385064501), ('Erbb4', 1.681813937539754), ('Phf6', 4.295220890176402), ('Serpinb5', 10.50384550688131), ('Fryl', 1.4648843412961712), ('Ubiad1', 2.502354436767351), ('Rgs20', 11.13979946476042), ('Ywhah', 4.979224086916165), ('Rspo1', 1.5629131843511612), ('Plch2', 2.733652124614155), ('Limch1', 1.6450645073425902), ('Arhgef38', 3.040513315518045), ('Ttl', 3.2484481129694225), ('Spred1', 8.4368682519118), ('Atp1a1', 1.7337765956154647), ('Ap1s3', 5.228040773072146), ('Dmtf1', 2.087731419145947), ('Dapp1', 2.46045152048509), ('F11r', 5.004263976591131), ('Tle1', 1.637058521334714), ('Slc25a12', 4.092561615930865)]",4985
Dlx5,metacluster_42.4,0.097890195,3.154599853,2.11E-06,0.273775,motif similar to cisbp__M02112 ('Dll[gene ID: FBgn0000157 species: Drosophila melanogaster TF status: direct TF family: Homeodomain DBDs: Homeobox]; Dlx6[gene ID: ENSMUSG00000029754 species: Mus musculus TF status: inferred TF family: Homeodomain DBDs: Homeobox]; Emx1[gene ID: ENSMUSG00000033726 species: Mus musculus TF status: inferred TF family: Homeodomain DBDs: Homeobox]; Gsx1[gene ID: ENSMUSG00000053129 species: Mus musculus TF status: inferred TF family: Homeodomain DBDs: Homeobox]; Hmx3[gene ID: ENSMUSG00000040148 species: Mus musculus TF status: inferred TF family: Homeodomain DBDs: Homeobox]; Hoxb1[gene ID: ENSMUSG00000018973 species: Mus musculus TF status: inferred TF family: Homeodomain DBDs: Homeobox]; Hoxb2[gene ID: ENSMUSG00000075588 species: Mus musculus TF status: inferred TF family: Homeodomain DBDs: Homeobox]; NANOGP8[gene ID: ENSG00000255192 species: Homo sapiens TF status: inferred TF family: Homeodomain DBDs: Homeobox]; NKX1-1[gene ID: ENSG00000235608 species: Homo sapiens TF status: inferred TF family: Homeodomain DBDs: Homeobox]; NKX1-2[gene ID: ENSG00000229544 species: Homo sapiens TF status: inferred TF family: Homeodomain DBDs: Homeobox]; Prrxl1[gene ID: ENSMUSG00000041730 species: Mus musculus TF status: inferred TF family: Homeodomain DBDs: Homeobox]'; q-value = 2.11e-06) which is annotated for orthologous gene FBgn0000157 in D. melanogaster (identity = 27%),"frozenset({'activating', 'mm10_500bp_up_100bp_down_full_tx_v10_clust.genes_vs_motifs.rankings', 'weight>90.0%'})","[('Trim2', 2.1065990215934263), ('Tnnt2', 4.831649673656784), ('Gm11468', 1.4163445299863904), ('Serpinb5', 1.820569975372882), ('Gm5148', 7.808060045242617), ('Flrt3', 1.3163567557984452), ('Olfr457', 1.878706221116492), ('Tmem132c', 1.3393395025718884), ('Lrrc26', 1.576296807520421), ('Fhl2', 1.3112490378270707), ('Gprasp2', 4.20868220582217)]",1827
E2f1,metacluster_32.25,0.101559826,3.679745314,6.28E-06,0.844394,motif similar to tfdimers__MD00240 ('M01250_forward_7_M01594_forward dimer: E2F1 / TCF-3'; q-value = 6.28e-06) which is annotated for orthologous gene ENSG00000101412 in H. sapiens (identity = 84%),"frozenset({'activating', 'mm10_500bp_up_100bp_down_full_tx_v10_clust.genes_vs_motifs.rankings', 'weight>90.0%'})","[('Rfc2', 2.3415528614869787), ('Actb', 1.3569509150570231), ('Mbnl3', 3.9662519830584415), ('Dclk2', 3.482408777608885), ('Cdc7', 7.196342260502498), ('Mms22l', 2.4502511651114194), ('Eln', 8.919583318074752)]",900
E2f1,jaspar__MA1122.1,0.111323,4.173425281,7.61E-07,0.85814,gene is orthologous to ENSG00000101412 in H. sapiens (identity = 85%) which is annotated for similar motif hocomoco__E2F1_HUMAN.H11MO.0.A ('E2F1_HUMAN'; q-value = 7.61e-07),"frozenset({'activating', 'mm10_500bp_up_100bp_down_full_tx_v10_clust.genes_vs_motifs.rankings', 'weight>90.0%'})","[('Cdc7', 7.196342260502498), ('Fcer1g', 1.2161692447161825), ('Mbnl3', 3.9662519830584415), ('Pola1', 3.33482444342866), ('Kntc1', 1.301288589782024), ('Mms22l', 2.4502511651114194), ('Map3k7', 1.6222074750029831), ('Hat1', 8.626067760147638), ('Mcm6', 1.9710014597258836), ('Sdc3', 1.3865999065120913), ('Rfc2', 2.3415528614869787), ('Efhc2', 1.3121077411611406), ('Procr', 1.5667809941177744), ('Oasl1', 4.448634258975528), ('Itpripl1', 1.5282718939899158), ('Eln', 8.919583318074752), ('Tmem67', 2.483250113304192), ('Gsn', 4.932827742605104), ('Pla2g2d', 2.101133937569735)]",4382
E2f1,metacluster_197.2,0.149593337,6.108584817,1.13E-07,0.85814,gene is orthologous to ENSG00000101412 in H. sapiens (identity = 85%) which is annotated for similar motif transfac_pro__M12597 ('V$E2F1_15: E2F1'; q-value = 1.13e-07),"frozenset({'activating', 'mm10_500bp_up_100bp_down_full_tx_v10_clust.genes_vs_motifs.rankings', 'weight>90.0%'})","[('Gsn', 4.932827742605104), ('Rfc2', 2.3415528614869787), ('Cdc7', 7.196342260502498), ('Dclk2', 3.482408777608885), ('Mms22l', 2.4502511651114194), ('Dck', 5.10527026734999), ('Col1a2', 4.019750353916288)]",759
E2f1,metacluster_197.1,0.117484068,4.484962889,3.70E-11,0.85814,gene is orthologous to ENSG00000101412 in H. sapiens (identity = 85%) which is annotated for similar motif taipale_cyt_meth__E2F1_NWTTTGGCGCCAWWWN_FL ('E2F1 [E2F]'; q-value = 3.7e-11),"frozenset({'activating', 'mm10_500bp_up_100bp_down_full_tx_v10_clust.genes_vs_motifs.rankings', 'weight>90.0%'})","[('Mcm6', 1.9710014597258836), ('E2f1', 1.0), ('Pola1', 3.33482444342866), ('Dtl', 1.575552029634324), ('Map3k7', 1.6222074750029831), ('Kntc1', 1.301288589782024), ('Mms22l', 2.4502511651114194)]",390
E2f1,metacluster_15.2,0.134549248,5.347872614,0,0.85814,gene is orthologous to ENSG00000101412 in H. sapiens (identity = 85%) which is directly annotated for motif,"frozenset({'activating', 'mm10_500bp_up_100bp_down_full_tx_v10_clust.genes_vs_motifs.rankings', 'weight>90.0%'})","[('Cdc7', 7.196342260502498), ('Rfc2', 2.3415528614869787), ('Procr', 1.5667809941177744), ('Hat1', 8.626067760147638), ('Pola1', 3.33482444342866), ('Oasl1', 4.448634258975528), ('Fcer1g', 1.2161692447161825), ('Map3k7', 1.6222074750029831), ('Itpripl1', 1.5282718939899158)]",1107
E2f1,metacluster_15.3,0.117141786,4.467655244,0,0.85814,gene is orthologous to ENSG00000101412 in H. sapiens (identity = 85%) which is directly annotated for motif,"frozenset({'activating', 'mm10_500bp_up_100bp_down_full_tx_v10_clust.genes_vs_motifs.rankings', 'weight>90.0%'})","[('Rfc2', 2.3415528614869787), ('Epha1', 1.3233844531682142), ('Mms22l', 2.4502511651114194), ('Cdc7', 7.196342260502498), ('Nfatc2', 1.793333714458038), ('Hat1', 8.626067760147638), ('Dclk2', 3.482408777608885)]",703
E2f1,metacluster_45.6,0.126497482,4.940730872,0,0.85814,gene is orthologous to ENSG00000101412 in H. sapiens (identity = 85%) which is directly annotated for motif,"frozenset({'activating', 'mm10_500bp_up_100bp_down_full_tx_v10_clust.genes_vs_motifs.rankings', 'weight>90.0%'})","[('Kntc1', 1.301288589782024), ('Mms22l', 2.4502511651114194), ('Cdc7', 7.196342260502498), ('Eln', 8.919583318074752), ('Procr', 1.5667809941177744), ('Pola1', 3.33482444342866), ('Hat1', 8.626067760147638), ('Rfc2', 2.3415528614869787), ('Itpripl1', 1.5282718939899158), ('Map3k7', 1.6222074750029831), ('Tmem67', 2.483250113304192), ('Gsn', 4.932827742605104), ('Efhc2', 1.3121077411611406), ('Kif2c', 1.433958063790751), ('Prim2', 1.599613159018561), ('Mbnl3', 3.9662519830584415)]",2292
E2f1,metacluster_197.3,0.197920232,8.552259444,0,1,gene is directly annotated,"frozenset({'activating', 'mm10_500bp_up_100bp_down_full_tx_v10_clust.genes_vs_motifs.rankings', 'weight>90.0%'})","[('Gsn', 4.932827742605104), ('Tmem67', 2.483250113304192), ('Ddrgk1', 2.0170634169398376)]",73
E2f1,transfac_pro__M00938,0.133326814,5.286059597,0,1,gene is directly annotated,"frozenset({'activating', 'mm10_500bp_up_100bp_down_full_tx_v10_clust.genes_vs_motifs.rankings', 'weight>90.0%'})","[('Cdc7', 7.196342260502498), ('Pola1', 3.33482444342866), ('Mms22l', 2.4502511651114194), ('Eln', 8.919583318074752), ('Rfc2', 2.3415528614869787), ('Tmem67', 2.483250113304192), ('Mbnl3', 3.9662519830584415), ('Kntc1', 1.301288589782024), ('Itpripl1', 1.5282718939899158), ('Prim2', 1.599613159018561)]",1180
E2f1,transfac_pro__M01251,0.105504213,3.879195317,0,1,gene is directly annotated,"frozenset({'activating', 'mm10_500bp_up_100bp_down_full_tx_v10_clust.genes_vs_motifs.rankings', 'weight>90.0%'})","[('Efhc2', 1.3121077411611406), ('Col1a2', 4.019750353916288), ('Procr', 1.5667809941177744), ('Gsn', 4.932827742605104), ('Itpripl1', 1.5282718939899158), ('Eln', 8.919583318074752), ('Mbnl3', 3.9662519830584415), ('Itm2a', 6.554639570666561)]",964
E2f2,transfac_pro__M00938,0.08347411,3.246398792,3.84E-07,1,gene is annotated for similar motif transfac_pro__M08875 ('V$E2F_Q4_03: E2F'; q-value = 3.84e-07),"frozenset({'activating', 'mm10_500bp_up_100bp_down_full_tx_v10_clust.genes_vs_motifs.rankings', 'weight>90.0%'})","[('B3glct', 1.4821698056086203), ('Cenpi', 8.752497703036047), ('Gclm', 4.1485145507663805), ('Mcm10', 1.2434217657714224), ('Ckap2l', 4.380977512726978)]",337
E2f2,metacluster_197.1,0.10763414,4.610024998,0,0.832952,motif is annotated for orthologous gene ENSG00000007968 in H. sapiens (identity = 83%),"frozenset({'activating', 'mm10_500bp_up_100bp_down_full_tx_v10_clust.genes_vs_motifs.rankings', 'weight>90.0%'})","[('B3glct', 1.4821698056086203), ('Rad54b', 1.962941420142562), ('Slc7a1', 2.022089818760168), ('Ezh2', 2.5664350379149465), ('Dck', 15.142264863959635), ('Rgs3', 2.038450550279285), ('Pola1', 4.098202887414638), ('Tox', 15.216897333586596), ('Efcab2', 1.2803068950196004), ('Prex1', 7.454434573361791), ('Gclm', 4.1485145507663805), ('Ttf2', 5.014138431011338), ('Cit', 22.51503046090029), ('A230108P19Rik', 1.326970867388125), ('Csnk2a1', 1.2566608820522336), ('Smc4', 2.125807950765015), ('Ckap2l', 4.380977512726978), ('Mms22l', 3.217594147543732), ('Faah', 1.2782162742664374), ('Prim2', 7.6843111244151), ('Psip1', 2.36895388609158), ('Shb', 2.1065486962567115), ('Mastl', 2.70240860530093), ('Ndc1', 2.0754159628564), ('Cxcr3', 3.431774591442287)]",4941
E2f2,metacluster_45.4,0.124098356,5.539288583,0,0.832952,motif is annotated for orthologous gene ENSG00000007968 in H. sapiens (identity = 83%),"frozenset({'activating', 'mm10_500bp_up_100bp_down_full_tx_v10_clust.genes_vs_motifs.rankings', 'weight>90.0%'})","[('Ckap2l', 4.380977512726978), ('Pola1', 4.098202887414638), ('Dtl', 4.500111407417486), ('E2f2', 1.0), ('Kntc1', 24.0826329228554), ('Melk', 3.718648404311204), ('Mms22l', 3.217594147543732), ('Mcm10', 1.2434217657714224), ('Rgs3', 2.038450550279285), ('Tctn1', 3.0389034094114447), ('Ppp1r8', 3.8114886412474), ('Ezh2', 2.5664350379149465), ('Rad51', 2.512390348993661), ('Cenpi', 8.752497703036047), ('Sirpb1b', 1.186798487152826), ('Smc4', 2.125807950765015), ('Csnk2a1', 1.2566608820522336), ('Faah', 1.2782162742664374), ('Kif4', 6.068138670857804), ('Kcnk2', 2.513592764882431), ('Bub1', 2.900961792670365), ('Gpat3', 2.5179117016192536), ('A230108P19Rik', 1.326970867388125), ('Slc7a1', 2.022089818760168), ('Fcmr', 3.206273801944708), ('Bub1b', 3.952831263395128), ('Prex1', 7.454434573361791), ('Ttf2', 5.014138431011338), ('Wdr76', 2.413446840609542)]",4525
E2f2,metacluster_197.3,0.192542836,9.402391681,0,1,gene is directly annotated,"frozenset({'activating', 'mm10_500bp_up_100bp_down_full_tx_v10_clust.genes_vs_motifs.rankings', 'weight>90.0%'})","[('Efcab2', 1.2803068950196004), ('Ckap2l', 4.380977512726978), ('Dtl', 4.500111407417486), ('Ezh2', 2.5664350379149465), ('E2f2', 1.0), ('Sirpb1b', 1.186798487152826), ('B3glct', 1.4821698056086203), ('Psip1', 2.36895388609158), ('Stmn1', 1.881562230461232), ('Mcm10', 1.2434217657714224), ('Clspn', 22.442134208410085), ('Kcnk2', 2.513592764882431), ('Smc4', 2.125807950765015), ('Chil3', 1.4345322055414178), ('Mms22l', 3.217594147543732), ('Rgs3', 2.038450550279285), ('Rad51', 2.512390348993661), ('Kntc1', 24.0826329228554), ('Tctn1', 3.0389034094114447), ('Pola1', 4.098202887414638), ('Shb', 2.1065486962567115), ('Tox', 15.216897333586596), ('Prim2', 7.6843111244151)]",4019
E2f2,metacluster_45.6,0.110583756,4.776505445,0,1,gene is directly annotated,"frozenset({'activating', 'mm10_500bp_up_100bp_down_full_tx_v10_clust.genes_vs_motifs.rankings', 'weight>90.0%'})","[('Ttf2', 5.014138431011338), ('Kntc1', 24.0826329228554), ('Mms22l', 3.217594147543732), ('Chek2', 1.276548747349613), ('Clspn', 22.442134208410085), ('Rad54b', 1.962941420142562), ('Pola1', 4.098202887414638), ('Kcnk2', 2.513592764882431), ('Bard1', 2.510255076570433), ('Rgs3', 2.038450550279285), ('Melk', 3.718648404311204), ('Mcm3', 2.503377447758357), ('Wdr76', 2.413446840609542), ('Ppp1r8', 3.8114886412474), ('Ezh2', 2.5664350379149465), ('Bub1', 2.900961792670365), ('E2f2', 1.0), ('Prim2', 7.6843111244151), ('Rad51', 2.512390348993661), ('Ckap2l', 4.380977512726978), ('Cenpi', 8.752497703036047), ('Prex1', 7.454434573361791), ('Mastl', 2.70240860530093), ('Cit', 22.51503046090029)]",3843
E2f2,metacluster_67.2,0.103973936,4.403437898,0,1,gene is directly annotated,"frozenset({'activating', 'mm10_500bp_up_100bp_down_full_tx_v10_clust.genes_vs_motifs.rankings', 'weight>90.0%'})","[('Ezh2', 2.5664350379149465), ('Rad54b', 1.962941420142562), ('Pola1', 4.098202887414638), ('Mms22l', 3.217594147543732), ('Ttf2', 5.014138431011338), ('Chek2', 1.276548747349613), ('Wdr76', 2.413446840609542), ('Bard1', 2.510255076570433), ('Kntc1', 24.0826329228554), ('Prex1', 7.454434573361791), ('Bub1', 2.900961792670365), ('Slc7a1', 2.022089818760168), ('Mcm3', 2.503377447758357), ('Prim2', 7.6843111244151), ('Clspn', 22.442134208410085)]",1404
Elf3,taipale_tf_pairs__GCM1_ETV7_NTNNNGGCGGAAGNNNTTCCNNN_CAP_repr,0.086303578,5.559826358,8.11E-06,1,gene is annotated for similar motif transfac_pro__M01977 ('V$ESE1_01: ESE-1'; q-value = 8.11e-06),"frozenset({'activating', 'mm10_500bp_up_100bp_down_full_tx_v10_clust.genes_vs_motifs.rankings', 'weight>90.0%'})","[('Rer1', 2.3805888016153984), ('Zdhhc4', 1.265132218491973), ('Chchd5', 4.767013550924412), ('Dtymk', 1.5416023537973191), ('Snhg8', 4.693081568148552), ('Cdk9', 2.804577315077096), ('Cox20', 4.129186329124751), ('Pomp', 3.563535092719023), ('Tomm7', 5.306175064973837), ('Rps6', 3.5327857240096656), ('Rps3a1', 4.812796314639975), ('Cox5b', 3.875374352152424), ('Arl6ip4', 1.759430610576063), ('Atp5k', 4.494725725542192), ('Rps21', 1.4482275151073447), ('Hypk', 2.6267587097892275), ('Mospd3', 4.632648234666782), ('Mrpl44', 1.7940936262940623), ('Tsen15', 1.6043767855687685), ('Mrfap1', 1.8665709636070755), ('Adh5', 1.331866125342564), ('Plod3', 2.915154801914856), ('Dnajc5', 1.752080393910182), ('Eloc', 1.4768876404772309), ('Rpl6', 5.691269483330712), ('Kdelr2', 1.6446948263898369), ('Rps27', 3.792416092468727), ('Chchd2', 2.557466148685137), ('Ost4', 1.252511837022105), ('Ergic3', 1.2979213661937103), ('Srsf9', 1.1912072467971433), ('Rps8', 4.791744362276255), ('Gas5', 1.2507284597893424), ('Denr', 1.8588988282150216), ('Cnbp', 1.318051848153924), ('Ubl4a', 5.942450138387884), ('Aph1a', 1.3690861741850031), ('Mme', 3.3147560011229564), ('Tmub1', 3.649054876524664), ('Armcx2', 2.5977792618412754), ('Areg', 4.759887713654706), ('Serp1', 1.2988965908175654), ('Csn3', 5.433413621033023), ('Rpl10', 3.856182435283882), ('Med28', 2.331708362571233), ('Rpl11', 7.259650519282836), ('Rps4x', 6.944820765102524), ('Gnl3l', 2.174387308451606), ('Osgin2', 1.500171806537862), ('Pin4', 2.716164456454805), ('Rpl7', 6.597474839088456), ('Psmc3', 1.5873915988648102), ('Gnas', 1.4936734864216774), ('Rpl12', 4.254175374904963), ('Txnip', 2.562070474940666), ('Rpl36a', 1.205512112017226), ('Cebpb', 2.628600774312722), ('Mrps14', 5.047697187598663), ('Asnsd1', 3.819244417505297), ('Gapdh', 2.0343246796502483), ('Tacstd2', 5.001565856745346), ('Ckmt1', 1.4360935812263862), ('Ssr4', 4.400720207903799), ('Phf13', 1.2108670597891025), ('Uqcrh', 1.6812668224945282), ('Rpl37a', 9.60587369035012), ('Mrps25', 1.525136914075347), ('Rpl31', 4.624242605852109), ('Gnb2', 8.999526604885517), ('H3f3a', 1.292396295813458), ('Mrpl30', 1.9538546506914292), ('Tubb4b', 10.699764654352023), ('Rnf114', 1.405863092033491), ('Edf1', 1.529809803959776)]",4540
Elf3,metacluster_191.2,0.060663259,3.199787354,6.90E-06,0.876011,motif similar to taipale_cyt_meth__ELF3_ACCCGGAAGNNNNNNNNNWWWWW_FL ('ELF3 [ETS]'; q-value = 6.9e-06) which is annotated for orthologous gene ENSG00000163435 in H. sapiens (identity = 87%),"frozenset({'activating', 'mm10_500bp_up_100bp_down_full_tx_v10_clust.genes_vs_motifs.rankings', 'weight>90.0%'})","[('Mrfap1', 1.8665709636070755), ('Ndufs5', 1.2456163857947564), ('Tomm7', 5.306175064973837), ('Zdhhc4', 1.265132218491973), ('Serinc3', 3.890573901170929), ('2510039O18Rik', 1.485187275008885), ('Rpl7', 6.597474839088456), ('Rps8', 4.791744362276255), ('Atp5k', 4.494725725542192), ('Ndufa4', 2.7321045797824257), ('Txnip', 2.562070474940666), ('Igfbp5', 3.3173696297776765), ('Csn3', 5.433413621033023), ('Mrps14', 5.047697187598663), ('Chchd5', 4.767013550924412), ('Kdf1', 3.501444771792513), ('Nucks1', 1.8531376543858324), ('Tesk1', 3.614120540918614), ('Atp1b1', 1.3767131778402375), ('Ubl4a', 5.942450138387884), ('Ergic3', 1.2979213661937103), ('Kdelr2', 1.6446948263898369), ('Tmem176a', 1.4402318771202138), ('Rpl35', 7.691085657928685), ('Rps27', 3.792416092468727), ('Psmg3', 1.6297399469042215), ('Rps6', 3.5327857240096656), ('Cox20', 4.129186329124751), ('Rer1', 2.3805888016153984), ('Pomp', 3.563535092719023), ('Sec61b', 2.849360465306749), ('Wfs1', 3.219511986395804), ('Serp1', 1.2988965908175654), ('Muc15', 1.2533604674182817), ('Enho', 1.5577480757157358), ('Asnsd1', 3.819244417505297), ('Pin4', 2.716164456454805), ('Adh5', 1.331866125342564), ('Tmem176b', 2.6741393166561247), ('Tsen15', 1.6043767855687685), ('Tuba4a', 3.456942986518744), ('Pdzk1ip1', 3.3329664303536024), ('Hypk', 2.6267587097892275), ('Tubb4b', 10.699764654352023), ('Mrpl51', 3.669263628146005), ('Gnl3l', 2.174387308451606), ('Gas5', 1.2507284597893424), ('Gnas', 1.4936734864216774), ('Mrps25', 1.525136914075347), ('Glul', 1.3321083775168596), ('Rpl22', 4.505827754773684), ('Rplp0', 4.064961398631982), ('Ncl', 1.4189531508040645), ('Plod3', 2.915154801914856), ('Rpl11', 7.259650519282836), ('Mme', 3.3147560011229564), ('Rpl12', 4.254175374904963), ('Rpl31', 4.624242605852109), ('Sdc4', 5.072587348359676)]",3950
Elf3,metacluster_166.2,0.069040107,3.970826427,5.99E-06,1,gene is annotated for similar motif transfac_pro__M01977 ('V$ESE1_01: ESE-1'; q-value = 5.99e-06),"frozenset({'activating', 'mm10_500bp_up_100bp_down_full_tx_v10_clust.genes_vs_motifs.rankings', 'weight>90.0%'})","[('Zdhhc4', 1.265132218491973), ('Chchd5', 4.767013550924412), ('Pomp', 3.563535092719023), ('Dtymk', 1.5416023537973191), ('Arl6ip4', 1.759430610576063), ('Gas5', 1.2507284597893424), ('Dnajc5', 1.752080393910182), ('Rer1', 2.3805888016153984), ('Serp1', 1.2988965908175654), ('Cdk9', 2.804577315077096), ('Chchd2', 2.557466148685137), ('Rps21', 1.4482275151073447), ('Atp5k', 4.494725725542192), ('Mrpl44', 1.7940936262940623), ('Rps6', 3.5327857240096656), ('Snhg8', 4.693081568148552), ('Txnip', 2.562070474940666), ('Hypk', 2.6267587097892275), ('Romo1', 3.5131776645045205), ('Mospd3', 4.632648234666782), ('Ergic3', 1.2979213661937103), ('Tomm7', 5.306175064973837), ('Mrpl51', 3.669263628146005), ('Gnl3l', 2.174387308451606), ('Armcx2', 2.5977792618412754), ('Lmna', 1.6764010956213398), ('Cox20', 4.129186329124751), ('Rps3a1', 4.812796314639975), ('Atp5e', 1.8597913108505215), ('Rps27', 3.792416092468727), ('Aph1a', 1.3690861741850031), ('Cox5b', 3.875374352152424), ('Rps8', 4.791744362276255), ('Dpm3', 3.846600600241573), ('Plod3', 2.915154801914856), ('Asnsd1', 3.819244417505297), ('Rpl11', 7.259650519282836), ('Psmg3', 1.6297399469042215), ('Ost4', 1.252511837022105), ('Rpl6', 5.691269483330712), ('Uqcrh', 1.6812668224945282), ('Rpl37a', 9.60587369035012), ('Mrpl30', 1.9538546506914292), ('Rpl7', 6.597474839088456), ('Rps4x', 6.944820765102524), ('Ssr4', 4.400720207903799), ('Rpl12', 4.254175374904963), ('Eloc', 1.4768876404772309), ('Rpl31', 4.624242605852109), ('Tacstd2', 5.001565856745346), ('Psmc3', 1.5873915988648102), ('Gng5', 3.0217935739161894), ('Ncl', 1.4189531508040645), ('Rpl35', 7.691085657928685), ('Csn3', 5.433413621033023), ('Mrps14', 5.047697187598663), ('Adh5', 1.331866125342564), ('Mrfap1', 1.8665709636070755), ('Pin4', 2.716164456454805), ('Tubb4b', 10.699764654352023), ('Psmb4', 1.902782996043833), ('Tmub1', 3.649054876524664), ('Edf1', 1.529809803959776), ('Cnbp', 1.318051848153924), ('Tesk1', 3.614120540918614), ('Kdelr2', 1.6446948263898369), ('Rpl21', 4.5352435024666935), ('Rnf114', 1.405863092033491), ('Crabp2', 7.627204441367524), ('Bmyc', 1.6916113787165807), ('Aurkaip1', 1.4990332628687668), ('Rhov', 5.112278000818578), ('Hmgb1', 2.43963373109869), ('Rpl39', 5.976106797825928)]",4981
Elf3,hdpi__FLI1,0.070234175,4.080733312,2.09E-06,0.831202,gene is orthologous to ENSG00000163435 in H. sapiens (identity = 83%) which is annotated for similar motif taipale_cyt_meth__ELF3_ACCCGGAAGNNNNNNNNNWWWWW_FL ('ELF3 [ETS]'; q-value = 2.09e-06),"frozenset({'activating', 'mm10_500bp_up_100bp_down_full_tx_v10_clust.genes_vs_motifs.rankings', 'weight>90.0%'})","[('Zdhhc4', 1.265132218491973), ('Dtymk', 1.5416023537973191), ('Chchd5', 4.767013550924412), ('Pomp', 3.563535092719023), ('Rer1', 2.3805888016153984), ('Chchd2', 2.557466148685137), ('Arl6ip4', 1.759430610576063), ('Cdk9', 2.804577315077096), ('Gas5', 1.2507284597893424), ('Rps21', 1.4482275151073447), ('Rps6', 3.5327857240096656), ('Cox5b', 3.875374352152424), ('Atp5k', 4.494725725542192), ('Dnajc5', 1.752080393910182), ('Hypk', 2.6267587097892275), ('Serp1', 1.2988965908175654), ('Romo1', 3.5131776645045205), ('Snhg8', 4.693081568148552), ('Mrpl44', 1.7940936262940623), ('Rps4x', 6.944820765102524), ('Gnl3l', 2.174387308451606), ('Ergic3', 1.2979213661937103), ('Mospd3', 4.632648234666782), ('Armcx2', 2.5977792618412754), ('Aph1a', 1.3690861741850031), ('Uqcrh', 1.6812668224945282), ('Asnsd1', 3.819244417505297), ('Cox20', 4.129186329124751), ('Txnip', 2.562070474940666), ('Rpl6', 5.691269483330712), ('Eloc', 1.4768876404772309), ('Atp5e', 1.8597913108505215), ('Rpl21', 4.5352435024666935), ('Rps3a1', 4.812796314639975), ('Rps8', 4.791744362276255), ('Rpl11', 7.259650519282836), ('Lmna', 1.6764010956213398), ('Kdelr2', 1.6446948263898369), ('Rpl37a', 9.60587369035012), ('Tomm7', 5.306175064973837), ('Rps27', 3.792416092468727), ('Dpm3', 3.846600600241573), ('Rpl36a', 1.205512112017226), ('Mrpl51', 3.669263628146005), ('Rpl31', 4.624242605852109), ('Rpl12', 4.254175374904963), ('Tacstd2', 5.001565856745346), ('Plod3', 2.915154801914856), ('Psmb4', 1.902782996043833), ('Ncl', 1.4189531508040645), ('Rpl35', 7.691085657928685), ('Mrpl30', 1.9538546506914292), ('Adh5', 1.331866125342564), ('Ssr4', 4.400720207903799), ('Psmc3', 1.5873915988648102), ('Tubb4b', 10.699764654352023), ('Psmg3', 1.6297399469042215), ('Bmyc', 1.6916113787165807), ('Edf1', 1.529809803959776), ('Gng5', 3.0217935739161894), ('Tmub1', 3.649054876524664), ('Tesk1', 3.614120540918614), ('Mrfap1', 1.8665709636070755), ('Ost4', 1.252511837022105), ('Cnbp', 1.318051848153924), ('Mlf2', 2.627565093077445), ('Csn3', 5.433413621033023), ('Rnf114', 1.405863092033491), ('Mrps14', 5.047697187598663)]",4662
Elf3,taipale_tf_pairs__ETV2_DLX3_RSCGGAANNNNNNNTAATKR_CAP_repr,0.063974502,3.504567601,1.99E-06,1,motif similar to transfac_pro__M01977 ('V$ESE1_01: ESE-1'; q-value = 1.99e-06) which is directly annotated,"frozenset({'activating', 'mm10_500bp_up_100bp_down_full_tx_v10_clust.genes_vs_motifs.rankings', 'weight>90.0%'})","[('Zdhhc4', 1.265132218491973), ('Rps6', 3.5327857240096656), ('Cdk9', 2.804577315077096), ('Pomp', 3.563535092719023), ('Chchd5', 4.767013550924412), ('Rpl37a', 9.60587369035012), ('Eloc', 1.4768876404772309), ('Chchd2', 2.557466148685137), ('Gas5', 1.2507284597893424), ('Ctnnd1', 2.074578271351357), ('Dtymk', 1.5416023537973191), ('Rer1', 2.3805888016153984), ('Ubl4a', 5.942450138387884), ('Cox5b', 3.875374352152424), ('Kdelr2', 1.6446948263898369), ('Rpl35', 7.691085657928685), ('Rpl36a', 1.205512112017226), ('Gnl3l', 2.174387308451606), ('Rps21', 1.4482275151073447), ('Rpl31', 4.624242605852109), ('Mrpl51', 3.669263628146005), ('Rps27', 3.792416092468727), ('2510039O18Rik', 1.485187275008885), ('Armcx2', 2.5977792618412754), ('Psmg3', 1.6297399469042215), ('Hypk', 2.6267587097892275), ('Uqcrh', 1.6812668224945282), ('Ost4', 1.252511837022105), ('Cox20', 4.129186329124751), ('Ybx1', 2.807181325090588), ('Gnb2', 8.999526604885517), ('Tmem176a', 1.4402318771202138)]",1928
Elf3,taipale_tf_pairs__FLI1_DLX2_RSCGGAARYAATTA_CAP,0.073609714,4.391431623,1.59E-06,1,gene is annotated for similar motif transfac_pro__M01977 ('V$ESE1_01: ESE-1'; q-value = 1.59e-06),"frozenset({'activating', 'mm10_500bp_up_100bp_down_full_tx_v10_clust.genes_vs_motifs.rankings', 'weight>90.0%'})","[('Zdhhc4', 1.265132218491973), ('Armcx2', 2.5977792618412754), ('Mlf2', 2.627565093077445), ('Rer1', 2.3805888016153984), ('Rps21', 1.4482275151073447), ('Rpl6', 5.691269483330712), ('Inhbb', 11.83419023755025), ('Snhg8', 4.693081568148552), ('Pla2g4a', 2.21216127274469), ('Eloc', 1.4768876404772309), ('Mrpl44', 1.7940936262940623), ('Gstm5', 2.953980760285627), ('Cdk9', 2.804577315077096), ('Efhd2', 2.4810591549045737), ('Ssr4', 4.400720207903799), ('Pomp', 3.563535092719023), ('Rab25', 2.0518161073196484), ('Rps6', 3.5327857240096656), ('Rpl37a', 9.60587369035012), ('Psmb4', 1.902782996043833), ('Cox5b', 3.875374352152424), ('Gas5', 1.2507284597893424), ('Gnb2', 8.999526604885517), ('Dtymk', 1.5416023537973191), ('Il18r1', 5.629247543309868), ('Tsen15', 1.6043767855687685), ('Mrpl51', 3.669263628146005), ('Crabp2', 7.627204441367524), ('Cox20', 4.129186329124751), ('Asnsd1', 3.819244417505297), ('Chchd5', 4.767013550924412), ('Rpl11', 7.259650519282836), ('Tyro3', 1.6187737374038031), ('Gapdh', 2.0343246796502483)]",2434
Elf3,metacluster_183.4,0.068874774,3.95560855,6.40E-07,1,gene is annotated for similar motif transfac_pro__M01977 ('V$ESE1_01: ESE-1'; q-value = 6.4e-07),"frozenset({'activating', 'mm10_500bp_up_100bp_down_full_tx_v10_clust.genes_vs_motifs.rankings', 'weight>90.0%'})","[('Pin4', 2.716164456454805), ('Ndufa4', 2.7321045797824257), ('Sec61b', 2.849360465306749), ('Tmem176a', 1.4402318771202138), ('Hmgb1', 2.43963373109869), ('Muc15', 1.2533604674182817), ('Cldn3', 3.867626107081189), ('Rpl21', 4.5352435024666935), ('Tyro3', 1.6187737374038031)]",275
Elf3,metacluster_191.3,0.065352273,3.631383238,2.47E-09,0.876011,motif similar to swissregulon__hs__ELF3 ('hs__ELF3'; q-value = 2.47e-09) which is annotated for orthologous gene ENSG00000163435 in H. sapiens (identity = 87%),"frozenset({'activating', 'mm10_500bp_up_100bp_down_full_tx_v10_clust.genes_vs_motifs.rankings', 'weight>90.0%'})","[('Phf13', 1.2108670597891025), ('Bhlhe41', 2.097549219898518), ('Rpl12', 4.254175374904963), ('Aph1a', 1.3690861741850031), ('Gng5', 3.0217935739161894), ('Ncl', 1.4189531508040645), ('Mlf2', 2.627565093077445), ('Cox5b', 3.875374352152424), ('Rpl37a', 9.60587369035012), ('Eif2s2', 1.277292584408239), ('Rpl31', 4.624242605852109), ('Mrfap1', 1.8665709636070755), ('Dnajc5', 1.752080393910182), ('Tuba4a', 3.456942986518744), ('Krtcap2', 3.3489261752277173), ('Tmub1', 3.649054876524664), ('Tubb4b', 10.699764654352023), ('Atp1b1', 1.3767131778402375), ('Gapdh', 2.0343246796502483), ('Gas5', 1.2507284597893424), ('Mrpl44', 1.7940936262940623), ('Areg', 4.759887713654706), ('Tyro3', 1.6187737374038031), ('Rpl7a', 1.198693628383574), ('Pin4', 2.716164456454805), ('Rps6', 3.5327857240096656), ('Serinc3', 3.890573901170929), ('Uqcrh', 1.6812668224945282), ('Mme', 3.3147560011229564), ('Cdk9', 2.804577315077096), ('Tmsb10', 3.0028708790446608), ('Psmc3', 1.5873915988648102), ('Inhbb', 11.83419023755025), ('Eloc', 1.4768876404772309), ('Edf1', 1.529809803959776), ('Rpl21', 4.5352435024666935), ('Slc2a1', 1.9284381635587111), ('Cldn3', 3.867626107081189), ('Ebp', 1.411159964046507), ('Psmg3', 1.6297399469042215), ('Mospd3', 4.632648234666782), ('Osgin2', 1.500171806537862), ('Wfs1', 3.219511986395804), ('Dtymk', 1.5416023537973191), ('Atpif1', 2.6143554781786293), ('Zdhhc4', 1.265132218491973), ('Tomm7', 5.306175064973837), ('Gdi1', 4.730694747415665), ('Adh5', 1.331866125342564), ('Gnas', 1.4936734864216774)]",3583
Elf3,taipale_tf_pairs__RFX3_ETV7_NNNMGGAANNNNNTCCNNNRCAACN_CAP_repr,0.068158333,3.889664419,9.40E-10,1,gene is annotated for similar motif transfac_pro__M01977 ('V$ESE1_01: ESE-1'; q-value = 9.4e-10),"frozenset({'activating', 'mm10_500bp_up_100bp_down_full_tx_v10_clust.genes_vs_motifs.rankings', 'weight>90.0%'})","[('Mlf2', 2.627565093077445), ('Rpl37a', 9.60587369035012), ('Dtymk', 1.5416023537973191), ('Lmna', 1.6764010956213398), ('Cox20', 4.129186329124751), ('Rps8', 4.791744362276255), ('Rps6', 3.5327857240096656), ('Cdk9', 2.804577315077096), ('Rpl21', 4.5352435024666935), ('Rpl10', 3.856182435283882), ('Aurkaip1', 1.4990332628687668), ('Ost4', 1.252511837022105), ('Rpl39', 5.976106797825928), ('Psmc3', 1.5873915988648102), ('Mrps14', 5.047697187598663), ('Zdhhc4', 1.265132218491973), ('Eloc', 1.4768876404772309), ('Atp5k', 4.494725725542192), ('Rps27', 3.792416092468727), ('Denr', 1.8588988282150216), ('Pomp', 3.563535092719023), ('Ncl', 1.4189531508040645), ('Ccdc148', 1.5794521246971107), ('Rab25', 2.0518161073196484), ('Chchd2', 2.557466148685137), ('Lamtor5', 1.5571494246637383), ('Elf3', 1.0), ('Rpl5', 4.102653913626988), ('Cxcl15', 2.8213141240061548), ('Mospd3', 4.632648234666782), ('Asnsd1', 3.819244417505297), ('Uqcrh', 1.6812668224945282), ('Med28', 2.331708362571233), ('Ybx1', 2.807181325090588)]",2267
Elf3,metacluster_138.2,0.066247824,3.713813403,1.33E-10,1,gene is annotated for similar motif transfac_pro__M01977 ('V$ESE1_01: ESE-1'; q-value = 1.33e-10),"frozenset({'activating', 'mm10_500bp_up_100bp_down_full_tx_v10_clust.genes_vs_motifs.rankings', 'weight>90.0%'})","[('Gas5', 1.2507284597893424), ('Notch1', 2.6513074646404), ('Rpl31', 4.624242605852109), ('2510039O18Rik', 1.485187275008885), ('Tmsb10', 3.0028708790446608), ('Gnl3l', 2.174387308451606), ('Tsen15', 1.6043767855687685), ('Snhg8', 4.693081568148552), ('Snx21', 2.282089967481181), ('Hypk', 2.6267587097892275), ('Mlf2', 2.627565093077445), ('Adh5', 1.331866125342564), ('Nucks1', 1.8531376543858324), ('Mospd3', 4.632648234666782), ('Ost4', 1.252511837022105), ('Serinc3', 3.890573901170929), ('Rhov', 5.112278000818578), ('Ephx1', 2.010242319368628), ('Cnbp', 1.318051848153924), ('Mrfap1', 1.8665709636070755), ('Pomp', 3.563535092719023), ('Cox20', 4.129186329124751), ('Kdelr2', 1.6446948263898369), ('Wfs1', 3.219511986395804), ('Mrpl51', 3.669263628146005), ('Gapdh', 2.0343246796502483), ('Ncl', 1.4189531508040645), ('Tfcp2l1', 2.59979861223966), ('Hey1', 3.370491972810342), ('Tuba4a', 3.456942986518744), ('Dynlrb1', 1.5534441667922605), ('Pkp1', 1.2949507665895152), ('Slc25a5', 7.768192211955145), ('Rpl35', 7.691085657928685), ('Tyro3', 1.6187737374038031), ('Cd164l2', 5.922422332973027), ('Osgin2', 1.500171806537862), ('Tomm7', 5.306175064973837), ('S100a11', 10.458597992816564), ('Dnajc5', 1.752080393910182), ('Gstm5', 2.953980760285627), ('Bhlha15', 1.7721815743924016), ('Asnsd1', 3.819244417505297), ('Gdi1', 4.730694747415665), ('Psmc3', 1.5873915988648102), ('Rps4x', 6.944820765102524), ('Atp5e', 1.8597913108505215), ('Mrps14', 5.047697187598663), ('Gnas', 1.4936734864216774), ('Eif2s2', 1.277292584408239), ('Rpl36a', 1.205512112017226), ('Glul', 1.3321083775168596), ('Eloc', 1.4768876404772309), ('Eif6', 3.0413877889587075), ('Mme', 3.3147560011229564), ('Emd', 2.634852981289064), ('Pin4', 2.716164456454805), ('Inhbb', 11.83419023755025), ('Rpl7a', 1.198693628383574), ('Snhg12', 1.203948266655376), ('Tceal9', 2.8065412860296752), ('Aurkaip1', 1.4990332628687668)]",4564
Elf3,metacluster_166.4,0.068544109,3.925172798,0,1,gene is directly annotated,"frozenset({'activating', 'mm10_500bp_up_100bp_down_full_tx_v10_clust.genes_vs_motifs.rankings', 'weight>90.0%'})","[('Zdhhc4', 1.265132218491973), ('Gas5', 1.2507284597893424), ('Arl6ip4', 1.759430610576063), ('Rps20', 6.499868782893818), ('Rps21', 1.4482275151073447), ('Mospd3', 4.632648234666782), ('Tuba4a', 3.456942986518744), ('Rer1', 2.3805888016153984), ('Rhov', 5.112278000818578), ('Dnajc5', 1.752080393910182), ('Serp1', 1.2988965908175654), ('Mrpl44', 1.7940936262940623), ('Rpl31', 4.624242605852109), ('Crabp2', 7.627204441367524), ('Asnsd1', 3.819244417505297), ('Tomm7', 5.306175064973837), ('Dtymk', 1.5416023537973191), ('Cebpb', 2.628600774312722), ('Rpl21', 4.5352435024666935), ('Rpl12', 4.254175374904963), ('Eloc', 1.4768876404772309), ('Uqcrh', 1.6812668224945282), ('Romo1', 3.5131776645045205), ('Cox20', 4.129186329124751), ('S100a11', 10.458597992816564), ('Lmna', 1.6764010956213398), ('Muc15', 1.2533604674182817), ('Bmyc', 1.6916113787165807), ('Pomp', 3.563535092719023), ('Snhg12', 1.203948266655376), ('Prom2', 1.569914867979904), ('Chchd5', 4.767013550924412), ('Gnas', 1.4936734864216774), ('Rps8', 4.791744362276255), ('Bhlha15', 1.7721815743924016), ('Lamtor4', 1.218702861619034), ('Gnb2', 8.999526604885517), ('Tubb4b', 10.699764654352023), ('Aph1a', 1.3690861741850031), ('Gnl3l', 2.174387308451606), ('Phf13', 1.2108670597891025), ('Rps6', 3.5327857240096656), ('Cxcl15', 2.8213141240061548), ('Areg', 4.759887713654706), ('Mlf2', 2.627565093077445), ('Hey1', 3.370491972810342), ('Cldn3', 3.867626107081189), ('Osgin2', 1.500171806537862), ('Chchd2', 2.557466148685137), ('Pin4', 2.716164456454805), ('Dpysl5', 1.229910963843742), ('Tmbim1', 2.9952696926847664), ('Armcx2', 2.5977792618412754), ('Cnn3', 1.3976107665920785), ('Igfbp5', 3.3173696297776765), ('Edf1', 1.529809803959776), ('Rnf208', 1.9488889353989949), ('Mrpl51', 3.669263628146005), ('Rps3a1', 4.812796314639975)]",4492
Elf4,tfdimers__MD00581,0.073288609,4.749262208,5.89E-06,0.79084,gene is orthologous to ENSG00000102034 in H. sapiens (identity = 79%) which is annotated for similar motif tfdimers__MD00018 ('M00971_forward_8_M00980_forward dimer: Ets / TBP'; q-value = 5.89e-06),"frozenset({'activating', 'mm10_500bp_up_100bp_down_full_tx_v10_clust.genes_vs_motifs.rankings', 'weight>90.0%'})","[('Smap2', 1.3046878514068514), ('Rassf2', 3.72402803380972), ('Elf4', 1.0), ('Fbn1', 5.053001687404262), ('Tbx15', 1.4792910428713602), ('Iqsec2', 1.5982618352369868), ('Elmo2', 5.251190611345773), ('Stard8', 1.4037213263116024), ('Elovl1', 5.340508851774113), ('Sh2d3c', 2.015198845953752), ('Fn1', 21.221573061282594), ('Akna', 13.204106983642296), ('Fgr', 5.516704697611789), ('Tsc22d4', 5.131518488833627), ('Ptgs1', 9.043313554669744), ('Sp110', 6.762330642843088), ('Ggta1', 1.45886648323457), ('Srgap2', 13.86330095840748), ('Gab3', 1.258043874528593), ('Arhgef10l', 5.366614723593108), ('Itgav', 9.500009396425584), ('Npr1', 8.200358968784053), ('Itpkb', 11.613668210183658), ('Tmem164', 5.959645860989444), ('Cers6', 4.071085338682161), ('Klhl13', 1.541839110209538), ('Inpp4a', 2.522632786205906), ('Ecm1', 4.287034323684948), ('Col5a2', 1.9400750162283829), ('Ugdh', 1.3039902299302617), ('Dgkz', 1.3889214569447443), ('Abi2', 2.674790640231312), ('Tec', 6.606227766334278), ('Col5a1', 1.9396882646211693), ('Lrmp', 7.573823494211849), ('Kcnj10', 5.231423479986043), ('Gm5127', 11.98566638241986), ('Cd34', 1.3823798245840104), ('Clec4a2', 3.0555713455857845), ('Ppp1r16b', 2.1802616319589765), ('Prrx2', 1.3543913336205349), ('Tbc1d14', 2.203114713770593), ('Ocrl', 2.8747477083603323), ('Frmd4b', 2.79430959415546), ('Tpd52', 4.33356639771578), ('Dapp1', 2.164176080060979), ('Dpp4', 2.1764087059705086), ('Sat1', 14.557928180241037), ('Rab7b', 2.8788712017122298), ('Cysltr1', 1.8433606532800757), ('Khdrbs1', 2.0261749119530887), ('Tram2', 3.1445222370608925), ('Magi2', 2.189347836237685), ('Renbp', 1.8001737697272435), ('Psd4', 4.231802642823923), ('Tbc1d8b', 2.033623118803857), ('Adgrl3', 3.1820539129637964), ('Gbp2b', 2.7789963441200194), ('Ptprj', 4.502101928815019), ('Wipf1', 41.73830943819779), ('Fcer1g', 3.0588845116205743)]",1956
Elf4,tfdimers__MD00480,0.057841312,3.032767877,2.21E-06,0.79084,gene is orthologous to ENSG00000102034 in H. sapiens (identity = 79%) which is annotated for similar motif tfdimers__MD00044 ('M00971_forward_6_M01797_reverse dimer: Ets / SIRT6'; q-value = 2.21e-06),"frozenset({'activating', 'mm10_500bp_up_100bp_down_full_tx_v10_clust.genes_vs_motifs.rankings', 'weight>90.0%'})","[('Cers6', 4.071085338682161), ('Elf4', 1.0), ('Fbn1', 5.053001687404262), ('Adamts4', 2.82592711598148), ('Cysltr1', 1.8433606532800757), ('Smox', 1.405909553740484), ('Pilrb1', 1.4745595040034642), ('Wipf1', 41.73830943819779), ('Npr1', 8.200358968784053), ('Ptpn1', 2.805023549219136), ('Tbx15', 1.4792910428713602), ('Akna', 13.204106983642296), ('Mcub', 2.064320195909314), ('Oas1g', 1.7776324555524496), ('Clec4a2', 3.0555713455857845), ('Khdrbs1', 2.0261749119530887), ('Rhoh', 9.573084462456787), ('Pilrb2', 28.81456709643301), ('Tram2', 3.1445222370608925), ('Csf3r', 3.0638676227035764), ('Fn1', 21.221573061282594), ('Fcer1g', 3.0588845116205743), ('Btk', 6.060181865093567), ('Adipor1', 1.2300801227750962), ('Dennd4c', 1.4780481879263567), ('Itgav', 9.500009396425584), ('Tspan5', 1.448145042771765), ('Vav2', 4.151133827542865), ('Tlr12', 6.674453541107617), ('Gimap4', 1.6417471138491035), ('Gbp8', 5.042040426494664), ('Adamtsl1', 3.092318541048204), ('Ppp1r16b', 2.1802616319589765), ('Frmd7', 1.2179305491396972), ('Gbp2b', 2.7789963441200194), ('Elmo2', 5.251190611345773), ('Oas1a', 3.798348531068009), ('Pilra', 5.34501411679247), ('Pnpla7', 1.9314423136882843), ('Lmo2', 1.1914475841161525), ('Tmem119', 3.3263787063060497), ('Tpm3', 3.211482242556003), ('Kcnab2', 7.641225782520079), ('Sh2b3', 1.2928865237369445), ('Sirpa', 9.66329121920798), ('Smap2', 1.3046878514068514), ('Gm5127', 11.98566638241986), ('Gm1720', 8.203466254986093), ('Cap1', 1.426258504672618), ('Srgap2', 13.86330095840748), ('Mgat4a', 2.729209247537949), ('Rassf5', 2.059389590385555), ('Sh2d1b1', 44.87968541701604), ('Arpc1b', 1.6682010192284065), ('Gimap3', 1.936990921741209), ('C430049B03Rik', 1.9073404940185672), ('Pik3cd', 6.925379429445101), ('Spsb1', 1.260661276523419), ('Abca4', 1.2456424017331822), ('Klhl13', 1.541839110209538), ('Rnf149', 1.6513254236475206), ('Runx3', 2.2621475040796586), ('Cybb', 2.811715371354769), ('Slc35f6', 1.27251246223493), ('P3h3', 1.582754488173427), ('Inpp4a', 2.522632786205906), ('Iqsec2', 1.5982618352369868), ('Fcgr1', 1.273592301177198), ('Pea15a', 3.0850473707527386), ('Calcrl', 2.9522098833994312), ('Ptpn6', 2.334304287859118), ('Pi15', 1.9615782673642443), ('Klf4', 1.2460289966357472), ('Col6a3', 3.65810739770398), ('Lrmp', 7.573823494211849), ('Tpd52', 4.33356639771578), ('Fam171a1', 1.4520145532592168), ('Slc9a4', 1.4660578100145572), ('Fcgr2b', 2.3092035614220827), ('Rgs1', 1.2790931938256762), ('Prrx2', 1.3543913336205349), ('Sass6', 2.3615140867578828), ('Dnm1', 3.105003940822392), ('Dpp4', 2.1764087059705086), ('Col3a1', 3.3904798224889894), ('Gusb', 1.268363438749269), ('Antxr2', 1.2789415210273734), ('Ecm1', 4.287034323684948), ('Padi4', 1.8793990562932064), ('Fcrls', 4.755144490448364), ('Dgkz', 1.3889214569447443), ('Col5a2', 1.9400750162283829), ('Rest', 3.558449672795666), ('Dlgap4', 2.229174028930643), ('Cd72', 3.976191758169461), ('Laptm5', 4.113674061153092), ('Dock10', 1.9873794449924391), ('Skap2', 5.797825131126382), ('Sash3', 11.20089457732704), ('Elovl1', 5.340508851774113), ('Pip4k2a', 11.530109477226144), ('Ocrl', 2.8747477083603323), ('Tnfrsf1b', 10.72931233463168), ('Pkig', 1.864239115654712), ('Cd247', 4.169607178796337), ('Sp110', 6.762330642843088), ('Sat1', 14.557928180241037), ('Rassf2', 3.72402803380972), ('Arhgap15', 11.412452415397066), ('Il18rap', 1.547333863560412), ('Lpar1', 13.048263111975777), ('Olfml2b', 1.9777546227944256), ('Arhgef2', 9.764821373341968), ('Faah', 1.3145948558834295), ('Necab3', 4.255959838938008), ('Hltf', 4.1584177875836446), ('Raph1', 1.7166975241063582), ('Sh2d3c', 2.015198845953752), ('Ifi209', 1.504675289492231), ('Ddr2', 1.5569246654108957), ('Taok3', 18.41011143262527), ('Creb5', 1.6063196184810076), ('Frmd4b', 2.79430959415546), ('Adgrd1', 2.3327685218409058)]",4972
Elf4,metacluster_167.2,0.064137778,3.732427306,2.03E-06,0.781297,motif similar to tfdimers__MD00018 ('M00971_forward_8_M00980_forward dimer: Ets / TBP'; q-value = 2.03e-06) which is annotated for orthologous gene ENSG00000102034 in H. sapiens (identity = 78%),"frozenset({'activating', 'mm10_500bp_up_100bp_down_full_tx_v10_clust.genes_vs_motifs.rankings', 'weight>90.0%'})","[('Elf4', 1.0), ('Gm1720', 8.203466254986093), ('Klhl13', 1.541839110209538), ('Cd44', 2.070961263606986), ('Gm5127', 11.98566638241986), ('Oas1g', 1.7776324555524496), ('Tram2', 3.1445222370608925), ('Csf3r', 3.0638676227035764), ('Sema3e', 1.35254225133655), ('Tmem119', 3.3263787063060497), ('Pilrb2', 28.81456709643301), ('Rassf5', 2.059389590385555), ('Rhoh', 9.573084462456787), ('Ptpn1', 2.805023549219136), ('Cntrl', 1.84124997503859), ('Oas1a', 3.798348531068009), ('Elmo2', 5.251190611345773), ('Cass4', 4.226444601338603), ('Tbx15', 1.4792910428713602), ('Col5a2', 1.9400750162283829), ('Adamts4', 2.82592711598148), ('Npr1', 8.200358968784053), ('Sh3bp2', 8.463459020590546), ('Fn1', 21.221573061282594), ('4933417E11Rik', 1.4854167316064464), ('Gbp8', 5.042040426494664), ('Mcub', 2.064320195909314), ('Lmo2', 1.1914475841161525), ('Khdrbs1', 2.0261749119530887), ('Mgat4a', 2.729209247537949), ('Prrx2', 1.3543913336205349), ('Pea15a', 3.0850473707527386), ('Pilrb1', 1.4745595040034642), ('Raph1', 1.7166975241063582), ('Cers6', 4.071085338682161), ('Mfsd7a', 4.942273402164497), ('Clec4a2', 3.0555713455857845)]",973
Elf4,tfdimers__MD00488,0.068886469,4.260099051,2.43E-08,0.79084,gene is orthologous to ENSG00000102034 in H. sapiens (identity = 79%) which is annotated for similar motif tfdimers__MD00018 ('M00971_forward_8_M00980_forward dimer: Ets / TBP'; q-value = 2.43e-08),"frozenset({'activating', 'mm10_500bp_up_100bp_down_full_tx_v10_clust.genes_vs_motifs.rankings', 'weight>90.0%'})","[('Elf4', 1.0), ('Npr1', 8.200358968784053), ('Cers6', 4.071085338682161), ('Tram2', 3.1445222370608925), ('Fcer1g', 3.0588845116205743), ('Cysltr1', 1.8433606532800757), ('Mcub', 2.064320195909314), ('Tbx15', 1.4792910428713602), ('Csf3r', 3.0638676227035764), ('Adamts4', 2.82592711598148), ('Skap2', 5.797825131126382), ('Fam171a1', 1.4520145532592168), ('Gm1720', 8.203466254986093), ('Fn1', 21.221573061282594), ('Col5a2', 1.9400750162283829), ('Gm5127', 11.98566638241986), ('Cap1', 1.426258504672618), ('Clec4a2', 3.0555713455857845), ('Wipf1', 41.73830943819779), ('Fcrls', 4.755144490448364), ('Fbn1', 5.053001687404262), ('Pilrb2', 28.81456709643301), ('Ptpn1', 2.805023549219136), ('Tpm3', 3.211482242556003), ('Gbp8', 5.042040426494664), ('Dennd4c', 1.4780481879263567), ('Rhoh', 9.573084462456787), ('Rassf5', 2.059389590385555), ('Sema3e', 1.35254225133655), ('Elovl1', 5.340508851774113), ('Vav2', 4.151133827542865), ('Pilrb1', 1.4745595040034642), ('Oas1g', 1.7776324555524496), ('Prrx2', 1.3543913336205349), ('Hltf', 4.1584177875836446), ('Fcgr1', 1.273592301177198), ('Akna', 13.204106983642296), ('Abl1', 1.9417359637632887), ('Magi2', 2.189347836237685), ('Tnfrsf1b', 10.72931233463168), ('Khdrbs1', 2.0261749119530887), ('Ugdh', 1.3039902299302617), ('Klhl13', 1.541839110209538), ('Cd44', 2.070961263606986), ('Raph1', 1.7166975241063582), ('Tmem119', 3.3263787063060497), ('Elmo2', 5.251190611345773), ('Smox', 1.405909553740484), ('Pea15a', 3.0850473707527386), ('Dlgap4', 2.229174028930643), ('Adipor1', 1.2300801227750962), ('Rab7b', 2.8788712017122298), ('Pilra', 5.34501411679247), ('Dock10', 1.9873794449924391), ('Fcgr2b', 2.3092035614220827), ('Mgat4a', 2.729209247537949), ('Gimap3', 1.936990921741209), ('Stap1', 2.298100286220589), ('Commd8', 3.019747771365159), ('4933417E11Rik', 1.4854167316064464), ('Sirpa', 9.66329121920798), ('Lmo2', 1.1914475841161525), ('Faah', 1.3145948558834295), ('Aim2', 8.98108254213352), ('Mfsd7a', 4.942273402164497), ('Cntrl', 1.84124997503859), ('Taok3', 18.41011143262527), ('Dgkz', 1.3889214569447443), ('I830077J02Rik', 1.732007243857755), ('Iqsec2', 1.5982618352369868), ('Nav1', 18.39297369260928), ('Sh2d1b1', 44.87968541701604), ('Gbp2b', 2.7789963441200194), ('BC028528', 13.891043386474015), ('Slc12a6', 5.6491731242380725), ('Antxr2', 1.2789415210273734), ('Ptpn6', 2.334304287859118), ('Pik3cd', 6.925379429445101), ('Ackr3', 2.467034131130151), ('Ppp1r16b', 2.1802616319589765), ('Rest', 3.558449672795666), ('Prrx1', 3.212968395000279), ('Tpd52', 4.33356639771578), ('Col3a1', 3.3904798224889894), ('Frmd4b', 2.79430959415546), ('Dpp4', 2.1764087059705086), ('Limk1', 3.6065703088374415), ('Ap1s2', 2.581474913846301), ('Tec', 6.606227766334278), ('Ptgis', 1.62416542835035), ('Cracr2a', 4.153159834529223), ('Rgs1', 1.2790931938256762), ('Pnpla7', 1.9314423136882843), ('Plekhm3', 3.414254526971084), ('Dnm1', 3.105003940822392), ('Smap2', 1.3046878514068514), ('Ak8', 3.7714638977364663), ('Ddr2', 1.5569246654108957), ('Inpp5d', 5.037919302776297), ('Ptprc', 19.677186695215525), ('Slamf8', 2.782862239461185), ('Slc9a4', 1.4660578100145572), ('Gimap4', 1.6417471138491035), ('Oasl1', 2.375877082850786)]",4204
Elf4,tfdimers__MD00398,0.059691148,3.23832048,7.11E-09,0.79084,gene is orthologous to ENSG00000102034 in H. sapiens (identity = 79%) which is annotated for similar motif tfdimers__MD00044 ('M00971_forward_6_M01797_reverse dimer: Ets / SIRT6'; q-value = 7.11e-09),"frozenset({'activating', 'mm10_500bp_up_100bp_down_full_tx_v10_clust.genes_vs_motifs.rankings', 'weight>90.0%'})","[('Sh2d3c', 2.015198845953752), ('Elovl1', 5.340508851774113), ('Fbn1', 5.053001687404262), ('Klhl13', 1.541839110209538), ('Fn1', 21.221573061282594), ('Gab3', 1.258043874528593), ('Itpkb', 11.613668210183658), ('Tbx15', 1.4792910428713602), ('Itgav', 9.500009396425584), ('Tmem164', 5.959645860989444), ('Col5a2', 1.9400750162283829), ('Rassf2', 3.72402803380972), ('Elmo2', 5.251190611345773), ('Ecm1', 4.287034323684948), ('Smap2', 1.3046878514068514), ('Elf4', 1.0), ('Ggta1', 1.45886648323457), ('Cd34', 1.3823798245840104), ('Npr1', 8.200358968784053), ('Dpp4', 2.1764087059705086), ('Fgr', 5.516704697611789), ('Inpp4a', 2.522632786205906), ('Arhgef10l', 5.366614723593108), ('Srgap2', 13.86330095840748), ('Stard8', 1.4037213263116024), ('Gm5127', 11.98566638241986), ('Dapp1', 2.164176080060979), ('Apbb1ip', 21.91779615740809), ('Mgat4a', 2.729209247537949), ('Gimap4', 1.6417471138491035), ('Ppp1r16b', 2.1802616319589765), ('Dgkz', 1.3889214569447443), ('Tsc22d4', 5.131518488833627), ('Lmx1a', 7.30688767808364), ('Magi2', 2.189347836237685), ('Mndal', 12.347625869692171), ('Adgrl3', 3.1820539129637964), ('Pilra', 5.34501411679247), ('Ttc39b', 2.9971754884550696), ('Ifi203', 15.462087489380233), ('Slc9a4', 1.4660578100145572), ('Sash3', 11.20089457732704), ('Faah', 1.3145948558834295), ('Pla2g4a', 5.820430794002912), ('Frmd4b', 2.79430959415546), ('Ifi204', 3.2671766181553896), ('Usp12', 4.712382577662895), ('P2rx4', 1.7803283409475206), ('Tmem119', 3.3263787063060497), ('Disp1', 3.9792628692244425), ('Gsap', 10.349376575302829), ('Iqsec2', 1.5982618352369868), ('Cd247', 4.169607178796337), ('Sp110', 6.762330642843088), ('Zyx', 10.789537448188195), ('Ocrl', 2.8747477083603323), ('Cnr2', 2.7269035679464286), ('Plekhm3', 3.414254526971084), ('Rem1', 3.1561077555812544), ('Pilrb2', 28.81456709643301), ('Pilrb1', 1.4745595040034642), ('Ackr3', 2.467034131130151), ('Spsb1', 1.260661276523419), ('Kcnj10', 5.231423479986043), ('Tpm3', 3.211482242556003), ('Dlgap4', 2.229174028930643), ('Yipf1', 1.398579587653442), ('Ptpn22', 7.723367849269256), ('Fcgr2b', 2.3092035614220827), ('Plcb2', 1.9409529765818336), ('Arhgap15', 11.412452415397066), ('Lmo2', 1.1914475841161525), ('Dnajb14', 1.4247977009168016), ('Clec4a2', 3.0555713455857845), ('Pi15', 1.9615782673642443), ('Wipf1', 41.73830943819779), ('Rap1gds1', 3.889887564706586), ('Ptgs1', 9.043313554669744), ('Cap1', 1.426258504672618), ('Gimap3', 1.936990921741209), ('Ifi207', 3.1565571511650963), ('Pkig', 1.864239115654712), ('Ptgis', 1.62416542835035), ('Lrmp', 7.573823494211849), ('Tbc1d14', 2.203114713770593), ('Nuak2', 2.888292911569857), ('Cers6', 4.071085338682161), ('Nceh1', 1.2081812730104493), ('Ddr2', 1.5569246654108957), ('Sh2b3', 1.2928865237369445), ('Mfsd7a', 4.942273402164497), ('Pip4k2a', 11.530109477226144), ('Anxa3', 2.1225436691545414)]",3302
Elf4,tfdimers__MD00174,0.058070785,3.058266807,7.07E-09,0.79084,gene is orthologous to ENSG00000102034 in H. sapiens (identity = 79%) which is annotated for similar motif tfdimers__MD00018 ('M00971_forward_8_M00980_forward dimer: Ets / TBP'; q-value = 7.07e-09),"frozenset({'activating', 'mm10_500bp_up_100bp_down_full_tx_v10_clust.genes_vs_motifs.rankings', 'weight>90.0%'})","[('Ptpn1', 2.805023549219136), ('Cd48', 1.4062350968828068), ('Fcrls', 4.755144490448364), ('Tram2', 3.1445222370608925), ('Clec4a2', 3.0555713455857845), ('Inpp5d', 5.037919302776297), ('Rhoh', 9.573084462456787), ('Cers6', 4.071085338682161), ('Ifi209', 1.504675289492231), ('Gm5150', 1.3198642921896728), ('Sh3bp2', 8.463459020590546), ('Oas1g', 1.7776324555524496), ('Arhgap30', 8.130433549562188), ('Il1rl1', 1.453035150788321), ('Lmo2', 1.1914475841161525), ('Cnr2', 2.7269035679464286), ('Fcgr1', 1.273592301177198), ('Plcb2', 1.9409529765818336), ('Cd34', 1.3823798245840104), ('Slc12a6', 5.6491731242380725), ('Rassf5', 2.059389590385555), ('BC028528', 13.891043386474015), ('Kcnab2', 7.641225782520079), ('Fam171a1', 1.4520145532592168), ('Calcrl', 2.9522098833994312), ('Sirpb1b', 1.7819348875213692), ('Fbn1', 5.053001687404262), ('Pik3cd', 6.925379429445101), ('Dennd1b', 1.4576951860792915), ('Cap1', 1.426258504672618), ('Pilrb2', 28.81456709643301), ('Cd72', 3.976191758169461), ('Taok3', 18.41011143262527), ('Smox', 1.405909553740484), ('Khdrbs1', 2.0261749119530887), ('S100a4', 1.5776747234570387), ('Cd55', 2.3496085527913326), ('Atp8a1', 4.262097877757156), ('Tlr12', 6.674453541107617), ('Chst7', 1.276290289835567), ('Runx3', 2.2621475040796586), ('Sash3', 11.20089457732704), ('Dock10', 1.9873794449924391), ('Lck', 5.486285579240495), ('Adamts4', 2.82592711598148), ('Pilra', 5.34501411679247), ('Lyn', 7.210663508119659), ('Wipf1', 41.73830943819779), ('Dnajb14', 1.4247977009168016), ('Fcer1g', 3.0588845116205743), ('Adamtsl1', 3.092318541048204), ('Spi1', 9.352997273256229), ('Yipf1', 1.398579587653442), ('Frmd4b', 2.79430959415546), ('Itgav', 9.500009396425584), ('Padi4', 1.8793990562932064), ('Sh2b3', 1.2928865237369445), ('Stap1', 2.298100286220589), ('Gusb', 1.268363438749269), ('Gbp8', 5.042040426494664), ('Il18rap', 1.547333863560412), ('Pilrb1', 1.4745595040034642), ('Ifi203', 15.462087489380233), ('Mndal', 12.347625869692171), ('Mcub', 2.064320195909314), ('Cntrl', 1.84124997503859), ('Sirpb1a', 1.2993860349279216), ('Iqsec2', 1.5982618352369868), ('Gimap3', 1.936990921741209), ('Rap1a', 9.72056706760118), ('Tbx15', 1.4792910428713602), ('Ptpn6', 2.334304287859118), ('Psd4', 4.231802642823923), ('Pla2g4a', 5.820430794002912), ('Akna', 13.204106983642296), ('Sh2d3c', 2.015198845953752), ('Laptm5', 4.113674061153092), ('Phc2', 2.0099715702402845), ('Lrmp', 7.573823494211849), ('Btk', 6.060181865093567), ('Col5a1', 1.9396882646211693), ('Tor3a', 1.6291198199676082), ('Ncoa3', 3.2867780759562404), ('Itch', 3.7270864655405287), ('Sh2d1b1', 44.87968541701604), ('Arhgef2', 9.764821373341968), ('Oas1a', 3.798348531068009), ('Sirpa', 9.66329121920798), ('Sat1', 14.557928180241037), ('Camk1d', 11.1807153389518), ('Cass4', 4.226444601338603), ('Tek', 2.3337512880082114), ('Raph1', 1.7166975241063582), ('Rgs1', 1.2790931938256762), ('Slc35f6', 1.27251246223493), ('Col3a1', 3.3904798224889894), ('Clnk', 1.921226825293184), ('Arhgap15', 11.412452415397066), ('Ugdh', 1.3039902299302617)]",3764
Elf4,metacluster_167.5,0.080723075,5.575375517,6.72E-09,0.79084,"gene is orthologous to ENSG00000102034 in H. sapiens (identity = 79%) which is annotated for similar motif taipale_cyt_meth__ELF4_NATGCGGAAGTN_eDBD_meth ('ELF4 [ETS, CpG-meth]'; q-value = 6.72e-09)","frozenset({'activating', 'mm10_500bp_up_100bp_down_full_tx_v10_clust.genes_vs_motifs.rankings', 'weight>90.0%'})","[('Sh2d3c', 2.015198845953752), ('Elovl1', 5.340508851774113), ('Iqsec2', 1.5982618352369868), ('Klhl13', 1.541839110209538), ('Inpp4a', 2.522632786205906), ('Rassf2', 3.72402803380972), ('Itpkb', 11.613668210183658), ('Tbx15', 1.4792910428713602), ('Cysltr1', 1.8433606532800757), ('Fn1', 21.221573061282594), ('Smap2', 1.3046878514068514), ('Dapp1', 2.164176080060979), ('Ecm1', 4.287034323684948), ('Elmo2', 5.251190611345773), ('Fgr', 5.516704697611789), ('Itgav', 9.500009396425584), ('Ggta1', 1.45886648323457), ('Col5a2', 1.9400750162283829), ('Gab3', 1.258043874528593), ('Cers6', 4.071085338682161), ('Elf4', 1.0), ('Tsc22d4', 5.131518488833627), ('Sirpa', 9.66329121920798), ('Csf3r', 3.0638676227035764), ('Ppp1r16b', 2.1802616319589765), ('Ptgis', 1.62416542835035), ('Akna', 13.204106983642296), ('Fbn1', 5.053001687404262), ('Oasl1', 2.375877082850786), ('Arhgef10l', 5.366614723593108), ('Srgap2', 13.86330095840748), ('Cd34', 1.3823798245840104), ('Slc12a6', 5.6491731242380725), ('Dgkz', 1.3889214569447443), ('Gbp2b', 2.7789963441200194), ('Ptgs1', 9.043313554669744), ('Tspan5', 1.448145042771765), ('Gbp8', 5.042040426494664), ('Clec4a2', 3.0555713455857845), ('Plcb2', 1.9409529765818336), ('Lmo2', 1.1914475841161525), ('Adgrl3', 3.1820539129637964), ('Nuak2', 2.888292911569857), ('Mfsd7a', 4.942273402164497), ('Mgat4a', 2.729209247537949), ('Gm5127', 11.98566638241986), ('Col5a1', 1.9396882646211693), ('Disp1', 3.9792628692244425), ('Stard8', 1.4037213263116024), ('Ackr3', 2.467034131130151), ('Arhgef2', 9.764821373341968), ('Slc9a4', 1.4660578100145572), ('Lpar1', 13.048263111975777), ('Gimap3', 1.936990921741209), ('Wipf1', 41.73830943819779), ('Frmd4b', 2.79430959415546), ('Ttc39b', 2.9971754884550696), ('Magi2', 2.189347836237685), ('Fcgr2b', 2.3092035614220827), ('Gimap4', 1.6417471138491035), ('Ddr2', 1.5569246654108957), ('Pla2g4a', 5.820430794002912), ('Cap1', 1.426258504672618), ('Mndal', 12.347625869692171), ('Tmem164', 5.959645860989444), ('Ugcg', 5.342438436151251), ('Klf4', 1.2460289966357472), ('Gsap', 10.349376575302829), ('Fcer1g', 3.0588845116205743), ('Psd4', 4.231802642823923), ('Dlgap4', 2.229174028930643), ('Tpd52', 4.33356639771578), ('Tmem119', 3.3263787063060497), ('Cnr2', 2.7269035679464286), ('P2rx4', 1.7803283409475206), ('Apbb1ip', 21.91779615740809), ('Sat1', 14.557928180241037), ('Ifi203', 15.462087489380233), ('Npr1', 8.200358968784053), ('Ptpn6', 2.334304287859118), ('Tnfrsf1b', 10.72931233463168), ('Lmx1a', 7.30688767808364), ('Sash3', 11.20089457732704), ('Ifi207', 3.1565571511650963), ('Nav1', 18.39297369260928), ('Pilra', 5.34501411679247), ('Slamf8', 2.782862239461185), ('Slc13a3', 3.5233271700301367), ('Tec', 6.606227766334278), ('Ifi204', 3.2671766181553896), ('Sh2b3', 1.2928865237369445), ('Gm5150', 1.3198642921896728), ('Sh3bp2', 8.463459020590546), ('Pip4k2a', 11.530109477226144), ('Zyx', 10.789537448188195), ('Sirpb1a', 1.2993860349279216), ('Rab7b', 2.8788712017122298), ('Ugdh', 1.3039902299302617), ('Sp100', 10.260647679038568), ('Sirpb1b', 1.7819348875213692), ('Kcnj10', 5.231423479986043), ('Rp2', 1.8402900431985063), ('Spi1', 9.352997273256229), ('Fam171a1', 1.4520145532592168), ('Cd44', 2.070961263606986), ('Antxr2', 1.2789415210273734), ('Ocrl', 2.8747477083603323), ('Tek', 2.3337512880082114), ('Dpp4', 2.1764087059705086), ('Lrrc8c', 7.034781505490118), ('Pilrb2', 28.81456709643301), ('Abi2', 2.674790640231312), ('Gna12', 3.694772921298633), ('Col6a3', 3.65810739770398)]",4833
Elf4,tfdimers__MD00396,0.059316497,3.196689573,1.67E-09,0.79084,gene is orthologous to ENSG00000102034 in H. sapiens (identity = 79%) which is annotated for similar motif tfdimers__MD00018 ('M00971_forward_8_M00980_forward dimer: Ets / TBP'; q-value = 1.67e-09),"frozenset({'activating', 'mm10_500bp_up_100bp_down_full_tx_v10_clust.genes_vs_motifs.rankings', 'weight>90.0%'})","[('Dennd4c', 1.4780481879263567), ('Tlr12', 6.674453541107617), ('Gbp8', 5.042040426494664), ('Clec4a2', 3.0555713455857845), ('Fbn1', 5.053001687404262), ('Fcer1g', 3.0588845116205743), ('Khdrbs1', 2.0261749119530887), ('Sh2b3', 1.2928865237369445), ('Ptpn1', 2.805023549219136), ('Ifi204', 3.2671766181553896), ('Lmo2', 1.1914475841161525), ('Wipf1', 41.73830943819779), ('Cers6', 4.071085338682161), ('Adamtsl1', 3.092318541048204), ('Adamts4', 2.82592711598148), ('Ocrl', 2.8747477083603323), ('Ifi211', 1.3569624129595477), ('Oas1g', 1.7776324555524496), ('Adipor1', 1.2300801227750962), ('Oas1a', 3.798348531068009), ('Rhoh', 9.573084462456787), ('Arhgap15', 11.412452415397066), ('Fcgr2b', 2.3092035614220827), ('Lrmp', 7.573823494211849), ('Gbp2b', 2.7789963441200194), ('Mcub', 2.064320195909314), ('Tpm3', 3.211482242556003), ('Cybb', 2.811715371354769), ('Pilrb1', 1.4745595040034642), ('Sh2d1b1', 44.87968541701604), ('Fn1', 21.221573061282594), ('Btk', 6.060181865093567), ('Yipf1', 1.398579587653442), ('Gusb', 1.268363438749269), ('Oas1b', 2.906390414158876), ('Psd4', 4.231802642823923), ('Smox', 1.405909553740484), ('Cd247', 4.169607178796337), ('Pnpla7', 1.9314423136882843), ('Ctss', 5.34366214116989), ('Rnf149', 1.6513254236475206), ('Pilra', 5.34501411679247), ('Elmo2', 5.251190611345773), ('Rap1a', 9.72056706760118), ('Oasl1', 2.375877082850786), ('Laptm5', 4.113674061153092), ('Ecm1', 4.287034323684948), ('Arhgef10l', 5.366614723593108), ('Raph1', 1.7166975241063582), ('Pilrb2', 28.81456709643301), ('Col5a1', 1.9396882646211693), ('Tbx15', 1.4792910428713602), ('Dapp1', 2.164176080060979), ('Prrx1', 3.212968395000279), ('Nfkb1', 1.5356920571300967), ('Gimap3', 1.936990921741209), ('Jak1', 2.377361804175411), ('Runx3', 2.2621475040796586), ('Sh2d3c', 2.015198845953752), ('Sass6', 2.3615140867578828), ('Frmd7', 1.2179305491396972), ('Dnm1', 3.105003940822392), ('Ncf1', 2.860080651899659), ('Cysltr1', 1.8433606532800757), ('Fcrls', 4.755144490448364), ('Abl1', 1.9417359637632887), ('Kcnab2', 7.641225782520079), ('Dlgap4', 2.229174028930643), ('Sp100', 10.260647679038568), ('Smap2', 1.3046878514068514), ('Rassf5', 2.059389590385555), ('Itgav', 9.500009396425584), ('Pi15', 1.9615782673642443), ('Sirpa', 9.66329121920798), ('Cd72', 3.976191758169461), ('Cenpi', 1.7172347299629531), ('Cd44', 2.070961263606986), ('Tor3a', 1.6291198199676082), ('Elovl1', 5.340508851774113), ('Ppp1r16b', 2.1802616319589765), ('Cd48', 1.4062350968828068), ('Chst7', 1.276290289835567), ('A630001G21Rik', 5.623609123754453), ('Arhgef2', 9.764821373341968), ('Cttnbp2nl', 1.5165713682965931), ('Disp1', 3.9792628692244425), ('Pkig', 1.864239115654712), ('Tmem163', 5.732692732504399), ('BC028528', 13.891043386474015), ('Bard1', 2.444311399172993), ('Nuak2', 2.888292911569857), ('Kcnj10', 5.231423479986043), ('Slc35f6', 1.27251246223493), ('Zfp992', 1.7051370053262884), ('Elf4', 1.0), ('Slc9a4', 1.4660578100145572), ('Phc2', 2.0099715702402845), ('Akna', 13.204106983642296), ('Itga4', 5.918495671663239), ('Ptpn22', 7.723367849269256), ('Antxr2', 1.2789415210273734)]",4091
Elf4,tfdimers__MD00215,0.061114819,3.396517926,3.12E-11,0.79084,gene is orthologous to ENSG00000102034 in H. sapiens (identity = 79%) which is annotated for similar motif tfdimers__MD00018 ('M00971_forward_8_M00980_forward dimer: Ets / TBP'; q-value = 3.12e-11),"frozenset({'activating', 'mm10_500bp_up_100bp_down_full_tx_v10_clust.genes_vs_motifs.rankings', 'weight>90.0%'})","[('Cers6', 4.071085338682161), ('Dennd4c', 1.4780481879263567), ('Ptpn1', 2.805023549219136), ('Fbn1', 5.053001687404262), ('Fcer1g', 3.0588845116205743), ('Sh2b3', 1.2928865237369445), ('Clec4a2', 3.0555713455857845), ('Wipf1', 41.73830943819779), ('Inpp5d', 5.037919302776297), ('Gbp8', 5.042040426494664), ('Fcrls', 4.755144490448364), ('Laptm5', 4.113674061153092), ('Lmo2', 1.1914475841161525), ('Cd72', 3.976191758169461), ('Gm5150', 1.3198642921896728), ('Fcgr2b', 2.3092035614220827), ('Khdrbs1', 2.0261749119530887), ('Lrmp', 7.573823494211849), ('Pla2g4a', 5.820430794002912), ('Arhgap15', 11.412452415397066), ('Btk', 6.060181865093567), ('Tlr12', 6.674453541107617), ('Tram2', 3.1445222370608925), ('Adamts4', 2.82592711598148), ('Gusb', 1.268363438749269), ('Dock10', 1.9873794449924391), ('Fcgr1', 1.273592301177198), ('Pilrb2', 28.81456709643301), ('Rap1a', 9.72056706760118), ('Sh3bp2', 8.463459020590546), ('Ctss', 5.34366214116989), ('Gbp2b', 2.7789963441200194), ('Zfp992', 1.7051370053262884), ('Abl1', 1.9417359637632887), ('Ncf1', 2.860080651899659), ('Cd48', 1.4062350968828068), ('Mcub', 2.064320195909314), ('Ptpn6', 2.334304287859118), ('Atp8a1', 4.262097877757156), ('Sh2d3c', 2.015198845953752), ('Cd44', 2.070961263606986), ('Pilrb1', 1.4745595040034642), ('BC028528', 13.891043386474015), ('Slc9a4', 1.4660578100145572), ('Adamtsl1', 3.092318541048204), ('Ppp1r16b', 2.1802616319589765), ('Itgav', 9.500009396425584), ('Yipf1', 1.398579587653442), ('Stk4', 1.8204531559912416), ('Rnf149', 1.6513254236475206), ('Elovl1', 5.340508851774113), ('Cap1', 1.426258504672618), ('Pilra', 5.34501411679247), ('Sirpa', 9.66329121920798), ('Frmd4b', 2.79430959415546), ('Gimap4', 1.6417471138491035), ('Smox', 1.405909553740484), ('Rest', 3.558449672795666), ('Fn1', 21.221573061282594), ('Arhgef2', 9.764821373341968), ('S100a4', 1.5776747234570387), ('Plcb2', 1.9409529765818336), ('Cd247', 4.169607178796337), ('Cysltr1', 1.8433606532800757), ('Cttnbp2nl', 1.5165713682965931), ('A630001G21Rik', 5.623609123754453), ('Apbb1ip', 21.91779615740809), ('Ifi209', 1.504675289492231), ('Oas1a', 3.798348531068009), ('Oas1g', 1.7776324555524496), ('Sh2d1b1', 44.87968541701604), ('Inpp4a', 2.522632786205906), ('Mcl1', 4.4684697179755135), ('I830077J02Rik', 1.732007243857755), ('Adipor1', 1.2300801227750962), ('Clnk', 1.921226825293184), ('Stap1', 2.298100286220589), ('Disp1', 3.9792628692244425), ('Gimap3', 1.936990921741209), ('Jak1', 2.377361804175411), ('Ptpn22', 7.723367849269256), ('Slc12a6', 5.6491731242380725), ('Icos', 1.8797718887425905), ('Arhgap30', 8.130433549562188), ('Elmo2', 5.251190611345773)]",2214
Elf4,tfdimers__MD00131,0.060407666,3.317939589,1.30E-11,0.781297,motif similar to tfdimers__MD00044 ('M00971_forward_6_M01797_reverse dimer: Ets / SIRT6'; q-value = 1.3e-11) which is annotated for orthologous gene ENSG00000102034 in H. sapiens (identity = 78%),"frozenset({'activating', 'mm10_500bp_up_100bp_down_full_tx_v10_clust.genes_vs_motifs.rankings', 'weight>90.0%'})","[('Ptpn1', 2.805023549219136), ('Adipor1', 1.2300801227750962), ('Sema3e', 1.35254225133655), ('Raph1', 1.7166975241063582), ('Wipf1', 41.73830943819779), ('4933417E11Rik', 1.4854167316064464), ('Csf3r', 3.0638676227035764), ('Tmem119', 3.3263787063060497), ('Khdrbs1', 2.0261749119530887), ('Elf4', 1.0), ('Clec4a2', 3.0555713455857845), ('Tbx15', 1.4792910428713602), ('Pnpla7', 1.9314423136882843), ('Fbn1', 5.053001687404262), ('Skap2', 5.797825131126382), ('Smox', 1.405909553740484), ('Faah', 1.3145948558834295), ('Rhoh', 9.573084462456787), ('Adam22', 4.4661970777381885), ('Rit1', 1.269964870186384), ('Oas1g', 1.7776324555524496), ('Ocrl', 2.8747477083603323), ('Mgat4a', 2.729209247537949), ('Mcub', 2.064320195909314), ('Tpm3', 3.211482242556003), ('Cd44', 2.070961263606986), ('Dgkz', 1.3889214569447443), ('Prrx2', 1.3543913336205349), ('Col3a1', 3.3904798224889894), ('Fam114a1', 1.35067474942588), ('Magi2', 2.189347836237685), ('Cd34', 1.3823798245840104), ('Pea15a', 3.0850473707527386), ('Itpkb', 11.613668210183658), ('Fam171a1', 1.4520145532592168), ('Gm1720', 8.203466254986093), ('Oas1a', 3.798348531068009), ('Btk', 6.060181865093567), ('Rassf5', 2.059389590385555), ('Cers6', 4.071085338682161), ('Lpar1', 13.048263111975777), ('Dennd4c', 1.4780481879263567), ('Fcer1g', 3.0588845116205743), ('Dlgap4', 2.229174028930643), ('Fn1', 21.221573061282594), ('Ctss', 5.34366214116989), ('C430049B03Rik', 1.9073404940185672), ('Vav3', 1.491090419768383), ('Phc2', 2.0099715702402845), ('Slc25a12', 4.205723837428987), ('Rp2', 1.8402900431985063), ('Bmp2k', 1.1907487983624905), ('Pik3cd', 6.925379429445101), ('Cntrl', 1.84124997503859), ('Pilrb2', 28.81456709643301), ('Bard1', 2.444311399172993), ('Klhl13', 1.541839110209538), ('Kcnj10', 5.231423479986043), ('Inpp4a', 2.522632786205906), ('Abi1', 3.772540659043991), ('Elovl1', 5.340508851774113), ('Prrx1', 3.212968395000279), ('Abl1', 1.9417359637632887), ('Oasl1', 2.375877082850786), ('Sh3bp2', 8.463459020590546), ('Frmd7', 1.2179305491396972), ('Taok3', 18.41011143262527), ('Nuak2', 2.888292911569857), ('Hltf', 4.1584177875836446), ('Adamts4', 2.82592711598148), ('Limk1', 3.6065703088374415), ('Capza2', 7.863916586971153), ('Mfap5', 6.213807653233637), ('Renbp', 1.8001737697272435)]",2699
Elf4,tfdimers__MD00145,0.065545058,3.8888034,1.18E-11,0.781297,motif similar to tfdimers__MD00018 ('M00971_forward_8_M00980_forward dimer: Ets / TBP'; q-value = 1.18e-11) which is annotated for orthologous gene ENSG00000102034 in H. sapiens (identity = 78%),"frozenset({'activating', 'mm10_500bp_up_100bp_down_full_tx_v10_clust.genes_vs_motifs.rankings', 'weight>90.0%'})","[('Tec', 6.606227766334278), ('Pilra', 5.34501411679247), ('Lrmp', 7.573823494211849), ('Pilrb1', 1.4745595040034642), ('Pilrb2', 28.81456709643301), ('Ifi204', 3.2671766181553896), ('Dennd4c', 1.4780481879263567), ('St6galnac3', 2.1616245436438444), ('Ifi211', 1.3569624129595477), ('Runx3', 2.2621475040796586), ('Oasl1', 2.375877082850786), ('Neurl3', 11.035477710550143), ('Dpp4', 2.1764087059705086), ('Elmo2', 5.251190611345773), ('Calcrl', 2.9522098833994312), ('Gna12', 3.694772921298633), ('Slc31a2', 2.810449000000752), ('Pea15a', 3.0850473707527386), ('Anxa3', 2.1225436691545414), ('Fbn1', 5.053001687404262), ('Sh2d3c', 2.015198845953752), ('Itga4', 5.918495671663239), ('Il1rl1', 1.453035150788321), ('Mcub', 2.064320195909314), ('Ptpn22', 7.723367849269256), ('Oas1a', 3.798348531068009), ('Ppp1r16b', 2.1802616319589765), ('Dlgap4', 2.229174028930643), ('I830077J02Rik', 1.732007243857755), ('Ptpn1', 2.805023549219136), ('Atp8a1', 4.262097877757156), ('Limk1', 3.6065703088374415), ('Col5a1', 1.9396882646211693), ('Dnajb14', 1.4247977009168016), ('Pxn', 7.114485910149091), ('Frmd4b', 2.79430959415546), ('Klf4', 1.2460289966357472), ('Ggta1', 1.45886648323457), ('Clec4a2', 3.0555713455857845), ('Sirpb1a', 1.2993860349279216), ('Lmo2', 1.1914475841161525), ('Khdrbs1', 2.0261749119530887), ('Abl1', 1.9417359637632887), ('Gfi1b', 3.7981041851099686)]",1315
Elf4,tfdimers__MD00012,0.079261939,5.41301498,5.59E-12,0.79084,gene is orthologous to ENSG00000102034 in H. sapiens (identity = 79%) which is annotated for similar motif tfdimers__MD00044 ('M00971_forward_6_M01797_reverse dimer: Ets / SIRT6'; q-value = 5.59e-12),"frozenset({'activating', 'mm10_500bp_up_100bp_down_full_tx_v10_clust.genes_vs_motifs.rankings', 'weight>90.0%'})","[('Ecm1', 4.287034323684948), ('Elovl1', 5.340508851774113), ('Inpp4a', 2.522632786205906), ('Ptgs1', 9.043313554669744), ('Rassf2', 3.72402803380972), ('Fgr', 5.516704697611789), ('Dapp1', 2.164176080060979), ('Smap2', 1.3046878514068514), ('Elmo2', 5.251190611345773), ('Gbp8', 5.042040426494664), ('Oasl1', 2.375877082850786), ('Ptpn6', 2.334304287859118), ('Iqsec2', 1.5982618352369868), ('Tlr12', 6.674453541107617), ('Adgrl3', 3.1820539129637964), ('Cd247', 4.169607178796337), ('Sh2d3c', 2.015198845953752), ('Itgav', 9.500009396425584), ('Gimap3', 1.936990921741209), ('Ggta1', 1.45886648323457), ('Itpkb', 11.613668210183658), ('Frmd4b', 2.79430959415546), ('Ppp1r16b', 2.1802616319589765), ('S100a4', 1.5776747234570387), ('Gab3', 1.258043874528593), ('Cd34', 1.3823798245840104), ('Mfsd7a', 4.942273402164497), ('Rp2', 1.8402900431985063), ('Stard8', 1.4037213263116024), ('Fn1', 21.221573061282594), ('Pilrb2', 28.81456709643301), ('Pilrb1', 1.4745595040034642), ('Cers6', 4.071085338682161), ('Actr3', 5.267759701941585), ('Pip4k2a', 11.530109477226144), ('Icos', 1.8797718887425905), ('Clec4a2', 3.0555713455857845), ('Disp1', 3.9792628692244425), ('Klhl13', 1.541839110209538), ('Pilra', 5.34501411679247), ('Gna12', 3.694772921298633), ('Rem1', 3.1561077555812544), ('Fcgr2b', 2.3092035614220827), ('Pla2g4a', 5.820430794002912), ('Col5a2', 1.9400750162283829), ('Arhgap15', 11.412452415397066), ('Mgat4a', 2.729209247537949), ('Abi2', 2.674790640231312), ('Pkig', 1.864239115654712), ('Tsc22d4', 5.131518488833627), ('Fcer1g', 3.0588845116205743), ('Slc9a4', 1.4660578100145572), ('Tpd52', 4.33356639771578), ('Fbn1', 5.053001687404262), ('Tlr13', 9.346189225793408), ('Cnr2', 2.7269035679464286), ('Cttnbp2nl', 1.5165713682965931), ('Ifi204', 3.2671766181553896), ('Tmem119', 3.3263787063060497), ('Slc13a3', 3.5233271700301367), ('Adam22', 4.4661970777381885), ('Nfkb1', 1.5356920571300967), ('Sike1', 1.3354627243170634), ('Laptm5', 4.113674061153092), ('Gimap4', 1.6417471138491035), ('Plekhm3', 3.414254526971084), ('Tbx15', 1.4792910428713602), ('Arhgef10l', 5.366614723593108), ('Mfap5', 6.213807653233637), ('Tbc1d8b', 2.033623118803857), ('Tram2', 3.1445222370608925), ('Nav1', 18.39297369260928), ('Cd48', 1.4062350968828068), ('Dlgap4', 2.229174028930643), ('Prrx2', 1.3543913336205349), ('Srgap2', 13.86330095840748), ('Slc12a6', 5.6491731242380725), ('Antxr2', 1.2789415210273734), ('Ifi207', 3.1565571511650963), ('Tmem164', 5.959645860989444), ('Tek', 2.3337512880082114), ('Hck', 3.829312601727755), ('Ncoa3', 3.2867780759562404), ('Nfe2l2', 4.951814123287622), ('Nceh1', 1.2081812730104493)]",3333
Elf4,tfdimers__MD00097,0.071305305,4.528878594,4.17E-12,0.781297,motif similar to tfdimers__MD00018 ('M00971_forward_8_M00980_forward dimer: Ets / TBP'; q-value = 4.17e-12) which is annotated for orthologous gene ENSG00000102034 in H. sapiens (identity = 78%),"frozenset({'activating', 'mm10_500bp_up_100bp_down_full_tx_v10_clust.genes_vs_motifs.rankings', 'weight>90.0%'})","[('Adamts4', 2.82592711598148), ('Tram2', 3.1445222370608925), ('Sh3bp2', 8.463459020590546), ('Cers6', 4.071085338682161), ('Abi1', 3.772540659043991), ('Akna', 13.204106983642296), ('Creb5', 1.6063196184810076), ('Elmo2', 5.251190611345773), ('Ptprc', 19.677186695215525), ('Plcb2', 1.9409529765818336), ('Inpp4a', 2.522632786205906), ('Arpc1b', 1.6682010192284065), ('Fcrls', 4.755144490448364), ('Grk4', 1.1911324287587104), ('Lrmp', 7.573823494211849), ('Wipf1', 41.73830943819779), ('Pilrb1', 1.4745595040034642), ('Cysltr1', 1.8433606532800757), ('Ptpn22', 7.723367849269256), ('Pilrb2', 28.81456709643301), ('Antxr2', 1.2789415210273734), ('Inpp5d', 5.037919302776297), ('Cd44', 2.070961263606986), ('Elovl1', 5.340508851774113), ('Ptpn6', 2.334304287859118), ('Gm5127', 11.98566638241986), ('Tlr12', 6.674453541107617), ('Vav2', 4.151133827542865), ('Dnajb14', 1.4247977009168016), ('Lyn', 7.210663508119659), ('Zfp992', 1.7051370053262884), ('Clspn', 1.7689268183698983), ('Tbx15', 1.4792910428713602), ('Msn', 3.681045764953128), ('Cttnbp2nl', 1.5165713682965931), ('Dpp4', 2.1764087059705086), ('Fnbp1', 1.4027229742326084), ('Pilra', 5.34501411679247), ('Vav3', 1.491090419768383), ('Gbp2b', 2.7789963441200194), ('Oas1g', 1.7776324555524496), ('S100a4', 1.5776747234570387), ('Dgkz', 1.3889214569447443), ('Arhgef2', 9.764821373341968), ('Dapp1', 2.164176080060979), ('Lmo2', 1.1914475841161525), ('Ppp1r16b', 2.1802616319589765), ('Dock10', 1.9873794449924391), ('Taok3', 18.41011143262527), ('Gm5150', 1.3198642921896728), ('Ifi204', 3.2671766181553896), ('Cd247', 4.169607178796337), ('Csf3r', 3.0638676227035764), ('Skap2', 5.797825131126382), ('Ptpn7', 2.0045773903468875), ('Elf4', 1.0), ('Zyx', 10.789537448188195), ('Nuak2', 2.888292911569857), ('Oas1a', 3.798348531068009), ('Fcer1g', 3.0588845116205743), ('Fbn1', 5.053001687404262), ('Stard8', 1.4037213263116024), ('Ifi209', 1.504675289492231), ('Sh2b3', 1.2928865237369445), ('Ifi203', 15.462087489380233), ('Cap1', 1.426258504672618), ('Fcgr1', 1.273592301177198), ('Rgs1', 1.2790931938256762), ('Sirpa', 9.66329121920798), ('Slc9a4', 1.4660578100145572), ('Khdrbs1', 2.0261749119530887), ('Rap1gds1', 3.889887564706586), ('Apbb1ip', 21.91779615740809), ('Faah', 1.3145948558834295), ('Gimap4', 1.6417471138491035), ('Gtf2ird2', 1.2160510912578522), ('Itgav', 9.500009396425584), ('Spi1', 9.352997273256229), ('Ptprj', 4.502101928815019), ('Commd8', 3.019747771365159), ('Mcl1', 4.4684697179755135), ('A630001G21Rik', 5.623609123754453), ('Itch', 3.7270864655405287), ('Ackr3', 2.467034131130151), ('Akt3', 5.394366699678742), ('Nfkb1', 1.5356920571300967), ('Sash3', 11.20089457732704), ('Frmd4b', 2.79430959415546), ('Il18rap', 1.547333863560412), ('Ifi207', 3.1565571511650963), ('Itga4', 5.918495671663239), ('Dennd4c', 1.4780481879263567), ('Dennd1b', 1.4576951860792915), ('Renbp', 1.8001737697272435), ('Iqsec2', 1.5982618352369868), ('Nceh1', 1.2081812730104493), ('Yipf1', 1.398579587653442), ('Clec4a2', 3.0555713455857845), ('Sp110', 6.762330642843088), ('Tspan5', 1.448145042771765), ('Ptpn1', 2.805023549219136), ('Rab7b', 2.8788712017122298), ('Tmem119', 3.3263787063060497), ('Cd48', 1.4062350968828068), ('Cd72', 3.976191758169461), ('Sat1', 14.557928180241037), ('Fam171a1', 1.4520145532592168), ('Mfsd7a', 4.942273402164497), ('Npr1', 8.200358968784053), ('Fn1', 21.221573061282594), ('Necab3', 4.255959838938008), ('Adipor1', 1.2300801227750962), ('Lpar1', 13.048263111975777), ('Tsc22d4', 5.131518488833627), ('Actr3', 5.267759701941585), ('Rhoh', 9.573084462456787), ('Mndal', 12.347625869692171), ('Soat1', 9.154645986456204), ('Lrrc8c', 7.034781505490118), ('Ctss', 5.34366214116989), ('Prrx2', 1.3543913336205349), ('Dnm1', 3.105003940822392), ('Fgr', 5.516704697611789), ('Bard1', 2.444311399172993), ('C430049B03Rik', 1.9073404940185672), ('Tbc1d8b', 2.033623118803857), ('Arhgap30', 8.130433549562188), ('Klf4', 1.2460289966357472), ('Calcrl', 2.9522098833994312), ('Ly9', 3.4739269366250323), ('Pla2g4a', 5.820430794002912), ('Slc12a6', 5.6491731242380725), ('Gbp8', 5.042040426494664), ('Plekhm3', 3.414254526971084), ('Ifi211', 1.3569624129595477), ('Gab3', 1.258043874528593), ('Mcub', 2.064320195909314), ('Rassf5', 2.059389590385555), ('Sema3e', 1.35254225133655), ('Stap1', 2.298100286220589), ('Sirpb1a', 1.2993860349279216), ('Mmp23', 5.727525199649665), ('Psd4', 4.231802642823923), ('Arhgap15', 11.412452415397066), ('Pik3cd', 6.925379429445101), ('Icos', 1.8797718887425905)]",4958
Elf4,tfdimers__MD00018,0.06580263,3.917424649,0,0.79084,gene is orthologous to ENSG00000102034 in H. sapiens (identity = 79%) which is directly annotated for motif,"frozenset({'activating', 'mm10_500bp_up_100bp_down_full_tx_v10_clust.genes_vs_motifs.rankings', 'weight>90.0%'})","[('Sh2b3', 1.2928865237369445), ('Stk4', 1.8204531559912416), ('Inpp5d', 5.037919302776297), ('Sh3bp2', 8.463459020590546), ('Clec4a2', 3.0555713455857845), ('Slc12a6', 5.6491731242380725), ('Cd72', 3.976191758169461), ('Gusb', 1.268363438749269), ('Ctss', 5.34366214116989), ('Fcer1g', 3.0588845116205743), ('Fcgr2b', 2.3092035614220827), ('Pla2g4a', 5.820430794002912), ('Laptm5', 4.113674061153092), ('Arhgap15', 11.412452415397066), ('Fcgr1', 1.273592301177198), ('Cers6', 4.071085338682161), ('Wasf2', 7.557705911043313), ('Pilra', 5.34501411679247), ('Dennd4c', 1.4780481879263567), ('Abi1', 3.772540659043991), ('Pilrb2', 28.81456709643301), ('Cysltr1', 1.8433606532800757), ('Itgav', 9.500009396425584), ('Arhgef2', 9.764821373341968), ('Frmd4b', 2.79430959415546), ('Pilrb1', 1.4745595040034642), ('Mcub', 2.064320195909314), ('Sh2d3c', 2.015198845953752), ('Rap1a', 9.72056706760118), ('Spi1', 9.352997273256229), ('BC028528', 13.891043386474015), ('Renbp', 1.8001737697272435), ('Atp8a1', 4.262097877757156), ('Ifi209', 1.504675289492231), ('Akna', 13.204106983642296), ('Clnk', 1.921226825293184), ('Slc9a4', 1.4660578100145572), ('Stap1', 2.298100286220589), ('Ugdh', 1.3039902299302617), ('Arhgap4', 2.076146232459473), ('Arpc1b', 1.6682010192284065), ('Rest', 3.558449672795666), ('Acp2', 2.4516769298003043), ('Rgs1', 1.2790931938256762), ('Jak1', 2.377361804175411), ('Dpp4', 2.1764087059705086), ('Dock10', 1.9873794449924391), ('Klhl13', 1.541839110209538), ('Fcrls', 4.755144490448364), ('Zbtb46', 1.541469588297364), ('I830077J02Rik', 1.732007243857755), ('Adamts4', 2.82592711598148), ('Ncf1', 2.860080651899659), ('Ptpn22', 7.723367849269256), ('Tec', 6.606227766334278), ('Apbb1ip', 21.91779615740809), ('Cap1', 1.426258504672618), ('Hltf', 4.1584177875836446), ('Psd4', 4.231802642823923), ('Capza2', 7.863916586971153), ('Elovl1', 5.340508851774113), ('Sirpa', 9.66329121920798), ('Cd48', 1.4062350968828068), ('Ppp1r16b', 2.1802616319589765), ('Gls', 5.481807447400665), ('Tpm3', 3.211482242556003), ('Cenpl', 3.054474929433294), ('Abl1', 1.9417359637632887), ('Lrmp', 7.573823494211849), ('Mfap5', 6.213807653233637), ('Cd44', 2.070961263606986), ('Ecm1', 4.287034323684948), ('Gbp2b', 2.7789963441200194), ('Ptprc', 19.677186695215525), ('Zfp992', 1.7051370053262884), ('Neurl3', 11.035477710550143), ('Itga4', 5.918495671663239), ('Mcl1', 4.4684697179755135), ('Taok3', 18.41011143262527), ('Dnase1l1', 3.3813042201589814), ('Hps3', 2.247368422134425), ('Gm5150', 1.3198642921896728), ('Rps6kc1', 1.3839207592411955), ('Tspan5', 1.448145042771765), ('Adamtsl1', 3.092318541048204), ('Cracr2a', 4.153159834529223), ('Slamf8', 2.782862239461185), ('Wipf1', 41.73830943819779), ('Man1c1', 3.517684366927237), ('Disp1', 3.9792628692244425), ('Fn1', 21.221573061282594), ('S100a4', 1.5776747234570387), ('Btk', 6.060181865093567), ('Col5a1', 1.9396882646211693), ('Srgap2', 13.86330095840748), ('Adgrd1', 2.3327685218409058), ('Sirpb1b', 1.7819348875213692), ('Oas1g', 1.7776324555524496), ('Ggta1', 1.45886648323457), ('Arhgef10l', 5.366614723593108), ('Ptp4a2', 2.1689183218367334), ('4933417E11Rik', 1.4854167316064464), ('Iqsec2', 1.5982618352369868), ('Sp100', 10.260647679038568), ('Slc25a24', 5.059626670273183), ('Yipf1', 1.398579587653442), ('Gfi1b', 3.7981041851099686), ('Commd8', 3.019747771365159), ('Ptprj', 4.502101928815019), ('Ly9', 3.4739269366250323), ('C430049B03Rik', 1.9073404940185672), ('Oasl1', 2.375877082850786), ('Aim2', 8.98108254213352), ('Gsap', 10.349376575302829), ('Cntrl', 1.84124997503859), ('Slc11a1', 2.792735293786361), ('Lmo2', 1.1914475841161525), ('Npr1', 8.200358968784053), ('Sdcbp', 1.944155388573234), ('Lmx1a', 7.30688767808364), ('Tpd52', 4.33356639771578), ('Col5a2', 1.9400750162283829), ('Leprot', 1.5467685369439068), ('Notch2', 3.502530952931404), ('Sirpb1a', 1.2993860349279216)]",4633
Elf4,tfdimers__MD00044,0.069389906,4.316040583,0,0.79084,gene is orthologous to ENSG00000102034 in H. sapiens (identity = 79%) which is directly annotated for motif,"frozenset({'activating', 'mm10_500bp_up_100bp_down_full_tx_v10_clust.genes_vs_motifs.rankings', 'weight>90.0%'})","[('Stk4', 1.8204531559912416), ('Sh2b3', 1.2928865237369445), ('Slc12a6', 5.6491731242380725), ('Ctss', 5.34366214116989), ('Pilra', 5.34501411679247), ('Pilrb2', 28.81456709643301), ('Pilrb1', 1.4745595040034642), ('Fcer1g', 3.0588845116205743), ('Inpp5d', 5.037919302776297), ('Dennd4c', 1.4780481879263567), ('Sh3bp2', 8.463459020590546), ('Clec4a2', 3.0555713455857845), ('Fcgr2b', 2.3092035614220827), ('Gusb', 1.268363438749269), ('Fcgr1', 1.273592301177198), ('Rap1a', 9.72056706760118), ('Renbp', 1.8001737697272435), ('Wasf2', 7.557705911043313), ('Arhgap15', 11.412452415397066), ('Sh2d3c', 2.015198845953752), ('Ugdh', 1.3039902299302617), ('Cd72', 3.976191758169461), ('Mcub', 2.064320195909314), ('Laptm5', 4.113674061153092), ('Akna', 13.204106983642296), ('Frmd4b', 2.79430959415546), ('Jak1', 2.377361804175411), ('4933417E11Rik', 1.4854167316064464), ('Pla2g4a', 5.820430794002912), ('Cysltr1', 1.8433606532800757), ('Tec', 6.606227766334278), ('Hltf', 4.1584177875836446), ('Slamf8', 2.782862239461185), ('Arhgef2', 9.764821373341968), ('Hacd4', 3.84189340940434), ('Acp2', 2.4516769298003043), ('Zbtb46', 1.541469588297364), ('Col5a2', 1.9400750162283829), ('Sirpa', 9.66329121920798), ('Ptp4a2', 2.1689183218367334), ('Abi1', 3.772540659043991), ('Abl1', 1.9417359637632887), ('Cers6', 4.071085338682161), ('Tspan5', 1.448145042771765), ('Ecm1', 4.287034323684948), ('Oasl1', 2.375877082850786), ('Dock10', 1.9873794449924391), ('Adgrd1', 2.3327685218409058), ('Srgap2', 13.86330095840748), ('Dnase1l1', 3.3813042201589814), ('Taok3', 18.41011143262527), ('Notch2', 3.502530952931404), ('Adamts4', 2.82592711598148), ('Sp100', 10.260647679038568), ('Cracr2a', 4.153159834529223), ('Ptpn22', 7.723367849269256), ('Itgav', 9.500009396425584), ('Clnk', 1.921226825293184), ('Klhl13', 1.541839110209538), ('Arhgap4', 2.076146232459473), ('Fcrls', 4.755144490448364), ('Ly9', 3.4739269366250323), ('Abcb1b', 3.08058500342206), ('Dnm1', 3.105003940822392), ('Dpp4', 2.1764087059705086), ('Ppp1r16b', 2.1802616319589765), ('Slc9a4', 1.4660578100145572), ('Lmx1a', 7.30688767808364), ('Disp1', 3.9792628692244425), ('Rps6kc1', 1.3839207592411955), ('Plekhm3', 3.414254526971084), ('Antxr2', 1.2789415210273734), ('Cenpl', 3.054474929433294), ('Ifi209', 1.504675289492231), ('Spi1', 9.352997273256229), ('Rest', 3.558449672795666), ('Mfap5', 6.213807653233637), ('Mmp23', 5.727525199649665), ('C430049B03Rik', 1.9073404940185672), ('Npr1', 8.200358968784053), ('Arpc1b', 1.6682010192284065), ('Atp8a1', 4.262097877757156), ('Fnbp1', 1.4027229742326084)]",2672
Fosl2,tfdimers__MD00176,0.06441688,3.243206528,2.37E-07,0.95092,motif similar to tfdimers__MD00098 ('M01665_forward_9_M00925_forward dimer: IRF-8 / AP-1'; q-value = 2.37e-07) which is annotated for orthologous gene ENSG00000075426 in H. sapiens (identity = 95%),"frozenset({'activating', 'mm10_500bp_up_100bp_down_full_tx_v10_clust.genes_vs_motifs.rankings', 'weight>90.0%'})","[('Smap2', 1.8003792232848388), ('Tbc1d8', 12.493014188570784), ('Pianp', 1.3127492564523455), ('Elmo2', 1.411404718704247), ('Fn1', 3.818034503105188), ('Fgr', 2.2894594691053403), ('Tsc22d4', 1.3694834177270303), ('S100a10', 1.4583509230712814), ('AA986860', 1.2961320852252858), ('Itpkb', 4.376564540334396), ('Cers6', 3.2806989491663416), ('Abtb2', 1.9008154301393243), ('F5', 1.82540787558341), ('Sdhaf4', 1.6778626256669138), ('Ppp1cb', 1.441678813202888)]",800
Fosl2,tfdimers__MD00050,0.063655796,3.173745959,3.47E-08,0.95092,motif similar to tfdimers__MD00314 ('M01250_forward_6_M00925_forward dimer: E2F1 / AP-1'; q-value = 3.47e-08) which is annotated for orthologous gene ENSG00000075426 in H. sapiens (identity = 95%),"frozenset({'activating', 'mm10_500bp_up_100bp_down_full_tx_v10_clust.genes_vs_motifs.rankings', 'weight>90.0%'})","[('Pip4k2a', 2.0074373579584104), ('Bcl10', 2.020024286869765), ('Mob4', 1.9127701695298451), ('Tax1bp1', 1.8193737902528029), ('Ppp1cb', 1.441678813202888), ('Mgat5', 8.799710289387068), ('Capzb', 3.4924382052800067), ('Ptgfr', 1.372410164360967), ('Sdhaf4', 1.6778626256669138), ('Rab3b', 1.3671443294030412), ('Hopx', 5.466453842485883)]",336
Foxj2,jaspar__MA1952.1,0.083567124,3.416523784,0,0.916814,gene is orthologous to ENSG00000065970 in H. sapiens (identity = 91%) which is directly annotated for motif,"frozenset({'activating', 'mm10_500bp_up_100bp_down_full_tx_v10_clust.genes_vs_motifs.rankings', 'weight>90.0%'})","[('Map1lc3a', 1.5591180812564454), ('Ralb', 3.539336689656209), ('Hes6', 1.440174287783888), ('Zfp593', 1.5591133873804297), ('Ube2q1', 1.412250918803534), ('Mospd3', 1.3170241496760773), ('Cox18', 6.9709141475212055), ('Vtcn1', 1.1969764636426692)]",997
Foxo1,tfdimers__MD00254,0.053156187,3.040993219,8.57E-08,0.926718,motif similar to tfdimers__MD00195 ('M01216_forward_5_M01659_forward dimer: FOXO1 / Cdx-2'; q-value = 8.57e-08) which is annotated for orthologous gene ENSG00000150907 in H. sapiens (identity = 92%),"frozenset({'activating', 'mm10_500bp_up_100bp_down_full_tx_v10_clust.genes_vs_motifs.rankings', 'weight>90.0%'})","[('Kctd18', 2.021095615155991), ('Zfp746', 5.948094033365188), ('Mpdz', 6.41722707095646), ('Lpgat1', 25.13361604450616), ('Zyg11a', 4.622270177616319), ('Dhrs3', 7.70708336546434), ('Zfx', 3.3268335055576665), ('Ptger3', 4.123772291470424), ('Dnaja1', 3.6827133524063016), ('Med14', 4.809815982915499), ('Jag1', 2.171073722895312), ('Pitpnm2', 2.8233596879851635), ('Rab28', 5.593426052566472), ('Clock', 4.968480446302507), ('Sec24b', 3.961188490781099), ('Ube2j1', 6.892152276021801), ('D5Ertd579e', 2.5833690134418736), ('Hp1bp3', 2.6106345065497805), ('Kiz', 1.3065004862544094), ('Ythdf2', 1.3614571846152486), ('Grsf1', 3.6411388247969225), ('Osbpl9', 4.397621964536991), ('Ubr3', 6.059762385636215), ('Pole4', 1.2313288745044546), ('Psmd1', 2.4419243971095788), ('Zbtb37', 2.024217817320372), ('Rabgap1', 2.465636244461366), ('Kcnk2', 1.4873777693746055), ('Raver2', 2.523100782352027), ('Hibadh', 1.443974897675706), ('Sptan1', 7.184554695430249), ('Mbnl1', 8.55638528363201), ('Ankrd44', 1.2676109436739398), ('Ppp1r12b', 9.227926579096492), ('Rbm47', 6.282841772506738), ('Lekr1', 5.45776953681568), ('Srsf6', 6.637784325525636), ('Tgfbr3', 9.47462145279575), ('Ppfibp1', 2.5317164680071955), ('Nrd1', 3.763214194152365), ('Negr1', 3.4500206860353413), ('Caprin2', 1.4876861546910478), ('Foxo1', 1.0), ('Otud6b', 3.4135890263563224), ('2610301B20Rik', 2.2052265596550416), ('Plcb1', 7.837560212957211), ('Slc30a9', 1.5754513912450974), ('Lmtk2', 1.705167650960703), ('Paqr3', 1.76621957721291), ('Phf21a', 1.9202910522785683), ('Cbfa2t2', 4.369908786431857), ('Optn', 1.8878706510294636), ('Caprin1', 1.2045592445926852), ('Firre', 2.5866491654659884), ('A130010J15Rik', 2.7572154130298743), ('Crot', 1.407508207518423), ('Tmem29', 5.1255019613247885), ('Txnrd3', 4.34760262894009), ('Trp53inp1', 3.2115429304391583), ('Gm12610', 3.85493389706603), ('Rbbp4', 1.8350427845503947), ('Pls3', 2.3771794911773143), ('Fign', 1.4796346993841771), ('Xiap', 1.398613424197625), ('Per3', 1.56598351394067), ('Nos1ap', 2.7752719406996698), ('Zcchc7', 1.8209614592966936), ('Trip12', 4.158868717981395), ('Snx7', 4.896274659569764), ('Nsfl1c', 3.4886223681916406), ('Synpo2', 1.6446796933360448), ('Nbeal1', 3.719298241494336), ('Uba6', 2.603482920074264), ('Rngtt', 2.3406153970207035), ('Susd4', 1.4678399587793454), ('Slc25a26', 1.392117907732218), ('Mcm6', 5.573084674918651), ('Rchy1', 1.6097970773899668), ('Psen2', 9.246278403329535), ('Efcab2', 2.0585253129313554), ('Pabpc4', 3.2334862653318264), ('Bnc2', 6.10765800200943), ('Psma5', 2.639431357625369), ('Sycp2', 12.751289186322792), ('Clk2', 2.3441483855550564), ('Nbn', 3.772553696401049), ('Letm1', 2.561261231185942), ('B3glct', 3.4026445284136444), ('Pdlim5', 2.285061714211209), ('Bcl2', 3.3074159139819383), ('Prrc2c', 1.9680647730929213), ('Rheb', 1.2640397469275713), ('Zeb2', 4.296627109579447), ('Prpf38b', 9.128446623606886), ('Cat', 7.240093382303288), ('Mfn2', 2.0152432768720674), ('Auts2', 1.8509567594837817), ('Uba3', 7.339558565644184), ('Plekha3', 1.918367307970408), ('Gpn1', 2.7273336756874644), ('Plaa', 1.3350580315811078), ('Asph', 26.831039873843345), ('Taf3', 3.5844177026045427), ('Fmr1', 16.581305864266017), ('Cab39', 1.3662809693111135), ('Ubap1', 5.009608672732531), ('Zbtb41', 10.686003787652536), ('Cdc73', 4.211766903256303), ('Atxn2', 3.2942343349872503), ('Mad1l1', 2.697310373573022), ('Usp45', 1.604630827614429), ('Phka2', 2.453134802170526), ('Olfm1', 3.4591554225642165), ('Tnks1bp1', 2.0667820216329496), ('Tmem245', 4.409377728558901), ('Pla2g12a', 4.424467483527856), ('Mecp2', 5.508408303565572), ('Rnf20', 3.2662698583159187), ('Zmym4', 1.840313444561635), ('Aox1', 4.60079251374585), ('9330175M20Rik', 1.261241516099552), ('Nat10', 1.6022093581404178), ('Zyg11b', 9.9552399006643), ('Qsox2', 4.577184523763056), ('Snap23', 1.7423725434443726), ('Cdan1', 3.110845080895838), ('Ptp4a1', 3.729412443792382), ('Clip1', 1.79759424517042), ('Rnd3', 14.555682529486184), ('Atp10d', 2.9157225632223054), ('Kctd3', 3.745246612436283), ('Pgrmc2', 2.909170150150782), ('Prr14l', 1.1873655826299483), ('Camta1', 1.9789067935584157), ('Mkks', 3.744820804101233), ('Tsc22d3', 35.19884921246757), ('Ube2k', 5.736492691152823), ('Tmem38b', 14.922730450497458), ('Snx10', 5.7027301965617285), ('Pogz', 1.5310246009588364), ('Ankef1', 5.042631361867281), ('Prkaa2', 9.47153860763011), ('Slc16a1', 1.7878069376052927), ('Acbd5', 2.215295744009296), ('Gatad1', 1.622834703668392), ('Alas2', 3.1223821424310207), ('Slc25a53', 2.5193076518272384), ('Hmces', 1.34263246673719), ('Ephb2', 5.780625424996691), ('Dtymk', 3.1761058611246784), ('Psmd14', 8.143450611302727), ('Fbxw8', 9.176280095510204), ('Nr2c2', 4.093719773331521), ('Mllt10', 4.298375695961883), ('Pakap', 8.542212595997206), ('Nfia', 4.450803925477073), ('Usp8', 1.7713448520220083), ('Mrps5', 2.3999755363704054), ('Zfp451', 2.038320549372036), ('Orc5', 3.223346793856918), ('Ccng2', 4.336167078867022), ('Dst', 8.486128196511114), ('Rxra', 16.73350502123519), ('Mtch2', 4.129520763399575), ('Secisbp2l', 1.5414232969064192), ('Poln', 6.485751603923601), ('Mtm1', 4.089446025587191), ('Wwtr1', 13.526609472652185), ('Ccdc3', 1.494593680987011), ('Nfib', 4.595755056553656), ('Adig', 7.893788176430898), ('Sulf2', 14.200112203230796), ('Klf15', 5.252373819820641), ('Eif2b3', 2.1043640125691097), ('Rimkla', 1.927924724269778), ('Rab22a', 3.470410901855776), ('Nucks1', 2.3807279609961207), ('2410004B18Rik', 3.1415684191701043), ('Dcun1d4', 2.1620724438679177), ('Ube2f', 1.4573489900190153), ('Fam126a', 1.4738241785622517), ('Eprs', 7.491464434445654), ('Larp1b', 3.3850752924780694), ('Ube2a', 3.3606907528936496), ('Cachd1', 2.6229035801289684), ('Atp6v1h', 5.005722679365308), ('Stam', 1.5337888168417044), ('Ola1', 6.129832851221391), ('Caap1', 5.869783460051431), ('Rhbdd2', 3.0912567798479014), ('Rabggtb', 2.4949576440807832), ('Rlf', 1.4148190308721382), ('Zmym3', 1.6084630693955435), ('Cux1', 4.146144069559997), ('Atp9a', 1.6123560420774905), ('Pigg', 8.682962682766535), ('Ptch2', 4.368130153561126), ('Ptpn4', 3.865952094356522), ('Arap2', 13.583584180217333), ('Tfr2', 1.3964490855151446), ('Tdrd7', 16.326174349344555), ('Znfx1', 1.4981151049603996), ('Pmepa1', 6.478177008376278), ('Vcp', 1.9425900046190812), ('Thrap3', 2.5484886734474097), ('Adora1', 5.465722352367552), ('Dedd', 2.4592401762853653), ('Sfswap', 2.2653870163814407)]",3306
Gata2,transfac_pro__M01207,0.116591238,4.090948699,8.82E-06,0.979167,gene is orthologous to ENSG00000179348 in H. sapiens (identity = 97%) which is annotated for similar motif tfdimers__MD00562 ('M00025_forward_24_M00789_forward dimer: Elk-1 / GATA'; q-value = 8.82e-06),"frozenset({'activating', 'mm10_500bp_up_100bp_down_full_tx_v10_clust.genes_vs_motifs.rankings', 'weight>90.0%'})","[('Nr5a2', 1.2773464059620911), ('Cst3', 17.454988362674623), ('Mecom', 2.799955967430369), ('Gja5', 36.32616895043381), ('Pea15a', 1.9490921212894765), ('Kank4', 1.3165452152644097), ('Gbp3', 1.829943971378803), ('Emilin1', 15.103782007436456), ('Fgd5', 5.653070915974936), ('Tinagl1', 2.623745563570302), ('Lmo2', 6.516651884040425), ('Gbp5', 3.1863351536795226)]",779
Gata2,metacluster_183.1,0.102136634,3.396525692,1.57E-06,0.979167,gene is orthologous to ENSG00000179348 in H. sapiens (identity = 97%) which is annotated for similar motif tfdimers__MD00562 ('M00025_forward_24_M00789_forward dimer: Elk-1 / GATA'; q-value = 1.57e-06),"frozenset({'activating', 'mm10_500bp_up_100bp_down_full_tx_v10_clust.genes_vs_motifs.rankings', 'weight>90.0%'})","[('Selp', 2.1846653923825614), ('Cytl1', 6.448964735358212), ('Vim', 9.822416847162398), ('Elmo2', 1.238448581706746), ('Cst3', 17.454988362674623), ('Kank4', 1.3165452152644097), ('Gbp9', 1.387110750631899), ('Lmo2', 6.516651884040425), ('Gbp3', 1.829943971378803), ('Pea15a', 1.9490921212894765), ('Nr5a2', 1.2773464059620911), ('Gja5', 36.32616895043381), ('Gbp4', 2.302441564990901)]",974
Gata2,tfdimers__MD00176,0.096995166,3.149521129,3.66E-07,0.979167,motif similar to tfdimers__MD00361 ('M00791_forward_10_M00789_forward dimer: HNF3 / GATA'; q-value = 3.66e-07) which is annotated for orthologous gene ENSG00000179348 in H. sapiens (identity = 97%),"frozenset({'activating', 'mm10_500bp_up_100bp_down_full_tx_v10_clust.genes_vs_motifs.rankings', 'weight>90.0%'})","[('Gbp9', 1.387110750631899), ('Lmo2', 6.516651884040425), ('Gbp5', 3.1863351536795226), ('Nr5a2', 1.2773464059620911)]",47
Gata2,metacluster_167.5,0.096487177,3.125116487,2.13E-09,0.979167,gene is orthologous to ENSG00000179348 in H. sapiens (identity = 97%) which is annotated for similar motif tfdimers__MD00562 ('M00025_forward_24_M00789_forward dimer: Elk-1 / GATA'; q-value = 2.13e-09),"frozenset({'activating', 'mm10_500bp_up_100bp_down_full_tx_v10_clust.genes_vs_motifs.rankings', 'weight>90.0%'})","[('Emilin1', 15.103782007436456), ('Gbp5', 3.1863351536795226), ('Gbp4', 2.302441564990901), ('Gbp9', 1.387110750631899), ('Gbp3', 1.829943971378803), ('Mall', 5.272286978413443), ('Stmn2', 28.1186184935332)]",519
Gfi1,tfdimers__MD00147,0.122079858,3.369834138,3.77E-06,0.876777,motif similar to tfdimers__MD00408 ('M01067_forward_6_M00971_forward dimer: Gfi1 / Ets'; q-value = 3.77e-06) which is annotated for orthologous gene ENSG00000162676 in H. sapiens (identity = 87%),"frozenset({'activating', 'mm10_500bp_up_100bp_down_full_tx_v10_clust.genes_vs_motifs.rankings', 'weight>90.0%'})","[('Ggt7', 1.216683680288478), ('Crmp1', 3.542410328036173), ('Sh3gl2', 1.2669016466244842), ('Lef1', 1.6510588710193623), ('Il2', 1.4405948241783593), ('Tspan11', 3.1702793234956683), ('Cd247', 8.438060366521363), ('Nrarp', 2.685779835836948), ('Zfp831', 5.410083560389572), ('Gimap4', 4.087886146327943), ('Cd28', 3.2737276026688904)]",3028
Gfi1b,tfdimers__MD00012,0.11603176,3.223212384,5.11E-06,0.851515,motif similar to tfdimers__MD00052 ('M01067_forward_7_M01894_forward dimer: Gfi1 / YY1'; q-value = 5.11e-06) which is annotated for orthologous gene ENSG00000165702 in H. sapiens (identity = 85%),"frozenset({'activating', 'mm10_500bp_up_100bp_down_full_tx_v10_clust.genes_vs_motifs.rankings', 'weight>90.0%'})","[('Fn1', 8.037642645368708), ('Kctd12b', 2.169627350332297), ('Gm5127', 1.5208364963842562), ('Elovl1', 1.8703998767854848)]",347
Gfi1b,tfdimers__MD00508,0.111474188,3.052623953,3.20E-07,0.851515,motif similar to tfdimers__MD00052 ('M01067_forward_7_M01894_forward dimer: Gfi1 / YY1'; q-value = 3.2e-07) which is annotated for orthologous gene ENSG00000165702 in H. sapiens (identity = 85%),"frozenset({'activating', 'mm10_500bp_up_100bp_down_full_tx_v10_clust.genes_vs_motifs.rankings', 'weight>90.0%'})","[('Elf4', 2.0073220438735278), ('Col27a1', 1.2519226054541943), ('Elovl1', 1.8703998767854848), ('Fn1', 8.037642645368708), ('Fgr', 2.045628043929314)]",369
Hdx,tfdimers__MD00159,0.091839367,4.328885361,2.26E-07,0.903179,gene is orthologous to ENSG00000165259 in H. sapiens (identity = 90%) which is annotated for similar motif tfdimers__MD00566 ('M00377_forward_5_M01333_forward dimer: Pax-4 / Hdx'; q-value = 2.26e-07),"frozenset({'activating', 'mm10_500bp_up_100bp_down_full_tx_v10_clust.genes_vs_motifs.rankings', 'weight>90.0%'})","[('Plk3', 4.811942349338811), ('Col5a1', 2.033266516569882), ('Trpv6', 2.800291363724729), ('Shroom4', 3.1238766266824145), ('Hnrnpd', 1.6269226914848194), ('Flna', 1.2972309321673767), ('Prkacb', 1.7487603798286788), ('Adamtsl1', 1.3833728211200318), ('Pls3', 4.443035262967601), ('Nmnat2', 1.500801809062162)]",724
Klf4,tfdimers__MD00332,0.0564734,3.362885252,3.47E-07,0.914405,motif similar to tfdimers__MD00391 ('M01588_forward_8_M01113_forward dimer: GKLF (KLF4) / CACD'; q-value = 3.47e-07) which is annotated for orthologous gene ENSG00000136826 in H. sapiens (identity = 91%),"frozenset({'activating', 'mm10_500bp_up_100bp_down_full_tx_v10_clust.genes_vs_motifs.rankings', 'weight>90.0%'})","[('Fbn1', 3.310891372741116), ('Ran', 2.9268649112659304), ('Vsig4', 1.6960127385134809), ('Wipf1', 2.495238043102818), ('Rbp7', 2.5817743282680787), ('Smim1', 3.1861281727570057), ('Hoxd8', 2.66550071545191), ('Actb', 1.2254555680251444), ('Fcgr2b', 1.4087290392146063), ('Wfdc2', 4.22520408701724), ('Fbxo44', 7.009900717036542), ('Gapdh', 3.000256533886186), ('S100a13', 2.1280265751934926), ('Rplp0', 2.5212652931928545), ('Cops6', 2.3914398712184752), ('Fcer1g', 1.36343588277864), ('Wdr77', 4.805853775634547), ('Cxcl15', 10.056290908756443), ('Plac8', 1.828483669877348), ('Mfap5', 6.441530474185593), ('Eng', 1.213451574008598), ('Psmb4', 2.7438714638116277), ('Col5a1', 1.5041342563265), ('Ano3', 2.980463956222745), ('R3hdml', 10.667750591312132), ('Dnttip2', 1.7897957502444204), ('Disp1', 1.314939461967487), ('Ppm1g', 5.128101387138035)]",1115
Klf4,metacluster_133.2,0.053891963,3.061782535,4.23E-10,0.914405,motif similar to tfdimers__MD00391 ('M01588_forward_8_M01113_forward dimer: GKLF (KLF4) / CACD'; q-value = 4.23e-10) which is annotated for orthologous gene ENSG00000136826 in H. sapiens (identity = 91%),"frozenset({'activating', 'mm10_500bp_up_100bp_down_full_tx_v10_clust.genes_vs_motifs.rankings', 'weight>90.0%'})","[('Hypk', 1.7773886667836645), ('C1qa', 1.918570849138424), ('Coa5', 7.0554988853420655), ('Sec61b', 5.930478173495724), ('Ube2t', 1.3816619713949732), ('Krtcap2', 3.479073666226957), ('Npr1', 13.060965077384854), ('Arpc5l', 1.6200172767319905), ('Rpl34', 2.774132354623717), ('Rps21', 2.496865534697919), ('Dnm1', 1.5817730584368377), ('Lamtor2', 2.6612708934463543), ('Lpar1', 1.7760624047579847), ('Emc4', 1.3168766334353157), ('Ufc1', 6.960714019053165)]",489
Lef1,metacluster_167.5,0.073212359,3.172419873,2.45E-06,0.972431,motif similar to tfdimers__MD00215 ('M00492_forward_6_M01022_reverse dimer: STAT1 / LEF1'; q-value = 2.45e-06) which is annotated for orthologous gene ENSG00000138795 in H. sapiens (identity = 97%),"frozenset({'activating', 'mm10_500bp_up_100bp_down_full_tx_v10_clust.genes_vs_motifs.rankings', 'weight>90.0%'})","[('Gpsm2', 2.870320907898935), ('Gimap8', 17.957843421031736), ('Cd28', 8.559254719813527), ('Gimap7', 2.8372773891032423), ('Slc20a1', 5.150874875189332), ('Lax1', 7.440897990148781), ('Mal', 4.683723152078378), ('Stat4', 7.046780257666323), ('Slamf6', 7.510304128558302), ('Sh2d1a', 4.8383012135945815)]",720
Lef1,tfdimers__MD00327,0.072213084,3.10185989,1.19E-06,0.972431,motif similar to hocomoco__LEF1_HUMAN.H11MO.0.A ('LEF1_HUMAN'; q-value = 1.19e-06) which is annotated for orthologous gene ENSG00000138795 in H. sapiens (identity = 97%),"frozenset({'activating', 'mm10_500bp_up_100bp_down_full_tx_v10_clust.genes_vs_motifs.rankings', 'weight>90.0%'})","[('Kif21b', 5.921832938257039), ('Tnfsf8', 3.844753967441649), ('Itga4', 7.29329531026951), ('Myo3b', 3.351582148576449), ('Sh2d1a', 4.8383012135945815), ('Atp11b', 1.816896778031683), ('Il12rb2', 2.0135054882058308), ('Dusp2', 2.983473919627309), ('Ifi214', 1.635342667558418), ('Ppp1r16b', 1.3647281113193843), ('Gimap5', 4.913833513040568), ('Arl4c', 2.924455656212062), ('Padi2', 3.461456881583475), ('L1cam', 2.755222304180045), ('Ifi209', 1.906284390931856), ('Nsmaf', 2.23476100180222), ('Prkcq', 22.468263943149587), ('Ptprc', 2.230900848880276), ('Tmem163', 2.3130340049162257), ('Cd2', 7.044513775682414)]",2128
Nfatc2,tfdimers__MD00204,0.059877778,3.626673303,8.76E-06,0.883495,gene is orthologous to ENSG00000101096 in H. sapiens (identity = 88%) which is annotated for similar motif tfdimers__MD00050 ('M01721_forward_6_M01281_forward dimer: PUR1 / NFAT1'; q-value = 8.76e-06),"frozenset({'activating', 'mm10_500bp_up_100bp_down_full_tx_v10_clust.genes_vs_motifs.rankings', 'weight>90.0%'})","[('Tnfaip8l2', 6.7085202110378175), ('Cd48', 14.234015591605814), ('Sema4a', 15.719081355225155), ('Lpar5', 1.726199194377376), ('Tlr1', 1.325256583739644), ('Renbp', 1.957650321860565), ('Fcgr2b', 24.096366284853502), ('Ptpn6', 5.525648679630419), ('Cd38', 2.2415507888392736), ('Cd84', 6.524872317441094), ('C1qc', 11.95410319501362), ('Zfp984', 6.680402333526062), ('D6Wsu163e', 4.702672185779319), ('Ids', 1.8440965794726143), ('Zfp217', 2.617733514251307), ('Selenbp1', 1.2027604611160114), ('Slc25a31', 6.285127589315946), ('Utp14a', 2.203047568430278), ('Nbn', 1.5667698247865598), ('Pf4', 9.935310629194037), ('Smox', 5.470193026195748), ('Mdfic', 2.005384289865217), ('Lat2', 1.3368319738475605), ('Ptpn22', 1.5413330744443627), ('Fam78a', 5.566233120300097), ('Mfsd1', 3.6971708695365626), ('Ehd4', 6.294499247774387), ('Ptprj', 11.990542066924704), ('Pilrb2', 7.152791281368589), ('Creg1', 2.9434340610468053), ('Slc25a24', 2.208629252500239)]",901
Nfatc2,tfdimers__MD00012,0.079090278,5.959518918,7.44E-06,0.889251,motif similar to tfdimers__MD00050 ('M01721_forward_6_M01281_forward dimer: PUR1 / NFAT1'; q-value = 7.44e-06) which is annotated for orthologous gene ENSG00000101096 in H. sapiens (identity = 88%),"frozenset({'activating', 'mm10_500bp_up_100bp_down_full_tx_v10_clust.genes_vs_motifs.rankings', 'weight>90.0%'})","[('Fcrls', 9.84276368255412), ('Wipf1', 1.2839898581957807), ('Tlr4', 4.988373077760385), ('Tfec', 1.4925439078273712), ('Sh3bp2', 1.5867463677792275), ('Was', 1.2697591030513669), ('Lmo2', 7.376783449258811), ('Inpp4a', 15.853319920390453), ('Ly96', 4.861456619780407), ('Itpripl1', 2.26929308698674), ('F630028O10Rik', 5.847990024303116), ('Slamf9', 1.7554395487872534), ('Gm5127', 1.450381417403867), ('Vcpip1', 1.5336270529304046), ('C030034L19Rik', 3.3482123052707857), ('C1qc', 11.95410319501362), ('Stk17b', 16.822133566276722), ('P2ry12', 17.953437152769233), ('Cd38', 2.2415507888392736), ('Casp8', 3.149559399955891), ('Bank1', 21.62170259099316), ('Wdfy3', 1.978960040197428), ('Inpp5d', 16.728027778058713), ('E2f5', 3.013072789060709), ('Cysltr1', 6.889688410448977), ('Il6ra', 3.4046029113505174), ('Dapp1', 5.158675639046225), ('Pilrb2', 7.152791281368589), ('Ptprc', 4.124329983529155), ('Zfp984', 6.680402333526062), ('Cenpa', 2.5450998112562844), ('Abcd1', 2.281333885458313), ('Fcgr1', 1.420146449791961), ('Cst3', 4.375713046901195), ('Akna', 9.257114195314893), ('Ptpn6', 5.525648679630419), ('Pilrb1', 1.225859599790709), ('2610203C22Rik', 7.718896534311345), ('Slc9a4', 1.3110169136283416), ('Mcoln2', 5.970953609775977), ('Rell1', 7.404645634004048), ('Madd', 10.35559570911147), ('Sash3', 1.4150112300035438), ('Fam117b', 7.172103264513465), ('Elf4', 2.4183170635210254), ('Trpv4', 13.668663872259929), ('Dnm1', 5.28175417468927), ('Frmd4b', 30.319991770757092), ('Rab7b', 15.984838513967569), ('Slc2a9', 1.409984771471703), ('Xlr4b', 4.357891198926158), ('Tmcc2', 2.311514934215806), ('Fcer1g', 13.410214095190565), ('Sirpa', 1.2331382769162895), ('Tfpi', 13.084508812133846), ('Alpk1', 9.042268741683875), ('Tec', 8.509693303755855), ('Sema4a', 15.719081355225155), ('Ogfr', 2.1910249092386778), ('Stard8', 26.222409235801795), ('Prkx', 1.5718151668070288), ('A630012P03Rik', 7.88956236736332), ('Cfp', 9.00593113152367), ('Arhgap30', 11.901448690137958), ('Eps15', 5.9657731728687295), ('Mrc1', 23.34775652497659), ('Oas1g', 6.9354566911153865), ('Cd40', 4.9701940291175), ('Lrmp', 8.7580524601331), ('Lyn', 7.718933576543343), ('P2rx7', 6.993828506202452), ('Bend4', 7.14535159305888), ('Rgs18', 8.241173069286923), ('C1qb', 8.570989885413427), ('Sh3bgrl3', 7.393826163108948), ('Elf2', 1.850809911332876), ('Plekhg5', 20.84697320504123), ('Lpar5', 1.726199194377376), ('Mbnl1', 3.8948687027766806), ('Itpkb', 2.2747887966846383), ('Taok3', 3.1162103532375887), ('Arpc1b', 3.619766869262152), ('Foxp2', 1.3502634759048024), ('Ankrd44', 1.503386046536645), ('Gba2', 3.730352066913349), ('Clec4b1', 5.167773066240461), ('Ifi209', 6.747448980589542), ('Nfatc2', 1.0), ('Clec4a2', 3.9559486454112567), ('Ctss', 5.550387741287812), ('Arhgap15', 13.486302735776864), ('Tlr1', 1.325256583739644), ('Gab3', 10.129685394556391), ('Gpr174', 1.6936600892222553), ('Pf4', 9.935310629194037), ('Alox5ap', 15.18527914079858), ('Ly9', 2.3599693262821875), ('Dennd1b', 1.4686216619395391), ('Ptprj', 11.990542066924704), ('Kcnab2', 20.29973033244977), ('Sp100', 4.196633531263317), ('Pik3cd', 11.180935130969658), ('Snx30', 7.359396664479306), ('Vim', 1.256707539326237), ('BC028528', 3.452970902884194), ('Siglec1', 26.693000637119383), ('Gusb', 1.3668206940700742), ('Rap1gds1', 2.9316358586389946), ('Ptpn22', 1.5413330744443627), ('Ifi202b', 1.4878073738855295), ('Slc16a14', 14.64984160832812), ('Agfg1', 3.026477813211245), ('Nudt9', 1.5430176055602218), ('Vav3', 3.943267513546972), ('Soat1', 2.050336054311887), ('Rnpep', 7.555456622297185), ('Ralb', 4.256010530185585), ('Mmp9', 3.216435681661701), ('Dennd4b', 2.3171752020329164), ('Nceh1', 1.8706254777040112), ('Lrrc34', 2.093218580004572), ('Smox', 5.470193026195748), ('C1qa', 14.987661423058324), ('Mtus2', 2.782748796530772), ('Capzb', 1.4024524442926167), ('Mcub', 9.335767594496769), ('Smim20', 2.252374542974507), ('Fcna', 8.542761593159128), ('Agtrap', 3.5336324288299945)]",4924
Nfatc2,tfdimers__MD00349,0.057201319,3.301688748,7.23E-06,0.883495,gene is orthologous to ENSG00000101096 in H. sapiens (identity = 88%) which is annotated for similar motif tfdimers__MD00036 ('M00926_forward_6_M01281_reverse dimer: AP-1 / NFAT1'; q-value = 7.23e-06),"frozenset({'activating', 'mm10_500bp_up_100bp_down_full_tx_v10_clust.genes_vs_motifs.rankings', 'weight>90.0%'})","[('Cd48', 14.234015591605814), ('Tlr4', 4.988373077760385), ('Was', 1.2697591030513669), ('Fcrls', 9.84276368255412), ('Clec4a3', 8.33542184845678), ('Clec4a2', 3.9559486454112567), ('Inpp5d', 16.728027778058713), ('2610203C22Rik', 7.718896534311345), ('Mrc1', 23.34775652497659), ('Rhoh', 2.7025371977968464), ('F630028O10Rik', 5.847990024303116), ('Slc2a9', 1.409984771471703), ('Ifi209', 6.747448980589542), ('Tmcc2', 2.311514934215806), ('Cst3', 4.375713046901195), ('Sh3bp2', 1.5867463677792275), ('Ly96', 4.861456619780407), ('Oas1g', 6.9354566911153865), ('Gpr174', 1.6936600892222553), ('Arhgap30', 11.901448690137958), ('Il1rl1', 3.96348836202012), ('Lmo2', 7.376783449258811), ('Cnr2', 3.098084971685981), ('Fcgr1', 1.420146449791961), ('BC028528', 3.452970902884194), ('Tfpi', 13.084508812133846), ('Kcnab2', 20.29973033244977), ('Casp8', 3.149559399955891), ('Mbnl1', 3.8948687027766806), ('Rell1', 7.404645634004048), ('Bcl10', 3.2110858414849703), ('Nfatc2', 1.0), ('C1qc', 11.95410319501362), ('Pik3cd', 11.180935130969658), ('Ophn1', 1.7562636372962002), ('Cfp', 9.00593113152367), ('Gbgt1', 5.467413371959256), ('Dennd1b', 1.4686216619395391), ('Pilrb2', 7.152791281368589), ('C1qb', 8.570989885413427), ('Rnpep', 7.555456622297185), ('Taok3', 3.1162103532375887), ('Bst1', 4.4890148038292), ('Smox', 5.470193026195748)]",977
Nfatc2,tfdimers__MD00018,0.065185023,4.271096601,2.87E-06,0.889251,motif similar to tfdimers__MD00050 ('M01721_forward_6_M01281_forward dimer: PUR1 / NFAT1'; q-value = 2.87e-06) which is annotated for orthologous gene ENSG00000101096 in H. sapiens (identity = 88%),"frozenset({'activating', 'mm10_500bp_up_100bp_down_full_tx_v10_clust.genes_vs_motifs.rankings', 'weight>90.0%'})","[('C1qb', 8.570989885413427), ('Was', 1.2697591030513669), ('Fcrls', 9.84276368255412), ('Ifi209', 6.747448980589542), ('Ly96', 4.861456619780407), ('Clec4a3', 8.33542184845678), ('Lmo2', 7.376783449258811), ('Ankrd44', 1.503386046536645), ('Cysltr1', 6.889688410448977), ('Gpr174', 1.6936600892222553), ('Casp8', 3.149559399955891), ('Rasal2', 1.3268795448104571), ('Pik3cd', 11.180935130969658), ('Gnai3', 2.757627229332824), ('F630028O10Rik', 5.847990024303116), ('Smox', 5.470193026195748), ('Stk4', 3.4720143689466565), ('Laptm5', 16.524145778530055), ('Sash3', 1.4150112300035438), ('Cd48', 14.234015591605814), ('Cenpa', 2.5450998112562844), ('Bcl10', 3.2110858414849703), ('Slc2a9', 1.409984771471703), ('Inpp5d', 16.728027778058713), ('Psd4', 1.6718855156015249), ('Fcna', 8.542761593159128), ('Tmem154', 1.2811366898400611), ('Tec', 8.509693303755855), ('Fcgr1', 1.420146449791961), ('Zfp217', 2.617733514251307), ('Cst3', 4.375713046901195), ('P2ry12', 17.953437152769233), ('Sh2b3', 7.7381312884514655), ('Gbgt1', 5.467413371959256), ('2610203C22Rik', 7.718896534311345), ('Dnase1l1', 3.3367738743378976), ('Nfatc2', 1.0), ('Pilrb2', 7.152791281368589), ('BC028528', 3.452970902884194), ('Ids', 1.8440965794726143), ('Cfp', 9.00593113152367), ('Abcd1', 2.281333885458313), ('Arhgap30', 11.901448690137958), ('Slamf9', 1.7554395487872534), ('Tmcc2', 2.311514934215806), ('Cnr2', 3.098084971685981), ('Clec4a2', 3.9559486454112567), ('Sirpa', 1.2331382769162895), ('Arhgap15', 13.486302735776864), ('Tfpi', 13.084508812133846), ('Wipf1', 1.2839898581957807), ('Prkx', 1.5718151668070288), ('Sh3bp2', 1.5867463677792275), ('Kcnab2', 20.29973033244977), ('Rbpj', 24.278940399215923), ('Ncoa3', 3.8099819719338446), ('Pla2g2d', 2.690970511084241), ('Frmd4b', 30.319991770757092), ('Mafb', 10.80916371191136)]",1918
Nfatc2,tfdimers__MD00398,0.068950792,4.728348761,2.56E-06,0.889251,motif similar to tfdimers__MD00050 ('M01721_forward_6_M01281_forward dimer: PUR1 / NFAT1'; q-value = 2.56e-06) which is annotated for orthologous gene ENSG00000101096 in H. sapiens (identity = 88%),"frozenset({'activating', 'mm10_500bp_up_100bp_down_full_tx_v10_clust.genes_vs_motifs.rankings', 'weight>90.0%'})","[('Ifi209', 6.747448980589542), ('Clec4a3', 8.33542184845678), ('Cd48', 14.234015591605814), ('Bcl10', 3.2110858414849703), ('Tmem154', 1.2811366898400611), ('Fcrls', 9.84276368255412), ('Cenpa', 2.5450998112562844), ('Cnr2', 3.098084971685981), ('C1qb', 8.570989885413427), ('Ankrd44', 1.503386046536645), ('Rasal2', 1.3268795448104571), ('Sh3bp2', 1.5867463677792275), ('Gbgt1', 5.467413371959256), ('Psd4', 1.6718855156015249), ('Kcnab2', 20.29973033244977), ('Sirpa', 1.2331382769162895), ('Was', 1.2697591030513669), ('Fcgr1', 1.420146449791961), ('Nfatc2', 1.0), ('Ifi203', 2.0407657304656226), ('Slc2a9', 1.409984771471703), ('Casp8', 3.149559399955891), ('Mndal', 3.4561214770172533), ('Gpr174', 1.6936600892222553), ('F630028O10Rik', 5.847990024303116), ('Tmcc2', 2.311514934215806), ('Cysltr1', 6.889688410448977), ('Inpp5d', 16.728027778058713), ('Fnbp1', 2.7449167392224094), ('Pik3cd', 11.180935130969658), ('Dennd1b', 1.4686216619395391), ('Tfpi', 13.084508812133846), ('Taok3', 3.1162103532375887), ('Fcna', 8.542761593159128), ('Lyn', 7.718933576543343), ('Ly96', 4.861456619780407), ('2610203C22Rik', 7.718896534311345), ('Zfp217', 2.617733514251307), ('Mdfic', 2.005384289865217), ('Pilrb2', 7.152791281368589), ('Clec4a2', 3.9559486454112567), ('Sh2b3', 7.7381312884514655), ('Siglec1', 26.693000637119383), ('Ifi204', 3.017704919007862), ('Itpkb', 2.2747887966846383), ('Spi1', 17.681238527835013), ('Pla2g2d', 2.690970511084241), ('Mafb', 10.80916371191136), ('Utp14a', 2.203047568430278), ('Tlr4', 4.988373077760385), ('Lat2', 1.3368319738475605), ('Lmo2', 7.376783449258811), ('Mknk1', 4.584305163805113), ('Camkk2', 5.065518029870572), ('Frmd4b', 30.319991770757092), ('Slc12a5', 2.817915306909295), ('Prkx', 1.5718151668070288), ('Plekhg5', 20.84697320504123), ('Mlxip', 6.2175763253529786), ('P2ry12', 17.953437152769233), ('Gusb', 1.3668206940700742), ('Abcd1', 2.281333885458313), ('Sash3', 1.4150112300035438), ('Plekhm3', 7.235537729838007), ('BC028528', 3.452970902884194), ('Hpse', 9.89080693653243), ('Wasf2', 3.5526942171544835), ('Lrrc34', 2.093218580004572), ('Rbpj', 24.278940399215923), ('Abcg3', 4.669140143871557), ('Gapvd1', 1.380405975039281), ('Smox', 5.470193026195748), ('Mrc1', 23.34775652497659), ('Rhoh', 2.7025371977968464), ('Laptm5', 16.524145778530055), ('Arhgap30', 11.901448690137958), ('Trpv4', 13.668663872259929), ('Stk4', 3.4720143689466565), ('Zeb2', 1.513375390471158), ('Gnai3', 2.757627229332824), ('Tlr1', 1.325256583739644), ('Tlr8', 5.398543008398361), ('Pf4', 9.935310629194037), ('Arhgap15', 13.486302735776864), ('Ptpn6', 5.525648679630419), ('Ids', 1.8440965794726143)]",2975
Nfatc2,metacluster_167.5,0.085557626,6.744805829,1.01E-06,0.889251,motif similar to tfdimers__MD00050 ('M01721_forward_6_M01281_forward dimer: PUR1 / NFAT1'; q-value = 1.01e-06) which is annotated for orthologous gene ENSG00000101096 in H. sapiens (identity = 88%),"frozenset({'activating', 'mm10_500bp_up_100bp_down_full_tx_v10_clust.genes_vs_motifs.rankings', 'weight>90.0%'})","[('Vcpip1', 1.5336270529304046), ('Clec4a2', 3.9559486454112567), ('Itpripl1', 2.26929308698674), ('Fcer1g', 13.410214095190565), ('Sh2b3', 7.7381312884514655), ('Ifi204', 3.017704919007862), ('Zbp1', 1.416443593038378), ('Cst3', 4.375713046901195), ('Lmo2', 7.376783449258811), ('Wipf1', 1.2839898581957807), ('Gbgt1', 5.467413371959256), ('Cd53', 15.756069368762343), ('Ogfr', 2.1910249092386778), ('Arhgap11a', 3.192695650000099), ('Rell1', 7.404645634004048), ('Cfp', 9.00593113152367), ('Oas1g', 6.9354566911153865), ('Oas1a', 2.8861703242388703), ('Reps2', 9.561104964409816), ('Rhoh', 2.7025371977968464), ('P2ry12', 17.953437152769233), ('Arhgap15', 13.486302735776864), ('Fcgr2b', 24.096366284853502), ('Was', 1.2697591030513669), ('Lrmp', 8.7580524601331), ('Mcub', 9.335767594496769), ('Dclre1c', 34.102816036198654), ('4930455G09Rik', 2.5326592821619056), ('Gba2', 3.730352066913349), ('Tpm3', 4.616597534115803), ('Pilrb1', 1.225859599790709), ('Mlxip', 6.2175763253529786), ('Gapvd1', 1.380405975039281), ('Btk', 11.021352197407214), ('Clec4a3', 8.33542184845678), ('Cyp27a1', 7.228019456008783), ('Gusb', 1.3668206940700742), ('Rgs18', 8.241173069286923), ('Psd4', 1.6718855156015249), ('Smox', 5.470193026195748), ('Ctss', 5.550387741287812), ('Mob3c', 4.498351957258874), ('Bank1', 21.62170259099316), ('Cenpa', 2.5450998112562844), ('Oasl1', 15.792864356750185), ('Laptm5', 16.524145778530055), ('Ecm1', 2.398064985603464), ('Mbnl1', 3.8948687027766806), ('Raph1', 7.694959002648373), ('Pilrb2', 7.152791281368589), ('Stk17b', 16.822133566276722), ('St6galnac4', 3.52589717025098), ('C1qb', 8.570989885413427), ('Bst1', 4.4890148038292), ('Clec4b1', 5.167773066240461), ('Cd40', 4.9701940291175), ('Ophn1', 1.7562636372962002), ('Rbpj', 24.278940399215923), ('Dapp1', 5.158675639046225), ('Casp8', 3.149559399955891), ('Tfec', 1.4925439078273712), ('Actb', 2.1632882010053582), ('Cask', 2.1893303180268777), ('Cd28', 1.5079080357623809), ('Cd38', 2.2415507888392736), ('Jak1', 1.684341029854452), ('Sass6', 7.804633520215988), ('Dnm1', 5.28175417468927), ('Sgk3', 1.73344345884565), ('Ncf1', 13.93824218446624), ('Lpar5', 1.726199194377376), ('Cysltr1', 6.889688410448977), ('Fcrls', 9.84276368255412), ('Kcnab2', 20.29973033244977), ('Zeb2', 1.513375390471158), ('Dlgap4', 1.2327259494792), ('Sp100', 4.196633531263317), ('Smap2', 5.146538999695467), ('Tmcc2', 2.311514934215806), ('Fam117b', 7.172103264513465), ('Sirpa', 1.2331382769162895), ('Fbxw7', 5.630222267246627), ('Utp14a', 2.203047568430278), ('A630012P03Rik', 7.88956236736332), ('Cd48', 14.234015591605814), ('A630001G21Rik', 11.115123730646172), ('2610203C22Rik', 7.718896534311345), ('Lat2', 1.3368319738475605), ('Pkig', 2.248111377979602), ('Rbm12b2', 2.295352938760789), ('Cd163', 15.431767254417847), ('BC028528', 3.452970902884194), ('Slamf9', 1.7554395487872534), ('Cept1', 1.9811904825426647), ('Ids', 1.8440965794726143), ('Nfatc2', 1.0), ('Madd', 10.35559570911147), ('Slc35f6', 1.628046779707597), ('Zfp992', 7.574347700825455), ('Tlr1', 1.325256583739644), ('Nhlrc3', 1.4550909908173282), ('Gpr174', 1.6936600892222553), ('Elf4', 2.4183170635210254), ('Slc9a4', 1.3110169136283416), ('Akna', 9.257114195314893), ('Rnasel', 6.477357875184034), ('Itga4', 8.664803432357257), ('Ptpn22', 1.5413330744443627), ('Eps15', 5.9657731728687295), ('Manba', 5.031792889498825)]",4119
Nfia,metacluster_141.6,0.050685053,3.260877626,1.71E-06,0.992141,motif similar to tfdimers__MD00564 ('M00193_forward_9_M01035_forward dimer: NF-1 / YY1'; q-value = 1.71e-06) which is annotated for orthologous gene ENSG00000162599 in H. sapiens (identity = 99%),"frozenset({'activating', 'mm10_500bp_up_100bp_down_full_tx_v10_clust.genes_vs_motifs.rankings', 'weight>90.0%'})","[('Atg16l1', 38.83199900352594), ('Pigm', 6.953276863479049), ('Cops7a', 3.3667830159336662), ('Rer1', 2.683246834481831), ('Zdhhc4', 1.5104983945822388), ('Mterf1a', 3.956382568265068), ('Mterf1b', 3.00654042773959), ('Zbtb6', 5.08187585309735), ('Rprd1b', 12.88934297837532), ('Morn1', 3.122540090548087), ('Ncstn', 8.413584486888164), ('Ing4', 3.173954320342508), ('0610040B10Rik', 3.660989683338864), ('Itpa', 3.755692263439173), ('Rnpc3', 28.54294904872516), ('Med14', 4.792963656143016), ('Stpg2', 1.4739110954389518), ('Gripap1', 16.803797353950028), ('Arpc5l', 3.4486778347803826), ('Ppid', 4.587898378990084), ('Tex10', 6.306860115739896), ('Pyroxd1', 4.298863594399111), ('Tfb2m', 13.636834947347108), ('Aqr', 12.117777777104347), ('Tmem87a', 10.787862400136236), ('Isy1', 6.016649283662733), ('Dtymk', 7.946547894668421), ('Sec22b', 17.94411576565399), ('Ttf1', 13.588703450641924), ('Phtf1', 4.586647309126574), ('Srp14', 1.4471659244849708), ('Zfp512', 12.954163501789017), ('Surf6', 3.5248757510446262), ('Ubac1', 28.841633349010785), ('Lypla2', 1.358832688916072), ('Prpf6', 32.21731125649796), ('Dhx36', 3.3150129015211047), ('Morf4l2', 4.520869008977993), ('Tram2', 7.137798420698752), ('Ubr1', 29.75081426173674), ('Rhbdd1', 8.506334223021094), ('Kansl3', 23.926735036233552), ('Zkscan1', 11.56569733241028), ('C920021L13Rik', 18.39860339261772), ('Psmf1', 5.903998054382879), ('Taf1a', 2.4603022341202654), ('Cep152', 1.927332429964561), ('Acot8', 2.3732466543664112), ('Casp8ap2', 9.947708041632708), ('Dr1', 3.749066852713757), ('Smim8', 5.275526487287694), ('Ube3c', 14.503250033705758), ('Snhg8', 2.798199054706839), ('Cdk9', 1.532991778631078), ('Ccnc', 7.758107571156444), ('Ppig', 5.763834182907731), ('Coq3', 32.15963299716572), ('Ppp2r5a', 58.56031797494775), ('Rtel1', 8.016593638496001), ('Tatdn3', 10.47251256043736), ('Tax1bp1', 40.56999911408618), ('Hjurp', 1.3130446679989771), ('Cldn12', 3.993442307168084), ('Alg13', 8.392723707021716), ('Tiprl', 5.1329279842392666), ('Rtca', 1.3717288480527858), ('Rpap1', 8.451831680916708), ('Gm14634', 16.32296399842222), ('Ppih', 3.371260036563397), ('Xiap', 28.27937164879369), ('Lpgat1', 3.443342990735859), ('Tbc1d19', 12.034225696229532), ('Spata2', 3.410832723088983), ('Taf12', 5.873169269082028), ('Ddx55', 10.76150590973682), ('Cox20', 3.154267146492484), ('Prpf3', 17.91998780748353), ('Mpc2', 35.580023028846924), ('Zfp384', 14.81054272266651), ('Jade1', 12.514103025782886), ('Mrps35', 8.123295206893847), ('Snhg6', 1.762096441029514), ('Tyw1', 15.410880453068502), ('Otud7b', 11.9602911435431), ('Fkbp1a', 3.3059112909593416), ('Ythdf3', 24.22880667566132), ('Ddx18', 4.683396807165737), ('Mrps9', 27.26112049644244), ('Dffa', 11.776887789533), ('Smu1', 3.3780481519679006), ('Phtf1os', 1.9935278066518844), ('Gnai3', 1.5041315215880269), ('Hspa14', 15.12685093264376), ('Rnf4', 22.40024536891729), ('Gon4l', 16.55254062384044), ('Galk2', 2.2930014809369177), ('Usp46', 3.621349289596962), ('Prpf38a', 2.20778702097967), ('Stk11ip', 1.8882977957018223), ('Stk38l', 14.6852830008062), ('Syf2', 3.80898823748514), ('Cnst', 52.02816018388188), ('Scamp3', 3.314475792230613), ('Mettl14', 3.2433310002253646), ('Cops7b', 10.79531806078001), ('Fbxw2', 31.595910039852345), ('Gabpb1', 2.3045815893385178), ('Stk40', 4.596457799131127), ('Crtc2', 2.8828095921696364), ('Prkacb', 5.024695981723456), ('Tcea1', 11.29565513809545), ('Tro', 5.214829784289327), ('Tmem230', 12.17222212658182), ('Mrpl20', 5.762355329514425), ('Slc39a13', 7.774799841585701), ('Ptpru', 2.2844628359950714), ('Rbck1', 8.186533451476633), ('Lrrc47', 2.4985624580461256), ('Irak1', 5.003483960146706), ('Zfp11', 5.318007863500447), ('Ampd2', 5.506938068020406), ('Cox5b', 1.2526282746591548), ('Gmps', 14.00442151443311), ('Iars2', 29.390858445590546), ('Ubox5', 7.861115527490343), ('Nat8l', 23.1849239553732), ('Sf3b1', 32.3900145912972), ('D130017N08Rik', 7.311486158277035), ('Coa5', 3.690606471526875), ('Atf2', 29.533587346434626), ('Ube2d3', 13.509003446223154), ('Gpatch2', 39.81634739765109), ('Atp10d', 25.181313542622963), ('Rhbdd2', 19.161088902475303), ('Arl6ip4', 2.444912313885095), ('Zbtb8os', 7.029195673685283), ('Zranb3', 3.323254294336679), ('Kdm5b', 8.439894929873729), ('Parp11', 2.9554816058215208), ('Wdtc1', 2.365559735814929), ('Pdcd10', 5.070324271886363), ('Zcchc7', 27.251919841321836), ('Mtap', 2.5548212882203383), ('Ddx59', 7.2715027269407475), ('Ddx27', 6.394208127976447), ('Atp5k', 1.94116964422182), ('Gdap2', 1.6877405062916422), ('Cdc42bpa', 7.901719288719871), ('Mtx2', 27.88473936535564), ('Zbed6', 7.601786586334766), ('Hypk', 3.963175927111436), ('Slbp', 2.548057132686349), ('Mospd3', 2.047746985127815), ('Caprin2', 15.117486515758443), ('Hipk1', 10.515871801314876), ('Zfp451', 12.49220527648722), ('Acbd5', 47.316636218410615), ('Mdm4', 23.92535305667453), ('Igsf8', 10.508609922576648), ('Nmt2', 19.80405013036813), ('Ndufs2', 7.149199526858618), ('Acp2', 2.151065462352832), ('Fbxw8', 21.152672214111984), ('Ppp1cc', 2.254178674635512), ('Eif2d', 7.012887467610302), ('Cstf3', 4.760144545022029), ('Mfap1b', 3.640585979602349), ('Rps6ka3', 4.064967515210367), ('Hmgn2', 1.5025420090852373), ('Dhx15', 1.74627790984887), ('Ap5z1', 4.081739224560527), ('Ago3', 25.60835254152116), ('4732416N19Rik', 3.8313261791136655), ('2410004B18Rik', 3.698300237020783), ('Tmco1', 10.069525272159291), ('Tsen15', 2.8436491078905566), ('Prpf38b', 25.623219596811143), ('Ywhab', 30.516809399836795), ('Dnajc10', 2.5250771277664312), ('Rnf20', 14.64583630961939), ('Stom', 5.175216684753695), ('Eif3m', 2.31044353961661), ('Rpe', 29.0390531609716), ('Sema3a', 5.169300266906219), ('Ccz1', 6.8104150883143895), ('Utp14a', 6.576165349005426), ('Hcfc1', 7.497974301770312), ('Psmd14', 27.90811410080409), ('Usp48', 14.918103962429518), ('Rbm17', 1.4578365094558687), ('Nat10', 8.941276956969585), ('AU040320', 9.076406314299897), ('Lekr1', 22.139658054046286), ('Arfgap1', 17.891322531102013), ('Pdss1', 5.888076550430268), ('Grpel1', 1.7468454213368132), ('Adh5', 2.1725081751090896), ('Psmb2', 26.43219085836313), ('Sumo1', 24.86965160321709), ('Jpx', 5.6055857882266045), ('Scfd2', 19.91445776072943), ('Ccdc73', 8.761137641716296), ('Smc1a', 13.438063192412336), ('Rabgef1', 6.817081245235375), ('Mapkap1', 20.068257621547254), ('Eya3', 16.802959642637774), ('Nup35', 6.744676289856323), ('Plod3', 4.690194487223125), ('Trmt44', 2.2734554757442087), ('Crot', 21.461334282675622), ('Gatad1', 5.600721517931865), ('Scnm1', 1.3190866035143538), ('Dpm2', 3.610537936361832), ('Sdf4', 1.5548562046272472), ('Oscp1', 11.461672784934883), ('Dnajc5', 12.472986909071054), ('Orc3', 41.61592707577707), ('Psmb7', 14.737593887164673), ('Ube2j2', 7.288501822993303), ('Msantd3', 9.286314886277353), ('Rab7', 2.738469171847852), ('Ssrp1', 1.501364170309955), ('Ppp1cb', 1.7260636062517118), ('Lcorl', 1.8309325148982296), ('Exoc1', 3.749795865647192), ('Atp5j2', 1.4910766703937854), ('Rsrc2', 12.77246029367928), ('2210406O10Rik', 1.98879533148569), ('Slc9a8', 18.210744750133344), ('Nom1', 5.029090611221336), ('Sec31a', 11.097229531025716), ('Agfg1', 4.028253685135861), ('Mars2', 1.4390209851217306), ('Rheb', 15.365509950955044), ('Rb1cc1', 17.018075920036633), ('Nup54', 17.18091917774543), ('Tmx2', 2.4776929655292816), ('Zfp655', 25.63340026043546), ('Pi4kb', 23.916665293615765), ('Spata17', 6.87063406187562), ('Ribc1', 2.302297660865532), ('St6galnac5', 22.680398904597705), ('Snapc4', 5.406218560531672), ('Nfe2l2', 6.212772630014987), ('Map9', 8.500375348030163), ('Nabp1', 16.14988314737294), ('Lrpap1', 8.426656806213261), ('Zbtb5', 24.189225325249584), ('Cmpk1', 22.57029516862378), ('Btbd8', 24.65266761039281), ('Tor1b', 5.577197849417125), ('Gin1', 22.45060432286921), ('Baz1b', 46.49917274463291), ('Plekhf2', 3.614683675073162), ('Sde2', 1.7558483777575833), ('Ints8', 23.311101058860377), ('Eloc', 2.903347695145672), ('Zfp281', 9.985404935250214), ('Emc4', 2.6835701012525988), ('Dnaja1', 9.801738127282231), ('Ercc5', 7.738127325242304), ('Xrn2', 9.899412315156878), ('Aptx', 14.009275469178805), ('Usp8', 17.761982789220596), ('Fh1', 7.793803716801986), ('Pdrg1', 1.3689597902228514), ('Gorasp2', 7.621395957146825), ('Cstf2', 2.060326293495701), ('Thrap3', 33.42335737220041), ('Ythdf1', 7.6064409703913825), ('Mrps18c', 1.8811956188861103), ('Gatb', 10.84137316968114), ('Ilf2', 7.399579685303224), ('Ap1ar', 6.604537926229217), ('Chmp5', 2.338541178107242), ('AI597479', 6.251606739461198), ('Ccng2', 4.84769824046144), ('Cdc123', 32.18552802525038), ('Arfrp1', 3.6455315566135846), ('Ppat', 6.1289458965197285), ('Apex2', 22.274094872246835), ('Snrnp200', 21.043009346808983), ('Dcaf10', 22.5408806027874), ('Zfp133-ps', 4.053275653413656), ('Slc35a1', 7.67699737118541), ('Prkra', 12.288798219785416), ('Magoh', 2.5181257497893705), ('Pdap1', 2.966629380905219), ('Rngtt', 31.76022691991713), ('Traf6', 5.305770723334039), ('Pus1', 5.473546031125824), ('5430405H02Rik', 12.75677031731788), ('Kdelr2', 1.5944163523132402), ('Pogk', 2.7292057647056653), ('Golga3', 15.33349238004556), ('G3bp2', 18.472112332936003), ('Rae1', 8.433764047212332), ('4921507P07Rik', 6.196157245769323), ('Rabgap1', 14.068596195900058), ('Hspe1', 2.55152041723336), ('Ccndbp1', 1.4573190594767256), ('Tsga10', 15.714658445916657), ('9230114K14Rik', 23.018771774920424), ('Fastkd1', 7.894660237947733), ('Mtmr1', 31.7093602775006), ('Gm20716', 1.2150383170449148), ('Ank2', 16.665943493599826), ('Ubr4', 34.87199119133835), ('Dpm1', 14.796842147494726), ('Dnajb6', 34.3977568635942), ('Smap1', 8.501774582455727), ('Nr4a2', 4.572174001585406), ('Tanc1', 1.609769736589462), ('Ptger3', 10.299968580338032), ('Rfc1', 14.70813440225005), ('Nvl', 5.002719037554178), ('Ttf2', 2.971697776826751), ('Copg1', 13.50593806705417), ('Skap2', 5.08507421618659), ('Blvra', 5.348902264138971), ('Hibch', 32.69484180722368), ('Ogt', 23.53504414473405), ('Arhgap1', 1.4254424072228882), ('Zzz3', 16.54187174134967), ('E2f2', 1.9716493245098567), ('Setdb1', 3.329603875692301), ('Zkscan5', 8.135354722436036), ('Chchd2', 1.943176730209922), ('Atrn', 43.07109434841317), ('Gnl2', 2.056400534337668), ('Iqsec1', 8.502819500691345), ('Atp11b', 7.229024843917403), ('Zfp408', 4.890166063908092), ('Csnk2a1', 22.57761014562685), ('Mmachc', 2.3730784914325045), ('Vps4b', 3.894373562345187), ('Orc2', 18.95564496017208), ('Ssb', 3.457123197342568), ('Osgepl1', 8.657801837279665), ('Acot11', 1.9000407804128028), ('Tasp1', 17.463582094581763), ('Tgs1', 5.143425784390409), ('Eif4e2', 5.222996728386275), ('Bcorl1', 15.082636169548012), ('Ost4', 1.5165567670229905), ('Snrpb', 2.303450934786406), ('Kbtbd12', 3.0493636249757925), ('Atp1a2', 24.420657165073912), ('Immt', 27.594147239081945), ('Cbfa2t2', 22.086402654835943), ('Crocc', 2.745236720148669), ('Ppil3', 5.8131467061379976), ('Sh3glb1', 47.01197974496528), ('Mdn1', 3.278149068605148), ('Nasp', 4.5058486865100695), ('Hvcn1', 1.9590983689192767), ('Dnajc1', 5.733669346780465), ('Idh3b', 24.00805008934049), ('Prnp', 9.224319504001958), ('Mkks', 6.146936501264131), ('Asb1', 2.8618562485996404), ('Zmym6', 19.51768904278651), ('Nkain1', 6.808754809999717), ('Btbd3', 1.5582954129926148), ('Art3', 42.29205368352828), ('Nbn', 16.017621768296934), ('Pbdc1', 12.591229516283498), ('Abca1', 38.78736513745569), ('Mbd5', 36.93065708106744), ('Ube2f', 1.193209402939985), ('Timm17a', 9.125621641703315), ('Ikbkg', 18.121188289898623), ('Aar2', 9.0970808827501), ('Ap4e1', 11.97156061883037), ('Zranb2', 48.88489112638087), ('Mfn2', 17.814232338021174), ('Rexo4', 2.6337238142820905), ('Brca2', 4.991853963774095), ('Pdcl', 1.2608539496666924), ('Rars2', 33.04546249696735), ('Mast2', 9.24291399426838), ('Ciz1', 3.479927578910747), ('Rwdd3', 5.3858611440515824), ('Suds3', 6.396164075377832), ('Slc25a25', 6.3925611670138105), ('Slc9b2', 1.2381838223954542), ('Krba1', 11.603734313825592), ('Denr', 2.3154717073593205), ('Ints3', 15.1030607085557), ('Pabpc1l', 3.2732790374675216), ('Lypla1', 6.311675981508581), ('Slx4ip', 25.71270636107124), ('Zfp777', 10.487176358570112), ('Helq', 3.008720407852972), ('9530051G07Rik', 5.220928343282016), ('Slc30a9', 32.616348854794865), ('Etv3', 14.774804908151912), ('Wdr75', 9.82851750663387), ('Ndufa9', 10.0435822444805), ('Nmnat1', 12.91462285968662), ('Fam98b', 1.5356904624154952), ('Thoc2', 5.658587200925929), ('Slc4a2', 2.8840016578769934), ('Dcaf17', 17.896795575668648), ('Mtf1', 3.573214713820103), ('Orc4', 13.319097051104375), ('Bcap31', 30.80068020739221), ('Abhd18', 30.41799080268377), ('Znhit1', 3.762263205275005), ('Baz2b', 30.73538726741508), ('Fam135a', 13.664943708035493), ('Celf2', 4.8524562980087245), ('Zfp142', 5.443081217777879), ('Rmdn1', 41.42622511334866), ('Kdm5c', 21.32442907023029), ('Raver2', 8.077029516044886), ('Sars', 1.9955690952041183), ('Cflar', 27.0808723969436), ('Tpd52l2', 19.39466511783788), ('Cnbp', 6.338840280136224), ('E130308A19Rik', 8.809098793110634), ('Slc4a4', 2.6182825894450588), ('Anapc1', 41.32504069630086), ('Setx', 2.745120920410162), ('Cul1', 26.00655871409132), ('Prps1', 5.593617111779665), ('1110065P20Rik', 1.7034485917291398), ('Camsap2', 22.811388430179488), ('Efcab7', 1.8014640756450715), ('Dnajc11', 23.364572359670024), ('Elovl1', 1.2237608173788312), ('Spopl', 4.422074647411306), ('5530601H04Rik', 3.729155311378225), ('Ipo9', 22.244925915818065), ('Dennd1a', 5.51544771526945), ('Prkx', 1.628313838862256), ('Cox6a1', 6.43453080804365), ('Kdm4c', 15.6254748595749), ('Uhmk1', 4.14113212903288), ('Mier1', 2.803323260007511), ('Taf1', 29.716581525865557), ('Cntrl', 1.3662683042338202), ('Bivm', 4.3820507868325125), ('Yme1l1', 28.797909659707493), ('Abcb9', 4.474040932588684), ('Mme', 4.393029489899713), ('Mrpl1', 22.533308616497933), ('Lrrn4', 1.242503562343022), ('Nelfb', 14.111315098816606), ('Lzic', 10.238717235643833), ('Kdm3a', 4.478626539555149), ('Rbm47', 26.172008073760896), ('Cdk11b', 11.83183970803637), ('Stat1', 5.295147192976994), ('Dmtf1', 9.709996449159458), ('Srsf11', 47.84943279721475), ('Rufy4', 5.288850934963856), ('Srsf4', 13.272052026172773), ('Lnx2', 10.542668012011772), ('Chd4', 18.527019361642456), ('Dnaaf5', 4.273659403783599), ('Ccdc62', 23.43946092767082), ('Pds5a', 37.46698312153931), ('Usp37', 9.274885191749794), ('Stau2', 31.866591007104564), ('Isg20l2', 2.824809272848476), ('Kcnk2', 12.888590703291788), ('A730017L22Rik', 13.382707150448464), ('Pisd', 9.220786229892273), ('Rpgr', 8.682721167399524), ('Orc1', 2.0810855875790337), ('Ptbp2', 2.0412827147835784), ('Uck1', 10.53148893209554), ('Epb41', 18.58743049407651), ('Prpf18', 7.134428533474017), ('Rnf38', 12.099099147188584), ('Dcaf8', 49.53412665830022), ('Foxk1', 12.00869086046445), ('Irs1', 55.19091053174656), ('Cep250', 24.18068441284031), ('Atxn2', 37.13384147598197), ('Txlna', 16.054616516642234), ('Alad', 15.557786188830615), ('Kmt5a', 2.2034571685429785), ('Malsu1', 15.569559322379469), ('Pgd', 9.191349513342445), ('Trmt6', 2.4466184732490284), ('Chic2', 3.671659866520951), ('Ciart', 7.093157094170414), ('Dusp19', 2.824424855856929), ('Dync1i2', 4.062691556673545), ('Aamp', 15.171546985543232), ('Rnf6', 8.830808236843268), ('Pole4', 4.660794698823691), ('Asb6', 2.1063253082062414), ('Mrps17', 8.915975378054402), ('Gtf3c2', 15.127240226320186), ('Ube3b', 14.910955478138831), ('Mtch2', 32.08282308260255), ('Idh3g', 11.348118456280034), ('Taz', 20.374891705680568), ('Tmem106b', 7.995933980531942), ('Ctnnbl1', 16.46901807634294), ('Prcc', 12.813373972389288), ('Fam185a', 1.493841185130662), ('Vim', 5.712326163871991), ('Ncoa2', 27.308587923325582), ('Lrrc8a', 2.1307329721842776), ('Fbxo28', 22.16335292832173), ('Hnrnpa2b1', 8.41740324390008), ('Tbl1x', 26.439612881156044), ('Syp', 4.678337510578642), ('Ctdspl2', 11.493212327405129), ('Plcb1', 28.038853931357075), ('Tra2a', 34.552731347860124), ('Rbbp5', 2.938079069054074), ('Sp3', 13.363053192285388), ('Lysmd1', 3.8848219965839967), ('Tmem69', 4.431005505474467), ('Steap4', 1.9378948357274952), ('Eif2b4', 4.53352587929877), ('Srsf10', 32.97638892912679), ('Rab3gap2', 22.708601820579183), ('Lmtk2', 23.00269345943382), ('Acbd6', 8.641040940846615), ('Pex2', 18.47891671896045), ('Map3k20', 6.231730416474864), ('Zmpste24', 3.036680597863764), ('Itgb3bp', 13.001402733858574), ('Otud6b', 18.04929497363375), ('Atpaf1', 28.70243903403289), ('Psma5', 25.694789522212893), ('Unc13b', 2.018123669021761), ('Prr5l', 3.9277083412101903), ('Dock11', 8.50970830991154), ('Ipo13', 1.4487410842212791), ('Tank', 14.21563889730132), ('Zc3h15', 6.229119663380206), ('Cox18', 11.984299799509197), ('Zbtb46', 6.147391013912717), ('Camta1', 8.487864018580447), ('Lrrc41', 18.56631933288072), ('Nckap1', 20.96491393979433), ('Scyl3', 3.90723901810066), ('Phb2', 1.7114871453276717), ('Ttl', 2.690497354798556), ('Vcpip1', 12.442564460107524), ('Rdh10', 4.294679832162914), ('Cdkl2', 6.9608339970508775), ('Anapc4', 12.57135680332105), ('Rnf25', 12.916679603551296), ('Bud31', 3.1181681429672747), ('Wdfy3', 4.357993493169473), ('Stx12', 8.58414297023582), ('Kif1b', 37.78214883465736), ('Dnttip1', 1.5219051810238469), ('Bag1', 1.2902580910423669), ('Tmem29', 21.661988747499716), ('Vps18', 2.8150085730489485), ('Uba3', 17.695258262973546), ('Piga', 3.1775952041119733), ('Nudt5', 37.85721281875887), ('Mknk1', 2.220992315955948), ('Lrsam1', 12.405981994351322), ('Etfrf1', 16.926013840260264), ('Tor3a', 1.452140939094379), ('Htatsf1', 5.659791508188723), ('Psip1', 2.1099813339308966), ('Eefsec', 9.751433562889272), ('Dtd1', 6.4576734350712455), ('Gid8', 3.400704203280981), ('Grcc10', 1.8881310168254055), ('Prrc2b', 1.920785434969492), ('Foxj3', 6.008780184119736), ('Tpp2', 19.072571891036223), ('Kbtbd4', 2.159747008699865), ('Gtpbp10', 1.6815980818187857), ('Sepsecs', 20.063213709692576), ('A630072M18Rik', 10.32359618099896), ('Rcc1l', 2.119959093673002), ('Ythdf2', 3.131257106811056), ('Anapc7', 3.2483377951755004), ('Gfm1', 2.4219805692475584), ('Yipf1', 3.457990676019249), ('Hdlbp', 39.70011439781173), ('Trub2', 11.179499827934238), ('Zmynd8', 4.265782712966621), ('Mbtps2', 2.1115463973445987), ('Mcts1', 21.81271815170183), ('Tlk1', 6.795622170272117), ('Wdr12', 2.4298347151320683), ('Mynn', 13.229357964189893), ('Slc22a15', 3.887070371524696), ('Sfpq', 26.53626925163889), ('Mrps21', 2.3573072173755896), ('Atp6v1h', 20.33500938346571), ('Morc4', 2.0990099120857155), ('Bcar3', 13.773765645630435), ('Clcn6', 4.314169774663523), ('Wdr45', 3.0748764402610096), ('Ezh2', 1.8049119589574536), ('Srp72', 13.631483331379371), ('Pdk1', 6.3421649478000175), ('Nr6a1', 12.572287782870236), ('Ndufaf4', 13.81888387890262), ('Rcor3', 26.563332135698435), ('Kctd12b', 6.120986481272095), ('Ccl27a', 1.7624213226886598), ('Gprasp1', 28.90349766539517), ('Srrt', 10.446972519310684), ('Armcx5', 4.271559447887108), ('Mtfr1', 2.378838940672689), ('Mterf4', 5.081796959807933), ('Pan3', 8.7214813932163), ('Ifih1', 1.4411949486269156), ('Zeb2', 21.19525080139337), ('Pogz', 5.364615095696659), ('Txndc9', 5.5143590000945775), ('Cpt2', 20.259335566418795), ('Camk2d', 20.844821939697013), ('Ttc28', 11.823379127506088), ('Slc39a1', 1.6578227153191507), ('Mfap1a', 9.32140316986548), ('Dcaf6', 39.32728551661479), ('Pitpnb', 6.969785464376787), ('Snhg17', 1.3196759007565226), ('Gm15787', 11.647521300762063), ('Heph', 20.587789879884006), ('Osgin2', 1.6901427338893786), ('Acvr2a', 11.785250032794922), ('Nrd1', 27.16626289865407), ('Zscan29', 5.2473728873367484), ('Smim20', 16.386682067249932), ('Rbm12b1', 1.4625209406623887), ('Tsc22d3', 4.909887251881544), ('Polr3c', 3.006524600679298), ('Dido1', 55.88480675194268), ('Abhd1', 1.301067557881392), ('Pin4', 2.7053819617762533), ('Adrm1', 3.508987997048705), ('Zbtb41', 13.303886424985796), ('Acadl', 35.23522340235278), ('Kcnb1', 16.517814599642193), ('Rnd3', 3.3795216689614413), ('Psmc3', 5.756580858259287), ('Ufl1', 19.83560586658512), ('Tor1aip1', 42.47778449623124), ('Usp53', 7.742324206326702), ('Angel2', 23.93237385804803), ('Fbrsl1', 14.864086862900756), ('Gnas', 29.98627635091049), ('Hspd1', 4.276606617523228), ('Zfp513', 6.49857628896989), ('Grsf1', 5.87365115427719), ('Tmem33', 13.420293601767602), ('Hax1', 2.700411426267918), ('Mettl21a', 7.774130461346185), ('Trmt10b', 3.2821016273771813), ('Ppm1g', 1.27885088783197), ('Pkn2', 15.998907981741867), ('E130114P18Rik', 4.094005614118156), ('Bcs1l', 9.706445312147132), ('Slc44a1', 6.819489351321912), ('Upp2', 35.43698776571967), ('Txnip', 4.778140818041022), ('Trnau1ap', 2.280685126013951), ('9330175M20Rik', 17.132246514177332), ('Hccs', 7.006547375668864), ('Sytl4', 6.772641356652168), ('Slc43a1', 8.75987027499677), ('Ift74', 1.655307970474243), ('Eloa', 1.879208474486526), ('Entpd2', 1.6583047176207144), ('Map4k4', 12.479216979033897), ('Ttc14', 39.26153664706629), ('Pakap', 12.919570757352648), ('Lrrc61', 8.587958623613567), ('Fbxo42', 9.149339143374062), ('Orc5', 19.33900510435983), ('Fkbp15', 5.046242846236004), ('Gm15417', 6.245585087510256), ('Kdsr', 13.34311679066042), ('Dolk', 9.029137284390451), ('Faap20', 3.890051125225768), ('Cebpb', 4.867096236665725), ('Tceanc2', 10.469737989245612), ('Cd1d1', 20.476801366625928), ('Zbtb26', 5.557706044056903), ('Rufy3', 3.26961205254346), ('Mtm1', 6.63688513173995), ('Naa15', 6.879606265833286), ('Mrrf', 9.287770010502197), ('Pi4k2b', 4.513840476307013), ('Rbks', 31.858027770473694), ('Blzf1', 13.76679227126148), ('Sh3bgrl', 7.357754286357189), ('Mff', 23.185909481045314), ('Rbm33', 14.43584058433559), ('Fam78b', 5.21462249946078), ('Stam2', 11.324172091769796), ('Rbm12b2', 7.589603991530651), ('Osbpl9', 10.432640378821436), ('Ociad1', 8.668309885402877), ('Tbc1d2', 2.4554132777549653), ('Insig1', 20.012494900725613), ('Pmvk', 11.456981407658962), ('Extl2', 4.25785646410035), ('Alas2', 11.956117496028163), ('Insig2', 4.143396910227922), ('Pef1', 20.255515076575563), ('Otop1', 4.030507828673152), ('Atg4b', 9.228861095928073), ('Mrpl33', 1.8247923446727348), ('Pid1', 4.27968840908589), ('Mad1l1', 5.355082048859657), ('Lhfpl3', 4.563317641855133), ('Chd7', 46.258409778261566), ('Sbno1', 18.02072894432849), ('Speg', 5.5110726883432655), ('Arap2', 9.2515537910381), ('Zfp316', 2.890479938960424), ('Meaf6', 1.620003069301024), ('Mtfr1l', 7.526404039365064), ('Rnf115', 10.912636620007326), ('Ndufb6', 6.186854269464512), ('Pds5b', 15.57416738598704), ('Pnpla7', 1.2575802380383427), ('Zfp326', 16.889500340485025), ('Trim44', 8.630285996678806), ('Tcaf1', 13.902298870416123), ('Cntln', 6.368868624778997), ('Zfp972', 1.5429159759639857), ('Nsun6', 10.411294057987323), ('Rest', 1.222988318505865), ('Ppef2', 2.0623834998480426), ('Zscan25', 8.98014887281338), ('Usp24', 18.57559258574397), ('Nol6', 5.108200642533304), ('Napepld', 19.05879008975572), ('Kyat1', 2.9346118486687365), ('Sycp2', 6.291788837218843), ('Pikfyve', 37.13241309738746), ('Ccdc174', 28.343620779893584), ('Dab2ip', 20.23258472105254), ('Glmp', 1.9942942529486751), ('Arhgap24', 36.051717778829264), ('Arl5b', 2.0785957963291994), ('Gm9958', 1.4140264592703262), ('Txndc12', 12.168073636736024), ('Fundc2', 1.6239999883875529), ('Amer1', 6.635585974412467), ('Med8', 8.623724940704209), ('Mfsd8', 20.38158341137952), ('Lin54', 7.847697693806857), ('Tor1aip2', 18.13903055605547), ('Zfp442', 1.960929765702928), ('Vps16', 4.2383447881609895), ('Rrs1', 12.24814306045702), ('Cables2', 1.6188425485925058), ('Tmem222', 13.394911078164496), ('Tmem248', 3.0244901507038398), ('Acad12', 14.948143301266423), ('Ccdc30', 7.541238267032854), ('Spata6', 2.4967066763233685), ('Car3', 66.3255309764157), ('Tmem60', 6.715721807303803), ('Elavl2', 4.043672058358241), ('Dnajc16', 7.234236530782662), ('Pex5', 27.06210418640008), ('Thap4', 2.8439860345564543), ('Imp4', 1.3224219631014316), ('Uqcrh', 2.5112654284548617), ('Usp33', 41.68739110542604), ('Dis3l2', 14.201608439358386), ('Necap1', 2.734868734235252), ('Cep104', 5.063005154496175), ('Gm14023', 3.1071860699072986), ('Mettl15', 5.480944037239464), ('Rab13', 2.799505931533621), ('Mrpl9', 4.278034447280583), ('Edem3', 3.295113277408265), ('Zfp956', 4.576265584249907), ('Zmat3', 7.834141845003464), ('Klhl15', 11.979531551754537), ('Golga1', 8.534034314858655), ('Snx27', 6.36112133531508), ('Zfp932', 7.236508140208748), ('Vegfd', 4.170460748459763), ('Brcc3', 5.751699731593225), ('D5Ertd579e', 31.71956110241848), ('Hnrnpdl', 26.671201899064243), ('Ppa2', 6.294511771182143), ('Flad1', 12.704536640887127), ('Abl1', 5.384313316243892), ('2610301B20Rik', 5.731254177496186), ('Phactr4', 2.043055869083773), ('Tmem87b', 13.309671046770898), ('Ablim2', 6.474492107917865), ('Pex16', 15.818608483212792), ('Acot7', 7.633181770722491), ('Nfx1', 24.317310100453454), ('Aimp1', 5.282454818187779), ('4930523C07Rik', 12.320078780158653), ('Fndc3b', 14.621293887007743), ('Cd46', 19.222118790858683), ('Zswim3', 13.290374306126486), ('Hivep3', 3.4346090387300547), ('Ppp1r8', 1.610758060450365), ('Dnttip2', 2.2301009149476068), ('Tmem67', 5.185929480955042), ('Mapre3', 6.830689636824912), ('Arl6ip6', 15.13826090709513), ('Las1l', 18.78824352897512), ('Tecpr1', 12.274828592349104), ('Armc1', 14.498252879381663), ('Ccnl2', 49.646875922285), ('Ccnl1', 38.05254758916439), ('Ralgapa2', 79.05888679150198), ('Gnb2', 1.2451891559243755), ('Bcl7b', 10.295180500960988), ('Lrif1', 2.8686951102962883), ('Ltbr', 2.46921964608214), ('Psmd1', 31.16129090472244), ('Ccdc93', 5.169641114182956), ('Tsc1', 24.957659803129435), ('Cobll1', 14.47792405795027), ('Tbck', 32.874628169288506), ('Taf3', 1.288631170460789), ('Iffo1', 5.060402364916343), ('Rere', 41.32551318403264), ('Fam76a', 19.789527313327163), ('Siah2', 1.8618136197453936), ('Tmem168', 5.4951919098886135), ('Fsd1l', 10.70856109568545), ('Exosc9', 3.596478684903537), ('Ankrd17', 48.171813590969954), ('Celf1', 27.72334554915265), ('Lrrcc1', 1.3491425955719845), ('Cenpc1', 15.132399429629809), ('Zbtb43', 16.362914851329045), ('Slc8b1', 3.394542844211597), ('Brat1', 7.355603145256174), ('Pbx1', 2.4485629118103063), ('Eri3', 22.41058068473741), ('Uvssa', 21.79160298067256), ('Eif2b1', 3.058558319134603), ('Szt2', 1.764049640461839), ('Zc3h12a', 6.436246378274616), ('Tmem68', 10.387553293611084), ('Zfp644', 7.043883438217659), ('Depdc5', 17.662068503405738), ('Igfbp7', 4.421768671246372), ('Rnf114', 1.764252238768322), ('Trpm7', 38.606775830802064), ('Prickle2', 6.4125759068325845), ('Magt1', 5.859146238539396), ('6030443J06Rik', 24.103526279308877), ('Chm', 3.674394044225416), ('Chpf2', 11.824549900596562), ('4632415L05Rik', 3.489633421226223), ('Bloc1s6', 5.693016396772704), ('Cdc7', 1.194779350931899), ('Mob3c', 5.569347181725751), ('Fis1', 3.461324917001217), ('Rgs7', 16.330151013880425), ('Ak2', 24.120086145253943), ('Coa7', 6.632809746419993), ('Prickle3', 1.8406813071527597), ('Ccdc91', 16.691049579762836), ('Rif1', 5.824327808507379), ('Dffb', 6.189422962794911), ('Wls', 23.05186380630387), ('Plod1', 5.801035261484417), ('3300002I08Rik', 13.798149852127915), ('Rnf216', 12.108486699674469), ('Ythdc1', 18.60411256079932), ('Notch2', 1.5094236850488527), ('Lsm3', 1.7556502403322318), ('Pabpc4', 24.965449860971816), ('Surf2', 3.608758299723521), ('Epb41l1', 19.847369766261007), ('Efcab14', 16.97875437238442), ('Phf20', 26.55367159613728), ('Snip1', 2.0473328904848347), ('Tgm2', 2.9163491301021187), ('Gtf3c3', 18.97047597855205), ('Cds1', 12.13118551344906), ('Slc12a9', 9.042921152276408), ('Tchp', 8.647294797135046), ('Htt', 11.639907320876892), ('Stx17', 26.97779087836809), ('Ubr3', 51.744904457095885), ('R3hdm1', 21.37610293804885), ('Gpd2', 46.19530326515839), ('Ddi2', 3.4209904005016654), ('Spg20', 2.1205218757895787), ('Fam114a1', 1.5912445157185722), ('Uba1', 8.549752103919833), ('Cnr1', 2.714604191627485), ('Poln', 22.79380574199003), ('1810030O07Rik', 2.2102211961363216), ('Ctps2', 11.43558830075307), ('Utp11', 2.525016781004899), ('Nfs1', 21.18756692045745), ('Sec62', 21.072749733152403), ('Pclo', 11.608033993839104), ('Arl14ep', 2.586004166489333), ('Zfp467', 16.92282363121781), ('P2rx3', 2.165156935913598), ('Mettl5', 11.373300700670004), ('Alkbh3', 12.74317089011391), ('Yes1', 6.573778912620539), ('Ssbp3', 13.719206954792451), ('Mybl2', 1.767489255555328), ('Prpf4', 3.342202888261063), ('Sec61a2', 36.02163644575556), ('Tsacc', 9.112447613732018)]",4972
Nfia,metacluster_138.2,0.05098625,3.305835763,9.72E-07,0.992141,gene is orthologous to ENSG00000162599 in H. sapiens (identity = 99%) which is annotated for similar motif tfdimers__MD00378 ('M00806_forward_12_M01250_reverse dimer: NF-1 / E2F1'; q-value = 9.72e-07),"frozenset({'activating', 'mm10_500bp_up_100bp_down_full_tx_v10_clust.genes_vs_motifs.rankings', 'weight>90.0%'})","[('Atg16l1', 38.83199900352594), ('Zbtb6', 5.08187585309735), ('Pigm', 6.953276863479049), ('Taf1a', 2.4603022341202654), ('Stpg2', 1.4739110954389518), ('Cops7a', 3.3667830159336662), ('Zdhhc4', 1.5104983945822388), ('Acbd5', 47.316636218410615), ('Rbck1', 8.186533451476633), ('Pyroxd1', 4.298863594399111), ('Ppid', 4.587898378990084), ('Ikbkg', 18.121188289898623), ('Eif3m', 2.31044353961661), ('Itpa', 3.755692263439173), ('Ing4', 3.173954320342508), ('Gpatch2', 39.81634739765109), ('Setdb1', 3.329603875692301), ('Lypla2', 1.358832688916072), ('Ppih', 3.371260036563397), ('Zkscan1', 11.56569733241028), ('Ubr1', 29.75081426173674), ('Prpf6', 32.21731125649796), ('Zfp11', 5.318007863500447), ('Usp8', 17.761982789220596), ('Rnpc3', 28.54294904872516), ('Aqr', 12.117777777104347), ('Stk11ip', 1.8882977957018223), ('Dhx36', 3.3150129015211047), ('Tmem87a', 10.787862400136236), ('2410004B18Rik', 3.698300237020783), ('Dtymk', 7.946547894668421), ('Ncstn', 8.413584486888164), ('Surf6', 3.5248757510446262), ('Mrpl20', 5.762355329514425), ('Mbtps2', 2.1115463973445987), ('Ttf1', 13.588703450641924), ('Arl6ip4', 2.444912313885095), ('Cldn12', 3.993442307168084), ('Lrrc47', 2.4985624580461256), ('Isy1', 6.016649283662733), ('Mterf1a', 3.956382568265068), ('Caprin2', 15.117486515758443), ('Rmdn1', 41.42622511334866), ('5530601H04Rik', 3.729155311378225), ('Ccdc73', 8.761137641716296), ('Pdcd10', 5.070324271886363), ('Taf12', 5.873169269082028), ('Nom1', 5.029090611221336), ('Mterf1b', 3.00654042773959), ('Zfp384', 14.81054272266651), ('Dnajc5', 12.472986909071054), ('Acot8', 2.3732466543664112), ('Tex10', 6.306860115739896), ('Rer1', 2.683246834481831), ('Gnai3', 1.5041315215880269), ('Sec31a', 11.097229531025716), ('Fbxw8', 21.152672214111984), ('Yme1l1', 28.797909659707493), ('Gin1', 22.45060432286921), ('Scnm1', 1.3190866035143538), ('Cdc123', 32.18552802525038), ('Coq3', 32.15963299716572), ('Rhbdd1', 8.506334223021094), ('Spata2', 3.410832723088983), ('Rrs1', 12.24814306045702), ('Psmf1', 5.903998054382879), ('Mpc2', 35.580023028846924), ('Chmp5', 2.338541178107242), ('Cstf3', 4.760144545022029), ('Arfgap1', 17.891322531102013), ('Hspa14', 15.12685093264376), ('Acp2', 2.151065462352832), ('Gatad1', 5.600721517931865), ('Syf2', 3.80898823748514), ('Rtca', 1.3717288480527858), ('Spata17', 6.87063406187562), ('Gripap1', 16.803797353950028), ('Exoc1', 3.749795865647192), ('Trmt6', 2.4466184732490284), ('Mdm4', 23.92535305667453), ('Hspe1', 2.55152041723336), ('Pdss1', 5.888076550430268), ('Mtx2', 27.88473936535564), ('AU040320', 9.076406314299897), ('Pex2', 18.47891671896045), ('Ints1', 2.920005603804291), ('Fkbp1a', 3.3059112909593416), ('Otud7b', 11.9602911435431), ('4732416N19Rik', 3.8313261791136655), ('Tmem230', 12.17222212658182), ('Mfap1b', 3.640585979602349), ('Ddx27', 6.394208127976447), ('Rabgef1', 6.817081245235375), ('Rpe', 29.0390531609716), ('Nudt5', 37.85721281875887), ('Fbxw2', 31.595910039852345), ('Emc4', 2.6835701012525988), ('Nup35', 6.744676289856323), ('Zfp408', 4.890166063908092), ('Tmem69', 4.431005505474467), ('Snrnp200', 21.043009346808983), ('Mrpl33', 1.8247923446727348), ('Galk2', 2.2930014809369177), ('Orc5', 19.33900510435983), ('Cdk9', 1.532991778631078), ('0610040B10Rik', 3.660989683338864), ('Arhgap1', 1.4254424072228882), ('Prpf3', 17.91998780748353), ('Mcts1', 21.81271815170183), ('Bag1', 1.2902580910423669), ('Slx4ip', 25.71270636107124), ('Arpc5l', 3.4486778347803826), ('Morn1', 3.122540090548087), ('Pef1', 20.255515076575563), ('Abcb9', 4.474040932588684), ('Zbed6', 7.601786586334766), ('Chchd2', 1.943176730209922), ('Dpm1', 14.796842147494726), ('Gm20716', 1.2150383170449148), ('Pole4', 4.660794698823691), ('Bloc1s6', 5.693016396772704), ('Ccndbp1', 1.4573190594767256), ('Rexo4', 2.6337238142820905), ('Asb6', 2.1063253082062414), ('Cops7b', 10.79531806078001), ('Phtf1', 4.586647309126574), ('Rtel1', 8.016593638496001), ('Coa5', 3.690606471526875), ('Mtch2', 32.08282308260255), ('Sec22b', 17.94411576565399), ('Nol6', 5.108200642533304), ('Klhl20', 16.245101807720488), ('6030443J06Rik', 24.103526279308877), ('Malsu1', 15.569559322379469), ('Nvl', 5.002719037554178), ('Clasp1', 13.088940689552372), ('Hjurp', 1.3130446679989771), ('Piga', 3.1775952041119733), ('Cdk11b', 11.83183970803637), ('Smu1', 3.3780481519679006), ('Lrif1', 2.8686951102962883), ('Ubox5', 7.861115527490343), ('Snhg6', 1.762096441029514), ('Atp5k', 1.94116964422182), ('Acvr2a', 11.785250032794922), ('Immt', 27.594147239081945), ('Gm15417', 6.245585087510256), ('Pced1a', 17.227923278026257), ('Dnajb6', 34.3977568635942), ('Insig2', 4.143396910227922), ('Med14', 4.792963656143016), ('Smim8', 5.275526487287694), ('Smc1a', 13.438063192412336), ('Psmb7', 14.737593887164673), ('Phtf1os', 1.9935278066518844), ('Ribc1', 2.302297660865532), ('Dffb', 6.189422962794911), ('Ago3', 25.60835254152116), ('D130017N08Rik', 7.311486158277035), ('Ddx55', 10.76150590973682), ('Sfswap', 29.234321149250896), ('Dpm2', 3.610537936361832), ('Gtf3c2', 15.127240226320186), ('Rnf6', 8.830808236843268), ('Gpr107', 10.599695404046685), ('Slc25a26', 25.712241526473683), ('Dnajc1', 5.733669346780465), ('Snhg8', 2.798199054706839), ('Mterf4', 5.081796959807933), ('Gatb', 10.84137316968114), ('Tatdn3', 10.47251256043736), ('Kmt5a', 2.2034571685429785), ('Tor1b', 5.577197849417125), ('Ndufaf1', 3.6828133772442095), ('Prpf38a', 2.20778702097967), ('Mrpl1', 22.533308616497933), ('Eif4e2', 5.222996728386275), ('Nfs1', 21.18756692045745), ('Kdm5c', 21.32442907023029), ('Ccz1', 6.8104150883143895), ('Zbtb8os', 7.029195673685283), ('Sdf4', 1.5548562046272472), ('Aff1', 1.781805054073783), ('Yipf1', 3.457990676019249), ('Rae1', 8.433764047212332), ('Syt11', 2.4129092634651403), ('Tmem222', 13.394911078164496), ('Ipo13', 1.4487410842212791), ('Ppil3', 5.8131467061379976), ('Lysmd1', 3.8848219965839967), ('Prpf18', 7.134428533474017), ('Naa20', 23.47722934961433), ('Zmpste24', 3.036680597863764), ('Sde2', 1.7558483777575833), ('Uhmk1', 4.14113212903288), ('Mrps35', 8.123295206893847), ('Zfp512', 12.954163501789017), ('Isg20l2', 2.824809272848476), ('Tiprl', 5.1329279842392666), ('Prkacb', 5.024695981723456), ('Zcchc7', 27.251919841321836), ('Mars2', 1.4390209851217306), ('Cdkl2', 6.9608339970508775), ('Snapc4', 5.406218560531672), ('Zkscan5', 8.135354722436036), ('Srp14', 1.4471659244849708), ('Rpia', 5.16247848954796), ('Lrrc61', 8.587958623613567), ('Slc9a8', 18.210744750133344), ('Trmt44', 2.2734554757442087), ('Phb2', 1.7114871453276717), ('Aar2', 9.0970808827501), ('4632415L05Rik', 3.489633421226223), ('Txnip', 4.778140818041022), ('Dnajc10', 2.5250771277664312), ('Rabgap1', 14.068596195900058), ('Ube3c', 14.503250033705758), ('Vps4b', 3.894373562345187), ('Mrps18c', 1.8811956188861103), ('Mettl14', 3.2433310002253646), ('Ccng2', 4.84769824046144), ('Tars2', 5.264013737989199), ('Hspd1', 4.276606617523228), ('Fam98b', 1.5356904624154952), ('Pi4kb', 23.916665293615765), ('Pdcl', 1.2608539496666924), ('Gfm1', 2.4219805692475584), ('Tmem234', 6.115284397882004), ('Lrrc8a', 2.1307329721842776), ('Dr1', 3.749066852713757), ('Zbtb26', 5.557706044056903), ('Cmpk1', 22.57029516862378), ('Dtd1', 6.4576734350712455), ('Rpgr', 8.682721167399524), ('Csnk2a1', 22.57761014562685), ('Hcfc1', 7.497974301770312), ('Hypk', 3.963175927111436), ('Parp11', 2.9554816058215208), ('Iars2', 29.390858445590546), ('Mettl21a', 7.774130461346185), ('Tank', 14.21563889730132), ('Tram2', 7.137798420698752), ('Mospd3', 2.047746985127815), ('Plekhf2', 3.614683675073162), ('Slc35a1', 7.67699737118541), ('Ap1ar', 6.604537926229217), ('Nup54', 17.18091917774543), ('Snrpb', 2.303450934786406), ('Abhd18', 30.41799080268377), ('Ubac1', 28.841633349010785), ('Zfp451', 12.49220527648722), ('Eif2d', 7.012887467610302), ('Bcap31', 30.80068020739221), ('Wdr45', 3.0748764402610096), ('Steap4', 1.9378948357274952), ('Rrnad1', 24.858482854556563), ('Tro', 5.214829784289327), ('Pdrg1', 1.3689597902228514), ('Zfp316', 2.890479938960424), ('Arfrp1', 3.6455315566135846), ('Ufc1', 3.98065862140328), ('Zbtb41', 13.303886424985796), ('Surf2', 3.608758299723521), ('Poln', 22.79380574199003), ('Stk38l', 14.6852830008062), ('Zfp655', 25.63340026043546), ('Ap5z1', 4.081739224560527), ('Txndc9', 5.5143590000945775), ('Hsd17b12', 25.95586107905893), ('Srsf11', 47.84943279721475), ('Trappc3', 19.565068779537327), ('Ccl27a', 1.7624213226886598), ('Snx12', 4.742028230910209), ('Atxn2', 37.13384147598197), ('Gabpb1', 2.3045815893385178), ('Dnaaf5', 4.273659403783599), ('Edem3', 3.295113277408265), ('Pisd', 9.220786229892273), ('Alad', 15.557786188830615), ('Idh3b', 24.00805008934049), ('Ube2j2', 7.288501822993303), ('Crocc', 2.745236720148669), ('5430405H02Rik', 12.75677031731788), ('Ccnc', 7.758107571156444), ('Cul1', 26.00655871409132), ('Slc25a25', 6.3925611670138105), ('Rbbp5', 2.938079069054074), ('Golga1', 8.534034314858655), ('Krit1', 38.01434267531347), ('Rtf1', 16.855046299975978), ('4921507P07Rik', 6.196157245769323), ('Slc30a9', 32.616348854794865), ('Fam222a', 1.4978476122695692), ('Kbtbd4', 2.159747008699865), ('Mfsd8', 20.38158341137952), ('Cnr1', 2.714604191627485), ('Haus3', 7.599898711444682), ('Eefsec', 9.751433562889272), ('Recql', 2.477543009784513), ('Eya3', 16.802959642637774), ('Hprt', 19.9228139751168), ('Mtf1', 3.573214713820103), ('Helq', 3.008720407852972), ('Ddx18', 4.683396807165737), ('Rprd1b', 12.88934297837532), ('Med8', 8.623724940704209), ('Nrd1', 27.16626289865407), ('Zmynd12', 8.583798703421063), ('Rab3gap2', 22.708601820579183), ('Arl14ep', 2.586004166489333), ('Stam2', 11.324172091769796), ('Utp11', 2.525016781004899), ('Stk40', 4.596457799131127), ('Ppat', 6.1289458965197285), ('Tgs1', 5.143425784390409), ('Etv3', 14.774804908151912), ('Mastl', 2.3236989792417453), ('Tmco1', 10.069525272159291), ('Tmx2', 2.4776929655292816), ('Tmem33', 13.420293601767602), ('Mul1', 8.198756748310178), ('Mtfr1l', 7.526404039365064), ('Slc39a13', 7.774799841585701), ('Lpgat1', 3.443342990735859), ('Dnaja1', 9.801738127282231), ('Cpt2', 20.259335566418795), ('Ankib1', 5.996405851129361), ('Tpp2', 19.072571891036223), ('E130308A19Rik', 8.809098793110634), ('1500004A13Rik', 11.72340843915696), ('Setx', 2.745120920410162), ('Ccdc30', 7.541238267032854), ('Zfp275', 7.832271629749437), ('Tbc1d19', 12.034225696229532), ('Ergic2', 19.1410049805521), ('Ube2d3', 13.509003446223154), ('Tyw1', 15.410880453068502), ('Hibch', 32.69484180722368), ('Lmna', 6.474316401755575), ('Eloa', 1.879208474486526), ('Utp14a', 6.576165349005426), ('Rbm12b2', 7.589603991530651), ('Idh3g', 11.348118456280034), ('Atp11b', 7.229024843917403), ('Pogk', 2.7292057647056653), ('Vcpip1', 12.442564460107524), ('Anapc1', 41.32504069630086), ('Nsun6', 10.411294057987323), ('Rheb', 15.365509950955044), ('Gabpb2', 5.127896103392833), ('Skap2', 5.08507421618659), ('Ubxn4', 34.705515190621426), ('Cox20', 3.154267146492484), ('Gm14634', 16.32296399842222), ('Tsga10', 15.714658445916657), ('Tax1bp1', 40.56999911408618), ('Epb41l1', 19.847369766261007), ('Ppp1cb', 1.7260636062517118), ('Orc2', 18.95564496017208), ('Kansl3', 23.926735036233552), ('Cxcl10', 1.2890808667161024), ('Dnttip1', 1.5219051810238469), ('Rb1cc1', 17.018075920036633), ('Fbrsl1', 14.864086862900756), ('Mtg2', 10.195641963286716), ('Htt', 11.639907320876892), ('Rars2', 33.04546249696735), ('Cox5b', 1.2526282746591548), ('Git2', 10.233347998918935), ('Zbtb43', 16.362914851329045), ('Tanc1', 1.609769736589462), ('Rnf25', 12.916679603551296), ('Efcab7', 1.8014640756450715), ('Arl5b', 2.0785957963291994), ('Sptan1', 9.319282528285685), ('Pdap1', 2.966629380905219), ('Dusp19', 2.824424855856929), ('Dnttip2', 2.2301009149476068), ('Gorasp2', 7.621395957146825), ('Ccdc171', 1.6166036231288312), ('Prkra', 12.288798219785416), ('Pygb', 18.34180667187472), ('Mrps21', 2.3573072173755896), ('Dcaf17', 17.896795575668648), ('Sh3bgrl', 7.357754286357189), ('Mapkap1', 20.068257621547254), ('Tmem248', 3.0244901507038398), ('Impa1', 3.5654766293636104), ('Celf2', 4.8524562980087245), ('G3bp2', 18.472112332936003), ('Plod3', 4.690194487223125), ('Ccdc174', 28.343620779893584), ('Trim44', 8.630285996678806), ('Tceanc2', 10.469737989245612), ('Cd1d1', 20.476801366625928), ('Ctcfl', 2.035349397551036), ('Zranb2', 48.88489112638087), ('A230072C01Rik', 11.54894858909272), ('Tmem185a', 1.6599433092014928), ('Ap4e1', 11.97156061883037), ('Ccnl2', 49.646875922285), ('Blzf1', 13.76679227126148), ('Nmnat1', 12.91462285968662), ('Zfp182', 5.890808033300804), ('Rab7', 2.738469171847852), ('Tomm34', 2.9736082656047524), ('Ccdc91', 16.691049579762836), ('Mfap1a', 9.32140316986548), ('Adrm1', 3.508987997048705), ('Caap1', 15.62272924434866), ('Sp3', 13.363053192285388), ('Ccnt2', 39.018548148680594), ('2210406O10Rik', 1.98879533148569), ('Mfn1', 23.685967048802567), ('Zer1', 7.832476961916706), ('Psmd14', 27.90811410080409), ('Anapc7', 3.2483377951755004), ('Tcea1', 11.29565513809545), ('Mcm8', 5.534413563045462), ('Spopl', 4.422074647411306), ('Pbdc1', 12.591229516283498), ('Ttc17', 45.11662520317137), ('Atad3a', 15.798007477341503), ('Camsap2', 22.811388430179488), ('Wdr5', 1.2178429551410714), ('Zzz3', 16.54187174134967), ('Irak1', 5.003483960146706), ('Vim', 5.712326163871991), ('Txlng', 38.06877962030376), ('Alg13', 8.392723707021716), ('Trub2', 11.179499827934238), ('Gmps', 14.00442151443311), ('Ost4', 1.5165567670229905), ('Sycp2', 6.291788837218843), ('Grpel1', 1.7468454213368132), ('Armc9', 5.047216189962689), ('Wdfy1', 8.657727040367668), ('Mlec', 1.7970884268266984), ('3300002I08Rik', 13.798149852127915), ('Sars', 1.9955690952041183), ('Yes1', 6.573778912620539), ('Rbm17', 1.4578365094558687), ('Cobll1', 14.47792405795027), ('Prkx', 1.628313838862256), ('Phc1', 5.824830489217758), ('Rab2a', 6.039091189497761), ('Lzic', 10.238717235643833), ('Flad1', 12.704536640887127), ('Brox', 5.248830765899681), ('Ubxn2b', 2.60002937434109), ('Rbks', 31.858027770473694), ('Pus1', 5.473546031125824), ('Cd59b', 4.68853913801373), ('Uxt', 6.8003301297355785), ('Sepsecs', 20.063213709692576), ('Hcar1', 9.874863813669892), ('Rhbdd2', 19.161088902475303), ('Ppp6c', 18.103207177496564), ('Gid8', 3.400704203280981), ('Ppcs', 6.437460285865265), ('Lrrc41', 18.56631933288072), ('Uqcrh', 2.5112654284548617), ('Ddb2', 15.46139054068268), ('Ctnnbl1', 16.46901807634294), ('Ythdf1', 7.6064409703913825), ('Cbfa2t2', 22.086402654835943), ('Pnpla7', 1.2575802380383427), ('Prps1', 5.593617111779665), ('Rpap1', 8.451831680916708), ('Ppig', 5.763834182907731), ('Zranb3', 3.323254294336679), ('Slc25a44', 15.167418613509971), ('Shb', 21.554972721807363), ('Itgb3bp', 13.001402733858574), ('Las1l', 18.78824352897512), ('Hsf3', 2.9267201076617004), ('Dido1', 55.88480675194268), ('Klhl15', 11.979531551754537), ('Bud31', 3.1181681429672747), ('Rnf115', 10.912636620007326), ('Nr6a1', 12.572287782870236), ('Slc25a53', 11.489102554142304), ('Rnf4', 22.40024536891729), ('Phka1', 20.99349873305013), ('Polr3c', 3.006524600679298), ('Abca1', 38.78736513745569), ('Igbp1', 3.54208845953532), ('Asb1', 2.8618562485996404), ('Gle1', 7.649800525267336), ('Mkks', 6.146936501264131), ('Art3', 42.29205368352828), ('Ywhab', 30.516809399836795), ('Suclg1', 19.24469688033389), ('Acox3', 7.877904343652557), ('Dcaf10', 22.5408806027874), ('Tmem29', 21.661988747499716), ('Oscp1', 11.461672784934883), ('Commd2', 3.3852539796325765), ('Wdr75', 9.82851750663387), ('Zfp972', 1.5429159759639857), ('Usp24', 18.57559258574397), ('Usp48', 14.918103962429518), ('Gm14295', 1.2663884351181875), ('Maip1', 6.035004763835189), ('Tstd2', 20.64866912650292), ('Ythdf3', 24.22880667566132), ('Mettl5', 11.373300700670004), ('Zscan25', 8.98014887281338), ('Etfrf1', 16.926013840260264), ('Mamld1', 2.444310052370496), ('Atp5j2', 1.4910766703937854), ('Fundc2', 1.6239999883875529), ('Hnrnpa2b1', 8.41740324390008), ('Abtb1', 5.137967396512402), ('Otop1', 4.030507828673152), ('Prpf38b', 25.623219596811143), ('Ptprd', 51.17077499152533), ('C920021L13Rik', 18.39860339261772), ('Ptpn11', 15.69158104407285), ('Slc4a2', 2.8840016578769934), ('Txlna', 16.054616516642234), ('A930005H10Rik', 7.157947436027288), ('Thap6', 7.580761476185317), ('Eloc', 2.903347695145672), ('Smim20', 16.386682067249932), ('Ciao1', 2.874977331488951), ('Stx18', 39.39346513765713), ('Ube2f', 1.193209402939985), ('Zcchc17', 11.54607881004815), ('Phka2', 27.10423887400622), ('Gdap2', 1.6877405062916422), ('Snip1', 2.0473328904848347), ('Hipk1', 10.515871801314876), ('Orc3', 41.61592707577707), ('Mid1ip1', 2.056895525802395), ('Scyl3', 3.90723901810066), ('Zfp341', 2.203700218492989), ('Sdhb', 22.92068780525829), ('Phospho2', 8.728045790292908), ('2700069I18Rik', 8.087290139181833), ('Wdr12', 2.4298347151320683), ('Ddx59', 7.2715027269407475), ('Ociad1', 8.668309885402877), ('Nfe2l2', 6.212772630014987), ('Kcmf1', 22.41658371015251), ('Zc3h15', 6.229119663380206), ('Ube3b', 14.910955478138831), ('Ttc14', 39.26153664706629), ('Golga2', 16.4367550723667), ('Hvcn1', 1.9590983689192767), ('Mynn', 13.229357964189893), ('Smap1', 8.501774582455727), ('Cops5', 10.49907987830582), ('Cul3', 9.235712446010416), ('Osgepl1', 8.657801837279665), ('Zscan29', 5.2473728873367484), ('Ifih1', 1.4411949486269156), ('Tm2d1', 11.054566450628204), ('Ndufs2', 7.149199526858618), ('Ift74', 1.655307970474243), ('Mff', 23.185909481045314), ('Ssrp1', 1.501364170309955), ('Clp1', 6.721459293912), ('Rnf20', 14.64583630961939), ('Gzf1', 11.783060881803705), ('Mtor', 29.5534847498429), ('Eif3j1', 10.443490775072563), ('Nasp', 4.5058486865100695), ('Tasp1', 17.463582094581763), ('Emc7', 4.254849923075323), ('Taz', 20.374891705680568), ('Ythdf2', 3.131257106811056), ('Psmc3', 5.756580858259287), ('Dhx9', 10.91073604374075), ('Stx12', 8.58414297023582), ('Pdzk1', 3.480373189988808), ('Actr1b', 7.538896992586633), ('Aptx', 14.009275469178805), ('Fahd2a', 4.264234892519366), ('Taf1', 29.716581525865557), ('Mknk1', 2.220992315955948), ('Ndufaf6', 15.667989613165496), ('Ndufa9', 10.0435822444805), ('Tceanc', 3.372287685229085), ('Pex16', 15.818608483212792), ('Cir1', 12.709817440212523), ('Tbck', 32.874628169288506), ('Eif2a', 5.847070396506802), ('Ccnl1', 38.05254758916439), ('Zfp142', 5.443081217777879), ('Cep104', 5.063005154496175), ('Znfx1', 8.032928399181893), ('Copg1', 13.50593806705417), ('Lypla1', 6.311675981508581), ('Miip', 5.640633344300482), ('Pmpcb', 3.785792142349156), ('Fuca1', 3.4680245922267328), ('Golt1b', 2.227379751893884), ('Tecpr1', 12.274828592349104), ('Fam76a', 19.789527313327163), ('Hccs', 7.006547375668864), ('Ino80', 9.63403975905048), ('Wdfy3', 4.357993493169473), ('Heph', 20.587789879884006), ('Atp6v1h', 20.33500938346571), ('Ankrd17', 48.171813590969954), ('Dph5', 1.965105226874952), ('Mrps26', 6.646284733557512), ('Zfp133-ps', 4.053275653413656), ('Copa', 21.593515975848224), ('Aimp1', 5.282454818187779), ('Grsf1', 5.87365115427719), ('Cops2', 9.872821047500937), ('Mitd1', 4.168864506331576), ('Ogt', 23.53504414473405), ('Nsun5', 5.56713454839878), ('Crot', 21.461334282675622), ('Bcl7b', 10.295180500960988), ('Psmd4', 18.74010476059752), ('Prkci', 12.903437489049844), ('Atf2', 29.533587346434626), ('Atrn', 43.07109434841317), ('Fh1', 7.793803716801986), ('Snhg3', 4.129639620569316), ('E2f2', 1.9716493245098567), ('Abcb7', 14.83783195450259), ('Golga3', 15.33349238004556), ('Erp44', 7.26062077178005), ('Rbm12b1', 1.4625209406623887), ('Lage3', 12.568683935056496), ('1110065P20Rik', 1.7034485917291398), ('Scamp3', 3.314475792230613), ('Cox6a1', 6.43453080804365), ('BC005624', 5.292202844752088), ('Gpat3', 35.246687110739494), ('Tmem245', 28.185239929389613), ('4930473A02Rik', 4.679426049749962), ('Tmem68', 10.387553293611084), ('Efcab14', 16.97875437238442), ('Sumo1', 24.86965160321709), ('Pigo', 3.313573108191641), ('Zfp113', 7.144985886698263), ('Prickle3', 1.8406813071527597), ('Zmynd8', 4.265782712966621), ('Spata6', 2.4967066763233685), ('Otud6b', 18.04929497363375), ('Brwd3', 11.843734132053688), ('Etfdh', 24.22265145380257), ('Rnf216', 12.108486699674469), ('Mrps9', 27.26112049644244), ('Fbxl4', 27.14485329149815), ('Jtb', 9.24426883752618), ('Celf1', 27.72334554915265), ('Ppp1cc', 2.254178674635512), ('Rnft2', 7.342387265108583), ('Spg20', 2.1205218757895787), ('2810002D19Rik', 2.216824785820635), ('Usp9x', 29.12626113814386), ('Ncbp1', 20.369209133008518), ('Usp33', 41.68739110542604), ('Cat', 29.351040576847083), ('Snrnp40', 13.071499230730868), ('Stk16', 12.820879129156529), ('Fkbp15', 5.046242846236004), ('Psmc2', 14.36539329484659), ('Gm16023', 3.049459040160507), ('Cep85', 5.251019254701335), ('Nras', 2.276798482658254), ('Rbsn', 5.877303856731238), ('Slc35a2', 1.4562514571510132), ('Azin2', 10.606974415338197), ('Ppa2', 6.294511771182143), ('Stk35', 16.79393417142907), ('Gm14023', 3.1071860699072986), ('Chic2', 3.671659866520951), ('Trmt10b', 3.2821016273771813), ('Morf4l2', 4.520869008977993), ('Klhl5', 11.814379237627564), ('Crtc2', 2.8828095921696364), ('Acot7', 7.633181770722491), ('Xrn2', 9.899412315156878), ('Uvssa', 21.79160298067256), ('Szt2', 1.764049640461839), ('Tmem79', 4.179321964491229), ('Fis1', 3.461324917001217), ('Dis3l2', 14.201608439358386), ('Alkbh3', 12.74317089011391), ('Cntrl', 1.3662683042338202), ('Zfp281', 9.985404935250214), ('Scfd2', 19.91445776072943), ('Nrbp1', 6.132315518792821), ('Nudt6', 19.095192147398716), ('Zfp933', 15.74352082306998), ('Nmt2', 19.80405013036813), ('Dennd2d', 14.52407541313751), ('Fpgt', 9.10578209586104), ('Zswim3', 13.290374306126486), ('Mdn1', 3.278149068605148), ('Srsf4', 13.272052026172773), ('Btbd8', 24.65266761039281), ('Zdhhc5', 4.688637720603955), ('Thrap3', 33.42335737220041), ('Kcnk2', 12.888590703291788), ('Dcaf8', 49.53412665830022), ('Zfp512b', 5.764137656495551), ('Ccdc62', 23.43946092767082), ('Pigc', 8.787575314441895), ('Lhfpl3', 4.563317641855133), ('Mob4', 5.166986174023355), ('Gon4l', 16.55254062384044), ('Shc1', 18.58990054598173), ('Tiparp', 13.583542908758906), ('Zfp862-ps', 7.430081286543031), ('Sbds', 9.451225574199036), ('AI597479', 6.251606739461198), ('Rwdd3', 5.3858611440515824), ('Hax1', 2.700411426267918), ('Fastk', 20.754155888680213), ('Gk', 2.692663831707489), ('Ampd2', 5.506938068020406), ('Aven', 8.322975288052254), ('Clcn6', 4.314169774663523), ('Zrsr2', 2.052747230937075), ('Ppp2r5a', 58.56031797494775), ('Cdk5rap1', 16.326824449822467), ('Eif2b1', 3.058558319134603), ('Rab14', 4.012101246500351), ('Ciz1', 3.479927578910747), ('Pebp1', 1.419286715808728), ('Jade1', 12.514103025782886), ('Sbno1', 18.02072894432849), ('Apex2', 22.274094872246835), ('Ccdc173', 3.94037826625996), ('Cflar', 27.0808723969436), ('Plbd2', 2.257179594699935), ('Nub1', 8.911259997506074), ('Map3k6', 7.117729419546928), ('Slc12a9', 9.042921152276408), ('Rbm47', 26.172008073760896), ('Adh5', 2.1725081751090896), ('Hnrnpd', 2.253593114050935), ('Uspl1', 11.044397298771155), ('Trmt10a', 7.386365606878302), ('A630072M18Rik', 10.32359618099896), ('Kyat1', 2.9346118486687365), ('Ndufb6', 6.186854269464512), ('Chn1os3', 3.44677696114608), ('Cops8', 6.587600269955819), ('Pin4', 2.7053819617762533), ('Nfx1', 24.317310100453454), ('Uck1', 10.53148893209554), ('Fastkd1', 7.894660237947733), ('Gm9899', 13.51528059047354), ('Anapc4', 12.57135680332105), ('2900009J06Rik', 10.079812236277508), ('Mbd5', 36.93065708106744), ('Spen', 11.6956081366259), ('Meaf6', 1.620003069301024), ('Pms2', 1.6933059244137991), ('Stat1', 5.295147192976994), ('Chd4', 18.527019361642456), ('Nat8l', 23.1849239553732), ('Invs', 7.029068012879928), ('Rbak', 3.564225389463387), ('Agl', 32.13311580669653), ('Psmb4', 1.722185732817578), ('Prelid3b', 2.546939470643916), ('Uso1', 33.633364634701344), ('Npepl1', 10.45684445701268), ('Kcnh7', 1.5113408491288087), ('Psma5', 25.694789522212893), ('Rnf2', 1.9756875289582376), ('S100pbp', 6.907092202003822), ('Mycbp', 6.024318969904767), ('C130074G19Rik', 10.184497994846607), ('Il15ra', 28.132213682959915), ('Mysm1', 4.000518038483679), ('Msantd3', 9.286314886277353), ('Sart3', 2.4872547581270807), ('Aida', 6.481405057384375), ('Baz1b', 46.49917274463291), ('Srp72', 13.631483331379371), ('Trnau1ap', 2.280685126013951), ('Supt20', 5.675747056568406), ('Zfp605', 4.779656238270703), ('Zfp770', 4.559288315143758), ('Carf', 33.29447671061077), ('Ralgapb', 17.711042344581706), ('Bcs1l', 9.706445312147132), ('Ptpn3', 1.738132629324751), ('Nabp1', 16.14988314737294), ('Arhgap21', 3.275596165776705), ('Htatsf1', 5.659791508188723), ('Proser1', 3.807437515520845), ('Zfp777', 10.487176358570112), ('Acbd6', 8.641040940846615), ('Tmem120a', 17.18204539934834), ('Trrap', 8.989659583035708), ('Spata5', 6.030444826159646), ('Mmachc', 2.3730784914325045), ('Fam53a', 13.094139994597649), ('Arap2', 9.2515537910381), ('Arl6ip6', 15.13826090709513), ('Znhit1', 3.762263205275005), ('Mad1l1', 5.355082048859657), ('9530051G07Rik', 5.220928343282016), ('Aldh9a1', 8.292586192256348), ('Dhx35', 10.425000296748273), ('Mib2', 3.633639005151633), ('Tfb2m', 13.636834947347108), ('Zdhhc21', 9.264622327163544), ('Zfp932', 7.236508140208748), ('Kdm3a', 4.478626539555149), ('Zscan21', 2.6461715396313163), ('Kif16b', 23.85725592426317), ('Tada2b', 1.3192784683001406), ('Vps18', 2.8150085730489485), ('Fmr1', 2.212853553032886), ('Dmtf1', 9.709996449159458), ('Dnajc16', 7.234236530782662), ('Rngtt', 31.76022691991713), ('Orc4', 13.319097051104375), ('Gm15787', 11.647521300762063), ('Syap1', 20.71192905600765), ('Timm17a', 9.125621641703315), ('Suds3', 6.396164075377832), ('Glb1l', 3.5376551757108605), ('Cnbp', 6.338840280136224), ('Cstf2', 2.060326293495701), ('Baz2b', 30.73538726741508), ('Bola1', 2.021662002745418), ('Spg11', 9.829986150575806), ('Qsox1', 1.7755772797489968), ('Bivm', 4.3820507868325125), ('Pan3', 8.7214813932163), ('Snapc3', 22.86857737386921), ('Irs1', 55.19091053174656), ('A730017L22Rik', 13.382707150448464), ('Vps16', 4.2383447881609895), ('Mavs', 19.5375942862387), ('Rbbp4', 11.645294284617115), ('Cstf1', 5.625504245316028), ('Polr1d', 14.850444603299376), ('Pclo', 11.608033993839104), ('Pdia4', 1.690601944265813), ('Pabpc4', 24.965449860971816), ('Ubiad1', 3.969943568901565), ('Rbm33', 14.43584058433559), ('Xiap', 28.27937164879369), ('Usp30', 3.876066718328517), ('Coa7', 6.632809746419993), ('Gca', 8.30939577739452), ('Kdm6a', 13.310992095007116), ('Taf3', 1.288631170460789), ('Dnajc11', 23.364572359670024), ('Ift52', 5.104351931388666), ('Rab28', 12.064766421399744), ('Fbxo28', 22.16335292832173), ('Capza1', 1.380144222794941), ('Acot11', 1.9000407804128028), ('Pex11b', 1.662299225050108), ('Glmp', 1.9942942529486751), ('Tesk1', 2.255371017348641), ('Dync1i2', 4.062691556673545), ('Tctn1', 1.9625400207908992), ('Dab2ip', 20.23258472105254), ('Zfp467', 16.92282363121781), ('Spout1', 3.118122085796036), ('Mrrf', 9.287770010502197), ('Iqsec1', 8.502819500691345), ('Chd7', 46.258409778261566), ('Lrrc4c', 7.379929113385573), ('Ints3', 15.1030607085557), ('Sf3b1', 32.3900145912972), ('Kdm5b', 8.439894929873729), ('Prr5l', 3.9277083412101903), ('Tor1a', 8.528168784870125), ('Atp2a2', 3.934740691190743), ('Ilkap', 6.84042561516556), ('Armcx5', 4.271559447887108), ('Rad9b', 19.74922228635181), ('Gprasp1', 28.90349766539517), ('Map3k20', 6.231730416474864), ('Casp8ap2', 9.947708041632708), ('Kdelr2', 1.5944163523132402), ('Ncoa2', 27.308587923325582), ('Plcb1', 28.038853931357075), ('Tbc1d2', 2.4554132777549653), ('Mob3c', 5.569347181725751), ('Bzw1', 3.525200753266173), ('Ddx3x', 13.275479785981988), ('Trim32', 5.45497807113795), ('Adora1', 19.782778449642677), ('Vps45', 11.336829330285909), ('Fsd1l', 10.70856109568545), ('Ttc4', 14.35464405742884), ('Arfgap2', 8.818630500897193), ('Zfp661', 3.169030191854363), ('Lekr1', 22.139658054046286), ('Styxl1', 12.575721743436638), ('Gm2011', 9.721414087443591), ('Extl2', 4.25785646410035), ('Tcf7l1', 7.162885804985695), ('Tgoln1', 13.520319072994882), ('Atp6v0b', 2.446498350475669), ('Rad51', 2.067854636036832), ('Nat10', 8.941276956969585), ('Hipk3', 23.67110336115229), ('Rnf114', 1.764252238768322), ('Exosc9', 3.596478684903537), ('Tmem165', 2.1020220382390766), ('Rragc', 17.77581223389776), ('Kif1b', 37.78214883465736), ('Notch2', 1.5094236850488527), ('Elk4', 5.851264000848601), ('Fam107b', 7.51278150426011), ('Acss2', 30.03434290022658), ('Ensa', 3.698325173068068), ('Per2', 12.094048692799738), ('Bmyc', 2.125759350736516), ('Pigg', 11.40657058932389), ('Dnajb4', 20.780113070681832), ('Prkag2', 18.93142020754248), ('4933407K13Rik', 4.425442488482668), ('Lrpap1', 8.426656806213261), ('Tbc1d20', 24.783600412225507), ('Eif2b4', 4.53352587929877), ('Mgat5', 1.3590426454881743), ('Pigu', 10.629785245190211), ('Atg13', 11.393300636445094), ('Crnkl1', 2.6769466600834857), ('Sh3kbp1', 31.02625680279129), ('Fnbp4', 25.018151563196074), ('Srrt', 10.446972519310684), ('Cnbd2', 19.3892352849515), ('1810030O07Rik', 2.2102211961363216), ('Nr2c2', 25.277389292156737), ('4931440P22Rik', 1.475712785827522), ('Mecr', 16.470748509588294), ('Arhgap29', 20.663562609690317), ('Ephb6', 1.249083583336208), ('Med12', 5.694177837711833), ('1700096K18Rik', 3.682429951557802), ('Lrsam1', 12.405981994351322), ('S100a10', 1.6029260679270405), ('Pitpnm2', 36.19420056779583), ('Chm', 3.674394044225416), ('Klhl13', 3.8373436855840457), ('Pla2g12a', 16.42835603219413), ('Phactr4', 2.043055869083773), ('Rfx5', 1.2556467792657875), ('Inafm2', 11.052307406382813), ('Hmgb1', 4.223205936925335), ('Pnrc2', 2.1920826662281447), ('Scrn3', 24.95569078937781), ('Epb41l5', 4.7190069514881765), ('Sdhc', 20.1429011809123), ('Otud5', 11.381766953983211), ('Spata5l1', 1.1950626847438053), ('E130311K13Rik', 4.972412940646706), ('Tlk1', 6.795622170272117), ('Fgfrl1', 3.033579009314252), ('Unc50', 7.402299337224902), ('C1galt1c1', 5.658608718688249), ('Fubp1', 25.524201438052643), ('Zfp449', 3.064623098530144), ('Cdc26', 15.026201306416212), ('Vps39', 6.40751465946665)]",4969
Nfia,metacluster_141.5,0.052530589,3.536350934,4.70E-08,0.992141,motif similar to tfdimers__MD00564 ('M00193_forward_9_M01035_forward dimer: NF-1 / YY1'; q-value = 4.7e-08) which is annotated for orthologous gene ENSG00000162599 in H. sapiens (identity = 99%),"frozenset({'activating', 'mm10_500bp_up_100bp_down_full_tx_v10_clust.genes_vs_motifs.rankings', 'weight>90.0%'})","[('Taf1a', 2.4603022341202654), ('Zdhhc4', 1.5104983945822388), ('Zbtb6', 5.08187585309735), ('Atg16l1', 38.83199900352594), ('Stpg2', 1.4739110954389518), ('Pigm', 6.953276863479049), ('Ing4', 3.173954320342508), ('Dtymk', 7.946547894668421), ('Usp8', 17.761982789220596), ('Rbck1', 8.186533451476633), ('Pyroxd1', 4.298863594399111), ('Ikbkg', 18.121188289898623), ('Ppid', 4.587898378990084), ('Cops7a', 3.3667830159336662), ('Itpa', 3.755692263439173), ('Ppih', 3.371260036563397), ('Pex2', 18.47891671896045), ('Zkscan1', 11.56569733241028), ('Lypla2', 1.358832688916072), ('Chmp5', 2.338541178107242), ('Mrpl20', 5.762355329514425), ('Gpatch2', 39.81634739765109), ('Acbd5', 47.316636218410615), ('Setdb1', 3.329603875692301), ('Syf2', 3.80898823748514), ('Ttf1', 13.588703450641924), ('Gnai3', 1.5041315215880269), ('2410004B18Rik', 3.698300237020783), ('Rexo4', 2.6337238142820905), ('Isy1', 6.016649283662733), ('Zfp384', 14.81054272266651), ('Rnpc3', 28.54294904872516), ('Rer1', 2.683246834481831), ('Bloc1s6', 5.693016396772704), ('Ubr1', 29.75081426173674), ('Mterf1a', 3.956382568265068), ('Surf6', 3.5248757510446262), ('Dhx36', 3.3150129015211047), ('Stk11ip', 1.8882977957018223), ('Tmem87a', 10.787862400136236), ('0610040B10Rik', 3.660989683338864), ('Ncstn', 8.413584486888164), ('Mterf1b', 3.00654042773959), ('Eif3m', 2.31044353961661), ('Fbxw2', 31.595910039852345), ('Trmt6', 2.4466184732490284), ('Pef1', 20.255515076575563), ('Ccdc73', 8.761137641716296), ('Nom1', 5.029090611221336), ('Tmem69', 4.431005505474467), ('Scnm1', 1.3190866035143538), ('Prpf6', 32.21731125649796), ('Gripap1', 16.803797353950028), ('Lrrc47', 2.4985624580461256), ('Ints1', 2.920005603804291), ('Yme1l1', 28.797909659707493), ('Cstf3', 4.760144545022029), ('Rabgef1', 6.817081245235375), ('Taf12', 5.873169269082028), ('Sec31a', 11.097229531025716), ('Aqr', 12.117777777104347), ('Chchd2', 1.943176730209922), ('Cldn12', 3.993442307168084), ('Rhbdd1', 8.506334223021094), ('Mpc2', 35.580023028846924), ('Pdcd10', 5.070324271886363), ('Tex10', 6.306860115739896), ('Morn1', 3.122540090548087), ('Zfp655', 25.63340026043546), ('Ddx55', 10.76150590973682), ('Wdr45', 3.0748764402610096), ('Fkbp1a', 3.3059112909593416), ('Acot8', 2.3732466543664112), ('Bag1', 1.2902580910423669), ('Ppil3', 5.8131467061379976), ('Sde2', 1.7558483777575833), ('Mdm4', 23.92535305667453), ('Aar2', 9.0970808827501), ('Parp11', 2.9554816058215208), ('Phtf1', 4.586647309126574), ('Phtf1os', 1.9935278066518844), ('Prpf3', 17.91998780748353), ('Coq3', 32.15963299716572), ('Vps4b', 3.894373562345187), ('Caprin2', 15.117486515758443), ('Tmem33', 13.420293601767602), ('Arfgap1', 17.891322531102013), ('Arl6ip4', 2.444912313885095), ('Mfap1b', 3.640585979602349), ('Mrps35', 8.123295206893847), ('Pole4', 4.660794698823691), ('Gatad1', 5.600721517931865), ('Rtel1', 8.016593638496001), ('Vcpip1', 12.442564460107524), ('Tmem230', 12.17222212658182), ('Rrs1', 12.24814306045702), ('Rpe', 29.0390531609716), ('Srp14', 1.4471659244849708), ('Fbxw8', 21.152672214111984), ('Med14', 4.792963656143016), ('Cdk9', 1.532991778631078), ('Dnajc1', 5.733669346780465), ('Rtca', 1.3717288480527858), ('Exoc1', 3.749795865647192), ('Mtch2', 32.08282308260255), ('Gm20716', 1.2150383170449148), ('Spata17', 6.87063406187562), ('Dpm1', 14.796842147494726), ('Ddx27', 6.394208127976447), ('Mtx2', 27.88473936535564), ('Nudt5', 37.85721281875887), ('Emc4', 2.6835701012525988), ('Pdss1', 5.888076550430268), ('Cdc123', 32.18552802525038), ('Mbtps2', 2.1115463973445987), ('Ndufaf1', 3.6828133772442095), ('Spata2', 3.410832723088983), ('Tram2', 7.137798420698752), ('Hspa14', 15.12685093264376), ('Zfp512', 12.954163501789017), ('Mcts1', 21.81271815170183), ('AU040320', 9.076406314299897), ('Tmx2', 2.4776929655292816), ('Coa5', 3.690606471526875), ('Slx4ip', 25.71270636107124), ('Smu1', 3.3780481519679006), ('Orc5', 19.33900510435983), ('Fam222a', 1.4978476122695692), ('Slc9a8', 18.210744750133344), ('Kdm5c', 21.32442907023029), ('Nol6', 5.108200642533304), ('Acp2', 2.151065462352832), ('Hspe1', 2.55152041723336), ('Nup35', 6.744676289856323), ('Zfp11', 5.318007863500447), ('Tank', 14.21563889730132), ('Ufc1', 3.98065862140328), ('Dusp19', 2.824424855856929), ('Snhg6', 1.762096441029514), ('Lrif1', 2.8686951102962883), ('Prpf18', 7.134428533474017), ('Rmdn1', 41.42622511334866), ('Stk40', 4.596457799131127), ('Smim8', 5.275526487287694), ('Snrnp200', 21.043009346808983), ('Dnajb4', 20.780113070681832), ('Ubox5', 7.861115527490343), ('Gin1', 22.45060432286921), ('Atxn2', 37.13384147598197), ('Abcb9', 4.474040932588684), ('Zbed6', 7.601786586334766), ('Psmf1', 5.903998054382879), ('Tmem185a', 1.6599433092014928), ('Caap1', 15.62272924434866), ('Lysmd1', 3.8848219965839967), ('Tor1b', 5.577197849417125), ('Cox5b', 1.2526282746591548), ('Mrpl33', 1.8247923446727348), ('Fubp1', 25.524201438052643), ('D130017N08Rik', 7.311486158277035), ('Dr1', 3.749066852713757), ('Prkra', 12.288798219785416), ('Syt11', 2.4129092634651403), ('6030443J06Rik', 24.103526279308877), ('Dnajb6', 34.3977568635942), ('Ccndbp1', 1.4573190594767256), ('Klhl20', 16.245101807720488), ('Pdcl', 1.2608539496666924), ('Zcchc7', 27.251919841321836), ('Galk2', 2.2930014809369177), ('Nfs1', 21.18756692045745), ('Asb6', 2.1063253082062414), ('Gm15417', 6.245585087510256), ('Atp5k', 1.94116964422182), ('Slc30a9', 32.616348854794865), ('Arpc5l', 3.4486778347803826), ('Tiprl', 5.1329279842392666), ('Thoc2', 5.658587200925929), ('Pced1a', 17.227923278026257), ('Trmt44', 2.2734554757442087), ('Yipf1', 3.457990676019249), ('Immt', 27.594147239081945), ('Dnajc5', 12.472986909071054), ('Mcm8', 5.534413563045462), ('Naa20', 23.47722934961433), ('Snapc4', 5.406218560531672), ('Ccz1', 6.8104150883143895), ('Gtf3c2', 15.127240226320186), ('Slc39a13', 7.774799841585701), ('Insig2', 4.143396910227922), ('Art3', 42.29205368352828), ('4732416N19Rik', 3.8313261791136655), ('Uhmk1', 4.14113212903288), ('Psmb7', 14.737593887164673), ('Blzf1', 13.76679227126148), ('Slc35a1', 7.67699737118541), ('Cdk11b', 11.83183970803637), ('Piga', 3.1775952041119733), ('Malsu1', 15.569559322379469), ('Otud7b', 11.9602911435431), ('Rhof', 15.838194538643632), ('Eloa', 1.879208474486526), ('Arhgap1', 1.4254424072228882), ('Eefsec', 9.751433562889272), ('Mars2', 1.4390209851217306), ('Zc3h15', 6.229119663380206), ('Ccdc30', 7.541238267032854), ('Nvl', 5.002719037554178), ('Zbtb8os', 7.029195673685283), ('Zfp408', 4.890166063908092), ('Slc25a26', 25.712241526473683), ('Sfswap', 29.234321149250896), ('Abhd18', 30.41799080268377), ('Rpgr', 8.682721167399524), ('Setx', 2.745120920410162), ('5430405H02Rik', 12.75677031731788), ('Pnpla7', 1.2575802380383427), ('Rae1', 8.433764047212332), ('Tmem234', 6.115284397882004), ('Hypk', 3.963175927111436), ('Aff1', 1.781805054073783), ('Eya3', 16.802959642637774), ('Ccng2', 4.84769824046144), ('Acvr2a', 11.785250032794922), ('Kmt5a', 2.2034571685429785), ('Mff', 23.185909481045314), ('Zkscan5', 8.135354722436036), ('Hjurp', 1.3130446679989771), ('Prkacb', 5.024695981723456), ('Gpr107', 10.599695404046685), ('Prpf38a', 2.20778702097967), ('Dcun1d1', 11.959182190700794), ('Atp11b', 7.229024843917403), ('Cmpk1', 22.57029516862378), ('Snrpb', 2.303450934786406), ('Snhg8', 2.798199054706839), ('Gm14634', 16.32296399842222), ('Gid8', 3.400704203280981), ('Etv3', 14.774804908151912), ('Ube3c', 14.503250033705758), ('Ribc1', 2.302297660865532), ('Zfp182', 5.890808033300804), ('Smc1a', 13.438063192412336), ('Git2', 10.233347998918935), ('Sycp2', 6.291788837218843), ('Dtd1', 6.4576734350712455), ('Trappc3', 19.565068779537327), ('Arfrp1', 3.6455315566135846), ('Dido1', 55.88480675194268), ('Cul1', 26.00655871409132), ('Zfp316', 2.890479938960424), ('Zscan25', 8.98014887281338), ('1500004A13Rik', 11.72340843915696), ('Stk38l', 14.6852830008062), ('Lrrc8a', 2.1307329721842776), ('Mterf4', 5.081796959807933), ('Atf2', 29.533587346434626), ('Dnajc10', 2.5250771277664312), ('Phb2', 1.7114871453276717), ('Dnttip2', 2.2301009149476068), ('Hspd1', 4.276606617523228), ('Utp14a', 6.576165349005426), ('Cir1', 12.709817440212523), ('Ube2d3', 13.509003446223154), ('Surf2', 3.608758299723521), ('5530601H04Rik', 3.729155311378225), ('Gabpb1', 2.3045815893385178), ('Poln', 22.79380574199003), ('Ccl27a', 1.7624213226886598), ('Pdrg1', 1.3689597902228514), ('Zbtb26', 5.557706044056903), ('Rabgap1', 14.068596195900058), ('Eif4e2', 5.222996728386275), ('Mfsd8', 20.38158341137952), ('Tro', 5.214829784289327), ('Csnk2a1', 22.57761014562685), ('Nsun6', 10.411294057987323), ('Ap5z1', 4.081739224560527), ('Plekhf2', 3.614683675073162), ('Mrps18c', 1.8811956188861103), ('Ube2j2', 7.288501822993303), ('Idh3b', 24.00805008934049), ('Pi4kb', 23.916665293615765), ('Mtfr1l', 7.526404039365064), ('Lpgat1', 3.443342990735859), ('Ago3', 25.60835254152116), ('Tmem222', 13.394911078164496), ('Thrap3', 33.42335737220041), ('Rpia', 5.16247848954796), ('Tgs1', 5.143425784390409), ('Arl5b', 2.0785957963291994), ('Mrpl1', 22.533308616497933), ('Mpv17', 7.881201566040836), ('Cops7b', 10.79531806078001), ('Haus3', 7.599898711444682), ('4632415L05Rik', 3.489633421226223), ('Ddx18', 4.683396807165737), ('Smim20', 16.386682067249932), ('Slc25a25', 6.3925611670138105), ('Slc35a2', 1.4562514571510132), ('Mastl', 2.3236989792417453), ('Epb41l1', 19.847369766261007), ('Zranb3', 3.323254294336679), ('Dnaaf5', 4.273659403783599), ('Pisd', 9.220786229892273), ('Mospd3', 2.047746985127815), ('Adrm1', 3.508987997048705), ('Hnrnpd', 2.253593114050935), ('Edem3', 3.295113277408265), ('Tpp2', 19.072571891036223), ('Cpt2', 20.259335566418795), ('Ipo13', 1.4487410842212791), ('Trnau1ap', 2.280685126013951), ('Ubxn4', 34.705515190621426), ('Iars2', 29.390858445590546), ('Zranb2', 48.88489112638087), ('Hibch', 32.69484180722368), ('Utp11', 2.525016781004899), ('Hcfc1', 7.497974301770312), ('Mtf1', 3.573214713820103), ('Gfm1', 2.4219805692475584), ('Rnf6', 8.830808236843268), ('Txndc9', 5.5143590000945775), ('Tcea1', 11.29565513809545), ('Nrd1', 27.16626289865407), ('E130308A19Rik', 8.809098793110634), ('Tomm34', 2.9736082656047524), ('Bcap31', 30.80068020739221), ('Cxcl10', 1.2890808667161024), ('Flad1', 12.704536640887127), ('Gle1', 7.649800525267336), ('Rars2', 33.04546249696735), ('Tax1bp1', 40.56999911408618), ('Alad', 15.557786188830615), ('Srrt', 10.446972519310684), ('Nub1', 8.911259997506074), ('Skap2', 5.08507421618659), ('Med8', 8.623724940704209), ('Mrps21', 2.3573072173755896), ('Crocc', 2.745236720148669), ('Clasp1', 13.088940689552372), ('Sdf4', 1.5548562046272472), ('Hsd17b12', 25.95586107905893), ('Ap1ar', 6.604537926229217), ('Fh1', 7.793803716801986), ('Gdap2', 1.6877405062916422), ('Cdkl2', 6.9608339970508775), ('Stam2', 11.324172091769796), ('Anapc1', 41.32504069630086), ('Uqcrh', 2.5112654284548617), ('Mettl5', 11.373300700670004), ('Nmnat1', 12.91462285968662), ('Zbtb43', 16.362914851329045), ('Rab3gap2', 22.708601820579183), ('Helq', 3.008720407852972), ('Nono', 2.051214149960281), ('Cnr1', 2.714604191627485), ('4921507P07Rik', 6.196157245769323), ('Orc2', 18.95564496017208), ('Fundc2', 1.6239999883875529), ('Ndufa9', 10.0435822444805), ('Mfap1a', 9.32140316986548), ('Sptan1', 9.319282528285685), ('Dnttip1', 1.5219051810238469), ('Ergic2', 19.1410049805521), ('Brat1', 7.355603145256174), ('Ubac1', 28.841633349010785), ('Fam76a', 19.789527313327163), ('Cox20', 3.154267146492484), ('Txnip', 4.778140818041022), ('Timm17a', 9.125621641703315), ('Tmem248', 3.0244901507038398), ('Wdr12', 2.4298347151320683), ('Shb', 21.554972721807363), ('Ccdc174', 28.343620779893584), ('Arl14ep', 2.586004166489333), ('Sec22b', 17.94411576565399), ('Uck1', 10.53148893209554), ('A230072C01Rik', 11.54894858909272), ('Eloc', 2.903347695145672), ('Tceanc2', 10.469737989245612), ('Irak1', 5.003483960146706), ('4930570G19Rik', 2.6772187540617183), ('Rbm12b2', 7.589603991530651), ('Sh3bgrl', 7.357754286357189), ('Pigc', 8.787575314441895), ('Prkx', 1.628313838862256), ('Lzic', 10.238717235643833), ('Zfp326', 16.889500340485025), ('Rb1cc1', 17.018075920036633), ('2210406O10Rik', 1.98879533148569), ('Impa1', 3.5654766293636104), ('Tsga10', 15.714658445916657), ('Fbrsl1', 14.864086862900756), ('Trub2', 11.179499827934238), ('Pdap1', 2.966629380905219), ('Grpel1', 1.7468454213368132), ('Lrrc41', 18.56631933288072), ('Armc9', 5.047216189962689), ('Ttc17', 45.11662520317137), ('Zfp275', 7.832271629749437), ('Ywhab', 30.516809399836795), ('Mlec', 1.7970884268266984), ('Prpf38b', 25.623219596811143), ('Mbd5', 36.93065708106744), ('Psmd14', 27.90811410080409), ('Zfp113', 7.144985886698263), ('Lrrc61', 8.587958623613567), ('Mul1', 8.198756748310178), ('Ankib1', 5.996405851129361), ('Dpm2', 3.610537936361832), ('Isg20l2', 2.824809272848476), ('Gatb', 10.84137316968114), ('Ythdf3', 24.22880667566132), ('Stk16', 12.820879129156529), ('Ccdc28b', 2.050364070549909), ('Ctcfl', 2.035349397551036), ('Lmna', 6.474316401755575), ('Hsf3', 2.9267201076617004), ('Mtor', 29.5534847498429), ('Scrn3', 24.95569078937781), ('Tceanc', 3.372287685229085), ('Phc1', 5.824830489217758), ('Ptp4a2', 2.6981317179174424), ('Efcab7', 1.8014640756450715), ('Kdelr2', 1.5944163523132402), ('Cd1d1', 20.476801366625928), ('Ssrp1', 1.501364170309955), ('Ndufs2', 7.149199526858618), ('C920021L13Rik', 18.39860339261772), ('Atrn', 43.07109434841317), ('Orc3', 41.61592707577707), ('Capza1', 1.380144222794941), ('Rpap1', 8.451831680916708), ('Pbdc1', 12.591229516283498), ('Zmpste24', 3.036680597863764), ('Prps1', 5.593617111779665), ('Uxt', 6.8003301297355785), ('Rab7', 2.738469171847852), ('Zfp972', 1.5429159759639857), ('Rapgef1', 20.047793522551867), ('Thap6', 7.580761476185317), ('Cd59b', 4.68853913801373), ('Brox', 5.248830765899681), ('Gm14295', 1.2663884351181875), ('Srsf11', 47.84943279721475), ('Golga2', 16.4367550723667), ('Tstd2', 20.64866912650292), ('Ppat', 6.1289458965197285), ('G6pdx', 8.79197764405167), ('Grsf1', 5.87365115427719), ('Gorasp2', 7.621395957146825), ('Hcar1', 9.874863813669892), ('Ppp1cb', 1.7260636062517118), ('Cops5', 10.49907987830582), ('Tgoln1', 13.520319072994882), ('Sars', 1.9955690952041183), ('Snx12', 4.742028230910209), ('Ttc14', 39.26153664706629), ('3300002I08Rik', 13.798149852127915), ('Tbc1d19', 12.034225696229532), ('Asb1', 2.8618562485996404), ('Gm6787', 2.1927689099187546), ('Rnf20', 14.64583630961939), ('Rngtt', 31.76022691991713), ('Cbfa2t2', 22.086402654835943), ('Klhl15', 11.979531551754537), ('Ncoa2', 27.308587923325582), ('Nup54', 17.18091917774543), ('Ube3b', 14.910955478138831), ('Setd1b', 6.135019823601151), ('Dcaf17', 17.896795575668648), ('Zfp451', 12.49220527648722), ('Taz', 20.374891705680568), ('Crot', 21.461334282675622), ('Carf', 33.29447671061077), ('Igbp1', 3.54208845953532), ('Pogk', 2.7292057647056653), ('Sumo1', 24.86965160321709), ('Nsun5', 5.56713454839878), ('Psma5', 25.694789522212893), ('Sepsecs', 20.063213709692576), ('Rrnad1', 24.858482854556563), ('Rab2a', 6.039091189497761), ('Ppig', 5.763834182907731), ('Atp5j2', 1.4910766703937854), ('Ppp1cc', 2.254178674635512), ('Kbtbd4', 2.159747008699865), ('Wdfy1', 8.657727040367668), ('Tanc1', 1.609769736589462), ('Mknk1', 2.220992315955948), ('Krit1', 38.01434267531347), ('Tab3', 21.33993128152293), ('Nrbp1', 6.132315518792821), ('Tmem29', 21.661988747499716), ('Zscan29', 5.2473728873367484), ('Ifih1', 1.4411949486269156), ('Atad3a', 15.798007477341503), ('Rfx5', 1.2556467792657875), ('Tm2d1', 11.054566450628204), ('Osgepl1', 8.657801837279665), ('Rheb', 15.365509950955044), ('Golga1', 8.534034314858655), ('Wdr5', 1.2178429551410714), ('Usp30', 3.876066718328517), ('Zbtb49', 2.94025800065083), ('Rhbdd2', 19.161088902475303), ('4931440P22Rik', 1.475712785827522), ('Orc4', 13.319097051104375), ('Ociad1', 8.668309885402877), ('Ptprd', 51.17077499152533), ('Lypla1', 6.311675981508581), ('Ccdc91', 16.691049579762836), ('Ctnnbl1', 16.46901807634294), ('Cobll1', 14.47792405795027), ('Idh3g', 11.348118456280034), ('Tmco1', 10.069525272159291), ('Fam98b', 1.5356904624154952), ('Pdzk1', 3.480373189988808), ('Ube2f', 1.193209402939985), ('Rnf115', 10.912636620007326), ('Snip1', 2.0473328904848347), ('Tyw1', 15.410880453068502), ('Taf1', 29.716581525865557), ('Camsap2', 22.811388430179488), ('Recql', 2.477543009784513), ('Zzz3', 16.54187174134967), ('Smap1', 8.501774582455727), ('Miip', 5.640633344300482), ('Pigu', 10.629785245190211), ('Atrx', 3.7755812163883857), ('Zfp133-ps', 4.053275653413656), ('Anapc7', 3.2483377951755004), ('Tbck', 32.874628169288506), ('Bud31', 3.1181681429672747), ('Pygb', 18.34180667187472), ('Zfp142', 5.443081217777879), ('Alg13', 8.392723707021716), ('Rbsn', 5.877303856731238), ('Rbks', 31.858027770473694), ('Mrps26', 6.646284733557512), ('Chfr', 10.945690553057709), ('Zfp189', 5.459279730004777), ('Fuca1', 3.4680245922267328), ('Pmpcb', 3.785792142349156), ('Sdhb', 22.92068780525829), ('Celf2', 4.8524562980087245), ('Nasp', 4.5058486865100695), ('Nmi', 2.5062730921810856), ('Ap4e1', 11.97156061883037), ('Abtb1', 5.137967396512402), ('Polr3c', 3.006524600679298), ('Rtf1', 16.855046299975978), ('Tatdn3', 10.47251256043736), ('Kcnk2', 12.888590703291788), ('Ythdf2', 3.131257106811056), ('Zfp605', 4.779656238270703), ('Mfn1', 23.685967048802567), ('Arxes2', 6.078270239313303), ('Sbds', 9.451225574199036), ('Ccnl2', 49.646875922285), ('Plod3', 4.690194487223125), ('A930005H10Rik', 7.157947436027288), ('Tecpr1', 12.274828592349104), ('Aimp1', 5.282454818187779), ('Otop1', 4.030507828673152), ('Psmb4', 1.722185732817578), ('Tasp1', 17.463582094581763), ('Arxes1', 6.915081725612019), ('Proser1', 3.807437515520845), ('Pigg', 11.40657058932389), ('Fahd2a', 4.264234892519366), ('Sp3', 13.363053192285388), ('Kctd12b', 6.120986481272095), ('Snhg3', 4.129639620569316), ('Eif3j1', 10.443490775072563), ('Copg1', 13.50593806705417), ('Golga3', 15.33349238004556), ('Zbtb41', 13.303886424985796), ('Rad51', 2.067854636036832), ('Ptpn11', 15.69158104407285), ('Scamp3', 3.314475792230613), ('Lage3', 12.568683935056496), ('1110065P20Rik', 1.7034485917291398), ('4930473A02Rik', 4.679426049749962), ('Las1l', 18.78824352897512), ('Rnf4', 22.40024536891729), ('Tmem68', 10.387553293611084), ('AI597479', 6.251606739461198), ('Hipk3', 23.67110336115229), ('Itgb3bp', 13.001402733858574), ('Prickle3', 1.8406813071527597), ('Tfb2m', 13.636834947347108), ('Otud6b', 18.04929497363375), ('Cul3', 9.235712446010416), ('Tars2', 5.264013737989199), ('Spg20', 2.1205218757895787), ('Qsox1', 1.7755772797489968), ('Nabp1', 16.14988314737294), ('Celf1', 27.72334554915265), ('Fbxl4', 27.14485329149815), ('Cops2', 9.872821047500937), ('Rnf216', 12.108486699674469), ('Nfe2l2', 6.212772630014987), ('Zcchc17', 11.54607881004815), ('Usp9x', 29.12626113814386), ('S100pbp', 6.907092202003822), ('Cat', 29.351040576847083), ('Sf3b1', 32.3900145912972), ('Gzf1', 11.783060881803705), ('Golt1b', 2.227379751893884), ('Lamc1', 8.118659580160617), ('Steap4', 1.9378948357274952), ('Mettl14', 3.2433310002253646), ('Cox6a1', 6.43453080804365), ('Rbm17', 1.4578365094558687), ('Apex2', 22.274094872246835), ('Ino80', 9.63403975905048), ('Psmc2', 14.36539329484659), ('Trim44', 8.630285996678806), ('Rbbp5', 2.938079069054074), ('Gm14023', 3.1071860699072986), ('Pigo', 3.313573108191641), ('Spopl', 4.422074647411306), ('Vps72', 1.338888671151693), ('Aptx', 14.009275469178805), ('BC005624', 5.292202844752088), ('Nras', 2.276798482658254), ('Ppa2', 6.294511771182143), ('Hvcn1', 1.9590983689192767), ('Trmt10b', 3.2821016273771813), ('Psmd4', 18.74010476059752), ('Acot7', 7.633181770722491), ('Znfx1', 8.032928399181893), ('Xrn2', 9.899412315156878), ('Zmynd8', 4.265782712966621), ('Emc7', 4.254849923075323), ('Acox3', 7.877904343652557), ('Nup214', 19.736889612874336), ('Szt2', 1.764049640461839), ('Dis3l2', 14.201608439358386), ('Dhx9', 10.91073604374075), ('Fis1', 3.461324917001217), ('Rabif', 2.0811583885733174), ('Slc4a2', 2.8840016578769934), ('Dcaf10', 22.5408806027874), ('Maip1', 6.035004763835189), ('Scfd2', 19.91445776072943), ('Gm16023', 3.049459040160507), ('Ccnt2', 39.018548148680594), ('Dennd2d', 14.52407541313751), ('Ogt', 23.53504414473405), ('Fpgt', 9.10578209586104), ('Rnft2', 7.342387265108583), ('Srsf4', 13.272052026172773), ('Ralgapb', 17.711042344581706), ('Zdhhc5', 4.688637720603955), ('Clcn6', 4.314169774663523), ('Actr1b', 7.538896992586633), ('Phka1', 20.99349873305013), ('Shc1', 18.58990054598173), ('Stx12', 8.58414297023582), ('Btbd8', 24.65266761039281), ('Kif16b', 23.85725592426317), ('Lhfpl3', 4.563317641855133), ('2810002D19Rik', 2.216824785820635), ('Pus1', 5.473546031125824), ('Phf8', 3.585631899134701), ('Uvssa', 21.79160298067256), ('Zmynd12', 8.583798703421063), ('2700069I18Rik', 8.087290139181833), ('Magt1', 5.859146238539396), ('Ptbp2', 2.0412827147835784), ('Fastk', 20.754155888680213), ('Mettl15', 5.480944037239464), ('Wdr75', 9.82851750663387), ('Alkbh3', 12.74317089011391), ('Uqcc1', 41.09393847301708), ('Gk', 2.692663831707489), ('Aven', 8.322975288052254), ('Rab13', 2.799505931533621), ('Rab14', 4.012101246500351), ('Lcmt2', 1.8304716707149848), ('Mamld1', 2.444310052370496), ('Hccs', 7.006547375668864), ('Plbd2', 2.257179594699935), ('Ccdc171', 1.6166036231288312), ('Mettl21a', 7.774130461346185), ('Adh5', 2.1725081751090896), ('Spata6', 2.4967066763233685), ('Necap1', 2.734868734235252), ('Usp33', 41.68739110542604), ('Ccdc62', 23.43946092767082), ('Ndufb6', 6.186854269464512), ('Cntrl', 1.3662683042338202), ('Gpat3', 35.246687110739494), ('Psmc3', 5.756580858259287), ('Cops8', 6.587600269955819), ('Kyat1', 2.9346118486687365), ('Chn1os3', 3.44677696114608), ('Fbxl18', 8.538557798004042), ('Nat10', 8.941276956969585), ('Jade1', 12.514103025782886), ('Mapkap1', 20.068257621547254), ('Meaf6', 1.620003069301024), ('Phka2', 27.10423887400622), ('Pms2', 1.6933059244137991), ('Dffb', 6.189422962794911), ('Mdn1', 3.278149068605148), ('Dph5', 1.965105226874952), ('Mitd1', 4.168864506331576), ('Agl', 32.13311580669653), ('Rbak', 3.564225389463387), ('Rbm47', 26.172008073760896), ('Prelid3b', 2.546939470643916), ('Usp48', 14.918103962429518), ('Rwdd3', 5.3858611440515824), ('A630072M18Rik', 10.32359618099896), ('Kcnh7', 1.5113408491288087), ('Map3k6', 7.117729419546928), ('Etfrf1', 16.926013840260264), ('G3bp2', 18.472112332936003), ('Npepl1', 10.45684445701268), ('Usp24', 18.57559258574397), ('Ophn1', 19.97711494096503), ('Mrps9', 27.26112049644244), ('Mob4', 5.166986174023355), ('Il15ra', 28.132213682959915), ('Cep104', 5.063005154496175), ('Mkks', 6.146936501264131), ('Prkci', 12.903437489049844), ('D5Ertd579e', 31.71956110241848), ('Mysm1', 4.000518038483679), ('Slc25a44', 15.167418613509971), ('Baz2b', 30.73538726741508), ('Ppcs', 6.437460285865265), ('Aida', 6.481405057384375), ('Srp72', 13.631483331379371), ('Mynn', 13.229357964189893), ('Dmtf1', 9.709996449159458), ('Baz1b', 46.49917274463291), ('Pou2f1', 22.21971165382661), ('Sart3', 2.4872547581270807), ('Xiap', 28.27937164879369), ('Slc4a4', 2.6182825894450588), ('Bcs1l', 9.706445312147132), ('Wdfy3', 4.357993493169473), ('Heph', 20.587789879884006), ('Snrnp40', 13.071499230730868), ('Ptpn3', 1.738132629324751), ('Uspl1', 11.044397298771155), ('Bmyc', 2.125759350736516), ('Ndufaf6', 15.667989613165496), ('Thap4', 2.8439860345564543), ('Txlna', 16.054616516642234), ('Chic2', 3.671659866520951), ('Arap2', 9.2515537910381), ('Per2', 12.094048692799738), ('Ift52', 5.104351931388666), ('Sdhc', 20.1429011809123), ('Sesn2', 12.151333786010564), ('Trrap', 8.989659583035708), ('Gabpb2', 5.127896103392833), ('Rnf25', 12.916679603551296), ('Acrbp', 14.937615506633568), ('Slc8b1', 3.394542844211597), ('Ankrd17', 48.171813590969954), ('Kcmf1', 22.41658371015251), ('Erp44', 7.26062077178005), ('Nr6a1', 12.572287782870236), ('Bcl7b', 10.295180500960988), ('Ccnl1', 38.05254758916439), ('Ciz1', 3.479927578910747), ('Usp42', 2.9288362668734758), ('Suclg1', 19.24469688033389), ('Kdm3a', 4.478626539555149), ('Ncbp1', 20.369209133008518), ('Casp8ap2', 9.947708041632708), ('Zscan21', 2.6461715396313163), ('Bnc2', 22.49002991053656), ('Phospho2', 8.728045790292908), ('Paxip1', 10.824778415006206), ('Abcb7', 14.83783195450259), ('Tada2b', 1.3192784683001406), ('Fmr1', 2.212853553032886), ('Cflar', 27.0808723969436), ('9530051G07Rik', 5.220928343282016), ('Glb1l', 3.5376551757108605), ('Ddx59', 7.2715027269407475), ('Nmt2', 19.80405013036813), ('Gm15787', 11.647521300762063), ('Fam53a', 13.094139994597649), ('Rragc', 17.77581223389776), ('Tmem245', 28.185239929389613), ('Hprt', 19.9228139751168), ('Ubxn2b', 2.60002937434109), ('Cfi', 1.6293591366339748), ('Cstf2', 2.060326293495701), ('Suds3', 6.396164075377832), ('Pan3', 8.7214813932163), ('Polr3f', 6.98793229222483), ('Snapc3', 22.86857737386921), ('Spg11', 9.829986150575806), ('A730017L22Rik', 13.382707150448464), ('Mtg2', 10.195641963286716), ('Tmem120a', 17.18204539934834), ('Pabpc4', 24.965449860971816), ('Tesk1', 2.255371017348641), ('Jtb', 9.24426883752618), ('Cstf1', 5.625504245316028), ('Hnrnpa2b1', 8.41740324390008), ('Pex16', 15.818608483212792), ('Atg13', 11.393300636445094), ('Lekr1', 22.139658054046286), ('Slc5a6', 23.560341691987915), ('Dhx35', 10.425000296748273), ('Ost4', 1.5165567670229905), ('Zbtb5', 24.189225325249584), ('Spata5l1', 1.1950626847438053), ('Znhit1', 3.762263205275005), ('Mib2', 3.633639005151633), ('Fkbp15', 5.046242846236004), ('Gmps', 14.00442151443311), ('Kdm6a', 13.310992095007116), ('Taf3', 1.288631170460789), ('Dnajc11', 23.364572359670024), ('Acot11', 1.9000407804128028), ('Vps18', 2.8150085730489485), ('Azin2', 10.606974415338197), ('Trak2', 8.229115875273564), ('Spout1', 3.118122085796036), ('Htt', 11.639907320876892), ('Ddb2', 15.46139054068268), ('Vps16', 4.2383447881609895), ('Lrrc4c', 7.379929113385573), ('Slc25a53', 11.489102554142304), ('Eif2d', 7.012887467610302), ('Nckap1', 20.96491393979433), ('Oscp1', 11.461672784934883), ('Klhl5', 11.814379237627564), ('Arfgap2', 8.818630500897193), ('Anapc4', 12.57135680332105), ('Mapre3', 6.830689636824912), ('R3hdm1', 21.37610293804885), ('Cnbp', 6.338840280136224), ('Tiparp', 13.583542908758906), ('Hax1', 2.700411426267918), ('Gon4l', 16.55254062384044), ('Glmp', 1.9942942529486751), ('Tmem201', 8.563179551819566), ('Zswim3', 13.290374306126486), ('Bzw1', 3.525200753266173), ('Zer1', 7.832476961916706), ('Polr1d', 14.850444603299376), ('Fnbp4', 25.018151563196074), ('Eif2a', 5.847070396506802), ('Zbtb10', 1.779513763897114), ('Ampd2', 5.506938068020406), ('Gm2011', 9.721414087443591), ('Chm', 3.674394044225416), ('Chpf2', 11.824549900596562), ('Atp6v0b', 2.446498350475669), ('Arl6ip6', 15.13826090709513), ('Dcaf8', 49.53412665830022), ('Otud5', 11.381766953983211), ('Smim14', 6.131129912962762), ('Styxl1', 12.575721743436638), ('Tmem79', 4.179321964491229), ('Tmem116', 8.198980592280856), ('Dync1i2', 4.062691556673545), ('Trmt10a', 7.386365606878302), ('Rnf24', 18.02507980849429), ('Tcf7l1', 7.162885804985695), ('Bivm', 4.3820507868325125), ('Mlf2', 4.806183601860217), ('Trim56', 4.242506371815356), ('Notch2', 1.5094236850488527), ('Tctn1', 1.9625400207908992), ('Invs', 7.029068012879928), ('Rnf114', 1.764252238768322), ('Kdm5b', 8.439894929873729), ('Pnkd', 3.829390295405733), ('Zfp862-ps', 7.430081286543031), ('Usp37', 9.274885191749794), ('Ahctf1', 16.364846482268145), ('Cntln', 6.368868624778997), ('Supt20', 5.675747056568406), ('Dnaja1', 9.801738127282231), ('Acss2', 30.03434290022658), ('Morf4l2', 4.520869008977993), ('Gpd2', 46.19530326515839), ('Eif2b1', 3.058558319134603), ('Pebp1', 1.419286715808728), ('Rbm12b1', 1.4625209406623887), ('Secisbp2l', 12.703522423664229), ('Stradb', 18.41992170841686), ('Txlng', 38.06877962030376), ('Ttc4', 14.35464405742884), ('Eif2b4', 4.53352587929877), ('Hipk1', 10.515871801314876), ('Aamp', 15.171546985543232), ('Slc9b2', 1.2381838223954542), ('Rad9b', 19.74922228635181), ('Supt7l', 4.267540799034093), ('Zc3h11a', 5.472612890940164), ('Nab1', 9.396584555876538), ('Ppp2r5a', 58.56031797494775), ('Fmo5', 14.0759563297151), ('Brwd3', 11.843734132053688), ('Zfp281', 9.985404935250214), ('Lrsam1', 12.405981994351322), ('Dzank1', 2.0773789747274094), ('2010109A12Rik', 1.6353891545576582), ('Ccdc173', 3.94037826625996), ('Zfp512b', 5.764137656495551), ('Gm9899', 13.51528059047354), ('Gca', 8.30939577739452), ('Cnbd2', 19.3892352849515), ('Wwtr1', 13.416951306282147), ('Yes1', 6.573778912620539), ('Mrps17', 8.915975378054402), ('Tbc1d2', 2.4554132777549653), ('Spen', 11.6956081366259), ('Nfx1', 24.317310100453454), ('Ephb6', 1.249083583336208), ('N4bp2l1', 21.325940821072944), ('Unc50', 7.402299337224902), ('Pitpnm2', 36.19420056779583), ('Klhl13', 3.8373436855840457), ('Pfdn2', 1.2376427333791158), ('Zfp932', 7.236508140208748), ('Inafm2', 11.052307406382813), ('B3galt2', 38.10412134253911), ('Ift74', 1.655307970474243), ('Rbbp4', 11.645294284617115), ('Uso1', 33.633364634701344), ('Faap20', 3.890051125225768), ('Lrpap1', 8.426656806213261), ('Syp', 4.678337510578642), ('Hmgb1', 4.223205936925335)]",4932
Pbx1,tfdimers__MD00254,0.05328809,3.023248371,6.57E-14,1,motif similar to tfdimers__MD00308 ('M01307_forward_5_M01017_forward dimer: POU5F1 / Pbx-1'; q-value = 6.57e-14) which is annotated for orthologous gene ENSG00000185630 in H. sapiens (identity = 100%),"frozenset({'activating', 'mm10_500bp_up_100bp_down_full_tx_v10_clust.genes_vs_motifs.rankings', 'weight>90.0%'})","[('Lpgat1', 16.52321843692696), ('Kdm3a', 6.51664452392438), ('Raph1', 2.8436878944304933), ('Patj', 6.793415916706345), ('Kctd18', 3.1390120545245783), ('Acsl3', 1.3499268618736118), ('Zfp292', 3.0573507423270447), ('Cacna2d1', 13.592361637585322), ('Thsd7a', 1.42198125201526), ('Hipk3', 2.993079166202312), ('Ccdc107', 1.4225940753641766), ('Fmnl2', 11.912488211719776), ('Map4k4', 46.07351625444269), ('Jag1', 2.5057384655001007), ('E130102H24Rik', 18.964797356471184), ('Dcun1d1', 3.7479352683192007), ('Atg4c', 1.8320634711181367), ('Sdcbp', 1.4043790268147085), ('Hnrnpd', 8.758987749354878), ('Dock7', 42.51669719681414), ('Igsf3', 3.0329961825696192), ('Slc30a4', 4.638304343380527), ('Pigv', 27.66252564400928), ('Rusc2', 1.5174574535678256), ('Rnf149', 1.6235518200760253), ('Bend7', 1.5118763821865453), ('Prickle2', 29.07537860678725), ('Phlpp1', 33.3164979221154), ('Arl5b', 11.209622149669936), ('Rab23', 2.5631459953158537), ('Dnajc1', 26.17894165252603), ('Tnrc18', 8.218682838671615), ('Bivm', 4.001556855188034), ('Zzz3', 7.742139677063287), ('Fam102b', 7.777764901899824), ('Gpm6b', 8.05339960378262), ('Acvr2a', 21.30464363268821), ('Asxl1', 15.470294811669286), ('Med14', 2.3714071733957995), ('Katnbl1', 5.684613195712978), ('Dync1i2', 27.8495702444391), ('Abl2', 2.1023772814792827), ('Mllt3', 35.6376769196765), ('Stx2', 3.933754358737887), ('Lmo4', 17.262588573336032), ('Eda', 8.846869313618086), ('Fam114a1', 13.4122174593214), ('Ube2j1', 7.634381780228675), ('Ift81', 8.353936603444975), ('Rab33b', 1.8242485931249268), ('Macrod2', 3.5464084650133807), ('Dhtkd1', 2.678485933155981), ('Rexo4', 6.947480852106037), ('Rere', 2.6039303772664346), ('Agfg1', 24.31519440969729), ('Acvr1c', 1.767003995056326), ('Cdc73', 1.6116020902378307), ('Rfc1', 2.077922600051077), ('Chic2', 15.537885342949416), ('Prr14l', 1.8529530357163295), ('Col5a1', 4.409801805264697), ('Eif5b', 1.3050120149016653), ('Ppp1cb', 4.18806514413559), ('Stk39', 17.625857927400048), ('Bcl2', 23.51241088809165), ('Cbfa2t2', 4.341773279888819), ('Rbm17', 2.476786319230393), ('Vangl1', 22.402684630238483), ('Ppfibp1', 3.2785580484438706), ('Fip1l1', 9.327798278042955), ('Mpzl1', 2.903832472265442), ('Ints3', 1.4662885810745108), ('Dmd', 5.060408481619596), ('Nfkb1', 38.09647494956256), ('Ttc21b', 5.897456218484157), ('Map2', 15.187161502515949), ('Cdc42bpa', 31.09986519244349), ('Rab2a', 20.38743195116708), ('Tgfbr3', 3.918341228773477), ('Rnf2', 1.5222624643705978), ('Eogt', 2.7504651020726083), ('Gorasp2', 5.676896542125569), ('Pola1', 3.777365013072811), ('Phc1', 1.960526947867936), ('2500004C02Rik', 1.3682648255563143), ('Msto1', 1.4318182529891268), ('Tanc1', 22.33331456672744), ('Inpp1', 8.320105852725296), ('Yes1', 28.066274157523637), ('Kdm1a', 11.67724548524233), ('Mcts1', 2.090595990370658), ('Wdr12', 4.381146179725593), ('Hdac4', 8.952130064400478), ('Rbms1', 43.180470806676645), ('Fmr1', 4.406922056503082), ('Nup35', 4.096698089969423), ('Pxn', 3.486719441409021), ('Usp13', 4.436580329231388), ('Clip1', 19.292403590181134), ('Mark1', 3.758793447018279), ('Fam102a', 3.0397486258648323), ('Mpdz', 4.909262870405157), ('Lgr6', 1.672559518620592), ('Bcl7a', 4.0389895610342), ('Secisbp2l', 1.2206414269751786), ('Frmd4a', 4.520367498847475), ('Ccdc149', 6.866022858407464), ('Ovol2', 2.397713403261943), ('Taf3', 5.18298039614132), ('Vav3', 3.240006229151733), ('Taf1a', 5.848086085474412), ('Phactr4', 19.41528955132455), ('Nbeal1', 2.880383857455417), ('Rai2', 6.638260742259046), ('Dclk1', 9.223355188471707), ('Nck2', 2.197899658287295), ('Denr', 1.699061011619595), ('Cpne3', 1.3757076816838814), ('Ciz1', 1.7663316762834564), ('Pan3', 14.63253587597039), ('Hat1', 2.290274158168241), ('Chic1', 5.780045233257042), ('Uba6', 14.108652868175476), ('Metap1d', 1.3400028628172984), ('Spg20', 15.593745333720976), ('AI506816', 3.867551323272591), ('Guf1', 4.196873664953631), ('Csf1', 9.306386104180248), ('Cttnbp2nl', 3.800108529180576), ('Otud7b', 17.057015356977537), ('Disp1', 1.4529096544262543), ('Dstn', 1.5023448469170873), ('Cdk6', 5.643890262227608), ('Atg13', 1.500378461197636), ('Mier1', 10.976847221547658), ('Atp7a', 1.4116766094193225), ('Ptbp2', 29.93570858407896), ('Rufy3', 1.814443377553798), ('Meis2', 2.206183423491017), ('Src', 12.588357562490245), ('Tsn', 1.1977357739275611), ('Papss1', 9.65390159259492), ('Zfp385b', 2.5849173629680497), ('Clk2', 6.213384072197854), ('Caprin2', 1.9047536405652448), ('Ube2e3', 13.972482815468338), ('Cmas', 5.815386952960625), ('Rcc2', 3.8535965193700426), ('Myl9', 1.3681115839332227), ('Ptger3', 5.67124449050265), ('Zfp398', 2.848447201018588), ('Slc44a1', 31.57931684722989), ('Tec', 1.6784208161847969), ('Scmh1', 20.447898998819053), ('Sec31a', 16.780723601337456), ('Firre', 6.158383678453682), ('Ssh1', 1.9549381190462272), ('Wasf2', 5.062237043699512), ('Pkia', 30.842905383836687), ('E2f5', 6.924866846080035), ('Nsmaf', 11.45478438319807), ('Ncoa2', 2.148001640048191), ('Adgra3', 5.520964511396479), ('Abl1', 8.534280590236882), ('Slc25a13', 4.548169357829871), ('Evc', 1.6883890876409249), ('Dst', 5.368333613001486), ('Ube4b', 2.576003597998357), ('Tmem165', 6.241475515282742), ('Plcb1', 2.367605349014452), ('Ptpn3', 19.432978278960174), ('Phtf2', 6.032340937821651), ('Zmym4', 1.96429602079265), ('Tdrd7', 3.0415926079044184), ('Raver2', 1.426038587069456), ('Tiprl', 8.91833266398662), ('Tnik', 5.290968597195964), ('2610301B20Rik', 2.194823251253502), ('Pdk3', 5.280302309490507), ('Agrn', 3.362594031059712), ('Nipsnap3b', 5.636975465408337), ('Kit', 3.2614564153836083), ('Bri3', 9.441474338859296), ('C2cd5', 3.619143485105897), ('Snapc4', 3.163975891716055), ('Tsen15', 4.567394379938804), ('Dab2ip', 1.1909086671672455), ('Snx7', 2.046555313825464), ('Rasal1', 1.5205942734888451), ('Kdelr2', 7.662872686211061), ('Rc3h2', 2.227766267653169), ('Nos1ap', 8.202072842675838), ('Col1a2', 1.9878659517851205), ('Rlim', 1.605871875015986), ('Lmbrd1', 1.202019396083225), ('Srsf6', 31.531106952758595), ('Shroom3', 6.838064198644011), ('Apool', 3.306072432475444), ('Bdnf', 3.489256005960629), ('Foxo1', 3.073582939670912), ('Auts2', 103.14138369859324), ('Gnas', 3.5291954028853363), ('Cdkl2', 1.5696490801453082), ('Abtb2', 3.193125167776834), ('Maml3', 5.605047653617629), ('Ephb6', 2.784269190246447), ('Ctnnal1', 3.862527905185503), ('Ap1ar', 3.981704148086551), ('Khdrbs1', 16.43104452820272), ('Ubxn2b', 9.641927680139174), ('Nono', 2.224220353388525), ('Harbi1', 1.94832803940068), ('Golga1', 1.5336848641154597), ('Aifm1', 2.053860451833545), ('Gtpbp6', 2.8344207553310863), ('Cachd1', 4.6215348695654175), ('Cenpc1', 1.207299273656385), ('Tcaf1', 8.270904902571292), ('Tbc1d19', 14.548900928343835), ('S100pbp', 9.069136233830612), ('Trp53inp1', 1.4875604868812968), ('Orc5', 2.631132613568798), ('Rps21', 1.257755909660435), ('Lmod1', 3.631466964287607), ('Coro2a', 1.297341564823195), ('Pogz', 3.819309693076722), ('Kifap3', 24.2681580077237), ('Smap2', 2.0110873602736103), ('Dpp6', 1.693315178424875), ('Ctnnbip1', 4.312955537185503), ('Gm13648', 2.830575957805836), ('Prkci', 3.642958951615901), ('Zc3h15', 2.7488819554336565), ('Stx12', 2.282981965006947), ('Psip1', 6.089739988079252), ('Acot7', 7.075681051563127), ('Cdc14a', 1.4572393319234092), ('Zbtb37', 1.733351165291256), ('Ctso', 3.09501845928717), ('Ank2', 6.290369578337565), ('Snx12', 3.45862820583367), ('Arfgap1', 4.515424685980827), ('Gemin8', 8.284302259287639), ('Zmym1', 1.2394223440911445), ('Zfp326', 1.6296526191180094), ('Dock10', 5.7102958413012805), ('Fosl2', 9.006850741191858), ('Trip12', 1.6765474697168763), ('Dhx15', 6.423577108866244), ('Nek6', 3.679710752515785), ('Pkp4', 4.351243631025142), ('Kcnip3', 2.0496349476062097), ('Runx1t1', 4.28226968603074), ('Tceal9', 1.9913137971828447), ('Hmcn1', 2.2273976859736475), ('Eya2', 1.6639271284484705), ('Slc4a4', 3.132392368111725), ('Cdc42', 2.1018918506743502), ('Esrrg', 1.5864778957382517), ('Sri', 1.3652794405811035), ('Kirrel', 42.93449186524572), ('Dennd1a', 2.679194231148371), ('Wwtr1', 11.386026775832564), ('Mdn1', 1.972353615457077), ('Pdlim5', 13.907420431438467), ('Foxk1', 7.948845033247347), ('Slc39a10', 3.634634427030666), ('E130309D02Rik', 1.3156105677008267), ('Agap1', 28.40383310716679), ('Tpm2', 1.4209782019282178), ('Apbb2', 27.61338104498992), ('Slc16a2', 4.143191682902854), ('Plag1', 4.153429784830079), ('Rabgap1', 8.031991526915686), ('Bmpr2', 35.06296339843869), ('Ppp1cc', 2.63674330841983), ('Fbxl5', 10.634957368211571), ('Usp6nl', 1.6283442801002164), ('Nkap', 2.775605786843492), ('Rabgap1l', 29.347804828872142), ('Atp11b', 2.907887263626556), ('Stxbp3', 4.889980272844966), ('Sptan1', 2.050397930698787), ('Ino80d', 3.8201203775395034), ('Mast2', 5.609759587180148), ('Eri3', 13.348320721625573), ('Pdgfc', 27.98139015272775), ('Tiparp', 1.2851202664918089), ('Sdad1', 5.375734521528228), ('Nr2c2', 2.351197316824695), ('Zfp46', 3.0613926108481846), ('Trpc4ap', 5.514625662319484), ('Iffo2', 2.461416969263423), ('Noa1', 6.703260580829177), ('Dedd', 1.973088698800585), ('Sema6d', 1.4150026677500604), ('Fam117b', 1.83906739546776), ('E130308A19Rik', 1.5044153924036403), ('Phf21a', 19.204050168758844), ('Dis3l2', 12.073440644097508), ('Dynll1', 1.8710334073718764), ('Med13l', 34.37920360804586), ('Usp46', 8.893479783579206), ('Fubp3', 7.035283562951115), ('Mga', 9.888913219963433), ('Atf3', 1.7434498140745611), ('Dgkz', 2.772480948446438), ('Nfib', 51.6086877528136), ('Ttll4', 12.082752998815216), ('Snapc3', 3.939869544478805), ('Glmn', 12.658307773982411), ('Tmf1', 4.114005526803747), ('Ddb2', 1.6284626576994163), ('Ube3c', 1.807489891575222), ('Gsn', 6.200506185077728), ('Trim2', 7.123507797754042), ('Car8', 3.505438092043707), ('Fam135a', 5.579728406594664), ('Ccnyl1', 1.799361654507967), ('Npdc1', 5.480741921186209), ('Tardbp', 1.2239993976412262), ('Slc9a7', 1.5733968911309428), ('Zfp157', 9.806581403032547), ('Unc119b', 2.1747557115052336), ('Apoo', 1.6494209135576472), ('Rlf', 1.2591733681548758), ('Adgrl2', 17.073966235798018), ('Itgav', 10.267513709556365), ('Bcl2l1', 6.234978784115098), ('Tnks1bp1', 1.3924551390123725), ('Hyi', 13.508248464474947), ('Maea', 7.714149694821457), ('Atic', 5.867309434259061), ('Synpo2', 14.88568135534328), ('Ocrl', 13.2750426594792), ('Zfp982', 5.130662068300063), ('Wdr31', 1.5248285352729103), ('Spata6', 9.266116914809984), ('Trim33', 4.881076401222405), ('Znhit6', 3.8557851137092234), ('Tshz2', 34.822102577701074), ('Myef2', 11.56058281395503), ('Stx6', 4.005142741837201), ('Rps6ka3', 4.512938076646174), ('Nras', 9.08654841438892), ('Lrp4', 1.7770273444467457), ('Rbsn', 1.3889185899024163), ('Acbd3', 5.021344957951791), ('Agbl5', 2.651198576927646), ('Dnajc10', 13.515554495098357), ('Casp2', 5.503150381600402), ('Ube2w', 5.4612351133235535), ('B230216N24Rik', 22.25795801951718), ('Ccdc34', 8.805941481665823), ('Fnbp1l', 10.942607791196789), ('Mlxip', 3.623929699566506), ('Sike1', 3.2316956832280503), ('Map3k20', 13.68072777504384), ('Fam171a1', 3.079819138768602), ('Kdm2b', 10.054624686533534), ('Tmem164', 3.264977419471569), ('Atp9a', 2.517988954866897), ('Hltf', 14.760893313678611), ('Arl4c', 1.7588387777327184), ('Dvl1', 1.1935489309963987), ('Tle1', 1.9026738350797123), ('Cdk14', 20.477181902905063), ('Adamts3', 5.122485027799131), ('Flna', 5.95368703186506), ('Arhgap29', 3.718661959624708), ('Manea', 2.554628780253605), ('Snx21', 1.7899442061382984), ('Suco', 15.613103986578633), ('Cct3', 1.5166529967594355), ('Mnd1', 7.994377469254178), ('Colgalt2', 2.9303268730421914), ('Mettl5', 1.7414500432014737), ('Dlg3', 4.960308728077435), ('Thnsl1', 1.6572929951022253), ('Ncoa5', 7.13554807387667), ('Sp140', 4.513286801418925), ('Ntmt1', 7.041049191792756), ('Lrig1', 1.1917852343700823), ('Dtd1', 9.362269314061544), ('Pak3', 8.239876664495508), ('Rrbp1', 5.93754941404264), ('Unc13b', 7.046640679464904), ('Reck', 4.638296501281451), ('Fam20b', 1.4752581525041837), ('Pkd2', 29.16626293863717), ('Sh3d21', 1.2122227001139647), ('Zfp462', 29.782945493804483), ('Stxbp1', 5.062153680669208), ('Hsd17b12', 3.274065997470578), ('Setdb1', 2.961402664997952), ('Cnih3', 3.682924142861709), ('Eif2d', 2.7140067632166005), ('Itga8', 1.3270689089527352), ('Trnau1ap', 3.131376075510321), ('Mapkbp1', 7.472108900712906), ('Fbxo10', 4.897860875789063), ('Pgap1', 2.661321314591824), ('Fis1', 5.490444916748369), ('Smyd2', 16.43148382301283), ('N4bp2', 9.136851574665728), ('Glis1', 2.8784314637637265), ('Ica1l', 3.4682543903124747), ('Nbea', 27.904233777659147), ('Zfp618', 5.963377603705782), ('Arl8a', 1.3385943146720265), ('Fgd1', 5.695345318235935), ('Hnrnpr', 10.061130712891242), ('Slc35a3', 3.2563464221455507), ('Rchy1', 5.317349133595243), ('Cks1b', 1.198182958595611), ('Zbed6', 3.002594594262867), ('Anapc7', 6.145734309364276), ('Ntng1', 10.50347672227495), ('Ptpn14', 4.183773999288992), ('Irak1', 1.6881281809701492), ('Arap2', 1.9427846211020032), ('Zbtb17', 2.166219735259569), ('Dstyk', 2.772073629948732), ('Aff2', 1.5940431126604018), ('Slc35f5', 2.1964468505529875), ('Sertad4', 1.3615504011772894), ('Trip6', 8.892996004966207), ('Slc7a1', 3.0755844961655385), ('Tmem63a', 4.688199086962413), ('Lin9', 1.975571531895276), ('Ilkap', 5.860170637797952), ('Rbm41', 9.034550877848815), ('Prkar1b', 2.7387474931838023), ('Lurap1l', 3.8050441059098974), ('F11r', 1.7997522533677452), ('Napb', 1.348960152332852), ('Scfd2', 4.17798426528701), ('Chmp4c', 1.4674839288623205), ('Gorab', 4.152532005578704), ('Scyl3', 3.8335091064545295), ('Kdf1', 1.2087304908686065), ('Tm7sf3', 9.130267621912088), ('Cyp20a1', 8.094060011311264), ('Ppig', 1.391225815684853), ('Mtap', 4.32655064071967), ('Rasal2', 7.252007524156159), ('Ago4', 3.2576419115556448), ('Klhl13', 14.223480580198231), ('Prim2', 8.161722244683437), ('Nhs', 2.154554802913402), ('Golim4', 24.38010895046241), ('Pde4b', 3.310533875775409), ('Rgs12', 2.0997412588596704), ('Prdx6', 2.992830581992731), ('Ap1s3', 3.841762563670585), ('Tmem183a', 1.57949938798265), ('Tmem62', 2.386579594068423), ('Gli2', 8.883948143256744), ('Traf2', 2.06380209200381), ('Pdgfra', 2.255201961743728), ('Gigyf2', 2.510361660105359), ('Prkab2', 9.717456811212491), ('Eif2s3x', 1.7989091311525327), ('Cav1', 2.9508997481986325)]",4871
Pou3f2,tfdimers__MD00488,0.094404141,3.071561563,1.13E-06,0.995506,gene is orthologous to ENSG00000184486 in H. sapiens (identity = 99%) which is annotated for similar motif tfdimers__MD00415 ('M00145_forward_9_M01255_forward dimer: Brn-2 / IPF1'; q-value = 1.13e-06),"frozenset({'activating', 'mm10_500bp_up_100bp_down_full_tx_v10_clust.genes_vs_motifs.rankings', 'weight>90.0%'})","[('Secisbp2l', 1.7392071339386292), ('Arhgap11a', 11.999927356786568), ('Mtif3', 4.517891784082245), ('Pou3f2', 1.0), ('Fmn2', 7.983634662608256)]",411
Runx3,tfdimers__MD00382,0.063332809,3.773675572,7.45E-06,1,gene is annotated for similar motif transfac_pro__M00769 ('V$AML_Q6: AML'; q-value = 7.45e-06),"frozenset({'activating', 'mm10_500bp_up_100bp_down_full_tx_v10_clust.genes_vs_motifs.rankings', 'weight>90.0%'})","[('Wipf1', 2.855561441998698), ('Plcb2', 24.25814662842149), ('Tfec', 2.764867133211797), ('Sh3bp2', 11.25287631255875), ('Tnfsf15', 1.2031424591658095), ('Frmd4a', 1.5213572284927364), ('Slamf9', 2.721712597862046), ('Cers6', 2.3842191808544646), ('Stk17b', 1.8680483789642723), ('Bcl2', 3.623231574693929), ('Dock10', 21.357220555990413), ('P2ry12', 3.623455507333536), ('Cd38', 1.3904328598987612), ('Ppp1r16b', 6.346493091381593), ('Rps6ka1', 4.517586665517896), ('Il12rb2', 19.139516540474084), ('Gpr35', 1.4479983957609273), ('Inpp5d', 26.13710922330289), ('Pilrb2', 2.307149644525265), ('Ptprc', 37.1609354030036), ('Bub1b', 8.225730115583568), ('Zap70', 8.529349333007442), ('Zfp984', 1.4443294726089353), ('Il1a', 3.433679633841177), ('Fcgr1', 1.9177720480646765), ('Akna', 13.672595470803524), ('P2ry10', 13.008906662166543), ('Ptpn6', 15.452103531530748), ('Rnf149', 19.79330308692236), ('Pilra', 9.229000731893755), ('Lef1', 1.4778087429065805), ('Sash3', 9.310673994568036), ('Elf4', 13.920086995784786), ('Gm5150', 2.9146797524981967), ('Skap2', 8.670330610440237), ('Elovl1', 3.8386456116975674), ('Cd72', 24.89661220312604), ('Hvcn1', 28.886807215638097), ('Ptgs1', 2.877830179245224), ('Xlr4b', 7.730844130661934), ('Skil', 7.430163815983883), ('Vav2', 3.331945496043882), ('Sirpa', 8.133572331638005), ('Cd52', 16.99099724586764), ('Nup210', 4.354880006619138), ('Fcrl1', 1.6253170952971965), ('Gbp8', 40.00789373822531), ('Txk', 10.48791133104715), ('Myo3b', 4.736504857360638), ('Arhgap30', 2.63313433406996), ('Cap1', 3.143864041209484), ('Tbc1d1', 1.7873468187733936), ('Tmem119', 9.420888043809729), ('Lrmp', 3.70901349320944), ('Cttnbp2nl', 19.25979982891117), ('Lyn', 20.32414483462063), ('Ivns1abp', 1.6576771535674786), ('Sh3bgrl3', 2.580486700274609), ('Csf3r', 12.394372804180607), ('Mbnl1', 8.64396117762666), ('Tlr12', 50.82243624323005), ('Tle1', 3.671426999541015), ('Itgav', 35.21519539621636), ('Ankrd44', 7.667987310672677), ('Pla2g4a', 6.2640365893285175), ('Tbc1d8', 20.155664478064807), ('Arl4c', 1.9606622030446172), ('Clec4a2', 2.156894250916023), ('Ctss', 23.889108450919384), ('Rgs1', 2.7316375139363784), ('Arhgap15', 3.411394908251157), ('Tlr1', 23.210217318585705), ('Gm1720', 22.125542099540024), ('Cdk6', 19.174785993124868), ('Apbb1ip', 12.189575401526485), ('Bach2os', 15.01398775487675), ('Mgat4a', 51.21910452195349), ('Gab3', 3.0796962221090665), ('Alox5ap', 1.2618437423981994), ('Cd101', 12.567036167362351), ('Ocstamp', 9.317587444403262), ('Dennd1b', 2.0418166262413058), ('Kcnab2', 1.6031355554970708), ('Hltf', 5.696397818022644), ('Pik3cd', 15.84943009665504), ('Abi1', 1.8095774108549316), ('Tpp2', 2.7152401259055967), ('Gimap4', 6.082284279265483), ('Gusb', 3.80887232832996), ('Rap1gds1', 5.80280440337), ('Ptpn22', 30.81635755177506), ('Soat1', 34.23747297737991), ('Cnnm4', 2.757317657909702), ('5031425F14Rik', 3.385460493632802), ('Galk2', 1.6470488140097963), ('Nceh1', 39.84955509802402), ('Pnpla7', 12.360964210025434), ('Arhgef2', 11.366535005840731), ('Sh2d1b1', 9.061898317993515), ('Abcb4', 1.356359700871397), ('Smox', 1.593088623684051), ('Cxcr3', 2.861619383881568), ('Lck', 10.289365422432375), ('Stap1', 2.1650455961139867)]",4657
Runx3,tfdimers__MD00459,0.056641342,3.017933714,1.02E-08,0.891253,gene is orthologous to ENSG00000020633 in H. sapiens (identity = 89%) which is annotated for similar motif tfdimers__MD00509 ('M01814_forward_6_M01876_reverse dimer: AML2 / GABP-beta'; q-value = 1.02e-08),"frozenset({'activating', 'mm10_500bp_up_100bp_down_full_tx_v10_clust.genes_vs_motifs.rankings', 'weight>90.0%'})","[('Lax1', 6.984251296039423), ('Gimap6', 6.338924902696389), ('Clec4a2', 2.156894250916023), ('Inpp5d', 26.13710922330289), ('Rhoh', 5.832074672432263), ('Cers6', 2.3842191808544646), ('Il1a', 3.433679633841177), ('Gm5150', 2.9146797524981967), ('Sh3bp2', 11.25287631255875), ('Cnnm4', 2.757317657909702), ('Arhgap30', 2.63313433406996), ('Fcgr1', 1.9177720480646765), ('Tbc1d1', 1.7873468187733936), ('Plcb2', 24.25814662842149), ('Traf3ip3', 19.17966948162609), ('Padi2', 6.769692917430594), ('Sla2', 3.2456692043119664), ('Kcnab2', 1.6031355554970708), ('Mbnl1', 8.64396117762666), ('Slamf7', 27.00946680025412), ('Tpp2', 2.7152401259055967), ('Bcl2', 3.623231574693929), ('Nup210', 4.354880006619138), ('Pik3cd', 15.84943009665504), ('Il12rb2', 19.139516540474084), ('Dennd1b', 2.0418166262413058), ('Cap1', 3.143864041209484), ('Pilrb2', 2.307149644525265), ('Cd72', 24.89661220312604), ('Smox', 1.593088623684051), ('Rps6ka1', 4.517586665517896), ('Atp8a1', 32.99513326699523), ('Tlr12', 50.82243624323005), ('Ankrd44', 7.667987310672677), ('Runx3', 1.0), ('Zap70', 8.529349333007442), ('Sh2d2a', 2.1381552369643293), ('Tnfsf15', 1.2031424591658095), ('Sash3', 9.310673994568036), ('Dock10', 21.357220555990413), ('Lck', 10.289365422432375), ('Pilra', 9.229000731893755), ('Lyn', 20.32414483462063), ('Wipf1', 2.855561441998698), ('Txk', 10.48791133104715), ('Spi1', 15.141313025637416), ('Bach2os', 15.01398775487675), ('Cdk6', 19.174785993124868), ('Myo3b', 4.736504857360638), ('Itgav', 35.21519539621636), ('Stap1', 2.1650455961139867), ('Lat2', 20.43369225987126), ('Gusb', 3.80887232832996), ('P2ry10', 13.008906662166543), ('Gbp8', 40.00789373822531), ('P2ry12', 3.623455507333536), ('Cntrl', 1.386165643171002), ('Gimap3', 1.5910437918674052), ('Rap1a', 4.745493115288204), ('Spint1', 1.8571191807782568), ('Gimap1', 2.89170155368598), ('Lrrc4c', 3.0518929790497125), ('Ptpn6', 15.452103531530748), ('Psd4', 25.14860369491042), ('Cd52', 16.99099724586764), ('Pla2g4a', 6.2640365893285175), ('Akna', 13.672595470803524), ('Sh2d3c', 3.741787196006008), ('Laptm5', 2.4776706228667256), ('Phc2', 29.633467566102905), ('Lrmp', 3.70901349320944), ('Tor3a', 1.7223460797338528), ('Sh2d1b1', 9.061898317993515), ('Arhgef2', 11.366535005840731), ('Stra6l', 14.14062749313445), ('Sirpa', 8.133572331638005), ('Sat1', 37.1842966888414), ('Camk1d', 4.125233954818753), ('Frmd4a', 1.5213572284927364), ('Cxcr3', 2.861619383881568), ('Rgs1', 2.7316375139363784), ('Sh3bgrl3', 2.580486700274609), ('Clnk', 26.7206880425024), ('Arhgap15', 3.411394908251157), ('Gatm', 3.626227440826621), ('Slamf9', 2.721712597862046), ('Jakmip1', 4.736982772744448), ('Dusp2', 1.933100547915064), ('Efhd2', 3.5742268602120366), ('Mgat4a', 51.21910452195349), ('Fnbp1', 5.282156001749886), ('Xcl1', 2.4760503714261284), ('Ivns1abp', 1.6576771535674786), ('Ppp1r16b', 6.346493091381593), ('Trim55', 3.2504592814209867), ('Cd160', 3.2310160110977595), ('Elovl1', 3.8386456116975674), ('Cd4', 5.709664787775765), ('Ocstamp', 9.317587444403262), ('Kcnj10', 25.34686173708044), ('Dbf4', 5.406569443287574), ('Cd44', 1.2019729266509385), ('Slamf8', 6.089387794523129), ('Clec4n', 19.91354781763458), ('Xlr4b', 7.730844130661934), ('Ctss', 23.889108450919384), ('Tnfsf8', 26.771945115812343)]",4912
Sox17,metacluster_153.3,0.079235505,3.386875447,1.49E-06,1,motif similar to transfac_pro__M08899 ('V$SOX_Q4: SOX'; q-value = 1.49e-06) which is directly annotated,"frozenset({'activating', 'mm10_500bp_up_100bp_down_full_tx_v10_clust.genes_vs_motifs.rankings', 'weight>90.0%'})","[('Tinagl1', 8.304598348984191), ('Rbp7', 7.990549295568802), ('Magi1', 1.2299775131741153), ('Vim', 5.593588375572652), ('Pls3', 1.426125127265227), ('Gbp3', 3.9494656318535712), ('Rnf220', 4.192064212544439), ('Lrrc8a', 1.95230062690742), ('Cldn15', 5.608689464739592), ('Thsd7b', 1.5219664230119607), ('Cytl1', 2.16852124495552), ('Slc39a8', 1.461447027067354), ('Dll4', 7.554659137158645), ('Tek', 2.9071449484841247), ('Flt1', 22.070559965622515), ('Cdc42bpa', 3.389654902013273), ('Egfl7', 25.979966191257155), ('Cxcl9', 2.5957382100472617), ('Hspa12b', 23.058852574493), ('Tie1', 15.257644215458722), ('Limch1', 2.728020598714356), ('Shroom4', 2.3648568250101705), ('Sox18', 5.5858155530509865), ('Rgs3', 8.190884265493258), ('Sptan1', 2.008536084820377), ('Fam171a1', 1.2339991750969093), ('Efnb1', 5.385033184020769), ('Sh2d3c', 1.9463772417160223), ('Lhx6', 3.192057302647881), ('Lnx1', 9.26973436080836), ('Gm16070', 16.140718349949537), ('Cd36', 1.3566408930001113), ('Ggta1', 8.028636124509887), ('2900026A02Rik', 1.369071009289769), ('Cav2', 1.3662819859638025), ('Cst3', 2.753533704014611), ('Lmo2', 3.218480727772432), ('S1pr1', 18.32623078241771)]",2985
Sp3,metacluster_3.14,0.090491498,4.33850441,4.30E-06,1,gene is annotated for similar motif transfac_pro__M00931 ('V$SP1_Q6_01: Sp1'; q-value = 4.3e-06),"frozenset({'activating', 'mm10_500bp_up_100bp_down_full_tx_v10_clust.genes_vs_motifs.rankings', 'weight>90.0%'})","[('Pdik1l', 3.601713313565091), ('Zfx', 2.460145660637556), ('Xpr1', 1.4169093830136137), ('Cdkn2c', 1.3050316058493794), ('Mapkapk2', 1.282998610621383), ('Map4k4', 1.6118441970163595), ('Ythdf3', 1.331385746825157), ('Hnrnpd', 4.144188997045212), ('Dnajb14', 1.390101908151817), ('Sp3', 1.0), ('Capza2', 2.1542229521978697), ('Mcm10', 1.4328227500069333), ('Eif5b', 2.23025906862448)]",455
Sp3,metacluster_151.1,0.084422854,3.889203519,1.28E-06,0.966709,motif similar to swissregulon__hs__SP3 ('hs__SP3'; q-value = 1.28e-06) which is annotated for orthologous gene ENSG00000172845 in H. sapiens (identity = 96%),"frozenset({'activating', 'mm10_500bp_up_100bp_down_full_tx_v10_clust.genes_vs_motifs.rankings', 'weight>90.0%'})","[('Mcl1', 2.2576939922031904), ('Rbm45', 1.238851399986336), ('Actr3', 2.1674143408083992), ('Caprin2', 1.2569269062406183), ('Nom1', 1.232474203507704), ('Zfp384', 3.605810182947521), ('Gnai3', 1.284348239938866), ('Gripap1', 3.221038715035996), ('Exoc1', 2.420978601534178), ('Melk', 1.4100293644968234), ('Gar1', 1.698660151127411), ('Arhgap1', 1.190108862838981), ('Hjurp', 1.676797691726721), ('Pola1', 2.345098924923149), ('Tpx2', 2.121815629007567), ('Naa20', 2.616606825021945), ('Uhmk1', 1.282412918037908), ('Zfp217', 2.758561486963004), ('Eif4g3', 2.6776954909789974), ('Rgs19', 5.342439703665793), ('Csnk2a1', 1.7208203595274274), ('Zfp316', 3.73223300787304), ('Stk38l', 1.923632979612114), ('Mcm10', 1.4328227500069333), ('Adam15', 1.5672262353082804), ('Wdr76', 1.2416652510994628), ('Eloa', 1.401193564541501), ('Htt', 1.5865567883687377), ('Sp3', 1.0), ('Prim2', 3.682662965310589), ('Irak1', 1.3525378176732812), ('6330418K02Rik', 1.561958040138462), ('Ehd4', 2.4881565037826974), ('Lrrc40', 2.0651418498616336), ('Zfp984', 1.565632255368634), ('Phka1', 1.307492097702842), ('2210016L21Rik', 3.950015558718074), ('Acox3', 1.6417794425669752), ('Csrp1', 3.382189793278735), ('Ythdf3', 1.331385746825157), ('Zfp120', 2.89410216580986), ('Bard1', 3.260242849126579), ('Taf1', 1.896294659092146), ('Mknk1', 1.9944588542226176), ('Ogfr', 1.7573664250884733), ('Miip', 1.405947469057449)]",2806
Sp3,transfac_pro__M01219,0.081266006,3.655481678,0,1,gene is directly annotated,"frozenset({'activating', 'mm10_500bp_up_100bp_down_full_tx_v10_clust.genes_vs_motifs.rankings', 'weight>90.0%'})","[('Ythdf3', 1.331385746825157), ('Zcchc8', 3.1084931207499644), ('Zfx', 2.460145660637556), ('Hnrnpd', 4.144188997045212), ('Khdrbs1', 2.370717267226772), ('Kif3b', 6.010120124038151), ('Ssr3', 1.5462089514332402), ('Sp3', 1.0), ('Cdkn2c', 1.3050316058493794), ('Gpn1', 1.517707969660822), ('Xpr1', 1.4169093830136137), ('Cnnm4', 1.6119306616485998), ('Wasf2', 1.9198984807892163), ('Mknk1', 1.9944588542226176), ('Mapkapk2', 1.282998610621383), ('Bard1', 3.260242849126579), ('Arl8a', 2.309729005561587), ('Eif5b', 2.23025906862448), ('Acbd3', 1.6934977476940278), ('Plp1', 2.29528219178151), ('Iqcd', 1.7800113162950848), ('Map4k4', 1.6118441970163595), ('Pi4k2b', 1.6657872927670443), ('Pdik1l', 3.601713313565091), ('Ccdc28b', 1.87487400539649), ('Casp8ap2', 1.8075593618637744), ('Gss', 1.6377533107080129)]",1527
Tal1,tfdimers__MD00309,0.082917706,3.025533756,2.80E-06,0.930514,motif similar to tfdimers__MD00501 ('M01034_forward_6_M01692_forward dimer: Ebox / LTF'; q-value = 2.8e-06) which is annotated for orthologous gene ENSG00000162367 in H. sapiens (identity = 93%),"frozenset({'activating', 'mm10_500bp_up_100bp_down_full_tx_v10_clust.genes_vs_motifs.rankings', 'weight>90.0%'})","[('Tie1', 3.3590780451976228), ('Aplnr', 1.2209312394385592), ('Ccm2l', 5.011240122829089), ('Hspa12b', 2.6293270774053488), ('Magi1', 1.34154942918519), ('Nr5a2', 1.1986785254535377), ('Sh2d3c', 1.2136394342358097), ('6330409D20Rik', 1.844401650310861), ('Rbp7', 1.4147898724623196), ('Bend4', 5.0748951363918575), ('Efna1', 2.1554511467791966), ('Lhx6', 3.080522533350967), ('Eng', 11.427178454680028), ('Dll4', 2.069502997619713), ('Npr1', 6.63252022386849), ('Crispld1', 2.241870120176375), ('Tead4', 6.670099073199892), ('Itpkb', 1.1914072824391324), ('Flt1', 6.582711944265237), ('Apbb2', 2.576334469594014)]",2022
Tbx5,tfdimers__MD00529,0.107921254,4.023148573,2.25E-06,0.96139,gene is orthologous to ENSG00000089225 in H. sapiens (identity = 96%) which is annotated for similar motif tfdimers__MD00203 ('M00059_forward_8_M01020_forward dimer: YY1 / TBX5'; q-value = 2.25e-06),"frozenset({'activating', 'mm10_500bp_up_100bp_down_full_tx_v10_clust.genes_vs_motifs.rankings', 'weight>90.0%'})","[('Cd55', 1.543693413694385), ('Tdo2', 1.3357316204536485), ('Mstn', 1.7157473918224178), ('Ptgs1', 3.085147041347347)]",248
Atf3,tfdimers__MD00403,0.098331407,3.285890768,2.26E-06,0.950276,motif similar to tfdimers__MD00119 ('M00973_reverse_7_M00801_forward dimer: E2A / CREB'; q-value = 2.26e-06) which is annotated for orthologous gene ENSG00000162772 in H. sapiens (identity = 95%),"frozenset({'top50', 'activating', 'mm10_500bp_up_100bp_down_full_tx_v10_clust.genes_vs_motifs.rankings'})","[('Abtb2', 2.6446224254221584), ('Enkur', 2.4205732217017046), ('Dyrk3', 6.754477868967246), ('Gem', 2.5278042113051176), ('Rhoh', 2.404348361375476)]",558
Batf3,metacluster_2.5,0.154577325,6.076811525,0,0.855932,gene is orthologous to ENSG00000123685 in H. sapiens (identity = 85%) which is directly annotated for motif,"frozenset({'top50', 'activating', 'mm10_500bp_up_100bp_down_full_tx_v10_clust.genes_vs_motifs.rankings'})","[('4930512J16Rik', 15.74455629267989), ('Taok3', 11.655614574279406), ('Il1rl1', 29.64746532505104), ('Orai2', 13.063170922169638), ('Olfm1', 12.696137820655489), ('Rnf152', 13.526541423639143), ('Cd84', 40.792591140455066)]",692
Dlx5,metacluster_42.4,0.100277761,3.167839816,2.11E-06,0.273775,motif similar to cisbp__M02112 ('Dll[gene ID: FBgn0000157 species: Drosophila melanogaster TF status: direct TF family: Homeodomain DBDs: Homeobox]; Dlx6[gene ID: ENSMUSG00000029754 species: Mus musculus TF status: inferred TF family: Homeodomain DBDs: Homeobox]; Emx1[gene ID: ENSMUSG00000033726 species: Mus musculus TF status: inferred TF family: Homeodomain DBDs: Homeobox]; Gsx1[gene ID: ENSMUSG00000053129 species: Mus musculus TF status: inferred TF family: Homeodomain DBDs: Homeobox]; Hmx3[gene ID: ENSMUSG00000040148 species: Mus musculus TF status: inferred TF family: Homeodomain DBDs: Homeobox]; Hoxb1[gene ID: ENSMUSG00000018973 species: Mus musculus TF status: inferred TF family: Homeodomain DBDs: Homeobox]; Hoxb2[gene ID: ENSMUSG00000075588 species: Mus musculus TF status: inferred TF family: Homeodomain DBDs: Homeobox]; NANOGP8[gene ID: ENSG00000255192 species: Homo sapiens TF status: inferred TF family: Homeodomain DBDs: Homeobox]; NKX1-1[gene ID: ENSG00000235608 species: Homo sapiens TF status: inferred TF family: Homeodomain DBDs: Homeobox]; NKX1-2[gene ID: ENSG00000229544 species: Homo sapiens TF status: inferred TF family: Homeodomain DBDs: Homeobox]; Prrxl1[gene ID: ENSMUSG00000041730 species: Mus musculus TF status: inferred TF family: Homeodomain DBDs: Homeobox]'; q-value = 2.11e-06) which is annotated for orthologous gene FBgn0000157 in D. melanogaster (identity = 27%),"frozenset({'top50', 'activating', 'mm10_500bp_up_100bp_down_full_tx_v10_clust.genes_vs_motifs.rankings'})","[('Trim2', 2.1065990215934263), ('Tnnt2', 4.831649673656784), ('Gm11468', 1.4163445299863904), ('Serpinb5', 1.820569975372882), ('Gm5148', 7.808060045242617), ('Flrt3', 1.3163567557984452), ('Olfr457', 1.878706221116492), ('Tmem132c', 1.3393395025718884), ('Lrrc26', 1.576296807520421), ('Fhl2', 1.3112490378270707), ('Gprasp2', 4.20868220582217)]",1827
E2f1,jaspar__MA1122.1,0.126172664,4.416369985,7.61E-07,0.85814,gene is orthologous to ENSG00000101412 in H. sapiens (identity = 85%) which is annotated for similar motif hocomoco__E2F1_HUMAN.H11MO.0.A ('E2F1_HUMAN'; q-value = 7.61e-07),"frozenset({'top50', 'activating', 'mm10_500bp_up_100bp_down_full_tx_v10_clust.genes_vs_motifs.rankings'})","[('Rfc2', 2.3415528614869787), ('Actb', 1.3569509150570231), ('Mbnl3', 3.9662519830584415), ('Dclk2', 3.482408777608885), ('Cdc7', 7.196342260502498), ('Mms22l', 2.4502511651114194), ('Eln', 8.919583318074752)]",900
E2f1,metacluster_197.2,0.158868701,5.908488229,1.13E-07,0.85814,gene is orthologous to ENSG00000101412 in H. sapiens (identity = 85%) which is annotated for similar motif transfac_pro__M12597 ('V$E2F1_15: E2F1'; q-value = 1.13e-07),"frozenset({'top50', 'activating', 'mm10_500bp_up_100bp_down_full_tx_v10_clust.genes_vs_motifs.rankings'})","[('Rfc2', 2.3415528614869787), ('Col1a2', 4.019750353916288), ('Cdc7', 7.196342260502498), ('Mms22l', 2.4502511651114194)]",249
E2f1,tfdimers__MD00270,0.100245418,3.233152734,2.60E-08,0.844394,motif similar to tfdimers__MD00420 ('M00377_forward_8_M01250_reverse dimer: Pax-4 / E2F1'; q-value = 2.6e-08) which is annotated for orthologous gene ENSG00000101412 in H. sapiens (identity = 84%),"frozenset({'top50', 'activating', 'mm10_500bp_up_100bp_down_full_tx_v10_clust.genes_vs_motifs.rankings'})","[('Gltp', 1.4934831237417787), ('Gsn', 4.932827742605104), ('Mfsd1', 4.761017194844179), ('Cdc7', 7.196342260502498), ('Gstm1', 2.21688670672304), ('Nfatc2', 1.793333714458038), ('Kif2c', 1.433958063790751), ('Mms22l', 2.4502511651114194)]",1280
E2f1,metacluster_197.1,0.142659225,5.168751642,3.70E-11,0.85814,gene is orthologous to ENSG00000101412 in H. sapiens (identity = 85%) which is annotated for similar motif taipale_cyt_meth__E2F1_NWTTTGGCGCCAWWWN_FL ('E2F1 [E2F]'; q-value = 3.7e-11),"frozenset({'top50', 'activating', 'mm10_500bp_up_100bp_down_full_tx_v10_clust.genes_vs_motifs.rankings'})","[('Gsn', 4.932827742605104), ('Rfc2', 2.3415528614869787), ('Cdc7', 7.196342260502498), ('Dclk2', 3.482408777608885), ('Mms22l', 2.4502511651114194), ('Dck', 5.10527026734999), ('Col1a2', 4.019750353916288)]",759
E2f1,metacluster_15.2,0.12823101,4.51030479,0,0.85814,gene is orthologous to ENSG00000101412 in H. sapiens (identity = 85%) which is directly annotated for motif,"frozenset({'top50', 'activating', 'mm10_500bp_up_100bp_down_full_tx_v10_clust.genes_vs_motifs.rankings'})","[('Mcm6', 1.9710014597258836), ('E2f1', 1.0), ('Pola1', 3.33482444342866), ('Dtl', 1.575552029634324), ('Map3k7', 1.6222074750029831), ('Mms22l', 2.4502511651114194)]",390
E2f1,metacluster_15.3,0.121759094,4.214952087,0,0.85814,gene is orthologous to ENSG00000101412 in H. sapiens (identity = 85%) which is directly annotated for motif,"frozenset({'top50', 'activating', 'mm10_500bp_up_100bp_down_full_tx_v10_clust.genes_vs_motifs.rankings'})","[('Cdc7', 7.196342260502498), ('Rfc2', 2.3415528614869787), ('Procr', 1.5667809941177744), ('Hat1', 8.626067760147638), ('Pola1', 3.33482444342866), ('Oasl1', 4.448634258975528), ('Map3k7', 1.6222074750029831), ('Itpripl1', 1.5282718939899158)]",1107
E2f1,metacluster_45.6,0.153604085,5.668231902,0,0.85814,gene is orthologous to ENSG00000101412 in H. sapiens (identity = 85%) which is directly annotated for motif,"frozenset({'top50', 'activating', 'mm10_500bp_up_100bp_down_full_tx_v10_clust.genes_vs_motifs.rankings'})","[('Rfc2', 2.3415528614869787), ('Mms22l', 2.4502511651114194), ('Cdc7', 7.196342260502498), ('Nfatc2', 1.793333714458038), ('Hat1', 8.626067760147638), ('Dclk2', 3.482408777608885)]",703
E2f1,metacluster_197.3,0.218145113,8.61362996,0,1,gene is directly annotated,"frozenset({'top50', 'activating', 'mm10_500bp_up_100bp_down_full_tx_v10_clust.genes_vs_motifs.rankings'})","[('Mms22l', 2.4502511651114194), ('Cdc7', 7.196342260502498), ('Eln', 8.919583318074752), ('Procr', 1.5667809941177744), ('Pola1', 3.33482444342866), ('Hat1', 8.626067760147638), ('Rfc2', 2.3415528614869787), ('Itpripl1', 1.5282718939899158), ('Map3k7', 1.6222074750029831), ('Tmem67', 2.483250113304192), ('Gsn', 4.932827742605104), ('Kif2c', 1.433958063790751), ('Prim2', 1.599613159018561), ('Mbnl3', 3.9662519830584415), ('Gstm1', 2.21688670672304)]",2634
E2f1,transfac_pro__M00803,0.10026521,3.234055953,0,1,gene is directly annotated,"frozenset({'top50', 'activating', 'mm10_500bp_up_100bp_down_full_tx_v10_clust.genes_vs_motifs.rankings'})","[('Gsn', 4.932827742605104), ('Tmem67', 2.483250113304192), ('Ddrgk1', 2.0170634169398376), ('Mms22l', 2.4502511651114194), ('E2f1', 1.0)]",433
E2f1,transfac_pro__M00938,0.134326881,4.788496327,0,1,gene is directly annotated,"frozenset({'top50', 'activating', 'mm10_500bp_up_100bp_down_full_tx_v10_clust.genes_vs_motifs.rankings'})","[('Cdc7', 7.196342260502498), ('Pola1', 3.33482444342866), ('Mms22l', 2.4502511651114194), ('Eln', 8.919583318074752), ('Rfc2', 2.3415528614869787), ('Tmem67', 2.483250113304192), ('Mbnl3', 3.9662519830584415), ('Itpripl1', 1.5282718939899158), ('Prim2', 1.599613159018561), ('Glipr2', 3.660077771327848), ('Map3k7', 1.6222074750029831)]",1801
E2f1,transfac_pro__M01251,0.108755888,3.621537023,0,1,gene is directly annotated,"frozenset({'top50', 'activating', 'mm10_500bp_up_100bp_down_full_tx_v10_clust.genes_vs_motifs.rankings'})","[('Procr', 1.5667809941177744), ('Gsn', 4.932827742605104), ('E2f1', 1.0), ('Dck', 5.10527026734999), ('Prim2', 1.599613159018561)]",398
E2f2,transfac_pro__M00938,0.110430446,3.937322012,3.84E-07,1,gene is annotated for similar motif transfac_pro__M08875 ('V$E2F_Q4_03: E2F'; q-value = 3.84e-07),"frozenset({'top50', 'activating', 'mm10_500bp_up_100bp_down_full_tx_v10_clust.genes_vs_motifs.rankings'})","[('Shb', 2.1065486962567115), ('E2f2', 1.0), ('Rgs3', 2.038450550279285), ('Wdr76', 2.413446840609542), ('Cit', 22.51503046090029), ('Tctn1', 3.0389034094114447)]",562
E2f2,metacluster_141.2,0.099642199,3.430050918,0,0.832952,motif is annotated for orthologous gene ENSG00000007968 in H. sapiens (identity = 83%),"frozenset({'top50', 'activating', 'mm10_500bp_up_100bp_down_full_tx_v10_clust.genes_vs_motifs.rankings'})","[('Ncoa5', 1.9344798209536032), ('Mms22l', 3.217594147543732), ('Wdr76', 2.413446840609542), ('Smc4', 2.125807950765015), ('Kcnk2', 2.513592764882431), ('Psip1', 2.36895388609158), ('E2f2', 1.0), ('Mcm3', 2.503377447758357), ('Prex1', 7.454434573361791), ('Mphosph9', 2.8689863843098533), ('Gclm', 4.1485145507663805), ('Pola1', 4.098202887414638)]",1852
E2f2,metacluster_197.1,0.115237269,4.163342298,0,0.832952,motif is annotated for orthologous gene ENSG00000007968 in H. sapiens (identity = 83%),"frozenset({'top50', 'activating', 'mm10_500bp_up_100bp_down_full_tx_v10_clust.genes_vs_motifs.rankings'})","[('Ckap2l', 4.380977512726978), ('Pola1', 4.098202887414638), ('Dtl', 4.500111407417486), ('E2f2', 1.0), ('Kntc1', 24.0826329228554), ('Melk', 3.718648404311204), ('Mms22l', 3.217594147543732), ('Rgs3', 2.038450550279285), ('Tctn1', 3.0389034094114447), ('Ppp1r8', 3.8114886412474), ('Ezh2', 2.5664350379149465), ('Rad51', 2.512390348993661), ('Cenpi', 8.752497703036047), ('Smc4', 2.125807950765015), ('Kif4', 6.068138670857804), ('Kcnk2', 2.513592764882431), ('Bub1', 2.900961792670365), ('Gpat3', 2.5179117016192536), ('Slc7a1', 2.022089818760168), ('Fcmr', 3.206273801944708), ('Bub1b', 3.952831263395128), ('Prex1', 7.454434573361791), ('Ttf2', 5.014138431011338), ('Wdr76', 2.413446840609542), ('Prim2', 7.6843111244151)]",4935
E2f2,metacluster_45.4,0.11738769,4.264456637,0,0.832952,motif is annotated for orthologous gene ENSG00000007968 in H. sapiens (identity = 83%),"frozenset({'top50', 'activating', 'mm10_500bp_up_100bp_down_full_tx_v10_clust.genes_vs_motifs.rankings'})","[('Ezh2', 2.5664350379149465), ('Shb', 2.1065486962567115), ('Bard1', 2.510255076570433), ('Kntc1', 24.0826329228554), ('Cit', 22.51503046090029), ('Rad51', 2.512390348993661), ('Ppp1r8', 3.8114886412474), ('Pola1', 4.098202887414638), ('Mcm3', 2.503377447758357), ('Kcnk2', 2.513592764882431), ('Clspn', 22.442134208410085), ('Rgs3', 2.038450550279285), ('Wdr76', 2.413446840609542), ('Prim2', 7.6843111244151), ('Prex1', 7.454434573361791), ('Mms22l', 3.217594147543732), ('Melk', 3.718648404311204), ('Tox', 15.216897333586596), ('Ttf2', 5.014138431011338)]",4158
E2f2,metacluster_197.3,0.216325129,8.916565913,0,1,gene is directly annotated,"frozenset({'top50', 'activating', 'mm10_500bp_up_100bp_down_full_tx_v10_clust.genes_vs_motifs.rankings'})","[('Ttf2', 5.014138431011338), ('Kntc1', 24.0826329228554), ('Mms22l', 3.217594147543732), ('Clspn', 22.442134208410085), ('Rad54b', 1.962941420142562), ('Pola1', 4.098202887414638), ('Kcnk2', 2.513592764882431), ('Bard1', 2.510255076570433), ('Rgs3', 2.038450550279285), ('Melk', 3.718648404311204), ('Mcm3', 2.503377447758357), ('Wdr76', 2.413446840609542), ('Ppp1r8', 3.8114886412474), ('Ezh2', 2.5664350379149465), ('Bub1', 2.900961792670365), ('E2f2', 1.0), ('Prim2', 7.6843111244151), ('Rad51', 2.512390348993661), ('Ckap2l', 4.380977512726978), ('Cenpi', 8.752497703036047), ('Prex1', 7.454434573361791), ('Mastl', 2.70240860530093), ('Cit', 22.51503046090029)]",3843
E2f2,metacluster_45.6,0.136452347,5.160890479,0,1,gene is directly annotated,"frozenset({'top50', 'activating', 'mm10_500bp_up_100bp_down_full_tx_v10_clust.genes_vs_motifs.rankings'})","[('Ezh2', 2.5664350379149465), ('Ckap2l', 4.380977512726978), ('Rgs3', 2.038450550279285), ('Ncoa5', 1.9344798209536032), ('Knl1', 3.071716731786023), ('Bub1', 2.900961792670365), ('AI504432', 17.417359070539575), ('Kif4', 6.068138670857804), ('Kcnk2', 2.513592764882431), ('Kntc1', 24.0826329228554)]",1684
E2f2,metacluster_67.2,0.11950197,4.363871575,0,1,gene is directly annotated,"frozenset({'top50', 'activating', 'mm10_500bp_up_100bp_down_full_tx_v10_clust.genes_vs_motifs.rankings'})","[('Ezh2', 2.5664350379149465), ('Rad54b', 1.962941420142562), ('Pola1', 4.098202887414638), ('Mms22l', 3.217594147543732), ('Ttf2', 5.014138431011338), ('Wdr76', 2.413446840609542), ('Bard1', 2.510255076570433), ('Kntc1', 24.0826329228554), ('Prex1', 7.454434573361791), ('Bub1', 2.900961792670365), ('Slc7a1', 2.022089818760168), ('Mcm3', 2.503377447758357), ('Prim2', 7.6843111244151), ('Clspn', 22.442134208410085)]",1404
Elf3,taipale_tf_pairs__ETV2_HES7_RSCGGAANNNNNNCACGTGNN_CAP_repr,0.084438903,3.244930851,7.11E-06,1,gene is annotated for similar motif transfac_pro__M01977 ('V$ESE1_01: ESE-1'; q-value = 7.11e-06),"frozenset({'top50', 'activating', 'mm10_500bp_up_100bp_down_full_tx_v10_clust.genes_vs_motifs.rankings'})","[('Chchd5', 4.767013550924412), ('Snhg8', 4.693081568148552), ('Cox20', 4.129186329124751), ('Tomm7', 5.306175064973837), ('Rps3a1', 4.812796314639975), ('Cox5b', 3.875374352152424), ('Atp5k', 4.494725725542192), ('Mospd3', 4.632648234666782), ('Rpl6', 5.691269483330712), ('Rps8', 4.791744362276255), ('Ubl4a', 5.942450138387884), ('Areg', 4.759887713654706), ('Csn3', 5.433413621033023), ('Rpl10', 3.856182435283882), ('Rpl11', 7.259650519282836), ('Rps4x', 6.944820765102524), ('Rpl7', 6.597474839088456), ('Rpl12', 4.254175374904963), ('Mrps14', 5.047697187598663), ('Tacstd2', 5.001565856745346), ('Ssr4', 4.400720207903799), ('Rpl37a', 9.60587369035012), ('Rpl31', 4.624242605852109), ('Gnb2', 8.999526604885517), ('Tubb4b', 10.699764654352023)]",4393
Elf3,taipale_tf_pairs__ETV2_DLX3_RSCGGAANNNNNNNTAATKR_CAP_repr,0.094779717,3.80448467,1.99E-06,1,motif similar to transfac_pro__M01977 ('V$ESE1_01: ESE-1'; q-value = 1.99e-06) which is directly annotated,"frozenset({'top50', 'activating', 'mm10_500bp_up_100bp_down_full_tx_v10_clust.genes_vs_motifs.rankings'})","[('Tomm7', 5.306175064973837), ('Serinc3', 3.890573901170929), ('Rpl7', 6.597474839088456), ('Rps8', 4.791744362276255), ('Atp5k', 4.494725725542192), ('Csn3', 5.433413621033023), ('Mrps14', 5.047697187598663), ('Chchd5', 4.767013550924412)]",642
Elf3,taipale_tf_pairs__ETV2_GSC2_RCCGGANNNNNNNNTAATCCN_CAP_repr,0.084222776,3.233235996,1.53E-06,1,motif similar to transfac_pro__M01977 ('V$ESE1_01: ESE-1'; q-value = 1.53e-06) which is directly annotated,"frozenset({'top50', 'activating', 'mm10_500bp_up_100bp_down_full_tx_v10_clust.genes_vs_motifs.rankings'})","[('Rpl22', 4.505827754773684), ('Tomm7', 5.306175064973837), ('Crabp2', 7.627204441367524), ('Rpl5', 4.102653913626988), ('Il18r1', 5.629247543309868), ('Gnb2', 8.999526604885517)]",698
Elf3,taipale_tf_pairs__HOXB2_ETV7_NSCGGAARNNNNNMATTAN_CAP_repr,0.094779717,3.80448467,1.17E-08,1,motif similar to transfac_pro__M01214 ('V$ESE1_Q3: ESE-1'; q-value = 1.17e-08) which is directly annotated,"frozenset({'top50', 'activating', 'mm10_500bp_up_100bp_down_full_tx_v10_clust.genes_vs_motifs.rankings'})","[('Rhov', 5.112278000818578), ('Rps8', 4.791744362276255), ('Rpl31', 4.624242605852109), ('Crabp2', 7.627204441367524), ('S100a11', 10.458597992816564), ('Inhbb', 11.83419023755025)]",547
Elf4,metacluster_166.5,0.098684448,3.051264768,7.56E-06,0.79084,gene is orthologous to ENSG00000102034 in H. sapiens (identity = 79%) which is annotated for similar motif transfac_pro__M12601 ('V$ELF4_10: ELF4'; q-value = 7.56e-06),"frozenset({'top50', 'activating', 'mm10_500bp_up_100bp_down_full_tx_v10_clust.genes_vs_motifs.rankings'})","[('Elf4', 1.0), ('Fn1', 21.221573061282594), ('Akna', 13.204106983642296), ('Ptgs1', 9.043313554669744), ('Srgap2', 13.86330095840748), ('Itgav', 9.500009396425584), ('Itpkb', 11.613668210183658)]",540
Elf4,tfdimers__MD00193,0.103635838,3.277755349,4.08E-06,0.781297,motif similar to tfdimers__MD00408 ('M01067_forward_6_M00971_forward dimer: Gfi1 / Ets'; q-value = 4.08e-06) which is annotated for orthologous gene ENSG00000102034 in H. sapiens (identity = 78%),"frozenset({'top50', 'activating', 'mm10_500bp_up_100bp_down_full_tx_v10_clust.genes_vs_motifs.rankings'})","[('Elf4', 1.0), ('Wipf1', 41.73830943819779), ('Akna', 13.204106983642296), ('Rhoh', 9.573084462456787), ('Pilrb2', 28.81456709643301), ('Fn1', 21.221573061282594)]",529
Elf4,transfac_pro__M02031,0.108045105,3.479447692,3.52E-06,0.79084,gene is orthologous to ENSG00000102034 in H. sapiens (identity = 79%) which is annotated for similar motif tfdimers__MD00018 ('M00971_forward_8_M00980_forward dimer: Ets / TBP'; q-value = 3.52e-06),"frozenset({'top50', 'activating', 'mm10_500bp_up_100bp_down_full_tx_v10_clust.genes_vs_motifs.rankings'})","[('Fn1', 21.221573061282594), ('Itpkb', 11.613668210183658), ('Itgav', 9.500009396425584), ('Elf4', 1.0), ('Srgap2', 13.86330095840748), ('Gm5127', 11.98566638241986), ('Apbb1ip', 21.91779615740809), ('Mndal', 12.347625869692171), ('Ifi203', 15.462087489380233), ('Sash3', 11.20089457732704), ('Gsap', 10.349376575302829), ('Zyx', 10.789537448188195), ('Pilrb2', 28.81456709643301), ('Arhgap15', 11.412452415397066), ('Wipf1', 41.73830943819779), ('Ptgs1', 9.043313554669744), ('Pip4k2a', 11.530109477226144), ('Arhgef2', 9.764821373341968), ('Sat1', 14.557928180241037), ('Sh3bp2', 8.463459020590546), ('Lpar1', 13.048263111975777), ('Tnfrsf1b', 10.72931233463168)]",4620
Elf4,tfdimers__MD00488,0.113628971,3.734869552,2.43E-08,0.79084,gene is orthologous to ENSG00000102034 in H. sapiens (identity = 79%) which is annotated for similar motif tfdimers__MD00018 ('M00971_forward_8_M00980_forward dimer: Ets / TBP'; q-value = 2.43e-08),"frozenset({'top50', 'activating', 'mm10_500bp_up_100bp_down_full_tx_v10_clust.genes_vs_motifs.rankings'})","[('Soat1', 9.154645986456204), ('Camk1d', 11.1807153389518), ('Wipf1', 41.73830943819779), ('Coro1c', 8.749750869763474), ('Arhgap15', 11.412452415397066), ('Aim2', 8.98108254213352), ('Akna', 13.204106983642296), ('Spi1', 9.352997273256229)]",847
Elf4,tfdimers__MD00310,0.110846073,3.607571926,8.82E-09,0.781297,motif similar to tfdimers__MD00408 ('M01067_forward_6_M00971_forward dimer: Gfi1 / Ets'; q-value = 8.82e-09) which is annotated for orthologous gene ENSG00000102034 in H. sapiens (identity = 78%),"frozenset({'top50', 'activating', 'mm10_500bp_up_100bp_down_full_tx_v10_clust.genes_vs_motifs.rankings'})","[('Akna', 13.204106983642296), ('Sirpa', 9.66329121920798), ('Pip4k2a', 11.530109477226144), ('Wipf1', 41.73830943819779), ('Sp100', 10.260647679038568), ('Batf3', 8.32095762115451), ('Sh3bp2', 8.463459020590546)]",646
Elf5,tfdimers__MD00177,0.112385702,3.051267057,9.29E-09,0.945098,motif similar to tfdimers__MD00399 ('M01886_forward_5_M01197_forward dimer: NF-AT4 / ELF5'; q-value = 9.29e-09) which is annotated for orthologous gene ENSG00000135374 in H. sapiens (identity = 94%),"frozenset({'top50', 'activating', 'mm10_500bp_up_100bp_down_full_tx_v10_clust.genes_vs_motifs.rankings'})","[('Adamts3', 17.47064449743964), ('Coro2a', 21.38938972676288), ('Rgs20', 21.91130448862722), ('Ppp1cb', 18.253564475331604), ('Plb1', 27.19374353924249), ('Rorc', 18.62182510040209), ('Acss1', 15.617078226438403), ('Dnajc6', 16.632246246593958)]",594
Elk4,tfdimers__MD00184,0.104964861,3.341634422,1.21E-06,0.869767,gene is orthologous to ENSG00000158711 in H. sapiens (identity = 86%) which is annotated for similar motif tfdimers__MD00145 ('M00771_forward_11_M01705_forward dimer: Ets / TCF-4'; q-value = 1.21e-06),"frozenset({'top50', 'activating', 'mm10_500bp_up_100bp_down_full_tx_v10_clust.genes_vs_motifs.rankings'})","[('Sh2d3c', 4.779644931723645), ('Gm15179', 2.7460104150853604), ('Sox18', 2.399689997975689), ('Smarca1', 2.3921442652571066), ('Bex3', 2.0209135871003787), ('Aplnr', 6.441620533827145)]",697
Fosl2,tfdimers__MD00181,0.135958553,4.189656105,4.93E-06,0.95092,motif similar to tfdimers__MD00314 ('M01250_forward_6_M00925_forward dimer: E2F1 / AP-1'; q-value = 4.93e-06) which is annotated for orthologous gene ENSG00000075426 in H. sapiens (identity = 95%),"frozenset({'top50', 'activating', 'mm10_500bp_up_100bp_down_full_tx_v10_clust.genes_vs_motifs.rankings'})","[('Rpia', 4.007889319943303), ('Tbc1d8', 12.493014188570784), ('Mmgt1', 3.75884940096932), ('Hopx', 5.466453842485883), ('Rufy3', 3.633409755548029)]",291
Fosl2,tfdimers__MD00369,0.108198496,3.044289696,2.29E-06,0.95092,gene is orthologous to ENSG00000075426 in H. sapiens (identity = 95%) which is annotated for similar motif tfdimers__MD00353 ('M01308_reverse_7_M00924_forward dimer: SOX4 / AP-1'; q-value = 2.29e-06),"frozenset({'top50', 'activating', 'mm10_500bp_up_100bp_down_full_tx_v10_clust.genes_vs_motifs.rankings'})","[('Mmgt1', 3.75884940096932), ('Ddi2', 4.334312067604486), ('Rhoh', 9.810893976466897), ('Tbc1d8', 12.493014188570784), ('Kdelr2', 7.065876342315375), ('Fosl2', 1.0), ('Mcub', 30.15857035938771), ('Serp1', 3.642135127263863), ('Pxn', 4.550046401047228), ('Hopx', 5.466453842485883), ('Rmnd5a', 5.026855824218955)]",1749
Fosl2,tfdimers__MD00359,0.111291539,3.171907123,1.97E-06,0.95092,gene is orthologous to ENSG00000075426 in H. sapiens (identity = 95%) which is annotated for similar motif tfdimers__MD00353 ('M01308_reverse_7_M00924_forward dimer: SOX4 / AP-1'; q-value = 1.97e-06),"frozenset({'top50', 'activating', 'mm10_500bp_up_100bp_down_full_tx_v10_clust.genes_vs_motifs.rankings'})","[('Mmgt1', 3.75884940096932), ('Fosl2', 1.0), ('Mcub', 30.15857035938771), ('Tbc1d8', 12.493014188570784), ('Kdelr2', 7.065876342315375), ('Rhoh', 9.810893976466897), ('Fn1', 3.818034503105188), ('Ddi2', 4.334312067604486), ('Hopx', 5.466453842485883), ('Serp1', 3.642135127263863), ('Rufy3', 3.633409755548029), ('Ptpn22', 4.716246232929798), ('4930455G09Rik', 7.173897317634599), ('Pxn', 4.550046401047228), ('Edem3', 4.530993506442046)]",2928
Fosl2,tfdimers__MD00176,0.107657214,3.021956646,2.37E-07,0.95092,motif similar to tfdimers__MD00098 ('M01665_forward_9_M00925_forward dimer: IRF-8 / AP-1'; q-value = 2.37e-07) which is annotated for orthologous gene ENSG00000075426 in H. sapiens (identity = 95%),"frozenset({'top50', 'activating', 'mm10_500bp_up_100bp_down_full_tx_v10_clust.genes_vs_motifs.rankings'})","[('Tbc1d8', 12.493014188570784), ('Mcub', 30.15857035938771), ('Hopx', 5.466453842485883), ('Fosl2', 1.0), ('Mgat5', 8.799710289387068), ('Kdelr2', 7.065876342315375), ('Fn1', 3.818034503105188), ('Rmnd5a', 5.026855824218955)]",987
Fosl2,tfdimers__MD00050,0.118521526,3.470212859,3.47E-08,0.95092,motif similar to tfdimers__MD00314 ('M01250_forward_6_M00925_forward dimer: E2F1 / AP-1'; q-value = 3.47e-08) which is annotated for orthologous gene ENSG00000075426 in H. sapiens (identity = 95%),"frozenset({'top50', 'activating', 'mm10_500bp_up_100bp_down_full_tx_v10_clust.genes_vs_motifs.rankings'})","[('Rhoh', 9.810893976466897), ('Kdelr2', 7.065876342315375), ('Rmnd5a', 5.026855824218955), ('Mmgt1', 3.75884940096932), ('Fosl2', 1.0), ('Hopx', 5.466453842485883), ('Cd44', 21.60603432815128), ('Fn1', 3.818034503105188), ('Plekhf2', 4.692501309825757), ('Glis1', 3.533807212202948)]",1298
Fosl2,tfdimers__MD00420,0.111272207,3.171109514,8.43E-09,0.95092,motif similar to tfdimers__MD00314 ('M01250_forward_6_M00925_forward dimer: E2F1 / AP-1'; q-value = 8.43e-09) which is annotated for orthologous gene ENSG00000075426 in H. sapiens (identity = 95%),"frozenset({'top50', 'activating', 'mm10_500bp_up_100bp_down_full_tx_v10_clust.genes_vs_motifs.rankings'})","[('Hopx', 5.466453842485883), ('Fn1', 3.818034503105188), ('Cd44', 21.60603432815128), ('Rhoh', 9.810893976466897), ('Kdelr2', 7.065876342315375), ('Plekhf2', 4.692501309825757), ('Mcub', 30.15857035938771), ('Serp1', 3.642135127263863)]",482
Fosl2,tfdimers__MD00079,0.113186027,3.250072797,4.18E-09,0.95092,motif similar to tfdimers__MD00098 ('M01665_forward_9_M00925_forward dimer: IRF-8 / AP-1'; q-value = 4.18e-09) which is annotated for orthologous gene ENSG00000075426 in H. sapiens (identity = 95%),"frozenset({'top50', 'activating', 'mm10_500bp_up_100bp_down_full_tx_v10_clust.genes_vs_motifs.rankings'})","[('Atp8b4', 4.049817581983834), ('Gbp2', 5.713200581801301), ('Ddi2', 4.334312067604486), ('Vamp1', 5.534092167314528), ('Rmnd5a', 5.026855824218955)]",278
Foxj2,jaspar__MA1483.2,0.086914497,3.207911103,6.64E-06,0.902439,motif similar to jaspar__MA1952.1 ('FOXJ2::ELF1'; q-value = 6.64e-06) which is annotated for orthologous gene ENSG00000065970 in H. sapiens (identity = 90%),"frozenset({'top50', 'activating', 'mm10_500bp_up_100bp_down_full_tx_v10_clust.genes_vs_motifs.rankings'})","[('Rapsn', 1.5904167783689895), ('Sdhb', 2.042328882079061), ('Ptgs1', 1.6212824509435038), ('Spsb2', 2.451175979061039), ('Tmem9', 7.576197310689707), ('Lrrc4c', 2.3366871910689), ('Chrng', 1.764213028285682)]",878
Foxj2,jaspar__MA1952.1,0.124378975,5.190299558,0,0.916814,gene is orthologous to ENSG00000065970 in H. sapiens (identity = 91%) which is directly annotated for motif,"frozenset({'top50', 'activating', 'mm10_500bp_up_100bp_down_full_tx_v10_clust.genes_vs_motifs.rankings'})","[('Hyi', 2.9565273859531254), ('Tomm40l', 2.336005042531426), ('Psmg3', 2.3848941989014136), ('Elf3', 2.417695808705428), ('Cited4', 6.746376501069795), ('Bach2os', 2.728879185743515)]",832
Gabpb1,tfdimers__MD00541,0.119295258,3.798526387,1.66E-09,0.981723,motif similar to tfdimers__MD00104 ('M00971_forward_8_M01308_reverse dimer: Ets / SOX4'; q-value = 1.66e-09) which is annotated for orthologous gene ENSG00000104064 in H. sapiens (identity = 98%),"frozenset({'top50', 'activating', 'mm10_500bp_up_100bp_down_full_tx_v10_clust.genes_vs_motifs.rankings'})","[('Bcl2l1', 2.44815623955623), ('Rabepk', 2.580848944682709), ('Gabpb1', 1.0), ('Itgb6', 2.0401929593000294), ('Gyg', 2.224247695445309), ('Fam135a', 2.3227957287405925), ('Veph1', 3.022465194156274), ('Bcl2', 1.8363306055412585)]",923
Gata2,transfac_pro__M01207,0.096910502,3.269081975,8.82E-06,0.979167,gene is orthologous to ENSG00000179348 in H. sapiens (identity = 97%) which is annotated for similar motif tfdimers__MD00562 ('M00025_forward_24_M00789_forward dimer: Elk-1 / GATA'; q-value = 8.82e-06),"frozenset({'top50', 'activating', 'mm10_500bp_up_100bp_down_full_tx_v10_clust.genes_vs_motifs.rankings'})","[('Vim', 9.822416847162398), ('Polr2j', 3.806319378593935), ('Mecom', 2.799955967430369), ('Pea15a', 1.9490921212894765), ('Tie1', 2.953872528521281), ('Pkp4', 4.785499551158444), ('Cytl1', 6.448964735358212), ('Fgd5', 5.653070915974936), ('Emilin1', 15.103782007436456), ('Ptgis', 3.539578760022998), ('Bmx', 5.983340052770537), ('Selp', 2.1846653923825614), ('Gbp5', 3.1863351536795226), ('Lmo2', 6.516651884040425), ('Tinagl1', 2.623745563570302), ('Gata2', 1.0), ('Sox18', 9.323067777623136), ('Tal1', 3.5686563540347094), ('Eln', 13.172869526609494), ('Cst3', 17.454988362674623)]",4339
Gata2,metacluster_167.5,0.096720006,3.259867596,2.13E-09,0.979167,gene is orthologous to ENSG00000179348 in H. sapiens (identity = 97%) which is annotated for similar motif tfdimers__MD00562 ('M00025_forward_24_M00789_forward dimer: Elk-1 / GATA'; q-value = 2.13e-09),"frozenset({'top50', 'activating', 'mm10_500bp_up_100bp_down_full_tx_v10_clust.genes_vs_motifs.rankings'})","[('Cst3', 17.454988362674623), ('Mecom', 2.799955967430369), ('Gja5', 36.32616895043381), ('Pea15a', 1.9490921212894765), ('Kank4', 1.3165452152644097), ('Gbp3', 1.829943971378803), ('Emilin1', 15.103782007436456), ('Fgd5', 5.653070915974936), ('Tinagl1', 2.623745563570302), ('Lmo2', 6.516651884040425), ('Gbp5', 3.1863351536795226)]",779
Gfi1b,tfdimers__MD00012,0.101919115,3.792401305,5.11E-06,0.851515,motif similar to tfdimers__MD00052 ('M01067_forward_7_M01894_forward dimer: Gfi1 / YY1'; q-value = 5.11e-06) which is annotated for orthologous gene ENSG00000165702 in H. sapiens (identity = 85%),"frozenset({'top50', 'activating', 'mm10_500bp_up_100bp_down_full_tx_v10_clust.genes_vs_motifs.rankings'})","[('Fcrls', 0.9501968465060644), ('Zfp691', 1.4245422812230946), ('Col20a1', 1.1339911240572986), ('5031425F14Rik', 3.348627475479069), ('Elovl1', 1.8703998767854848), ('Elf4', 2.0073220438735278), ('Pilra', 1.4619756652262097)]",1080
Hdx,tfdimers__MD00563,0.096222407,3.318890723,1.20E-06,0.905797,motif similar to tfdimers__MD00566 ('M00377_forward_5_M01333_forward dimer: Pax-4 / Hdx'; q-value = 1.2e-06) which is annotated for orthologous gene ENSG00000165259 in H. sapiens (identity = 90%),"frozenset({'top50', 'activating', 'mm10_500bp_up_100bp_down_full_tx_v10_clust.genes_vs_motifs.rankings'})","[('Postn', 7.061317186885663), ('Spon2', 2.28333399124882), ('Lhx6', 2.308275138083804), ('Tspan5', 2.919539993668113), ('Shroom4', 3.1238766266824145), ('Tes', 2.689945672598278), ('Trpv6', 2.800291363724729)]",604
Hdx,tfdimers__MD00159,0.095742126,3.295256304,2.26E-07,0.903179,gene is orthologous to ENSG00000165259 in H. sapiens (identity = 90%) which is annotated for similar motif tfdimers__MD00566 ('M00377_forward_5_M01333_forward dimer: Pax-4 / Hdx'; q-value = 2.26e-07),"frozenset({'top50', 'activating', 'mm10_500bp_up_100bp_down_full_tx_v10_clust.genes_vs_motifs.rankings'})","[('Tes', 2.689945672598278), ('Postn', 7.061317186885663), ('Dpt', 2.576507902971419), ('Gpr176', 2.671941955428445), ('Fam114a1', 5.624156171993046), ('Msl3', 2.9803075831113293)]",622
Ikzf2,tfdimers__MD00029,0.094604758,3.313710519,0,0.979087,motif is annotated for orthologous gene ENSG00000030419 in H. sapiens (identity = 97%),"frozenset({'top50', 'activating', 'mm10_500bp_up_100bp_down_full_tx_v10_clust.genes_vs_motifs.rankings'})","[('Cd101', 4.779784638784434), ('Lef1', 7.278335712908577), ('Rorc', 3.9453180592484274), ('Ikzf2', 1.0), ('Mrrf', 3.397441081789576)]",287
Irf6,tfdimers__MD00338,0.090299613,3.026425683,7.25E-06,0.976445,gene is orthologous to ENSG00000117595 in H. sapiens (identity = 97%) which is annotated for similar motif tfdimers__MD00527 ('M00415_forward_4_M00772_forward dimer: AREB6 / IRF'; q-value = 7.25e-06),"frozenset({'top50', 'activating', 'mm10_500bp_up_100bp_down_full_tx_v10_clust.genes_vs_motifs.rankings'})","[('Gm15867', 5.506733799572131), ('Tm4sf1', 5.188740006921808), ('Cda', 3.24835565037822), ('Vtcn1', 8.888402284649423), ('2900026A02Rik', 4.53423352505648), ('Nipal3', 3.763991866796348), ('Irf6', 1.0), ('Clstn1', 4.361871192327189), ('Eya2', 3.324686700945362)]",1198
Jun,transfac_pro__M02279,0.110486196,3.588425258,2.79E-06,0.964072,gene is orthologous to ENSG00000177606 in H. sapiens (identity = 96%) which is annotated for similar motif jaspar__MA1126.1 ('FOS::JUN'; q-value = 2.79e-06),"frozenset({'top50', 'activating', 'mm10_500bp_up_100bp_down_full_tx_v10_clust.genes_vs_motifs.rankings'})","[('Skil', 5.665553837269498), ('Arl5b', 5.032532534467857), ('Ptgs2', 11.345493075497483), ('Taf1', 3.1001275309963643), ('Btg2', 14.398636003702116), ('Arpc5', 5.475271819605385), ('Rab25', 3.398343831683698), ('Mepce', 4.7102581388782365), ('Jun', 1.0), ('Areg', 5.478366103681081), ('Fahd2a', 3.760383763640504), ('Eif4e', 3.35053756262162), ('Hmgb1', 3.234417959381058), ('Atp1a1', 3.600946796670315)]",2095
Jun,metacluster_111.3,0.100369643,3.129816476,2.38E-07,0.964072,gene is orthologous to ENSG00000177606 in H. sapiens (identity = 96%) which is annotated for similar motif jaspar__MA1126.1 ('FOS::JUN'; q-value = 2.38e-07),"frozenset({'top50', 'activating', 'mm10_500bp_up_100bp_down_full_tx_v10_clust.genes_vs_motifs.rankings'})","[('Aif1l', 4.582956892646752), ('Jun', 1.0), ('Rpl7a', 2.827247843363338), ('Rraga', 3.2628798720660965), ('Mepce', 4.7102581388782365), ('Tiparp', 5.640229410735592), ('Areg', 5.478366103681081), ('Dstn', 2.8990087341278654)]",801
Jun,tfdimers__MD00298,0.099396898,3.085719478,9.56E-08,0.97281,motif similar to tfdimers__MD00353 ('M01308_reverse_7_M00924_forward dimer: SOX4 / AP-1'; q-value = 9.56e-08) which is annotated for orthologous gene ENSG00000177606 in H. sapiens (identity = 97%),"frozenset({'top50', 'activating', 'mm10_500bp_up_100bp_down_full_tx_v10_clust.genes_vs_motifs.rankings'})","[('Rgs2', 9.614500818732852), ('Cldn4', 3.3887486964102207), ('Btg2', 14.398636003702116), ('Rnf19b', 6.8055338748665815), ('Klf4', 9.625649455076143), ('Jun', 1.0), ('Cacybp', 6.920107172485578), ('Dstn', 2.8990087341278654), ('Arpc5', 5.475271819605385), ('Arl5b', 5.032532534467857), ('Taf1', 3.1001275309963643), ('Tnfrsf1a', 3.109619509974671), ('Eif4e', 3.35053756262162), ('Areg', 5.478366103681081)]",2389
Jun,metacluster_111.4,0.113174511,3.710293326,0,0.97281,motif is annotated for orthologous gene ENSG00000177606 in H. sapiens (identity = 97%),"frozenset({'top50', 'activating', 'mm10_500bp_up_100bp_down_full_tx_v10_clust.genes_vs_motifs.rankings'})","[('Arl5b', 5.032532534467857), ('Ptgs2os', 4.040071331670303), ('Unc119b', 3.2432925933947843), ('Ptgs2', 11.345493075497483), ('Slc25a5', 2.967800066662227), ('Sema4c', 3.495270249051039), ('Dstn', 2.8990087341278654), ('Areg', 5.478366103681081), ('Taf1', 3.1001275309963643)]",478
Jun,metacluster_148.1,0.118303532,3.942804771,0,0.97281,motif is annotated for orthologous gene ENSG00000177606 in H. sapiens (identity = 97%),"frozenset({'top50', 'activating', 'mm10_500bp_up_100bp_down_full_tx_v10_clust.genes_vs_motifs.rankings'})","[('Arl5b', 5.032532534467857), ('Hmgb1', 3.234417959381058), ('Slc25a5', 2.967800066662227), ('Klf4', 9.625649455076143), ('Mepce', 4.7102581388782365), ('Areg', 5.478366103681081)]",416
Jun,metacluster_180.3,0.108929803,3.517870061,0,0.97281,motif is annotated for orthologous gene ENSG00000177606 in H. sapiens (identity = 97%),"frozenset({'top50', 'activating', 'mm10_500bp_up_100bp_down_full_tx_v10_clust.genes_vs_motifs.rankings'})","[('Txn1', 2.9295939850393937), ('Mepce', 4.7102581388782365), ('Clic4', 3.241934848300212), ('Mfsd14a', 3.229254240155411), ('Cacybp', 6.920107172485578), ('Taf1', 3.1001275309963643), ('Ier5', 4.952247985988927), ('Rgs2', 9.614500818732852), ('Rnf19b', 6.8055338748665815), ('Btg2', 14.398636003702116), ('Dstn', 2.8990087341278654), ('Aif1l', 4.582956892646752), ('Sema4c', 3.495270249051039)]",1850
Jun,taipale_tf_pairs__JUN_ATGACGTCAT_HT,0.099998231,3.11297944,0,0.97281,motif is annotated for orthologous gene ENSG00000177606 in H. sapiens (identity = 97%),"frozenset({'top50', 'activating', 'mm10_500bp_up_100bp_down_full_tx_v10_clust.genes_vs_motifs.rankings'})","[('Skil', 5.665553837269498), ('Arl5b', 5.032532534467857), ('Btg2', 14.398636003702116), ('Areg', 5.478366103681081), ('Fahd2a', 3.760383763640504), ('Rab25', 3.398343831683698), ('Mepce', 4.7102581388782365), ('Jun', 1.0), ('Ptgs2', 11.345493075497483), ('Hmgb1', 3.234417959381058), ('Taf1', 3.1001275309963643), ('Klhl9', 4.932038861926994), ('Rgs2', 9.614500818732852), ('Klf4', 9.625649455076143), ('Mfsd14a', 3.229254240155411), ('Mir703', 6.916029338564535), ('Atp1a1', 3.600946796670315), ('Clic4', 3.241934848300212)]",3858
Jun,transfac_public__M00041,0.09824729,3.033604844,0,1,gene is directly annotated,"frozenset({'top50', 'activating', 'mm10_500bp_up_100bp_down_full_tx_v10_clust.genes_vs_motifs.rankings'})","[('Btg2', 14.398636003702116), ('Jun', 1.0), ('Skil', 5.665553837269498), ('Arl5b', 5.032532534467857), ('Fahd2a', 3.760383763640504)]",279
Lef1,transfac_pro__M00805,0.108270989,3.89080142,0,1,gene is directly annotated,"frozenset({'top50', 'activating', 'mm10_500bp_up_100bp_down_full_tx_v10_clust.genes_vs_motifs.rankings'})","[('Gimap8', 17.957843421031736), ('Cd28', 8.559254719813527), ('Slc20a1', 5.150874875189332), ('Lax1', 7.440897990148781), ('Mal', 4.683723152078378), ('Stat4', 7.046780257666323), ('Slamf6', 7.510304128558302), ('Sh2d1a', 4.8383012135945815)]",720
Mafb,cisbp__M00126,0.092778258,3.390835729,0,1,gene is directly annotated,"frozenset({'top50', 'activating', 'mm10_500bp_up_100bp_down_full_tx_v10_clust.genes_vs_motifs.rankings'})","[('C1qa', 48.00600884274711), ('Atp6ap2', 12.219639127867945), ('Ccl24', 33.69536239393221), ('Fcna', 21.96230651298466), ('S100a4', 29.897157772842), ('B2m', 15.747146317892836), ('Mfsd1', 14.802015094558255)]",918
Mybl1,metacluster_113.5,0.100015114,3.719205756,8.53E-06,0.924202,motif similar to swissregulon__hs__MYBL1 ('hs__MYBL1'; q-value = 8.53e-06) which is annotated for orthologous gene ENSG00000185697 in H. sapiens (identity = 92%),"frozenset({'top50', 'activating', 'mm10_500bp_up_100bp_down_full_tx_v10_clust.genes_vs_motifs.rankings'})","[('Hjurp', 9.49587170574705), ('Mms22l', 4.502563080588176), ('Plekha3', 2.589030920509321), ('Ect2', 8.332621461780196), ('Igf2bp3', 2.16079638250312), ('Oscp1', 2.4094618904334366)]",883
Mybl1,metacluster_113.4,0.086979521,3.070262288,0,1,gene is directly annotated,"frozenset({'top50', 'activating', 'mm10_500bp_up_100bp_down_full_tx_v10_clust.genes_vs_motifs.rankings'})","[('Hjurp', 9.49587170574705), ('Mms22l', 4.502563080588176), ('Kntc1', 2.4968064885540584), ('Pola1', 6.143527693964044), ('Tpx2', 2.7797058635709537), ('Utp14a', 3.2531375180573345), ('Ncapg', 2.078438165689382), ('Oscp1', 2.4094618904334366)]",917
Nfatc2,tfdimers__MD00012,0.136898495,5.187612732,7.44E-06,0.889251,motif similar to tfdimers__MD00050 ('M01721_forward_6_M01281_forward dimer: PUR1 / NFAT1'; q-value = 7.44e-06) which is annotated for orthologous gene ENSG00000101096 in H. sapiens (identity = 88%),"frozenset({'top50', 'activating', 'mm10_500bp_up_100bp_down_full_tx_v10_clust.genes_vs_motifs.rankings'})","[('Serpinb8', 15.520378521575326), ('Sema4a', 15.719081355225155), ('Ncf1', 13.93824218446624), ('Clec4a1', 19.73457028469736), ('Stard8', 26.222409235801795), ('Cd163', 15.431767254417847), ('Frmd4b', 30.319991770757092)]",587
Nfatc2,tfdimers__MD00018,0.153874573,6.002122905,2.87E-06,0.889251,motif similar to tfdimers__MD00050 ('M01721_forward_6_M01281_forward dimer: PUR1 / NFAT1'; q-value = 2.87e-06) which is annotated for orthologous gene ENSG00000101096 in H. sapiens (identity = 88%),"frozenset({'top50', 'activating', 'mm10_500bp_up_100bp_down_full_tx_v10_clust.genes_vs_motifs.rankings'})","[('Crybb1', 19.519147168267533), ('Bank1', 21.62170259099316), ('Sema4a', 15.719081355225155), ('Siglec1', 26.693000637119383), ('Fcgr2b', 24.096366284853502), ('Stard8', 26.222409235801795), ('Kcnab2', 20.29973033244977), ('Oas3', 19.555461995567192), ('Cd163', 15.431767254417847), ('Serpinb8', 15.520378521575326), ('Nfatc2', 1.0), ('Frmd4b', 30.319991770757092), ('Inpp4a', 15.853319920390453)]",1519
Nfatc2,tfdimers__MD00398,0.119128106,4.334991636,2.56E-06,0.889251,motif similar to tfdimers__MD00050 ('M01721_forward_6_M01281_forward dimer: PUR1 / NFAT1'; q-value = 2.56e-06) which is annotated for orthologous gene ENSG00000101096 in H. sapiens (identity = 88%),"frozenset({'top50', 'activating', 'mm10_500bp_up_100bp_down_full_tx_v10_clust.genes_vs_motifs.rankings'})","[('Inpp4a', 15.853319920390453), ('Siglec1', 26.693000637119383), ('Aff3', 24.11956748068337), ('Serpinb8', 15.520378521575326), ('Sema4a', 15.719081355225155), ('Alox5ap', 15.18527914079858), ('Snx8', 18.189072769961747), ('Stk17b', 16.822133566276722), ('Slc16a14', 14.64984160832812), ('Vsig4', 13.528674988148117)]",1185
Nfatc2,metacluster_167.5,0.193663988,7.911214215,1.01E-06,0.889251,motif similar to tfdimers__MD00050 ('M01721_forward_6_M01281_forward dimer: PUR1 / NFAT1'; q-value = 1.01e-06) which is annotated for orthologous gene ENSG00000101096 in H. sapiens (identity = 88%),"frozenset({'top50', 'activating', 'mm10_500bp_up_100bp_down_full_tx_v10_clust.genes_vs_motifs.rankings'})","[('Kcnab2', 20.29973033244977), ('Snx8', 18.189072769961747), ('Tnfrsf25', 19.395439977901823), ('Spi1', 17.681238527835013), ('Plekhg5', 20.84697320504123), ('Pid1', 14.616022473547195)]",320
Nfe2l2,tfdimers__MD00422,0.103204951,3.676716744,3.06E-07,0.809917,motif similar to tfdimers__MD00530 ('M00983_forward_1_M00192_forward dimer: MAF / GR'; q-value = 3.06e-07) which is annotated for orthologous gene ENSG00000116044 in H. sapiens (identity = 80%),"frozenset({'top50', 'activating', 'mm10_500bp_up_100bp_down_full_tx_v10_clust.genes_vs_motifs.rankings'})","[('Rasgef1b', 10.905450949171769), ('Usp12', 11.261643899815768), ('Gna12', 20.568970350393084), ('Ptgs1', 25.37459435478412), ('Cttnbp2nl', 10.114980477514075), ('Adam22', 17.520429160986346)]",524
Nfe2l3,tfdimers__MD00359,0.120667324,3.443466936,2.13E-06,0.672911,motif similar to tfdimers__MD00238 ('M01250_forward_3_M00983_forward dimer: E2F1 / MAF'; q-value = 2.13e-06) which is annotated for orthologous gene ENSG00000050344 in H. sapiens (identity = 67%),"frozenset({'top50', 'activating', 'mm10_500bp_up_100bp_down_full_tx_v10_clust.genes_vs_motifs.rankings'})","[('Abtb2', 28.222363493432383), ('Bcl2l1', 3.712577363942189), ('Shroom3', 9.200433259908722), ('Bend7', 3.4046813485311738), ('Shroom4', 4.468926836294794), ('Rassf5', 5.535506671098039), ('Btbd3', 5.29599210209979), ('Nckap5', 7.3032606112838545), ('Ttpa', 10.11272408775926), ('Stk39', 5.173957776587671)]",1069
Nfia,metacluster_141.6,0.123131887,3.968310631,1.71E-06,0.992141,motif similar to tfdimers__MD00564 ('M00193_forward_9_M01035_forward dimer: NF-1 / YY1'; q-value = 1.71e-06) which is annotated for orthologous gene ENSG00000162599 in H. sapiens (identity = 99%),"frozenset({'top50', 'activating', 'mm10_500bp_up_100bp_down_full_tx_v10_clust.genes_vs_motifs.rankings'})","[('Zranb2', 48.88489112638087), ('Hibadh', 50.803667162390255), ('Caprin1', 57.04056196494562), ('Tor1aip1', 42.47778449623124), ('Nfia', 1.0), ('Acbd5', 47.316636218410615), ('Cux1', 42.49002188288373), ('Ubr3', 51.744904457095885), ('Chd7', 46.258409778261566), ('Atrn', 43.07109434841317), ('Negr1', 57.78004464324749), ('Sox5', 46.2910568595819), ('9530026P05Rik', 45.44470499124007), ('Lrig1', 45.107077937657486), ('Ttc17', 45.11662520317137), ('Gpd2', 46.19530326515839), ('Ralgapa2', 79.05888679150198), ('Nbeal1', 45.35717692180037), ('Pde1a', 54.66149327976881), ('Baz1b', 46.49917274463291), ('Sh3glb1', 47.01197974496528)]",3722
Nfia,metacluster_141.5,0.116764826,3.683130141,4.70E-08,0.992141,motif similar to tfdimers__MD00564 ('M00193_forward_9_M01035_forward dimer: NF-1 / YY1'; q-value = 4.7e-08) which is annotated for orthologous gene ENSG00000162599 in H. sapiens (identity = 99%),"frozenset({'top50', 'activating', 'mm10_500bp_up_100bp_down_full_tx_v10_clust.genes_vs_motifs.rankings'})","[('Dido1', 55.88480675194268), ('Ubr3', 51.744904457095885), ('Baz1b', 46.49917274463291), ('Cux1', 42.49002188288373), ('Ppp2r5a', 58.56031797494775), ('Nfyc', 50.78460403429316), ('Snhg11', 42.22664970732188)]",463
Nfkb1,transfac_pro__M01239,0.110054322,3.262219032,3.97E-06,1,gene is annotated for similar motif swissregulon__mm__Nfkb1 ('mm__Nfkb1'; q-value = 3.97e-06),"frozenset({'top50', 'activating', 'mm10_500bp_up_100bp_down_full_tx_v10_clust.genes_vs_motifs.rankings'})","[('Itgav', 4.288863635272343), ('A430005L14Rik', 4.84572468518093), ('Adgrl3', 7.485494947868392), ('Nsmaf', 4.172861426419045), ('Tnik', 3.9094603152320766)]",249
Nfkb1,homer__GGGGGAATCCCC_NFkB-p50_p52,0.119604091,3.683389777,0,0.869969,motif is annotated for orthologous gene ENSG00000109320 in H. sapiens (identity = 86%),"frozenset({'top50', 'activating', 'mm10_500bp_up_100bp_down_full_tx_v10_clust.genes_vs_motifs.rankings'})","[('Lamtor3', 4.477895218333576), ('Tnik', 3.9094603152320766), ('A430005L14Rik', 4.84572468518093), ('Nsmaf', 4.172861426419045), ('Rc3h2', 3.967512270784938), ('Pde4b', 8.958472911362199), ('Itgav', 4.288863635272343), ('Tank', 8.551821114924527), ('Adgrl3', 7.485494947868392), ('Ptpn3', 4.384407378679966), ('Nfkb1', 1.0), ('Hltf', 10.458362123874752), ('Frmd4a', 10.85206308072719), ('Arl5b', 4.717140943437926), ('Fam114a1', 4.381185655930598), ('Myl9', 7.967397439737725), ('Ube2f', 6.077882224882936)]",3505
Nfkb1,metacluster_5.1,0.116105086,3.529074181,0,1,gene is directly annotated,"frozenset({'top50', 'activating', 'mm10_500bp_up_100bp_down_full_tx_v10_clust.genes_vs_motifs.rankings'})","[('Fam114a1', 4.381185655930598), ('Nsmaf', 4.172861426419045), ('Rnpep', 4.298318588316583), ('Hltf', 10.458362123874752), ('Itgav', 4.288863635272343), ('Car8', 4.367101860231155), ('Ube2f', 6.077882224882936)]",473
Pbx1,metacluster_4.4,0.126452576,3.071554731,1.90E-06,1,motif similar to tfdimers__MD00502 ('M01017_forward_4_M00410_forward dimer: Pbx-1 / SOX9'; q-value = 1.9e-06) which is annotated for orthologous gene ENSG00000185630 in H. sapiens (identity = 100%),"frozenset({'top50', 'activating', 'mm10_500bp_up_100bp_down_full_tx_v10_clust.genes_vs_motifs.rankings'})","[('Map4k4', 46.07351625444269), ('Dock7', 42.51669719681414), ('Pigv', 27.66252564400928), ('Prickle2', 29.07537860678725), ('Phlpp1', 33.3164979221154), ('Dnajc1', 26.17894165252603), ('Dync1i2', 27.8495702444391), ('Mllt3', 35.6376769196765), ('Nfkb1', 38.09647494956256), ('Cdc42bpa', 31.09986519244349), ('Yes1', 28.066274157523637), ('Rbms1', 43.180470806676645), ('Ptbp2', 29.93570858407896), ('Slc44a1', 31.57931684722989), ('Pkia', 30.842905383836687), ('Srsf6', 31.531106952758595), ('Auts2', 103.14138369859324), ('Kirrel', 42.93449186524572), ('Agap1', 28.40383310716679), ('Apbb2', 27.61338104498992), ('Bmpr2', 35.06296339843869), ('Rabgap1l', 29.347804828872142), ('Pdgfc', 27.98139015272775), ('Med13l', 34.37920360804586), ('Nfib', 51.6086877528136), ('Tshz2', 34.822102577701074), ('Pkd2', 29.16626293863717), ('Zfp462', 29.782945493804483), ('Nbea', 27.904233777659147)]",4139
Pbx1,tfdimers__MD00383,0.129031164,3.164308731,1.13E-07,1,gene is orthologous to ENSG00000185630 in H. sapiens (identity = 100%) which is annotated for similar motif tfdimers__MD00308 ('M01307_forward_5_M01017_forward dimer: POU5F1 / Pbx-1'; q-value = 1.13e-07),"frozenset({'top50', 'activating', 'mm10_500bp_up_100bp_down_full_tx_v10_clust.genes_vs_motifs.rankings'})","[('Dync1i2', 27.8495702444391), ('Rbms1', 43.180470806676645), ('Mllt3', 35.6376769196765), ('Med13l', 34.37920360804586), ('Srsf6', 31.531106952758595), ('Prickle2', 29.07537860678725), ('Slc44a1', 31.57931684722989)]",427
Pou3f2,tfdimers__MD00488,0.094404141,3.071561563,1.13E-06,0.995506,gene is orthologous to ENSG00000184486 in H. sapiens (identity = 99%) which is annotated for similar motif tfdimers__MD00415 ('M00145_forward_9_M01255_forward dimer: Brn-2 / IPF1'; q-value = 1.13e-06),"frozenset({'top50', 'activating', 'mm10_500bp_up_100bp_down_full_tx_v10_clust.genes_vs_motifs.rankings'})","[('Secisbp2l', 1.7392071339386292), ('Arhgap11a', 11.999927356786568), ('Mtif3', 4.517891784082245), ('Pou3f2', 1.0), ('Fmn2', 7.983634662608256)]",411
Sp3,tfdimers__MD00154,0.118484277,3.547923948,4.97E-08,0.96424,gene is orthologous to ENSG00000172845 in H. sapiens (identity = 96%) which is annotated for similar motif tfdimers__MD00569 ('M00932_forward_10_M00716_forward dimer: Sp1 / ZF5'; q-value = 4.97e-08),"frozenset({'top50', 'activating', 'mm10_500bp_up_100bp_down_full_tx_v10_clust.genes_vs_motifs.rankings'})","[('Tmco4', 4.1124929138619954), ('Evi5', 3.070765109093033), ('Zfp384', 3.605810182947521), ('Eya1', 3.3455431148441983), ('Rap1a', 3.53599691332888), ('Cit', 3.7153212339577455), ('Bard1', 3.260242849126579), ('Zfp316', 3.73223300787304), ('Gripap1', 3.221038715035996)]",833
Sp3,transfac_pro__M01219,0.117166434,3.492658227,0,1,gene is directly annotated,"frozenset({'top50', 'activating', 'mm10_500bp_up_100bp_down_full_tx_v10_clust.genes_vs_motifs.rankings'})","[('Zcchc8', 3.1084931207499644), ('Pdik1l', 3.601713313565091), ('Sp3', 1.0), ('Nudt2', 3.548698626593298), ('Hnrnpd', 4.144188997045212), ('Eif2ak3', 5.7940082186722215)]",513
Stat1,tfdimers__MD00182,0.09269462,3.324576074,5.28E-06,0.928477,gene is orthologous to ENSG00000115415 in H. sapiens (identity = 92%) which is annotated for similar motif tfdimers__MD00290 ('M00492_forward_-4_M00192_forward dimer: STAT1 / GR'; q-value = 5.28e-06),"frozenset({'top50', 'activating', 'mm10_500bp_up_100bp_down_full_tx_v10_clust.genes_vs_motifs.rankings'})","[('Csn3', 3.4802293452895023), ('Sp100', 8.635713885711947), ('Fzd5', 2.6295607147792284), ('Gm7609', 2.917877653430136)]",294
Stat1,transfac_pro__M07323,0.091689381,3.275184388,4.61E-06,0.928477,gene is orthologous to ENSG00000115415 in H. sapiens (identity = 92%) which is annotated for similar motif hocomoco__STAT1_HUMAN.H11MO.1.A ('STAT1_HUMAN'; q-value = 4.61e-06),"frozenset({'top50', 'activating', 'mm10_500bp_up_100bp_down_full_tx_v10_clust.genes_vs_motifs.rankings'})","[('Csn3', 3.4802293452895023), ('Tex38', 4.210701523257315), ('Sycp2', 5.112558037357891), ('Fzd5', 2.6295607147792284), ('E130114P18Rik', 2.9005649485011027), ('Actb', 3.1060211023180715), ('Ogfrl1', 7.484742850481676), ('Gbp6', 9.162944431902494), ('Commd9', 5.523099857264446)]",1451
Stat1,tfdimers__MD00208,0.096812233,3.526892015,3.45E-06,0.928477,gene is orthologous to ENSG00000115415 in H. sapiens (identity = 92%) which is annotated for similar motif hocomoco__STAT1_HUMAN.H11MO.1.A ('STAT1_HUMAN'; q-value = 3.45e-06),"frozenset({'top50', 'activating', 'mm10_500bp_up_100bp_down_full_tx_v10_clust.genes_vs_motifs.rankings'})","[('Tmem29', 3.753591628186682), ('Gm7609', 2.917877653430136), ('Gbp6', 9.162944431902494), ('Gbp4', 3.1437072427792114), ('Gbp3', 19.31821510576853), ('Helz2', 2.481597075528763), ('Sp100', 8.635713885711947), ('Ngef', 2.7025917399328527)]",542
Stat1,tfdimers__MD00031,0.099479982,3.657969949,2.50E-06,0.928477,gene is orthologous to ENSG00000115415 in H. sapiens (identity = 92%) which is annotated for similar motif tfdimers__MD00336 ('M01665_forward_7_M01823_reverse dimer: IRF-8 / STAT1'; q-value = 2.5e-06),"frozenset({'top50', 'activating', 'mm10_500bp_up_100bp_down_full_tx_v10_clust.genes_vs_motifs.rankings'})","[('Gbp6', 9.162944431902494), ('Gbp4', 3.1437072427792114), ('Gbp3', 19.31821510576853), ('Helz2', 2.481597075528763), ('B2m', 4.3492506930314745), ('Sycp2', 5.112558037357891), ('Tmem29', 3.753591628186682), ('Gbp2', 10.638814855575248), ('Tex38', 4.210701523257315), ('Snhg8', 2.6396227078596817), ('Gas5', 2.5849884865314827), ('Fzd5', 2.6295607147792284), ('Mitd1', 3.0104863809292515), ('Sp100', 8.635713885711947), ('Gm7609', 2.917877653430136)]",3091
Stat1,tfdimers__MD00138,0.110846914,4.216475929,1.28E-06,0.928477,gene is orthologous to ENSG00000115415 in H. sapiens (identity = 92%) which is annotated for similar motif hocomoco__STAT1_HUMAN.H11MO.1.A ('STAT1_HUMAN'; q-value = 1.28e-06),"frozenset({'top50', 'activating', 'mm10_500bp_up_100bp_down_full_tx_v10_clust.genes_vs_motifs.rankings'})","[('Csn3', 3.4802293452895023), ('Fzd5', 2.6295607147792284), ('Tex38', 4.210701523257315), ('Sp100', 8.635713885711947)]",326
Stat1,tfdimers__MD00026,0.156875254,6.47804521,5.91E-07,0.934667,motif similar to transfac_public__M00258 ('V$ISRE_01: ISGF-3'; q-value = 5.91e-07) which is annotated for orthologous gene ENSG00000115415 in H. sapiens (identity = 93%),"frozenset({'top50', 'activating', 'mm10_500bp_up_100bp_down_full_tx_v10_clust.genes_vs_motifs.rankings'})","[('Tmem29', 3.753591628186682), ('Ngef', 2.7025917399328527), ('Gm7609', 2.917877653430136), ('Sp100', 8.635713885711947), ('Gbp3', 19.31821510576853), ('Acads', 2.6220899953808328), ('Pinc', 22.957682946963256), ('Cebpb', 2.814256734196319), ('Commd9', 5.523099857264446)]",1300
Stat1,tfdimers__MD00342,0.092926598,3.335974155,4.70E-07,0.928477,gene is orthologous to ENSG00000115415 in H. sapiens (identity = 92%) which is annotated for similar motif tfdimers__MD00263 ('M00492_forward_5_M01594_forward dimer: STAT1 / TCF-3'; q-value = 4.7e-07),"frozenset({'top50', 'activating', 'mm10_500bp_up_100bp_down_full_tx_v10_clust.genes_vs_motifs.rankings'})","[('Actb', 3.1060211023180715), ('Snhg8', 2.6396227078596817), ('B2m', 4.3492506930314745), ('Gas5', 2.5849884865314827), ('D530049I02Rik', 7.10492341398775), ('Cebpb', 2.814256734196319)]",718
Stat1,tfdimers__MD00527,0.089485588,3.166902617,1.47E-07,0.928477,gene is orthologous to ENSG00000115415 in H. sapiens (identity = 92%) which is annotated for similar motif hocomoco__STAT1_HUMAN.H11MO.1.A ('STAT1_HUMAN'; q-value = 1.47e-07),"frozenset({'top50', 'activating', 'mm10_500bp_up_100bp_down_full_tx_v10_clust.genes_vs_motifs.rankings'})","[('Sp100', 8.635713885711947), ('Gm7609', 2.917877653430136), ('Tmem29', 3.753591628186682), ('Stat1', 1.0), ('Zer1', 3.852953603396741), ('Ogfrl1', 7.484742850481676)]",603
Stat1,tfdimers__MD00007,0.116240407,4.481481317,4.18E-08,0.934667,motif similar to tfdimers__MD00383 ('M01705_forward_5_M00492_forward dimer: TCF-4 / STAT1'; q-value = 4.18e-08) which is annotated for orthologous gene ENSG00000115415 in H. sapiens (identity = 93%),"frozenset({'top50', 'activating', 'mm10_500bp_up_100bp_down_full_tx_v10_clust.genes_vs_motifs.rankings'})","[('Ogfrl1', 7.484742850481676), ('Pinc', 22.957682946963256), ('Cstf1', 7.645005312962696), ('Stat1', 1.0), ('Sec16b', 2.667424624345585), ('D530049I02Rik', 7.10492341398775)]",413
Stat1,metacluster_2.9,0.142647258,5.778962896,4.98E-09,0.928477,gene is orthologous to ENSG00000115415 in H. sapiens (identity = 92%) which is annotated for similar motif hocomoco__STAT1_HUMAN.H11MO.1.A ('STAT1_HUMAN'; q-value = 4.98e-09),"frozenset({'top50', 'activating', 'mm10_500bp_up_100bp_down_full_tx_v10_clust.genes_vs_motifs.rankings'})","[('Sp100', 8.635713885711947), ('Gm7609', 2.917877653430136), ('Zer1', 3.852953603396741)]",87
Stat1,tfdimers__MD00244,0.101374471,3.751054279,2.63E-09,0.928477,gene is orthologous to ENSG00000115415 in H. sapiens (identity = 92%) which is annotated for similar motif tfdimers__MD00290 ('M00492_forward_-4_M00192_forward dimer: STAT1 / GR'; q-value = 2.63e-09),"frozenset({'top50', 'activating', 'mm10_500bp_up_100bp_down_full_tx_v10_clust.genes_vs_motifs.rankings'})","[('Tnfsf10', 2.6914675530918664), ('Gbp7', 14.993728356065022), ('Gbp2', 10.638814855575248), ('Gbp3', 19.31821510576853), ('Gbp6', 9.162944431902494), ('Gbp4', 3.1437072427792114), ('Ifi44', 8.726262499369204), ('Sec16b', 2.667424624345585), ('Tor3a', 7.706778475241876), ('B2m', 4.3492506930314745), ('Gm7609', 2.917877653430136), ('Ogfrl1', 7.484742850481676), ('Sp100', 8.635713885711947), ('Stat1', 1.0), ('Ifi203', 4.669101288643924), ('Gas5', 2.5849884865314827), ('Helz2', 2.481597075528763)]",2529
Stat1,metacluster_2.6,0.152119701,6.244384545,0,0.934667,motif is annotated for orthologous gene ENSG00000115415 in H. sapiens (identity = 93%),"frozenset({'top50', 'activating', 'mm10_500bp_up_100bp_down_full_tx_v10_clust.genes_vs_motifs.rankings'})","[('Tnfsf10', 2.6914675530918664), ('Gbp7', 14.993728356065022), ('Tor3a', 7.706778475241876), ('Gbp3', 19.31821510576853), ('Gbp2', 10.638814855575248), ('Sec16b', 2.667424624345585), ('Ogfrl1', 7.484742850481676), ('Ifi44', 8.726262499369204), ('Stat1', 1.0), ('Gbp4', 3.1437072427792114), ('B2m', 4.3492506930314745), ('Helz2', 2.481597075528763), ('Gbp6', 9.162944431902494), ('Ifi203', 4.669101288643924), ('C130026I21Rik', 4.477848097926136), ('Gm7609', 2.917877653430136), ('Actb', 3.1060211023180715), ('Gas5', 2.5849884865314827), ('Sp100', 8.635713885711947)]",3467
Stat1,metacluster_2.7,0.129830463,5.149218908,0,0.934667,motif is annotated for orthologous gene ENSG00000115415 in H. sapiens (identity = 93%),"frozenset({'top50', 'activating', 'mm10_500bp_up_100bp_down_full_tx_v10_clust.genes_vs_motifs.rankings'})","[('Tor3a', 7.706778475241876), ('Tnfsf10', 2.6914675530918664), ('Helz2', 2.481597075528763), ('Gbp7', 14.993728356065022), ('Gbp3', 19.31821510576853), ('Stat1', 1.0), ('Sec16b', 2.667424624345585), ('Gm7609', 2.917877653430136), ('Sp100', 8.635713885711947), ('Ifi203', 4.669101288643924), ('Gbp2', 10.638814855575248), ('Gbp4', 3.1437072427792114), ('Gbp6', 9.162944431902494), ('Snhg8', 2.6396227078596817)]",2175
Tal1,tfdimers__MD00255,0.094993014,3.362389332,3.31E-07,0.93617,gene is orthologous to ENSG00000162367 in H. sapiens (identity = 93%) which is annotated for similar motif tfdimers__MD00198 ('M01735_reverse_5_M01591_forward dimer: PITX3 / Tal-1 (Scl)'; q-value = 3.31e-07),"frozenset({'top50', 'activating', 'mm10_500bp_up_100bp_down_full_tx_v10_clust.genes_vs_motifs.rankings'})","[('Klf4', 4.561160747015981), ('Tmtc1', 3.148899147924056), ('Bend4', 5.0748951363918575), ('Tie1', 3.3590780451976228), ('Gbp4', 3.661907486853092), ('Mannr', 10.457491296791208)]",647
Tal1,tfdimers__MD00290,0.108523019,4.049343145,1.16E-08,0.93617,gene is orthologous to ENSG00000162367 in H. sapiens (identity = 93%) which is annotated for similar motif tfdimers__MD00480 ('M01591_reverse_9_M01181_forward dimer: Tal-1 (Scl) / Nkx3-2'; q-value = 1.16e-08),"frozenset({'top50', 'activating', 'mm10_500bp_up_100bp_down_full_tx_v10_clust.genes_vs_motifs.rankings'})","[('Tmtc1', 3.148899147924056), ('St6galnac3', 14.023222962090784), ('Rgs3', 12.836049464711426), ('Ttll7', 6.696848190779367), ('Sox13', 11.413280112846316), ('Ppp1r16b', 6.182913825651088)]",499
Tal1,metacluster_43.1,0.094851524,3.355205501,0,0.93617,gene is orthologous to ENSG00000162367 in H. sapiens (identity = 93%) which is directly annotated for motif,"frozenset({'top50', 'activating', 'mm10_500bp_up_100bp_down_full_tx_v10_clust.genes_vs_motifs.rankings'})","[('Hs3st1', 24.46192309329949), ('Ttll7', 6.696848190779367), ('St8sia6', 11.951968074526397), ('Npr1', 6.63252022386849), ('Mannr', 10.457491296791208), ('Nebl', 4.881122620253098), ('Rgs3', 12.836049464711426), ('She', 10.500575263041195), ('Stmn2', 4.700302277166211), ('Mn1', 3.0611975819100365), ('Rnf220', 5.552006838372372), ('Sox17', 4.509244403261459), ('Tspan7', 4.317023803831344), ('Ppp1r16b', 6.182913825651088), ('Adgrl4', 3.6121089780261006), ('Sox13', 11.413280112846316), ('Kdr', 3.446140182136263)]",3504
Tbx5,tfdimers__MD00529,0.1053517,3.940348007,2.25E-06,0.96139,gene is orthologous to ENSG00000089225 in H. sapiens (identity = 96%) which is annotated for similar motif tfdimers__MD00203 ('M00059_forward_8_M01020_forward dimer: YY1 / TBX5'; q-value = 2.25e-06),"frozenset({'top50', 'activating', 'mm10_500bp_up_100bp_down_full_tx_v10_clust.genes_vs_motifs.rankings'})","[('Cd55', 1.543693413694385), ('Tdo2', 1.3357316204536485), ('Mstn', 1.7157473918224178), ('Ptgs1', 3.085147041347347)]",248
Tcf7l1,tfdimers__MD00237,0.122883847,3.691495215,8.61E-06,0.93823,gene is orthologous to ENSG00000152284 in H. sapiens (identity = 93%) which is annotated for similar motif tfdimers__MD00078 ('M01594_forward_7_M01448_forward dimer: TCF-3 / HOXD1'; q-value = 8.61e-06),"frozenset({'top50', 'activating', 'mm10_500bp_up_100bp_down_full_tx_v10_clust.genes_vs_motifs.rankings'})","[('Cacna2d1', 24.5099618354037), ('Prickle2', 13.765997281606529), ('Acvr2a', 15.393606410799768), ('Fam114a1', 21.81183377971332), ('Col5a1', 15.018308010807392), ('Fam171b', 16.137727789738122), ('Frmd4a', 24.209988552350804), ('Gnb4', 10.896089214083538)]",1062
Tfap2c,tfdimers__MD00408,0.112669715,3.852039451,3.77E-06,0.758285,gene is orthologous to ENSG00000087510 in H. sapiens (identity = 75%) which is annotated for similar motif tfdimers__MD00147 ('M01859_reverse_2_M01197_forward dimer: AP-2 gamma / ELF5'; q-value = 3.77e-06),"frozenset({'top50', 'activating', 'mm10_500bp_up_100bp_down_full_tx_v10_clust.genes_vs_motifs.rankings'})","[('Aif1l', 5.650330199696397), ('Lamc3', 5.141592962884703), ('Cdca7', 5.675863200846608), ('Adgrl3', 15.781332683651453), ('Clca3a1', 6.219612296316951), ('Dstn', 10.382469742724371), ('Kcnq5', 5.827706207511933), ('Fhdc1', 10.659772560429111), ('Agrn', 14.253255176990228)]",1042
Tfe3,metacluster_169.2,0.096202583,3.064148314,1.98E-08,0.956522,motif similar to tfdimers__MD00222 ('M01034_reverse_16_M00789_forward dimer: Ebox / GATA'; q-value = 1.98e-08) which is annotated for orthologous gene ENSG00000068323 in H. sapiens (identity = 95%),"frozenset({'top50', 'activating', 'mm10_500bp_up_100bp_down_full_tx_v10_clust.genes_vs_motifs.rankings'})","[('Stk40', 1.5760217715863865), ('Tfe3', 1.0), ('Dnajb2', 1.48915847215146), ('Cass4', 9.251822223550429), ('C1qb', 1.8062594807564345)]",317
Usf1,tfdimers__MD00023,0.105893802,3.173921936,2.90E-09,0.983871,motif similar to tfdimers__MD00311 ('M00217_forward_-4_M00806_forward dimer: USF / NF-1'; q-value = 2.9e-09) which is annotated for orthologous gene ENSG00000158773 in H. sapiens (identity = 98%),"frozenset({'top50', 'activating', 'mm10_500bp_up_100bp_down_full_tx_v10_clust.genes_vs_motifs.rankings'})","[('Cutal', 2.546165677635785), ('Slc27a4', 8.77800268128135), ('Tceanc', 2.2773509039939053)]",54
Gata3,metacluster_166.4,0.052127218,3.01774532,9.18E-09,0.963964,motif similar to tfdimers__MD00562 ('M00025_forward_24_M00789_forward dimer: Elk-1 / GATA'; q-value = 9.18e-09) which is annotated for orthologous gene ENSG00000107485 in H. sapiens (identity = 96%),"frozenset({'top5perTarget', 'activating', 'mm10_500bp_up_100bp_down_full_tx_v10_clust.genes_vs_motifs.rankings'})","[('Arhgef16', 14.051021501453842), ('Kank4', 3.286093802956843), ('Tbc1d1', 7.910709274818459), ('Slc30a4', 11.707242776350336), ('Bend7', 8.582685045191994), ('Spint1', 10.976994110092251), ('Hspe1', 6.600934739649825), ('Kif5c', 6.628033852281644), ('Tmem33', 7.656612323166015), ('Ckmt1', 4.778813236295869), ('Tmcc2', 7.979158722572296), ('Rasef', 13.093449226798304), ('Gabpb1', 12.873228114549384), ('Gapdh', 6.034237163203978), ('Abtb2', 5.597907520865692), ('Rnf6', 10.3069177265473), ('Kdelr2', 7.00811347712029), ('Steap2', 7.723154050008899), ('Ifnlr1', 5.855233446900197), ('Bzw1', 10.982628349576302), ('Ctnnd1', 22.875643041812808), ('Rmnd5a', 15.736329068911584), ('Dnajc6', 6.759040545049367), ('Armcx4', 6.334093215810631), ('Tmsb10', 5.686992186461402), ('Dnttip2', 5.63767016787359), ('Prdx1', 14.944334776373609), ('Chmp5', 9.735898324108668), ('Tmem54', 2.578743233821738), ('Stk40', 12.199470584734176), ('Agrn', 6.245771964100341), ('Mrpl24', 7.590148082173244), ('Fosl2', 8.345446678411706), ('Tex30', 1.4247079682516486), ('Igbp1', 4.699178240355085), ('Ssrp1', 7.347831559122496), ('Nck2', 40.9263947180842), ('Dlg3', 15.1794042723632), ('Tanc1', 8.465393366976787), ('Acsl3', 10.2618873254131), ('Pcna', 3.78726000857979), ('Set', 16.939566257594546), ('Ssr2', 8.530201198318023), ('Ptgfrn', 11.443158168177057), ('Pik3c2b', 14.30890209911323), ('Mpzl1', 9.771179116958242), ('Qsox1', 24.548595383273607), ('Dstn', 17.339053021375378), ('Adipor1', 21.639092033381683), ('Ccdc181', 2.146074228843776), ('G3bp2', 11.552754169848976), ('Slc41a1', 16.533233964725774), ('Rap1gap', 8.936197784732055), ('Rnf2', 5.062738211197147), ('Cd82', 14.586527151412689), ('Ppp1cb', 31.57279953042769), ('Gm12530', 0.3670881640177457), ('Glt28d2', 10.94215023868935), ('Utp3', 3.040128950401898), ('Lgr6', 6.053250708337767), ('Nop56', 7.3811424894925235), ('Sft2d2', 3.0669521128763515), ('Ssx2ip', 8.383371152898652), ('Casp2', 12.877101793670285), ('Pgk1', 6.718180162372465), ('Serf2', 9.722771771688487), ('C1qtnf4', 1.578307944512464), ('Cited1', 3.4295665258152077), ('Kdm3a', 6.759388771293009), ('Nans', 8.04382135924965), ('Penk', 10.380391519109644), ('Spin4', 0.27060539463372), ('Pdia4', 14.835894166044008), ('Fam210b', 17.010329101623537), ('Smc4', 6.981776371046516), ('Jtb', 5.361070882630856), ('Arpc5', 5.779246265534704), ('Gas5', 24.06749730446889), ('Nup210', 14.325494566033896), ('Triqk', 14.447435077013754), ('Pdap1', 17.598587150860283), ('Plp2', 4.864257117342151), ('Rest', 8.677769872188179), ('Cgn', 22.399934964083947), ('Kit', 8.232942327291642), ('Ddost', 16.975917483733326), ('Eya2', 11.618159359158426), ('Atp5k', 10.072722582709694), ('Rbbp7', 5.371367599258998), ('Col9a3', 3.8998588667935103), ('0610040J01Rik', 5.906984133605391), ('Serinc2', 22.526071069360988), ('Sdf4', 11.498215510983131), ('Shroom3', 8.887393494854098), ('Bmpr1b', 23.484613736303658), ('Tram1', 8.122557177601868), ('Trp53i11', 5.925442298363066), ('Phc2', 9.622509370462552), ('Tceal8', 5.834903461354445), ('Inhbb', 18.29127918538636), ('Lsm10', 2.452553043216535), ('Ogfrl1', 7.594729680842802), ('Uck2', 5.824386064743687), ('Tbc1d8', 19.068966911947303), ('Gnb2', 8.218919968917017), ('Pkig', 15.4646915040642), ('Ncs1', 4.151736898882965), ('Ngef', 8.222478189361498), ('Rbm43', 5.242772144477767), ('Pnrc1', 14.91518104521406), ('Eif1ax', 8.268607423097814), ('Svbp', 3.09324944556988), ('Dynll1', 18.29691604811017), ('Rpl31', 16.27393222307998), ('Ddi2', 13.492175235492445), ('Patj', 20.087201150688013), ('Bcl7a', 6.45926681561043), ('Rab17', 12.978538921176964), ('Tpi1', 11.065123248516892), ('Bhlhe41', 26.7784659443618), ('Ndufs2', 8.692894741930893), ('Ptpn1', 4.642877590274997), ('Esrp1', 31.546883132769963), ('Ttc39a', 11.618483353181205), ('Wdr45', 3.0059535185368413), ('Casp9', 7.816286399658226), ('Snhg12', 2.957278669293788), ('Lyrm2', 3.115912285593984), ('Ap1s3', 5.8357601262404), ('Vsig10', 11.578527261666316), ('Bri3bp', 8.772741579675214), ('Chchd5', 3.3176417269632137), ('Rprd1b', 9.368825566006157), ('Hmgb1', 13.186890628358666), ('Pomp', 7.685951219316044), ('Rps6', 24.03669830289861), ('Bag1', 8.02535269285206), ('Arhgef2', 12.829469797829082), ('Tmem9', 6.408185668278267), ('Elf3', 9.604569214626798), ('Bend5', 2.7173927555953297), ('Ndufs5', 10.033015457641234), ('Adrm1', 6.662716571791111), ('Bud31', 12.943865794936768), ('Bmf', 10.07173643258187), ('Nckap5', 15.001869907364428), ('Mfsd6', 8.224929475353164), ('Maged2', 0.9810870851768378), ('9230102O04Rik', 3.182082176819762), ('Eif2s2', 22.06939896274711), ('Slc39a1', 12.983495803240016), ('Zfp711', 4.591690857467098), ('Gnas', 8.937938630434994), ('Sms', 4.8272061635930426), ('Rpn2', 7.772708519154752), ('Sppl2a', 12.873738860203662), ('Elovl1', 10.80318780102852), ('Armcx2', 8.458602643281653), ('Pak6', 4.3391529532889415), ('Pof1b', 29.808470316532024), ('Dnpep', 5.149010008713362), ('Cacfd1', 6.706909672730841), ('Tuft1', 18.824562527435397), ('Rcan3', 6.996335186784355), ('Casz1', 30.91176076257611), ('Psmd10', 4.127549519782668), ('Urm1', 3.4377722920722715), ('Nhs', 3.74445777438544), ('Ntng1', 9.443408256056015), ('Cox6a1', 14.992946273133212), ('Sri', 11.1128948119616), ('Akirin1', 7.974718907115373), ('Igfbp5', 30.50241086406225), ('Hook1', 17.986455838322687), ('Atp5e', 13.537537428671609), ('Selenoh', 0.9481539829180168), ('Nop10', 7.399041382259013), ('Gid8', 5.076823294763615), ('Maml3', 26.27632219006717), ('Rpl7', 13.049249388586478), ('Noc2l', 4.653253661152754), ('Gclm', 15.2298863013696), ('Bahd1', 2.8401547241627707), ('Cutal', 15.511083065423266), ('Rpl10', 15.684810279553108), ('Bloc1s6', 2.942166866708192), ('Ccdc18', 5.067926537906982), ('Zfp704', 11.496788551677964), ('Tfap2c', 13.375489060478769), ('Mlec', 9.224369974201796), ('Notch1', 8.683434617196427), ('Ptx3', 1.1568708159757302), ('Tgif2', 1.9473944968770864), ('Eva1b', 8.560614631982224), ('Il13ra1', 19.043955105916748), ('Anp32e', 13.859603753033255), ('Rcn1', 9.32850515866194), ('Tmem248', 3.226117808123923), ('Gm6938', 4.276331317785094), ('Hmgn2', 6.357214788822507), ('Tmem59', 24.64517508258933), ('Plb1', 4.460247705813739), ('Tmem51', 10.32379036238838), ('Txnip', 15.438716295410863), ('Cfap77', 0.8811828513920539), ('Arhgef10l', 18.62760387149611), ('Sdcbp', 6.018951278111125), ('F3', 7.445579374219779), ('Ubc', 7.64648421170439), ('Pebp1', 16.589552573501365), ('Ncl', 19.26031975291372), ('Fis1', 5.596268382798213), ('Serp1', 14.737204856291124), ('Slc35c1', 7.2822305779905), ('Mlf2', 11.993774676599342)]",4514
Elf3,taipale_tf_pairs__GCM1_ETV7_NTNNNGGCGGAAGNNNTTCCNNN_CAP_repr,0.062594192,3.130306626,8.11E-06,1,gene is annotated for similar motif transfac_pro__M01977 ('V$ESE1_01: ESE-1'; q-value = 8.11e-06),"frozenset({'activating', 'mm10_500bp_up_100bp_down_full_tx_v10_clust.genes_vs_motifs.rankings', 'top10perTarget'})","[('Zcchc13', 0.0224076798742844), ('Psmg3', 1.6297399469042215), ('Dusp28', 0.2553565398713175), ('Mospd3', 4.632648234666782), ('Cysrt1', 1.1011446162255072), ('Psapl1', 0.2829337630082333), ('Cxcl15', 2.8213141240061548), ('Kdf1', 3.501444771792513), ('R3hdml', 3.27142613309681), ('Kcns1', 0.1728937174276096), ('L1td1', 0.0310904306904698)]",558
Elf3,taipale_tf_pairs__ERF_HOXA3_RSCGGAWNNNNNNNYMATTA_CAP_repr,0.068973907,3.671892606,3.18E-06,1,gene is annotated for similar motif transfac_pro__M01977 ('V$ESE1_01: ESE-1'; q-value = 3.18e-06),"frozenset({'activating', 'mm10_500bp_up_100bp_down_full_tx_v10_clust.genes_vs_motifs.rankings', 'top10perTarget'})","[('Mospd3', 4.632648234666782), ('Ivl', 0.337900941727166), ('Cldn3', 3.867626107081189), ('Psmg3', 1.6297399469042215), ('Tmbim1', 2.9952696926847664), ('Igfbp5', 3.3173696297776765), ('Rab25', 2.0518161073196484), ('L1td1', 0.0310904306904698), ('Efhd2', 2.4810591549045737), ('Rpl31', 4.624242605852109)]",458
Elf3,taipale_tf_pairs__ETV2_HOXA2_NCCGGAAGNNNNNNYMATTA_CAP,0.064837905,3.320779662,2.61E-06,1,motif similar to transfac_pro__M01977 ('V$ESE1_01: ESE-1'; q-value = 2.61e-06) which is directly annotated,"frozenset({'activating', 'mm10_500bp_up_100bp_down_full_tx_v10_clust.genes_vs_motifs.rankings', 'top10perTarget'})","[('Bhlhe41', 2.097549219898518), ('Rpl12', 4.254175374904963), ('Gng5', 3.0217935739161894), ('Cox5b', 3.875374352152424), ('Rpl37a', 9.60587369035012), ('Rpl31', 4.624242605852109), ('Tuba4a', 3.456942986518744), ('Tmub1', 3.649054876524664), ('Mageh1', 0.9257237234787598), ('Dcaf12l1', 0.0481177907335622), ('Tubb4b', 10.699764654352023)]",692
Elf3,taipale_tf_pairs__ETV2_DLX3_RSCGGAANNNNNNNTAATKR_CAP_repr,0.066763984,3.484288141,1.99E-06,1,motif similar to transfac_pro__M01977 ('V$ESE1_01: ESE-1'; q-value = 1.99e-06) which is directly annotated,"frozenset({'activating', 'mm10_500bp_up_100bp_down_full_tx_v10_clust.genes_vs_motifs.rankings', 'top10perTarget'})","[('Dusp28', 0.2553565398713175), ('S100a6', 3.6219568825861033), ('Rps4x', 6.944820765102524), ('Npdc1', 2.852843489926528), ('Erich2', 0.9677998682020962), ('Asnsd1', 3.819244417505297), ('Rpl5', 4.102653913626988), ('Abhd11os', 1.166405575546118), ('Dcaf12l1', 0.0481177907335622), ('Tesk1', 3.614120540918614), ('Tacstd2', 5.001565856745346), ('Rplp0', 4.064961398631982), ('Csn3', 5.433413621033023)]",787
Elf3,metacluster_183.4,0.06234414,3.109079209,6.40E-07,1,gene is annotated for similar motif transfac_pro__M01977 ('V$ESE1_01: ESE-1'; q-value = 6.4e-07),"frozenset({'activating', 'mm10_500bp_up_100bp_down_full_tx_v10_clust.genes_vs_motifs.rankings', 'top10perTarget'})","[('Rplp0', 4.064961398631982), ('S100a6', 3.6219568825861033), ('Abhd11os', 1.166405575546118), ('Dusp28', 0.2553565398713175), ('Asnsd1', 3.819244417505297), ('Rps4x', 6.944820765102524), ('Npdc1', 2.852843489926528), ('Dcaf12l1', 0.0481177907335622), ('Rpl5', 4.102653913626988), ('Tesk1', 3.614120540918614), ('Tacstd2', 5.001565856745346), ('Erich2', 0.9677998682020962), ('Ssr4', 4.400720207903799), ('Tmbim1', 2.9952696926847664), ('Pin4', 2.716164456454805), ('Mrps14', 5.047697187598663), ('Gnb2', 8.999526604885517), ('Tuba4a', 3.456942986518744), ('Atp5k', 4.494725725542192), ('Tyro3', 1.6187737374038031), ('Rps3a1', 4.812796314639975), ('Eif6', 3.0413877889587075), ('Hsd17b10', 2.1678912350424087), ('Csrnp3', 0.0881069094363473), ('Etnppl', 0.6399231281048907), ('Csn3', 5.433413621033023)]",2229
Creb3,metacluster_13.3,0.060091706,3.375085932,8.54E-08,0.622829,gene is orthologous to ENSG00000107175 in H. sapiens (identity = 62%) which is annotated for similar motif taipale_cyt_meth__CREB3_NGCCACGTGKMN_FL_repr ('CREB3 [bZIP]'; q-value = 8.54e-08),"frozenset({'top50perTarget', 'activating', 'mm10_500bp_up_100bp_down_full_tx_v10_clust.genes_vs_motifs.rankings'})","[('Armcx6', 0.3596391919312121), ('Serf2', 0.3323991064296162), ('Tmem125', 0.4340702790865022), ('Tfip11', 3.3814005085703887), ('Col1a2', 0.1436771481809427), ('Ypel4', 0.291321353610304), ('Rpl21', 0.3862810027023672), ('Plxna1', 1.8843598368758256), ('Fam107b', 0.4524982391821444), ('H13', 0.347381326408366), ('Cxcl15', 1.310718914578483), ('Psmb4', 0.8765394493197154)]",432
Elf3,taipale_tf_pairs__GCM1_ETV7_NTNNNGGCGGAAGNNNTTCCNNN_CAP_repr,0.052353652,3.406409109,8.11E-06,1,gene is annotated for similar motif transfac_pro__M01977 ('V$ESE1_01: ESE-1'; q-value = 8.11e-06),"frozenset({'top50perTarget', 'activating', 'mm10_500bp_up_100bp_down_full_tx_v10_clust.genes_vs_motifs.rankings'})","[('Zdhhc4', 1.265132218491973), ('Lyrm2', 0.6140134240231712), ('Acot8', 0.9092446503825008), ('Kdelr2', 1.6446948263898369), ('Chchd5', 4.767013550924412), ('Ssr2', 0.6762805375152954), ('Mrpl20', 1.0162667979413902), ('Rer1', 2.3805888016153984), ('Ttc30b', 0.5085703909253274), ('Rpl12', 4.254175374904963), ('Ccdc181', 0.9199700404364868), ('Eif3i', 1.0711171768643992), ('Tfip11', 0.2456561389727037), ('Nifk', 0.1472586445281768), ('Uqcrh', 1.6812668224945282), ('Rhbdd1', 0.3410495936995331), ('Sys1', 0.6918146737271256), ('Dtymk', 1.5416023537973191), ('Tmem59', 0.835692821262313), ('Eif2s3x', 0.3228217179270388), ('Srp14', 1.0248856135680096), ('Pomp', 3.563535092719023), ('Trmt6', 0.5747776557655717), ('Ufc1', 0.3853919701313398), ('Pdcl', 0.5251199045489001), ('Ppp1cb', 0.3596230701897387), ('Cdk11b', 1.0887516607761312), ('Serp1', 1.2988965908175654), ('Pcna', 0.7869912513106198), ('Tyro3', 1.6187737374038031), ('Rps21', 1.4482275151073447), ('Gatad1', 0.5811162757729276), ('Eif3m', 0.5463596824285215), ('Slc35a2', 1.1517374179944515), ('Cox20', 4.129186329124751), ('Zbtb33', 1.0210985380744553), ('Chchd2', 2.557466148685137), ('Nudc', 0.3640359426950289), ('Ubl4a', 5.942450138387884), ('Mrpl44', 1.7940936262940623), ('Ribc1', 0.1003791263562086), ('Hsd17b11', 0.7308637735826182), ('Slc35a1', 1.0851150748701996), ('Rnf4', 0.545865897383962), ('Prpf18', 0.6398243877498686), ('Iqsec1', 0.3727025159270573), ('Tmem128', 0.700919329681676), ('Dusp19', 0.4090749821567173), ('Pdap1', 1.1450414232202382), ('Cdh7', 0.496827888559687), ('Ppp1r35', 0.1631891916865515), ('Trim46', 0.2086143231643316), ('Rps15a-ps4', 0.4322697693231845), ('Mrps14', 5.047697187598663), ('Rps4x', 6.944820765102524), ('Tmem54', 0.9645871311102064), ('Atp5k', 4.494725725542192), ('Ppdpf', 0.9996332454707872), ('Cdk2ap1', 0.3577203486740763), ('Efna1', 0.2208257215794514), ('Rps27', 3.792416092468727), ('Serinc3', 3.890573901170929), ('Rps6', 3.5327857240096656), ('Rpl34', 0.9222177601901144), ('Csn3', 5.433413621033023), ('Sf3b4', 0.3726160035985026), ('Tubb4b', 10.699764654352023), ('Hypk', 2.6267587097892275), ('Gng5', 3.0217935739161894), ('Tmsb10', 3.0028708790446608), ('Gnas', 1.4936734864216774), ('Jtb', 1.129261343407043), ('Gas5', 1.2507284597893424), ('Ppcs', 0.2551461177694523), ('Suclg1', 0.5751819440576291), ('Tesk1', 3.614120540918614), ('Rpn1', 1.1865335550748364), ('AW011738', 0.2598563326700845), ('Rpl21', 4.5352435024666935), ('Rpl36a', 1.205512112017226), ('Commd9', 0.3451698231019287), ('Igfbp5', 3.3173696297776765), ('Mmgt1', 0.2284226946224506), ('Slc2a1', 1.9284381635587111), ('Plb1', 0.5171057760165364), ('9230102O04Rik', 1.103264481152213), ('Ddost', 0.8235057138742017), ('Rpl31', 4.624242605852109), ('Spint1', 0.5965361712230695), ('Cox6a1', 0.570369457365181), ('Cst3', 0.3259539710177536), ('Slc35c2', 0.6321976405972155), ('Pebp1', 1.0193602109417903), ('Tmem125', 0.7570908916641882), ('Wbscr25', 0.0450197982018655), ('Armcx2', 2.5977792618412754), ('Eef1b2', 0.3820498493144143), ('S100a13', 0.7460144513105206), ('Rabggtb', 0.3665049808490864), ('Arl6ip4', 1.759430610576063), ('Trp53rka', 0.2027249674357953), ('Rpl11', 7.259650519282836), ('Romo1', 3.5131776645045205), ('Cops6', 0.7270355769437906), ('Ttc22', 0.0841778683978359), ('Atp5g3', 0.4057970767460926), ('Med28', 2.331708362571233), ('Wfs1', 3.219511986395804), ('Cox5b', 3.875374352152424), ('Vsig10', 0.5358030448850329), ('Bola1', 0.7781660162805222), ('Rhoc', 0.7648891386577251), ('Cdk9', 2.804577315077096), ('Arfip1', 0.7886837317844768), ('Rassf5', 0.4177324667343601), ('Lmna', 1.6764010956213398), ('Eloc', 1.4768876404772309), ('Bmyc', 1.6916113787165807), ('Ctdsp1', 0.1478776218132742), ('Rpl22', 4.505827754773684), ('Fam210b', 1.0781763606261914), ('Hspd1', 0.6785658908411167), ('Ramp1', 0.2450536351691661), ('Rpl6', 5.691269483330712), ('Pdzk1ip1', 3.3329664303536024), ('Pkp1', 1.2949507665895152)]",3350
Elf3,metacluster_191.2,0.050175249,3.110492612,6.90E-06,0.876011,motif similar to taipale_cyt_meth__ELF3_ACCCGGAAGNNNNNNNNNWWWWW_FL ('ELF3 [ETS]'; q-value = 6.9e-06) which is annotated for orthologous gene ENSG00000163435 in H. sapiens (identity = 87%),"frozenset({'top50perTarget', 'activating', 'mm10_500bp_up_100bp_down_full_tx_v10_clust.genes_vs_motifs.rankings'})","[('Rer1', 2.3805888016153984), ('Zdhhc4', 1.265132218491973), ('Chchd5', 4.767013550924412), ('Nudc', 0.3640359426950289), ('Lyrm2', 0.6140134240231712), ('Tfb2m', 0.3985621238888667), ('Dtymk', 1.5416023537973191), ('Srp14', 1.0248856135680096), ('Rhbdd1', 0.3410495936995331), ('Acot8', 0.9092446503825008), ('Lxn', 0.1936230116637451), ('Snhg8', 4.693081568148552), ('Cdk9', 2.804577315077096), ('2610528J11Rik', 0.1810606620597867), ('Cox20', 4.129186329124751), ('Vsig10', 0.5358030448850329), ('Pomp', 3.563535092719023), ('Snhg6', 0.3325366513832665), ('Slc35c2', 0.6321976405972155), ('Tomm7', 5.306175064973837), ('Rps6', 3.5327857240096656), ('Rnf4', 0.545865897383962), ('Mrpl20', 1.0162667979413902), ('Rps3a1', 4.812796314639975), ('Cox5b', 3.875374352152424), ('Gmps', 0.3232787210395836), ('Arl6ip4', 1.759430610576063), ('Trp53rka', 0.2027249674357953), ('Atp5k', 4.494725725542192), ('Rps21', 1.4482275151073447), ('Hypk', 2.6267587097892275), ('Mospd3', 4.632648234666782), ('Spint1', 0.5965361712230695), ('Mrpl44', 1.7940936262940623), ('Hmgn2', 0.6603934531389667), ('Tsen15', 1.6043767855687685), ('Pkig', 0.5642498329861704), ('Sf3b4', 0.3726160035985026), ('Eif3m', 0.5463596824285215), ('Ssr2', 0.6762805375152954), ('Mrfap1', 1.8665709636070755), ('Adh5', 1.331866125342564), ('Nifk', 0.1472586445281768), ('Plod3', 2.915154801914856), ('Gatad1', 0.5811162757729276), ('Dnajc5', 1.752080393910182), ('Ppp1cb', 0.3596230701897387), ('Atp5j2', 0.7610204665732454), ('Ribc1', 0.1003791263562086), ('Eloc', 1.4768876404772309), ('Dnaja1', 0.381526755939395), ('Rpl6', 5.691269483330712), ('Slc35a1', 1.0851150748701996), ('Pdap1', 1.1450414232202382), ('Traf6', 0.5251599340513059), ('Kdelr2', 1.6446948263898369), ('Rps27', 3.792416092468727), ('Tfip11', 0.2456561389727037), ('Ppp1r35', 0.1631891916865515), ('Tmem59', 0.835692821262313), ('Chchd2', 2.557466148685137), ('Iqsec1', 0.3727025159270573), ('Trim46', 0.2086143231643316), ('Ost4', 1.252511837022105), ('Wdr1', 0.5462295502777973), ('Ergic3', 1.2979213661937103), ('Srsf9', 1.1912072467971433), ('Pdcl', 0.5251199045489001), ('Rps8', 4.791744362276255), ('Gas5', 1.2507284597893424), ('Denr', 1.8588988282150216), ('Arfip1', 0.7886837317844768), ('Alkbh2', 0.5083499830119459), ('Ndufa1', 0.6172703301110147), ('Eif3i', 1.0711171768643992), ('Znhit1', 1.1348045558958888), ('Plp2', 0.2704084804884462), ('Sars', 0.5667818493841739), ('Cnbp', 1.318051848153924), ('Eva1b', 0.2789420715025), ('Cox6a1', 0.570369457365181), ('Tmem128', 0.700919329681676), ('Ubl4a', 5.942450138387884), ('Aph1a', 1.3690861741850031), ('Mme', 3.3147560011229564), ('Tmub1', 3.649054876524664), ('Mmgt1', 0.2284226946224506), ('Cdk11b', 1.0887516607761312), ('Stat1', 0.6266105925308372), ('Zbtb33', 1.0210985380744553), ('Commd9', 0.3451698231019287), ('Jun', 0.6984585129733878), ('Muc1', 0.4556024828166518), ('Prpf18', 0.6398243877498686), ('Mageh1', 0.9257237234787598), ('Trmt6', 0.5747776557655717), ('Fgfr3', 0.471727686160818), ('Dusp19', 0.4090749821567173), ('Aamp', 0.3632840562093308), ('Bcl2l11', 0.3103221233906015), ('Armcx2', 2.5977792618412754), ('Ppp1r14d', 0.0960836020487894), ('Tprgl', 0.2784484726915601), ('Areg', 4.759887713654706), ('Lamtor2', 0.4123612086280814), ('Serp1', 1.2988965908175654), ('Csn3', 5.433413621033023), ('Rpl10', 3.856182435283882), ('Naa10', 0.292073726973779), ('Med28', 2.331708362571233), ('Ttc30b', 0.5085703909253274), ('Dnlz', 0.2994911998172158), ('Rpl11', 7.259650519282836), ('Rps4x', 6.944820765102524), ('Pcna', 0.7869912513106198), ('Prkcz', 0.2095387571262395), ('Mrps21', 0.6991041274562549), ('Gnl3l', 2.174387308451606), ('Polr2j', 0.3163360790235807), ('Pja1', 0.2419177041515393), ('Osgin2', 1.500171806537862), ('Sys1', 0.6918146737271256), ('Pin4', 2.716164456454805), ('Rpl7', 6.597474839088456), ('Psmc3', 1.5873915988648102), ('Tceal8', 0.4724539092309754), ('Gnas', 1.4936734864216774), ('Hspd1', 0.6785658908411167), ('Fam210b', 1.0781763606261914), ('Rpl12', 4.254175374904963), ('Psmd10', 0.9750035803454904), ('Txnip', 2.562070474940666), ('Rpl36a', 1.205512112017226), ('Trnau1ap', 0.6530172764078491), ('Tead4', 0.2378147550935658), ('Cebpb', 2.628600774312722), ('Mrps14', 5.047697187598663), ('Alpl', 0.6296983281311339), ('Rbm43', 0.4157931160606231), ('Asnsd1', 3.819244417505297), ('Gapdh', 2.0343246796502483), ('Csrp1', 0.3294087597036199), ('Tacstd2', 5.001565856745346), ('Ckmt1', 1.4360935812263862), ('Hsd17b11', 0.7308637735826182), ('Ssr4', 4.400720207903799)]",3687
Elf3,metacluster_166.2,0.054059011,3.638066792,5.99E-06,1,gene is annotated for similar motif transfac_pro__M01977 ('V$ESE1_01: ESE-1'; q-value = 5.99e-06),"frozenset({'top50perTarget', 'activating', 'mm10_500bp_up_100bp_down_full_tx_v10_clust.genes_vs_motifs.rankings'})","[('Zdhhc4', 1.265132218491973), ('Chchd5', 4.767013550924412), ('Eif3m', 0.5463596824285215), ('Ssr2', 0.6762805375152954), ('Pomp', 3.563535092719023), ('Dtymk', 1.5416023537973191), ('Mrpl20', 1.0162667979413902), ('Arl6ip4', 1.759430610576063), ('Gas5', 1.2507284597893424), ('Dnajc5', 1.752080393910182), ('Acot8', 0.9092446503825008), ('Rer1', 2.3805888016153984), ('Tfip11', 0.2456561389727037), ('Eif3i', 1.0711171768643992), ('Rhbdd1', 0.3410495936995331), ('Gatad1', 0.5811162757729276), ('Nudc', 0.3640359426950289), ('Trmt6', 0.5747776557655717), ('Lyrm2', 0.6140134240231712), ('Serp1', 1.2988965908175654), ('Ccdc181', 0.9199700404364868), ('Tprgl', 0.2784484726915601), ('Cdk9', 2.804577315077096), ('Sf3b4', 0.3726160035985026), ('Chchd2', 2.557466148685137), ('Ppp1r35', 0.1631891916865515), ('Rps21', 1.4482275151073447), ('Cdk11b', 1.0887516607761312), ('Snhg6', 0.3325366513832665), ('Atp5k', 4.494725725542192), ('Mrpl44', 1.7940936262940623), ('Ribc1', 0.1003791263562086), ('Sys1', 0.6918146737271256), ('Rps6', 3.5327857240096656), ('Snhg8', 4.693081568148552), ('Prpf18', 0.6398243877498686), ('Arfip1', 0.7886837317844768), ('Srp14', 1.0248856135680096), ('Txnip', 2.562070474940666), ('Trp53rka', 0.2027249674357953), ('Hspd1', 0.6785658908411167), ('Pdcl', 0.5251199045489001), ('Hypk', 2.6267587097892275), ('2610528J11Rik', 0.1810606620597867), ('Romo1', 3.5131776645045205), ('Mospd3', 4.632648234666782), ('Slc35a1', 1.0851150748701996), ('Ergic3', 1.2979213661937103), ('Slc35c2', 0.6321976405972155), ('Polr2j', 0.3163360790235807), ('Tomm7', 5.306175064973837), ('Ufc1', 0.3853919701313398), ('Tmem128', 0.700919329681676), ('Zbtb33', 1.0210985380744553), ('Mrpl51', 3.669263628146005), ('Tmem59', 0.835692821262313), ('Ttc30b', 0.5085703909253274), ('Gnl3l', 2.174387308451606), ('Armcx2', 2.5977792618412754), ('Mul1', 0.821430028890517), ('Nifk', 0.1472586445281768), ('Dnaja1', 0.381526755939395), ('Wdr1', 0.5462295502777973), ('Spint1', 0.5965361712230695), ('Lmna', 1.6764010956213398), ('Trim46', 0.2086143231643316), ('Cox20', 4.129186329124751), ('Rps3a1', 4.812796314639975), ('Ppp1cb', 0.3596230701897387), ('Atp5e', 1.8597913108505215), ('Rps27', 3.792416092468727), ('Aph1a', 1.3690861741850031), ('9230102O04Rik', 1.103264481152213), ('Cox5b', 3.875374352152424), ('Pdap1', 1.1450414232202382), ('Dusp19', 0.4090749821567173), ('Mrps21', 0.6991041274562549), ('Rps8', 4.791744362276255), ('Dpm3', 3.846600600241573), ('Plod3', 2.915154801914856), ('Asnsd1', 3.819244417505297), ('Vamp3', 1.0618602757543965), ('Gmps', 0.3232787210395836), ('Rpl11', 7.259650519282836), ('Psmg3', 1.6297399469042215), ('Ost4', 1.252511837022105), ('Rpl6', 5.691269483330712), ('Sars', 0.5667818493841739), ('Hsd17b11', 0.7308637735826182), ('Klhl9', 0.547775920008953), ('Vsig10', 0.5358030448850329), ('Rbm43', 0.4157931160606231), ('Ppcs', 0.2551461177694523), ('Uqcrh', 1.6812668224945282), ('Rpl37a', 9.60587369035012), ('Mrpl30', 1.9538546506914292), ('Rpl7', 6.597474839088456), ('Dnlz', 0.2994911998172158), ('Rnf4', 0.545865897383962), ('Rps4x', 6.944820765102524), ('Ssr4', 4.400720207903799), ('Ppp1r14d', 0.0960836020487894), ('Rpl12', 4.254175374904963), ('Gm13889', 0.4388162842134255), ('Suclg1', 0.5751819440576291), ('Csrp1', 0.3294087597036199), ('Atp5j2', 0.7610204665732454), ('Eloc', 1.4768876404772309), ('Zfas1', 0.2834442294468037), ('Plb1', 0.5171057760165364), ('Itm2c', 0.900849411583888), ('Rpl31', 4.624242605852109), ('Tacstd2', 5.001565856745346), ('Eef1b2', 0.3820498493144143), ('Psmc3', 1.5873915988648102), ('Pmpcb', 0.7736969395105118), ('Ddost', 0.8235057138742017), ('Tmsb4x', 0.6584717815372648), ('Casz1', 0.3184687784241203), ('Gng5', 3.0217935739161894), ('Ncl', 1.4189531508040645), ('Rpl34', 0.9222177601901144), ('Cox6a1', 0.570369457365181), ('Jtb', 1.129261343407043), ('Tceal8', 0.4724539092309754), ('Slc35a2', 1.1517374179944515), ('Bcl2l11', 0.3103221233906015), ('Rpl35', 7.691085657928685), ('Fis1', 0.3655313853137305), ('Hes6', 0.2450232855869393), ('Zcchc13', 0.0224076798742844), ('Alkbh2', 0.5083499830119459), ('Csn3', 5.433413621033023), ('Ssr3', 0.395816308938584), ('Mrps14', 5.047697187598663), ('Zfp593', 0.1041167663075362), ('Pebp1', 1.0193602109417903), ('Adh5', 1.331866125342564), ('Pdzd11', 0.3720840954781978), ('Mrfap1', 1.8665709636070755), ('Pin4', 2.716164456454805), ('Tmem125', 0.7570908916641882), ('Pms2', 0.5240442852435968), ('Stat1', 0.6266105925308372), ('Fam210b', 1.0781763606261914), ('Tubb4b', 10.699764654352023), ('Psmb4', 1.902782996043833), ('Surf1', 0.2635224593283379), ('Trnau1ap', 0.6530172764078491), ('Lamtor2', 0.4123612086280814), ('Tmub1', 3.649054876524664), ('Plp2', 0.2704084804884462), ('Znhit1', 1.1348045558958888), ('Tfb2m', 0.3985621238888667), ('Edf1', 1.529809803959776), ('Ndufa1', 0.6172703301110147), ('Cnbp', 1.318051848153924), ('Bola1', 0.7781660162805222), ('B3galt6', 0.7343093341987077), ('Mageh1', 0.9257237234787598), ('Pdia4', 0.603774178931218), ('Pex11b', 0.8162567355669784), ('Glmp', 1.0622916633673654), ('Tesk1', 3.614120540918614), ('Iqsec1', 0.3727025159270573), ('Rassf5', 0.4177324667343601), ('Kdelr2', 1.6446948263898369), ('Rpl21', 4.5352435024666935), ('Lxn', 0.1936230116637451), ('Tgoln1', 0.7037024609515469), ('Rnf114', 1.405863092033491), ('Crabp2', 7.627204441367524), ('Bmyc', 1.6916113787165807), ('Aurkaip1', 1.4990332628687668), ('Rhov', 5.112278000818578), ('Pcna', 0.7869912513106198), ('Gata3', 0.5527014248542522), ('Hmgb1', 2.43963373109869), ('Cd9', 0.6415927306830784), ('Mpped2', 0.6380636384390915), ('Gm12992', 0.0746389288170125), ('C1galt1c1', 0.2182177784786045), ('Rpl39', 5.976106797825928)]",4981
Elf3,hdpi__FLI1,0.050320933,3.130282464,2.09E-06,0.831202,gene is orthologous to ENSG00000163435 in H. sapiens (identity = 83%) which is annotated for similar motif taipale_cyt_meth__ELF3_ACCCGGAAGNNNNNNNNNWWWWW_FL ('ELF3 [ETS]'; q-value = 2.09e-06),"frozenset({'top50perTarget', 'activating', 'mm10_500bp_up_100bp_down_full_tx_v10_clust.genes_vs_motifs.rankings'})","[('Zdhhc4', 1.265132218491973), ('Dtymk', 1.5416023537973191), ('Lyrm2', 0.6140134240231712), ('Chchd5', 4.767013550924412), ('Mrpl20', 1.0162667979413902), ('Pomp', 3.563535092719023), ('Rer1', 2.3805888016153984), ('Eif3m', 0.5463596824285215), ('Tfip11', 0.2456561389727037), ('Trmt6', 0.5747776557655717), ('Ssr2', 0.6762805375152954), ('Sf3b4', 0.3726160035985026), ('Ccdc181', 0.9199700404364868), ('Chchd2', 2.557466148685137), ('Rhbdd1', 0.3410495936995331), ('Acot8', 0.9092446503825008), ('Eif3i', 1.0711171768643992), ('Arl6ip4', 1.759430610576063), ('Ttc30b', 0.5085703909253274), ('Gatad1', 0.5811162757729276), ('Srp14', 1.0248856135680096), ('Cdk9', 2.804577315077096), ('Rpl34', 0.9222177601901144), ('Zbtb33', 1.0210985380744553), ('Gas5', 1.2507284597893424), ('Nifk', 0.1472586445281768), ('Tmem128', 0.700919329681676), ('Sys1', 0.6918146737271256), ('Trp53rka', 0.2027249674357953), ('Ufc1', 0.3853919701313398), ('Rps21', 1.4482275151073447), ('Dusp19', 0.4090749821567173), ('Snhg6', 0.3325366513832665), ('Rps6', 3.5327857240096656), ('Prpf18', 0.6398243877498686), ('Tprgl', 0.2784484726915601), ('Cox5b', 3.875374352152424), ('Tmem59', 0.835692821262313), ('Ppp1r35', 0.1631891916865515), ('Pdcl', 0.5251199045489001), ('Atp5k', 4.494725725542192), ('Dnajc5', 1.752080393910182), ('Arfip1', 0.7886837317844768), ('Slc35a1', 1.0851150748701996), ('Cdk11b', 1.0887516607761312), ('Nudc', 0.3640359426950289), ('Spint1', 0.5965361712230695), ('Hypk', 2.6267587097892275), ('Serp1', 1.2988965908175654), ('Romo1', 3.5131776645045205), ('Snhg8', 4.693081568148552), ('Polr2j', 0.3163360790235807), ('Ribc1', 0.1003791263562086), ('Mrpl44', 1.7940936262940623), ('Slc35c2', 0.6321976405972155), ('Rps4x', 6.944820765102524), ('Hspd1', 0.6785658908411167), ('2610528J11Rik', 0.1810606620597867), ('Gnl3l', 2.174387308451606), ('Ergic3', 1.2979213661937103), ('Slc35a2', 1.1517374179944515), ('Mospd3', 4.632648234666782), ('Trnau1ap', 0.6530172764078491), ('Wdr1', 0.5462295502777973), ('Armcx2', 2.5977792618412754), ('Pcna', 0.7869912513106198), ('Hsd17b11', 0.7308637735826182), ('Aph1a', 1.3690861741850031), ('Mrps21', 0.6991041274562549), ('Uqcrh', 1.6812668224945282), ('Dnlz', 0.2994911998172158), ('Asnsd1', 3.819244417505297), ('Cox20', 4.129186329124751), ('Trim46', 0.2086143231643316), ('Txnip', 2.562070474940666), ('9230102O04Rik', 1.103264481152213), ('Rpl6', 5.691269483330712), ('Eloc', 1.4768876404772309), ('Atp5e', 1.8597913108505215), ('Rpl21', 4.5352435024666935), ('Rps3a1', 4.812796314639975), ('Rps8', 4.791744362276255), ('Pdap1', 1.1450414232202382), ('Surf1', 0.2635224593283379), ('Rpl11', 7.259650519282836), ('Mul1', 0.821430028890517), ('Lmna', 1.6764010956213398), ('Klhl9', 0.547775920008953), ('Kdelr2', 1.6446948263898369), ('Ppp1r14d', 0.0960836020487894), ('Gm13889', 0.4388162842134255), ('Rpl37a', 9.60587369035012), ('Tomm7', 5.306175064973837), ('Ppp1cb', 0.3596230701897387), ('Cst3', 0.3259539710177536), ('Tgoln1', 0.7037024609515469), ('Sars', 0.5667818493841739), ('Itm2c', 0.900849411583888), ('Rps27', 3.792416092468727), ('Dpm3', 3.846600600241573), ('Rpl36a', 1.205512112017226), ('Mrpl51', 3.669263628146005), ('Rpl31', 4.624242605852109), ('Atp5j2', 0.7610204665732454), ('Tceal8', 0.4724539092309754), ('Rpl12', 4.254175374904963), ('Eef1b2', 0.3820498493144143), ('Tacstd2', 5.001565856745346), ('Pmpcb', 0.7736969395105118), ('Tmsb4x', 0.6584717815372648), ('Plod3', 2.915154801914856), ('Psmb4', 1.902782996043833), ('Casz1', 0.3184687784241203), ('Rnf4', 0.545865897383962), ('Tfb2m', 0.3985621238888667), ('Ramp1', 0.2450536351691661), ('Cox6a1', 0.570369457365181), ('Ddost', 0.8235057138742017), ('Ncl', 1.4189531508040645), ('Rpl35', 7.691085657928685), ('Fis1', 0.3655313853137305), ('Rbm43', 0.4157931160606231), ('Plb1', 0.5171057760165364), ('Csrp1', 0.3294087597036199), ('Zcchc13', 0.0224076798742844), ('Efna1', 0.2208257215794514), ('Mrpl30', 1.9538546506914292), ('Zfp593', 0.1041167663075362), ('Adh5', 1.331866125342564), ('Pdzd11', 0.3720840954781978), ('Ssr4', 4.400720207903799), ('Psmc3', 1.5873915988648102), ('Ssr3', 0.395816308938584), ('Pms2', 0.5240442852435968), ('Mpped2', 0.6380636384390915), ('Tubb4b', 10.699764654352023), ('Cops6', 0.7270355769437906), ('Psmg3', 1.6297399469042215), ('Vsig10', 0.5358030448850329), ('Alkbh2', 0.5083499830119459), ('Ppcs', 0.2551461177694523), ('Bcl2l11', 0.3103221233906015), ('Lamtor2', 0.4123612086280814), ('Plp2', 0.2704084804884462), ('Bmyc', 1.6916113787165807), ('Suclg1', 0.5751819440576291), ('Edf1', 1.529809803959776), ('Gng5', 3.0217935739161894), ('Tmub1', 3.649054876524664), ('Tmem35a', 0.4709022641780038), ('Tesk1', 3.614120540918614), ('Jtb', 1.129261343407043), ('Mrfap1', 1.8665709636070755), ('Ost4', 1.252511837022105), ('Hes6', 0.2450232855869393), ('Zfas1', 0.2834442294468037), ('Znhit1', 1.1348045558958888), ('Gmps', 0.3232787210395836), ('Ndufa1', 0.6172703301110147), ('Ifnlr1', 0.3382895023200059), ('Rassf5', 0.4177324667343601), ('Cnbp', 1.318051848153924), ('Glmp', 1.0622916633673654), ('Dpp7', 0.2270125246300284), ('Mlf2', 2.627565093077445), ('Csn3', 5.433413621033023), ('Mageh1', 0.9257237234787598), ('Rnf114', 1.405863092033491), ('Dnaja1', 0.381526755939395), ('Mrps14', 5.047697187598663), ('Pebp1', 1.0193602109417903), ('Calr4', 0.360408027712681), ('Aamp', 0.3632840562093308)]",4730
Elf3,taipale_tf_pairs__ETV2_DLX3_RSCGGAANNNNNNNTAATKR_CAP_repr,0.051860041,3.339356433,1.99E-06,1,motif similar to transfac_pro__M01977 ('V$ESE1_01: ESE-1'; q-value = 1.99e-06) which is directly annotated,"frozenset({'top50perTarget', 'activating', 'mm10_500bp_up_100bp_down_full_tx_v10_clust.genes_vs_motifs.rankings'})","[('Zdhhc4', 1.265132218491973), ('Nifk', 0.1472586445281768), ('Rps6', 3.5327857240096656), ('Ufc1', 0.3853919701313398), ('Rps15a-ps4', 0.4322697693231845), ('Cdk9', 2.804577315077096), ('Ribc1', 0.1003791263562086), ('Tfip11', 0.2456561389727037), ('Pomp', 3.563535092719023), ('Chchd5', 4.767013550924412), ('Rpl37a', 9.60587369035012), ('Eloc', 1.4768876404772309), ('Chchd2', 2.557466148685137), ('Gas5', 1.2507284597893424), ('Rhbdd1', 0.3410495936995331), ('Slc35c2', 0.6321976405972155), ('Dnaja1', 0.381526755939395), ('Ctnnd1', 2.074578271351357), ('Dtymk', 1.5416023537973191), ('Tmem128', 0.700919329681676), ('Eif3i', 1.0711171768643992), ('Rer1', 2.3805888016153984), ('Ubl4a', 5.942450138387884), ('Pcna', 0.7869912513106198), ('Cox5b', 3.875374352152424), ('Kdelr2', 1.6446948263898369), ('Lyrm2', 0.6140134240231712), ('Mageh1', 0.9257237234787598), ('Rpl35', 7.691085657928685), ('Rpl36a', 1.205512112017226), ('Fis1', 0.3655313853137305), ('Cdk11b', 1.0887516607761312), ('Prpf18', 0.6398243877498686), ('Gnl3l', 2.174387308451606), ('Rps21', 1.4482275151073447), ('Trmt6', 0.5747776557655717), ('Rpl31', 4.624242605852109), ('Snhg6', 0.3325366513832665), ('Mrpl20', 1.0162667979413902), ('Ttc30b', 0.5085703909253274), ('Trim46', 0.2086143231643316), ('Mrpl51', 3.669263628146005), ('Tor1aip2', 0.9148038734934176), ('Pdap1', 1.1450414232202382), ('Tfb2m', 0.3985621238888667), ('Sys1', 0.6918146737271256), ('Eef1b2', 0.3820498493144143), ('Rps27', 3.792416092468727), ('2510039O18Rik', 1.485187275008885), ('Armcx2', 2.5977792618412754), ('Rhoc', 0.7648891386577251), ('Jtb', 1.129261343407043), ('Psmg3', 1.6297399469042215), ('Cox6a1', 0.570369457365181), ('Csrp1', 0.3294087597036199), ('Mrpl24', 0.8374163876096332), ('Iqsec1', 0.3727025159270573), ('Itm2c', 0.900849411583888), ('Hypk', 2.6267587097892275), ('Gimap9', 0.1039556905643864), ('Hsd17b11', 0.7308637735826182), ('Uqcrh', 1.6812668224945282), ('Ost4', 1.252511837022105), ('Cox20', 4.129186329124751), ('Ppp1r35', 0.1631891916865515), ('Mdh2', 0.3510299977675214), ('Srp14', 1.0248856135680096), ('Tmem54', 0.9645871311102064), ('Pmpcb', 0.7736969395105118), ('Ybx1', 2.807181325090588), ('Aamp', 0.3632840562093308), ('Trp53rka', 0.2027249674357953), ('Dusp19', 0.4090749821567173), ('Gnb2', 8.999526604885517), ('Ramp1', 0.2450536351691661), ('Tmem176a', 1.4402318771202138), ('Atp6v1g1', 0.4416715718043794), ('Tprgl', 0.2784484726915601), ('Slc35a2', 1.1517374179944515), ('Rnf4', 0.545865897383962), ('Wbscr25', 0.0450197982018655), ('Arfip1', 0.7886837317844768), ('Acot8', 0.9092446503825008)]",2133
Elf3,metacluster_183.4,0.062452117,4.778195105,6.40E-07,1,gene is annotated for similar motif transfac_pro__M01977 ('V$ESE1_01: ESE-1'; q-value = 6.4e-07),"frozenset({'top50perTarget', 'activating', 'mm10_500bp_up_100bp_down_full_tx_v10_clust.genes_vs_motifs.rankings'})","[('Rbbp7', 0.4554872093912407), ('Pcna', 0.7869912513106198), ('Set', 0.5636022243312763), ('Plp2', 0.2704084804884462), ('Dtymk', 1.5416023537973191), ('Rpl31', 4.624242605852109), ('Tmem54', 0.9645871311102064), ('Zfp37', 0.0981764262609881), ('Snhg12', 1.203948266655376), ('Ddost', 0.8235057138742017), ('Bbox1', 0.5185575783251654), ('Glt28d2', 0.3691692305032965), ('Gnas', 1.4936734864216774), ('Bhlhe41', 2.097549219898518), ('Ccdc181', 0.9199700404364868), ('Cst3', 0.3259539710177536), ('Spint1', 0.5965361712230695), ('Kdelr2', 1.6446948263898369), ('Ppcs', 0.2551461177694523), ('Gapdh', 2.0343246796502483), ('Rpl7', 6.597474839088456), ('Dnajc5', 1.752080393910182), ('Ckmt1', 1.4360935812263862), ('Rbm43', 0.4157931160606231), ('Rilpl2', 0.2930346005636122), ('Ssr2', 0.6762805375152954), ('Txnip', 2.562070474940666), ('Ndufs5', 1.2456163857947564), ('Ttc30b', 0.5085703909253274), ('Gata3', 0.5527014248542522), ('Eif2s2', 1.277292584408239), ('Suclg1', 0.5751819440576291), ('Ctnnd1', 2.074578271351357), ('Dstn', 0.8683631520197609), ('Eif2s3x', 0.3228217179270388), ('Stat1', 0.6266105925308372), ('Ctdsp1', 0.1478776218132742), ('Rab29', 0.5432855946473495), ('Adh5', 1.331866125342564), ('Pkig', 0.5642498329861704), ('Zdhhc4', 1.265132218491973), ('Rps15a-ps4', 0.4322697693231845), ('Atf3', 0.3109204893390333)]",1012
Elf3,metacluster_191.3,0.057272626,4.074607651,2.47E-09,0.876011,motif similar to swissregulon__hs__ELF3 ('hs__ELF3'; q-value = 2.47e-09) which is annotated for orthologous gene ENSG00000163435 in H. sapiens (identity = 87%),"frozenset({'top50perTarget', 'activating', 'mm10_500bp_up_100bp_down_full_tx_v10_clust.genes_vs_motifs.rankings'})","[('Lyrm2', 0.6140134240231712), ('Dtymk', 1.5416023537973191), ('Rpl34', 0.9222177601901144), ('Mrpl20', 1.0162667979413902), ('Nifk', 0.1472586445281768), ('Zdhhc4', 1.265132218491973), ('Rer1', 2.3805888016153984), ('Pomp', 3.563535092719023), ('Ufc1', 0.3853919701313398), ('Tfip11', 0.2456561389727037), ('Chchd2', 2.557466148685137), ('Tprgl', 0.2784484726915601), ('Alpl', 0.6296983281311339), ('Snhg6', 0.3325366513832665), ('Aph1a', 1.3690861741850031), ('Chchd5', 4.767013550924412), ('Srp14', 1.0248856135680096), ('Ttc30b', 0.5085703909253274), ('Slc35c2', 0.6321976405972155), ('Cdk9', 2.804577315077096), ('Rpl37a', 9.60587369035012), ('Snhg8', 4.693081568148552), ('Trmt6', 0.5747776557655717), ('Srsf9', 1.1912072467971433), ('Trp53rka', 0.2027249674357953), ('Rps21', 1.4482275151073447), ('Cox5b', 3.875374352152424), ('Sf3b4', 0.3726160035985026), ('Rps6', 3.5327857240096656), ('Gmps', 0.3232787210395836), ('Ccdc181', 0.9199700404364868), ('Zbtb33', 1.0210985380744553), ('Tfb2m', 0.3985621238888667), ('Pdcl', 0.5251199045489001), ('Tmem128', 0.700919329681676), ('Rhbdd1', 0.3410495936995331), ('Atp5k', 4.494725725542192), ('Gm13889', 0.4388162842134255), ('Rpl35', 7.691085657928685), ('Arl6ip4', 1.759430610576063), ('Dusp19', 0.4090749821567173), ('Trim46', 0.2086143231643316), ('Gatad1', 0.5811162757729276), ('Eif3m', 0.5463596824285215), ('Aoc1', 0.0285043596668963), ('Surf1', 0.2635224593283379), ('Tgoln1', 0.7037024609515469), ('Hypk', 2.6267587097892275), ('Trnau1ap', 0.6530172764078491), ('Slc35a1', 1.0851150748701996), ('Ssr3', 0.395816308938584), ('Tceal8', 0.4724539092309754), ('Eif3i', 1.0711171768643992), ('Polr2j', 0.3163360790235807), ('Aamp', 0.3632840562093308), ('Spint1', 0.5965361712230695), ('Arfip1', 0.7886837317844768), ('Pla2g4a', 2.21216127274469), ('Casz1', 0.3184687784241203), ('Eif3b', 0.6118825909511446), ('Rps3a1', 4.812796314639975), ('Psmg3', 1.6297399469042215), ('Prpf18', 0.6398243877498686), ('Ifnlr1', 0.3382895023200059), ('Gad1os', 9.354049251792829e-08), ('S100a6', 3.6219568825861033), ('Cdk11b', 1.0887516607761312), ('Sys1', 0.6918146737271256), ('Gas5', 1.2507284597893424), ('Atp5j2', 0.7610204665732454), ('Pdzk1ip1', 3.3329664303536024), ('9230102O04Rik', 1.103264481152213), ('2610528J11Rik', 0.1810606620597867), ('Gnl3l', 2.174387308451606), ('Polr3k', 0.3950673997689223), ('Lxn', 0.1936230116637451), ('Romo1', 3.5131776645045205), ('Ppp1r35', 0.1631891916865515), ('Sars', 0.5667818493841739), ('Cdh20', 0.0557479023490496), ('Tmsb4x', 0.6584717815372648), ('Pcna', 0.7869912513106198), ('Mrpl44', 1.7940936262940623), ('Dpm3', 3.846600600241573), ('Ssr4', 4.400720207903799), ('Dnlz', 0.2994911998172158), ('R3hdml', 3.27142613309681), ('Eloc', 1.4768876404772309), ('Znhit1', 1.1348045558958888), ('Glul', 1.3321083775168596), ('Asl', 0.50586401899576), ('Hsd17b11', 0.7308637735826182), ('Pkig', 0.5642498329861704), ('Dnajc5', 1.752080393910182), ('Atp5e', 1.8597913108505215), ('Pdzd11', 0.3720840954781978), ('Mospd3', 4.632648234666782), ('Rnf4', 0.545865897383962), ('Asnsd1', 3.819244417505297), ('Acot8', 0.9092446503825008), ('Psmb4', 1.902782996043833), ('Phf13', 1.2108670597891025), ('Osgin2', 1.500171806537862), ('Tacr3', 0.0339652663429082), ('Cox6a1', 0.570369457365181), ('Wdr1', 0.5462295502777973), ('Rpl39', 5.976106797825928), ('Mpped2', 0.6380636384390915), ('Itm2c', 0.900849411583888), ('Cops6', 0.7270355769437906), ('BC016548', 0.2790530748685806), ('Tacstd2', 5.001565856745346), ('Rpl11', 7.259650519282836), ('Dnaja1', 0.381526755939395), ('Ubl4a', 5.942450138387884), ('Ppdpf', 0.9996332454707872), ('Notch1', 2.6513074646404), ('Ppp1r14d', 0.0960836020487894), ('4930584F24Rik', 0.0337525896505125), ('Armcx2', 2.5977792618412754), ('Ncl', 1.4189531508040645), ('Mrps21', 0.6991041274562549), ('Rpl21', 4.5352435024666935), ('Bcl2l11', 0.3103221233906015), ('Eef1b2', 0.3820498493144143), ('Glrx2', 0.9801396041647992), ('Mlf2', 2.627565093077445), ('Gstm5', 2.953980760285627), ('Pomgnt1', 0.4950991819021267), ('Mageh1', 0.9257237234787598), ('Rassf5', 0.4177324667343601), ('Hspd1', 0.6785658908411167), ('Tmsb10', 3.0028708790446608), ('Fis1', 0.3655313853137305), ('Ribc1', 0.1003791263562086), ('Ramp1', 0.2450536351691661), ('Cxcl15', 2.8213141240061548), ('Tyro3', 1.6187737374038031), ('Trmo', 0.1896910410953036), ('Ccdc34', 0.4859029354417284), ('Ttll7', 0.2718565228283846), ('Tmem59', 0.835692821262313), ('Rpl31', 4.624242605852109), ('Fam210b', 1.0781763606261914), ('Ost4', 1.252511837022105)]",4861
Elf3,metacluster_138.2,0.060044048,4.451080488,1.33E-10,1,gene is annotated for similar motif transfac_pro__M01977 ('V$ESE1_01: ESE-1'; q-value = 1.33e-10),"frozenset({'top50perTarget', 'activating', 'mm10_500bp_up_100bp_down_full_tx_v10_clust.genes_vs_motifs.rankings'})","[('Mrpl20', 1.0162667979413902), ('Zdhhc4', 1.265132218491973), ('Ccdc181', 0.9199700404364868), ('Pja1', 0.2419177041515393), ('Gas5', 1.2507284597893424), ('Arl6ip4', 1.759430610576063), ('Rps20', 6.499868782893818), ('Ppp1r35', 0.1631891916865515), ('Rps21', 1.4482275151073447), ('Gatad1', 0.5811162757729276), ('Mospd3', 4.632648234666782), ('Tuba4a', 3.456942986518744), ('Trmt6', 0.5747776557655717), ('Rer1', 2.3805888016153984), ('Acot8', 0.9092446503825008), ('Pkig', 0.5642498329861704), ('Rhbdd1', 0.3410495936995331), ('Rhov', 5.112278000818578), ('Itm2c', 0.900849411583888), ('Dnajc5', 1.752080393910182), ('Serp1', 1.2988965908175654), ('Mrpl44', 1.7940936262940623), ('Hes6', 0.2450232855869393), ('Ufc1', 0.3853919701313398), ('Eif3i', 1.0711171768643992), ('Arfip1', 0.7886837317844768), ('Tfip11', 0.2456561389727037), ('Pmpcb', 0.7736969395105118), ('Eif3m', 0.5463596824285215), ('Ttc22', 0.0841778683978359), ('Tmem128', 0.700919329681676), ('Rpl31', 4.624242605852109), ('Crabp2', 7.627204441367524), ('Asnsd1', 3.819244417505297), ('Ddost', 0.8235057138742017), ('Tomm7', 5.306175064973837), ('Klhl9', 0.547775920008953), ('Ssr2', 0.6762805375152954), ('Dtymk', 1.5416023537973191), ('Tmem9', 0.8764024903706269), ('Cebpb', 2.628600774312722), ('Rpl21', 4.5352435024666935), ('Pdcl', 0.5251199045489001), ('Rpl12', 4.254175374904963), ('Glrx2', 0.9801396041647992), ('Erich2', 0.9677998682020962), ('Eloc', 1.4768876404772309), ('Tor1aip2', 0.9148038734934176), ('Uqcrh', 1.6812668224945282), ('Tmsb4x', 0.6584717815372648), ('Romo1', 3.5131776645045205), ('Cox20', 4.129186329124751), ('Prpf18', 0.6398243877498686), ('S100a11', 10.458597992816564), ('Pgrmc1', 0.7514951764690033), ('Pigr', 5.885220452588581e-07), ('Cd9', 0.6415927306830784), ('Lmna', 1.6764010956213398), ('Muc15', 1.2533604674182817), ('Hmgn2', 0.6603934531389667), ('Bmyc', 1.6916113787165807), ('Psmd10', 0.9750035803454904), ('H13', 1.018961854318608), ('Ndufa1', 0.6172703301110147), ('Trnau1ap', 0.6530172764078491), ('Suclg1', 0.5751819440576291), ('Hspd1', 0.6785658908411167), ('Kit', 0.2529474673689652), ('Ppcs', 0.2551461177694523), ('Pomp', 3.563535092719023), ('Ppp1cb', 0.3596230701897387), ('Snhg12', 1.203948266655376), ('Csrp1', 0.3294087597036199), ('Prom2', 1.569914867979904), ('Slc35a2', 1.1517374179944515), ('Plp2', 0.2704084804884462), ('Samhd1', 0.3224176318855168), ('Chchd5', 4.767013550924412), ('Cdh7', 0.496827888559687), ('Zbtb33', 1.0210985380744553), ('Trp53rka', 0.2027249674357953), ('Gnas', 1.4936734864216774), ('Rps8', 4.791744362276255), ('Srp14', 1.0248856135680096), ('Jtb', 1.129261343407043), ('Polr3k', 0.3950673997689223), ('Bhlha15', 1.7721815743924016), ('Lamtor4', 1.218702861619034), ('Gnb2', 8.999526604885517), ('Bex3', 0.5167399149085635), ('Casz1', 0.3184687784241203), ('Tubb4b', 10.699764654352023), ('Aph1a', 1.3690861741850031), ('Iqsec1', 0.3727025159270573), ('Gnl3l', 2.174387308451606), ('Polr2j', 0.3163360790235807), ('Dusp19', 0.4090749821567173), ('Phf13', 1.2108670597891025), ('Gm13889', 0.4388162842134255), ('Rps6', 3.5327857240096656), ('9230102O04Rik', 1.103264481152213), ('Csrnp3', 0.0881069094363473), ('Cxcl15', 2.8213141240061548), ('Rnf4', 0.545865897383962), ('Srm', 0.1123881181507688), ('Areg', 4.759887713654706), ('Sars', 0.5667818493841739), ('Bend7', 0.2529345812665371), ('Gls', 1.1113731024665623), ('Mlf2', 2.627565093077445), ('Hey1', 3.370491972810342), ('Cldn3', 3.867626107081189), ('Vsig10', 0.5358030448850329), ('Osgin2', 1.500171806537862), ('Nudc', 0.3640359426950289), ('Fgfr3', 0.471727686160818), ('Chchd2', 2.557466148685137), ('Mmgt1', 0.2284226946224506), ('Alkbh2', 0.5083499830119459), ('Pin4', 2.716164456454805), ('Rbm43', 0.4157931160606231), ('Coro2a', 0.5899641465870464), ('Dpysl5', 1.229910963843742), ('Tmbim1', 2.9952696926847664), ('Armcx2', 2.5977792618412754), ('Gpc1', 0.1913667751304799), ('Cnn3', 1.3976107665920785), ('Bola1', 0.7781660162805222), ('Pdia4', 0.603774178931218), ('Asl', 0.50586401899576), ('Fpgs', 0.2125611333036288), ('Tead4', 0.2378147550935658), ('Igfbp5', 3.3173696297776765), ('Ndufc1', 0.763439370668766), ('Edf1', 1.529809803959776), ('Mrps21', 0.6991041274562549), ('Cited4', 1.141386213573334), ('Rnf208', 1.9488889353989949), ('Mrpl51', 3.669263628146005), ('Rps3a1', 4.812796314639975), ('Ppdpf', 0.9996332454707872), ('Fam210b', 1.0781763606261914), ('Tprgl', 0.2784484726915601), ('1810037I17Rik', 0.5472739468593752), ('Wdr1', 0.5462295502777973), ('Pdap1', 1.1450414232202382), ('Ovol2', 0.2977005254813318), ('Arrdc1', 0.3637809126079462), ('Ribc1', 0.1003791263562086), ('Mul1', 0.821430028890517), ('Cox5b', 3.875374352152424), ('Ttc30b', 0.5085703909253274), ('Gata3', 0.5527014248542522), ('Pla2g4a', 2.21216127274469), ('Kcns1', 0.1728937174276096), ('Pdzd11', 0.3720840954781978), ('Ralgds', 0.7726359816063993), ('Hspa5', 0.5533593549642041), ('Hsd17b10', 2.1678912350424087)]",4988
Elf3,metacluster_166.4,0.059106529,4.323726968,0,1,gene is directly annotated,"frozenset({'top50perTarget', 'activating', 'mm10_500bp_up_100bp_down_full_tx_v10_clust.genes_vs_motifs.rankings'})","[('Chchd5', 4.767013550924412), ('Zdhhc4', 1.265132218491973), ('Tfip11', 0.2456561389727037), ('Mrpl20', 1.0162667979413902), ('Ttc30b', 0.5085703909253274), ('Rer1', 2.3805888016153984), ('Lyrm2', 0.6140134240231712), ('Rps6', 3.5327857240096656), ('Ssr2', 0.6762805375152954), ('Cdk9', 2.804577315077096), ('Pomp', 3.563535092719023), ('Eif3i', 1.0711171768643992), ('Dtymk', 1.5416023537973191), ('Chchd2', 2.557466148685137), ('Rhbdd1', 0.3410495936995331), ('Sf3b4', 0.3726160035985026), ('Nifk', 0.1472586445281768), ('Rps21', 1.4482275151073447), ('Arfip1', 0.7886837317844768), ('Tmem128', 0.700919329681676), ('Gatad1', 0.5811162757729276), ('Armcx2', 2.5977792618412754), ('Mrpl51', 3.669263628146005), ('Acot8', 0.9092446503825008), ('Tprgl', 0.2784484726915601), ('Sys1', 0.6918146737271256), ('Uqcrh', 1.6812668224945282), ('Eif3m', 0.5463596824285215), ('Cdk11b', 1.0887516607761312), ('Trim46', 0.2086143231643316), ('Ppp1r35', 0.1631891916865515), ('Cox5b', 3.875374352152424), ('Snhg6', 0.3325366513832665), ('Ccdc181', 0.9199700404364868), ('Rps27', 3.792416092468727), ('Arl6ip4', 1.759430610576063), ('Trmt6', 0.5747776557655717), ('Romo1', 3.5131776645045205), ('Ribc1', 0.1003791263562086), ('Gnl3l', 2.174387308451606), ('Prpf18', 0.6398243877498686), ('Gas5', 1.2507284597893424), ('Mul1', 0.821430028890517), ('Pdap1', 1.1450414232202382), ('Pdcl', 0.5251199045489001), ('Rpl34', 0.9222177601901144), ('Ppp1cb', 0.3596230701897387), ('Slc35c2', 0.6321976405972155), ('Rac1', 0.4235797063772934), ('Slc35a1', 1.0851150748701996), ('Ddost', 0.8235057138742017), ('Itm2c', 0.900849411583888), ('Ost4', 1.252511837022105), ('Rpl37a', 9.60587369035012), ('Ufc1', 0.3853919701313398), ('Hypk', 2.6267587097892275), ('Rpl11', 7.259650519282836), ('Mageh1', 0.9257237234787598), ('Rpl6', 5.691269483330712), ('Slc35a2', 1.1517374179944515), ('Psmb4', 1.902782996043833), ('2610528J11Rik', 0.1810606620597867), ('Vamp3', 1.0618602757543965), ('Eef1b2', 0.3820498493144143), ('Srp14', 1.0248856135680096), ('Dnlz', 0.2994911998172158), ('Cox20', 4.129186329124751), ('Hspd1', 0.6785658908411167), ('Psmg3', 1.6297399469042215), ('Mrps14', 5.047697187598663), ('Eif2s3x', 0.3228217179270388), ('Tfb2m', 0.3985621238888667), ('Plb1', 0.5171057760165364), ('Rnf4', 0.545865897383962), ('Rpl12', 4.254175374904963), ('Psd4', 0.1687185330632316), ('Kdelr2', 1.6446948263898369), ('Mrpl44', 1.7940936262940623), ('Eloc', 1.4768876404772309), ('Pdzd11', 0.3720840954781978), ('Polr2j', 0.3163360790235807), ('Lmna', 1.6764010956213398), ('Rpl21', 4.5352435024666935), ('Cox6a1', 0.570369457365181), ('Asnsd1', 3.819244417505297), ('Dusp19', 0.4090749821567173), ('Pmpcb', 0.7736969395105118), ('Fis1', 0.3655313853137305), ('Mlf2', 2.627565093077445), ('Lamtor2', 0.4123612086280814), ('Ubl4a', 5.942450138387884), ('Bola1', 0.7781660162805222), ('Wdr1', 0.5462295502777973), ('Nudc', 0.3640359426950289), ('Serp1', 1.2988965908175654), ('1700125G22Rik', 0.1827260451092584), ('Csn3', 5.433413621033023), ('Pebp1', 1.0193602109417903), ('Rpl31', 4.624242605852109), ('Ppcs', 0.2551461177694523), ('Csrp1', 0.3294087597036199), ('Spint1', 0.5965361712230695), ('Atp5e', 1.8597913108505215), ('Rpl36a', 1.205512112017226), ('Ybx1', 2.807181325090588), ('Tmem54', 0.9645871311102064), ('Tmub1', 3.649054876524664), ('Pex11b', 0.8162567355669784), ('Atp5k', 4.494725725542192), ('Pcna', 0.7869912513106198), ('Vma21', 0.647655221960251), ('Vsig10', 0.5358030448850329), ('Suclg1', 0.5751819440576291), ('Rps4x', 6.944820765102524), ('Tead4', 0.2378147550935658), ('H13', 1.018961854318608), ('Ramp1', 0.2450536351691661), ('Cnn3', 1.3976107665920785), ('Bmyc', 1.6916113787165807), ('Alkbh2', 0.5083499830119459), ('Rpl35', 7.691085657928685), ('Trnau1ap', 0.6530172764078491), ('Pkp1', 1.2949507665895152), ('Dnaja1', 0.381526755939395), ('Ergic3', 1.2979213661937103), ('Rps8', 4.791744362276255), ('Iqsec1', 0.3727025159270573), ('Tpi1', 3.411667316354845), ('Rps20', 6.499868782893818), ('Trp53rka', 0.2027249674357953), ('Zfp593', 0.1041167663075362), ('Serinc3', 3.890573901170929), ('Jtb', 1.129261343407043), ('Klhl9', 0.547775920008953), ('Mrps21', 0.6991041274562549), ('Tomm7', 5.306175064973837), ('Zfas1', 0.2834442294468037), ('Ttc22', 0.0841778683978359), ('Snhg8', 4.693081568148552), ('Pja1', 0.2419177041515393), ('Cst3', 0.3259539710177536), ('Tmem59', 0.835692821262313), ('Sars', 0.5667818493841739), ('Rps3a1', 4.812796314639975), ('Trmo', 0.1896910410953036), ('Prom2', 1.569914867979904), ('Tubb4b', 10.699764654352023), ('Txnip', 2.562070474940666), ('9230102O04Rik', 1.103264481152213), ('Naa10', 0.292073726973779), ('Dnajc5', 1.752080393910182), ('Rbm43', 0.4157931160606231), ('Psmd10', 0.9750035803454904)]",4524
Gata3,metacluster_138.2,0.051029199,3.268766569,1.49E-08,0.96614,gene is orthologous to ENSG00000107485 in H. sapiens (identity = 96%) which is annotated for similar motif tfdimers__MD00562 ('M00025_forward_24_M00789_forward dimer: Elk-1 / GATA'; q-value = 1.49e-08),"frozenset({'top50perTarget', 'activating', 'mm10_500bp_up_100bp_down_full_tx_v10_clust.genes_vs_motifs.rankings'})","[('Srm', 1.1665949532674875), ('Car2', 0.0941697921988282), ('Prickle2', 2.033097147801655), ('Acsl3', 10.2618873254131), ('Utp14b', 0.692739153917216), ('Steap2', 7.723154050008899), ('Rpn2', 7.772708519154752), ('Pdik1l', 0.6824092569271557), ('Jade1', 1.3179036531081936), ('Dnajc6', 6.759040545049367), ('Slc44a1', 7.195356268102367), ('Ythdf2', 1.0052190851823426), ('Tet2', 0.265123791909728), ('Creb3l1', 0.3428219830513869), ('Tdrd5', 0.0123021273321351), ('Rab2a', 1.771116452627847), ('Slc27a4', 0.5047937030905972), ('Tmcc2', 7.979158722572296), ('Lypla1', 3.3042386329912805), ('Patj', 20.087201150688013), ('Sdcbp', 6.018951278111125), ('Vapb', 0.7131701135616079), ('Tbc1d8', 19.068966911947303), ('Xpr1', 2.977470599931124), ('Akirin1', 7.974718907115373), ('Thsd7a', 0.3626699685881689), ('Cbfa2t2', 0.295928301165925), ('Ddi2', 13.492175235492445), ('Mier1', 0.5211272154740006), ('2610301B20Rik', 1.6746892974051748), ('Sms', 4.8272061635930426), ('Tbc1d1', 7.910709274818459), ('Caprin1', 0.2126003945386779), ('Phlpp1', 11.847846294728198), ('Nrbp1', 0.3126519149966164), ('Arap2', 0.2972895740494936), ('Dcun1d1', 1.5639924617375809), ('Col25a1', 0.9228624727254032), ('Proser2', 3.0276085875296106), ('Chic1', 1.5275354352285324), ('Psip1', 2.595281137692565), ('Tcp11l1', 1.3809768491171666), ('Cdc73', 0.2539512945376282), ('Txlna', 0.7248468327121762), ('G3bp2', 11.552754169848976), ('Casz1', 30.91176076257611), ('Slc25a12', 6.987545349970776), ('Traf2', 3.3063653458915017), ('Sbspon', 0.4737307668360854), ('AI506816', 2.2697110493959234), ('Eogt', 0.9061745529455332), ('Myo1b', 10.474923878506624), ('Mms22l', 0.6775723966742244), ('Snhg6', 7.253891095653808), ('Maml3', 26.27632219006717), ('Adrm1', 6.662716571791111), ('Rbm17', 3.226806795981022), ('Ndufa4', 14.8994762187341), ('Cops7a', 2.874578859707205), ('Cdkl2', 0.2781643110525938), ('Zbtb33', 1.3789587182013163), ('Rilpl2', 2.0810180254284734), ('Gtf2i', 2.075040358381384), ('Mllt3', 1.2681556908361644), ('Dnajc1', 4.669153086205605), ('Papss1', 19.792824819483357), ('Eif3b', 10.164533408885504), ('Mterf1a', 0.273044545209117), ('Secisbp2l', 2.374400303149299), ('Tmem168', 0.3900861914007697), ('Rbms1', 0.4527881366604748), ('Tsn', 4.255661853078541), ('Zdhhc5', 2.153208407725419), ('Ptpn6', 0.3512714912072384), ('Dab2ip', 0.1834078160822394), ('Lama5', 7.215256532137282), ('Fip1l1', 0.6571920875180862), ('Elf2', 0.4685721563579187), ('Pkig', 15.4646915040642), ('Wipi2', 1.874432225589207), ('Dmd', 0.6701777876106907), ('Pkp4', 5.738746890335471), ('Zdhhc12', 0.6328847657108173), ('Denr', 10.807389797358567), ('Nck2', 40.9263947180842), ('Fgfr3', 1.5774764369234389), ('BC107364', 1.564296392259358), ('Atp5e', 13.537537428671609), ('Exo1', 0.8540874187222983), ('Slc30a9', 1.100299475388344), ('Ccdc149', 0.4382161221757445), ('Ino80d', 0.5523737394630762), ('Atg13', 1.64580427865425), ('Spin2c', 0.1945211783303531), ('Eif5b', 6.207334503266194), ('Bend7', 8.582685045191994), ('Xk', 1.1367196780260067), ('Nemp2', 0.2333563031022476), ('Ppp1r35', 0.1456800464017112), ('Gata3', 1.0), ('Usp30', 0.3465734892378243), ('A430033K04Rik', 0.7186421688418491), ('Ovol2', 3.938213623322404), ('Coro2a', 19.03034037817884), ('Espn', 0.458833122607195), ('Susd4', 0.6585401788032937), ('Med14', 1.2639952422026262), ('Ptma', 19.515419630997563), ('Traf3ip1', 0.3365729330277127), ('Gatad1', 2.341897708919847), ('Gm5124', 0.5922925319378972), ('Dnaja1', 0.9504937065653922), ('Mycbp', 1.682832053524414), ('Nek7', 28.81010773283702), ('Arl14ep', 0.632363788381378), ('Bpnt1', 0.3806852360607041), ('Dync1i2', 0.227681449753454), ('Dhcr24', 1.755751313817845), ('Gtpbp6', 0.227541503829138), ('Hp1bp3', 1.4603768130287735), ('Mff', 0.1707001737950827), ('Klf4', 0.4140155798335527), ('Zranb2', 0.6041660339826919), ('Trp53i11', 5.925442298363066), ('Suds3', 4.692785804650499), ('Upf2', 1.6705366574331475), ('Grsf1', 0.8134282051354409), ('Wdr31', 1.5901794606732935), ('Nrarp', 0.5873607134002803), ('Cenpf', 2.080506769041559), ('Kif5c', 6.628033852281644), ('Sft2d2', 3.0669521128763515), ('Timm17a', 1.7244002508350595), ('Inip', 3.050562675241782), ('Pigv', 0.8216632598926404), ('Hnrnpu', 0.2951294368379582), ('Actl6a', 0.4014503174103677), ('Trnau1ap', 1.2670934173110011), ('Kif21b', 0.8370927432712347), ('Pop5', 3.839813686819483), ('Ptpn3', 7.489817618709925), ('Pabpc4', 1.35272401132192), ('Cbx3', 18.27755386360365), ('Lsm14b', 1.8681872713911165), ('Fblim1', 1.8577902101954664), ('Ctdsp1', 0.7871741293413448), ('Kif18a', 0.5207562011826641), ('Sptlc3', 17.214892143663025), ('Uso1', 0.531114088209013), ('Pgam5', 0.3351251969471222), ('Hmgn2', 6.357214788822507), ('Chn1', 2.9994187576795195), ('E2f5', 1.425323824742856), ('Chd4', 9.042224597649664), ('Unc119b', 1.673188130346844), ('Tanc1', 8.465393366976787), ('Pomgnt1', 5.837313343691688), ('Spry1', 0.3057366446282988), ('Eif2d', 0.8980721261510554), ('Rcc2', 8.007328917186248), ('Tmem9', 6.408185668278267), ('Hnrnpd', 0.5016238242040505), ('Rnf2', 5.062738211197147), ('Atp11b', 0.9929048929791308), ('Gm11240', 0.0859533478580723), ('Bri3', 12.642426896405508), ('Tomm5', 2.6590136379676905), ('Zfp282', 4.841727230828364), ('Rell1', 6.493919750539467), ('Hmgb3', 1.018658079384693), ('Klhl21', 4.269208235316225), ('M6pr', 15.309465454909311), ('Tmem54', 2.578743233821738), ('1500011B03Rik', 12.387839198591054), ('Eps15', 2.585350183784417), ('Uba1', 3.665871293473732), ('Harbi1', 1.038072606695651), ('Mmgt1', 1.793588357289372), ('Agbl5', 0.2854899685900826), ('Polr1d', 1.184161697474798), ('Pak6', 4.3391529532889415), ('Agrn', 6.245771964100341), ('Slc30a4', 11.707242776350336), ('Rps20', 17.89279134907168), ('Pik3c2b', 14.30890209911323), ('Stk39', 1.4105479234610732), ('Snhg12', 2.957278669293788), ('Rest', 8.677769872188179), ('Lamtor3', 0.3922426573259971), ('Pan3', 0.2367470445963108), ('F8a', 0.7032849320148968), ('Ngef', 8.222478189361498), ('Tmem183a', 3.549182176075557), ('Stx6', 0.1786419889848291), ('Itgav', 4.623868196022199), ('Szrd1', 2.396299631124576), ('Pomp', 7.685951219316044), ('Sertad4', 6.208137628350919), ('Traf6', 2.380618436038464), ('Gem', 0.0789254662412839), ('Tmsb10', 5.686992186461402), ('Usf1', 2.271037289445668), ('Rcn1', 9.32850515866194), ('Arhgef2', 12.829469797829082), ('Gid8', 5.076823294763615), ('Ube2f', 8.86415236610941), ('C1qtnf4', 1.578307944512464), ('Osbpl2', 8.333095303315524), ('Mbtps2', 0.5907011107211633), ('Tor1a', 0.3193721103027695), ('Hsdl2', 7.23196628658987), ('Kdelr2', 7.00811347712029), ('Lrp4', 2.422112950776631), ('Rabgap1', 0.3018740077075125), ('Slc25a25', 0.3231287391493667), ('Zfp618', 3.903811331958465), ('Cnot11', 1.3900899055524587), ('4930412O13Rik', 3.934832991936735), ('Agbl4', 0.0147764394101092), ('Ankle2', 0.8054515198507539), ('Ctnnal1', 0.2343445899691509), ('2410004B18Rik', 0.7290352679737451), ('Zfp711', 4.591690857467098), ('Usp46', 7.625103252604871), ('Prr14l', 0.4180814683699244), ('Cstad', 0.2630381777733388), ('Btbd3', 2.063113006000333), ('Abcd3', 0.71091417372038), ('Bag2', 5.27188517704641), ('Zmat3', 5.2155288780154265), ('Kdm1a', 3.5708312625703784), ('Icmt', 1.3861034270059471), ('Ociad1', 1.7019569785261586), ('Golim4', 2.2833042941604047), ('Rere', 0.8989181392841853), ('Arpc3', 4.310682877998104), ('Fbxw2', 0.3872856732654252), ('Bub1', 0.1592919458497416), ('Tmem214', 1.651310269366202), ('Psrc1', 1.3416329726416043), ('Dnttip2', 5.63767016787359), ('Phtf1', 0.4597256605469794), ('Arl4c', 1.246778456743635), ('Dnpep', 5.149010008713362), ('Scmh1', 0.3370066612505764), ('Pde4b', 2.777755987725828), ('Dhx36', 0.3629192540050664), ('Trim2', 17.584947638296672), ('Bcl2', 2.479059852243611), ('Fundc2', 3.212924357582731), ('Rap1gapos', 0.1989861642276401), ('Abi2', 1.2085872616079982), ('Fzd10', 1.4832145832188888), ('Thbs1', 1.0023193724799009), ('Gar1', 2.8092239532434022), ('Dnajc5', 0.8448527817908135), ('Rbm43', 5.242772144477767), ('Kdm3a', 6.759388771293009), ('Sec23b', 1.4690897179334337), ('Plp2', 4.864257117342151), ('Bex2', 0.0473815705854296), ('Gprasp1', 0.3802192481345641), ('Prox1', 0.0417512309046251), ('Fbxw8', 0.3855440080561153), ('S100a10', 1.0765322529911978), ('Hdgf', 7.438868099241349), ('Hat1', 2.188754406606284), ('Spg20', 3.247833299803353), ('Utp3', 3.040128950401898), ('Cenpb', 5.850010460042106), ('Mme', 0.672045882135469), ('Tpd52', 18.459846960141743), ('Sri', 11.1128948119616), ('Tapt1', 7.680284386820898), ('Zxdc', 2.101138708819031), ('Mtmr11', 0.4857564857391993), ('Ncoa5', 0.8374197516693196), ('Rasal1', 1.205064034949166), ('Usp6nl', 9.360776684222728), ('Phf21a', 0.2859663263823451), ('Ptprj', 1.9275104922743236), ('Pygo2', 1.7246132857226562), ('Firre', 0.7862430155948615), ('Tmem106b', 1.888484235295899), ('Phc2', 9.622509370462552), ('Rnf6', 10.3069177265473), ('Shroom3', 8.887393494854098), ('Slc52a3', 1.722697643173232), ('Cdk6', 8.4752196879895), ('Slc17a9', 6.577591240984464), ('Mcl1', 0.685425831337798), ('Abtb2', 5.597907520865692), ('Ttc39a', 11.618483353181205), ('A430005L14Rik', 3.0413106399488483), ('Cenpc1', 0.4857319325269976), ('Wdfy1', 1.974596460360184), ('Tbc1d2', 0.2687721120670047), ('Tmem248', 3.226117808123923), ('Rab14', 2.975685993752623), ('Igsf3', 8.619525777009237), ('Rpl5', 23.662603748974863), ('Sec31a', 0.2486418115291473), ('Msl3', 0.7875003084951941), ('Commd3', 2.7323874611397407), ('Ssb', 21.101671589143933), ('Slc25a5', 2.8739003384085726), ('Stk38l', 0.390970409675789), ('Kdf1', 12.976218777493422), ('Setd1b', 2.432356789317084), ('Mrps14', 3.681460097296101), ('Brd3', 2.889545278182358), ('Epb41l5', 3.407384142052628), ('Srsf6', 0.4282069737801149), ('Gatb', 8.58825561142589), ('Bmpr1b', 23.484613736303658), ('Zmym4', 0.5903027924269659), ('Pum1', 1.28196653318262), ('Fam210b', 17.010329101623537), ('Spata6', 0.8439032671679781), ('Hyi', 1.4048651950394464), ('Lxn', 1.6205772094634547), ('Pcna', 3.78726000857979), ('S100pbp', 3.618495634361079), ('Zfp281', 1.930670139637336), ('Slc31a2', 0.680465222480682), ('Zfp316', 2.142193465652413), ('Nono', 23.560997216418617), ('Osbpl9', 0.5779362213606232), ('Mob4', 1.9342169369584687), ('Selenbp2', 0.307131725608169), ('Ptpn1', 4.642877590274997), ('Tprgl', 2.566276648160989), ('Psma5', 1.7598689306842337), ('Nos1ap', 15.356633399946034), ('Gpbp1l1', 0.7752201084510159), ('Htatsf1', 1.8886174435829504), ('Pacsin3', 3.2463136982226413), ('Fis1', 5.596268382798213), ('Atp6ap1', 6.151081295336099), ('Eif3m', 9.415660626682891), ('Prpf18', 0.5611729647643314), ('Nucks1', 12.654792991639075), ('Phc3', 11.497328030286308), ('Dyrk3', 0.2434621026232516), ('Dr1', 1.89764816012614), ('Zfp593', 0.7611268216384763), ('Smim14', 5.256674336234785), ('Fosl2', 8.345446678411706), ('Itpr2', 18.47802434658226), ('Glmn', 0.3852654805766051), ('Sema6d', 1.155355838899293), ('Nub1', 3.879973213427784), ('Acbd3', 0.428501042506352), ('Rc3h2', 0.3455024397871163), ('Bdnf', 0.7962963612671984), ('Gnb2', 8.218919968917017), ('Dhx37', 2.1996718467425724), ('Naa15', 0.3918466663121695), ('Atp7a', 1.715447881543739), ('Orai1', 2.0188077090257166), ('Smim8', 2.1234279748727234), ('Plekha6', 31.6210750503443), ('Fam20b', 2.3966004242847605), ('Mospd3', 1.2311683298634646), ('Lmo4', 1.1863840291449688), ('Sumo1', 1.7875440726157414), ('Cdc42', 1.1247259498763706), ('Ralyl', 0.752710134073585), ('Eif3j1', 2.79521136345321), ('Nipsnap3b', 0.1356500676964341), ('Ciz1', 0.3398298960889616), ('Mapre1', 1.4010935019583144), ('Phka1', 1.1410773015433928), ('Csde1', 7.483481205234194), ('Bcl7a', 6.45926681561043), ('Bok', 0.1413329639837705), ('Pdk1', 0.641341323709262), ('Dnlz', 3.519592823265053), ('Phc1', 2.428304565659788), ('Madd', 4.094675614169524), ('Fmnl2', 27.70134278068483), ('Rnf4', 1.852615016900413), ('Spint1', 10.976994110092251), ('Phyh', 24.91201087763348), ('Txnip', 15.438716295410863), ('Tfap2b', 23.431703073594388), ('Esrrg', 6.985610046407386), ('Gemin8', 0.5647837608274137), ('Lmna', 3.330193206292867), ('Lrrc8d', 0.936157120161544), ('Ppa2', 3.29138841926609), ('Ran', 10.552710397522157), ('Sf3a3', 0.5032859737452028), ('Nlgn1', 0.9546081944482634), ('Tmed2', 14.168580627620786), ('Cldn3', 12.106061711970147), ('Rnf11', 1.490970310068843), ('Smu1', 1.4532521442884798), ('Acadl', 1.917621920486847), ('Dlg3', 15.1794042723632), ('Lin7c', 3.0431171028469155), ('Mllt10', 0.3412071331677286), ('Ltbr', 0.5061126916486367), ('Shroom4', 5.194701014582495), ('Cab39', 0.4685952526195227), ('Spata2', 0.4373510503181853), ('N4bp2', 0.4693941209464261), ('Ubap1', 0.2141197516395693), ('Elf3', 9.604569214626798), ('Myt1', 0.0958041715620139), ('Vangl1', 0.7975133113769197), ('Mepce', 1.1537914538411846), ('Smc4', 6.981776371046516), ('Ndufc1', 6.155257623122656), ('Yes1', 4.394280732989879), ('Ndst4', 1.0890493041577518), ('Bivm', 0.2791982033148487), ('Ubr1', 0.7304734899448081), ('Ccdc60', 6.235558568015923), ('Ttpal', 1.0982552992798955), ('Rap1gap', 8.936197784732055), ('Maged2', 0.9810870851768378), ('Bex3', 12.908920005844022), ('Cep85', 8.60316301832536), ('Atf3', 0.027066075582351), ('Zmynd8', 2.776204683083461), ('Selenon', 3.157262509417959), ('C77080', 14.174326866069064), ('Iscu', 0.6275512446441613), ('Asnsd1', 0.2350320210611853), ('Lsm10', 2.452553043216535), ('Cgn', 22.399934964083947), ('Srrt', 0.5435454001718513), ('Txndc9', 2.567882140761213), ('Btg2', 5.041087461721769), ('Slc16a2', 2.3204104617865124), ('Porcn', 0.4112338907693197), ('Phactr4', 8.080021505659852), ('Glrx2', 3.878487239566604), ('Kcnq5', 0.3866953204158622), ('E130309D02Rik', 1.677604466189659), ('Zc3h15', 5.155552319490998), ('Mga', 0.3904942647219773), ('Hivep3', 2.34312462961946), ('Msi1', 0.453256452919086), ('Penk', 10.380391519109644), ('Lamtor2', 15.303518849525288), ('Cnbp', 7.716100104476385), ('Sdf4', 11.498215510983131), ('Gm15867', 1.3474441188358628), ('Atp1a1', 15.68175211209211), ('Rnf208', 3.303608275121344), ('Rbm47', 0.6938515469192725), ('Gorasp2', 2.610467654976548), ('Copa', 2.597593001102644), ('Zcchc7', 0.1599349096282967)]",2739
Gata3,metacluster_166.4,0.050130913,3.128481827,9.18E-09,0.963964,motif similar to tfdimers__MD00562 ('M00025_forward_24_M00789_forward dimer: Elk-1 / GATA'; q-value = 9.18e-09) which is annotated for orthologous gene ENSG00000107485 in H. sapiens (identity = 96%),"frozenset({'top50perTarget', 'activating', 'mm10_500bp_up_100bp_down_full_tx_v10_clust.genes_vs_motifs.rankings'})","[('Utp3', 3.040128950401898), ('Zdhhc4', 0.4377086739757461), ('Tspan6', 0.161302672572268), ('Lyrm2', 3.115912285593984), ('Cops7a', 2.874578859707205), ('Aar2', 0.3707870210254151), ('Sf3a3', 0.5032859737452028), ('Kti12', 0.4816450170874467), ('Chmp5', 9.735898324108668), ('Prpf6', 0.502112117409803), ('Kdelr2', 7.00811347712029), ('Taf1a', 0.4422374560381469), ('Ubr1', 0.7304734899448081), ('Chchd5', 3.3176417269632137), ('Arpc3', 4.310682877998104), ('Ppip5k2', 2.447065678052996), ('Ssr2', 8.530201198318023), ('Tmem33', 7.656612323166015), ('Mrpl20', 4.492076542513675), ('Bloc1s6', 2.942166866708192), ('Dhx36', 0.3629192540050664), ('Snrpe', 13.820641850438085), ('Urm1', 3.4377722920722715), ('Ppid', 0.2630777707283244), ('Exoc1', 1.2883479234976716), ('Pdcd10', 1.302087624586749), ('Mterf1a', 0.273044545209117), ('Rer1', 6.367003888870334), ('1810024B03Rik', 0.2487049449344625), ('Rpl12', 19.41690320118002), ('Ccdc181', 2.146074228843776), ('Lypla2', 2.454203880311922), ('Bag1', 8.02535269285206), ('Gemin8', 0.5647837608274137), ('Prkra', 0.4574082334840507), ('Vps4b', 3.1795642826528825), ('Pigt', 19.90256613052668), ('Tmem230', 0.5392266264218128), ('Rabgef1', 0.4183504030566728), ('Eif3i', 11.891206086215718), ('Thoc2', 9.430270910216825), ('Clta', 4.995465863813515), ('G3bp2', 11.552754169848976), ('S100a16', 5.469301640465866), ('Rbck1', 1.910642375364188), ('Zkscan1', 3.446138392204441), ('Rpf1', 1.2250889033396506), ('Rfc2', 0.5198902467928587), ('5530601H04Rik', 0.2587123600981814), ('Usf1', 2.271037289445668), ('Nom1', 0.6100526845189095), ('Nifk', 4.927352760439547), ('Gpatch4', 1.6846559469579), ('Morn1', 3.13702798512668), ('Eya3', 0.2296446216370795), ('Uqcrh', 26.85378226944977), ('Nfyc', 0.4137522367663878), ('Rhbdd1', 2.43122085000279), ('Nhs', 3.74445777438544), ('Sys1', 4.945806859379957), ('Sass6', 0.6645227820178211), ('Gid8', 5.076823294763615), ('Gnai3', 1.0914444488971535), ('Lamtor3', 0.3922426573259971), ('Tmem59', 24.64517508258933), ('Atrx', 2.2760058324273698), ('Eif2s3x', 6.717985521478497), ('Snrpb', 8.951557226296108), ('Ikbkg', 0.7263499926980312), ('Srp14', 11.958014603867742), ('Fbxw8', 0.3855440080561153), ('Dnajb4', 0.5398777581200296), ('Pomp', 7.685951219316044), ('Larp7', 3.7285431054209366), ('Fbxw2', 0.3872856732654252), ('Casp2', 12.877101793670285), ('Pyroxd1', 0.6699390695513509), ('Zfp113', 1.741094580896596), ('Trmt6', 2.14707965281814), ('Cops9', 9.982376839798324), ('Fkbp1a', 1.4602454395159503), ('Hs6st2', 0.5393957584625088), ('Ccndbp1', 4.886296239600232), ('Lyar', 0.3471613647037861), ('Ufc1', 3.766058165194074), ('Zfp655', 1.333181552803563), ('Rfc3', 0.3049420002676336), ('Large2', 2.70466792919154), ('Pdcl', 3.1709540905526734), ('Pef1', 0.6758298545147993), ('Ppp1cb', 31.57279953042769), ('Manbal', 2.5527383599556663), ('Nop58', 12.372389794996751), ('Zfp408', 0.8345591344363246), ('Fubp1', 1.057399310496177), ('Arhgap1', 0.9964355806928288), ('Lsm10', 2.452553043216535), ('Cdk11b', 0.5616160095188526), ('Fam98b', 3.212585659362888), ('Tanc1', 8.465393366976787), ('Ccdc73', 0.3198365823987613), ('Hfm1', 0.1823416810528937), ('Trp53rkb', 0.2383055060077213), ('Kmt5a', 4.784185116121222), ('Lrrc47', 0.3415622485735127), ('Mettl14', 0.3259237202725785), ('Zmynd19', 3.044377417312619), ('Psmb7', 0.5383680459203022), ('Pappa', 0.2342027211510468), ('Ociad1', 1.7019569785261586), ('Ifi208', 0.2382515153949341), ('Lrrc8a', 1.5066196434600332), ('Serp1', 14.737204856291124), ('Dnajc1', 4.669153086205605), ('Pcna', 3.78726000857979), ('Syf2', 2.691017827180177), ('Dr1', 1.89764816012614), ('Rpl22l1', 10.346645558651751), ('Mff', 0.1707001737950827), ('Dpm1', 0.6633626573969753), ('Wdr45', 3.0059535185368413), ('1500011B03Rik', 12.387839198591054), ('Tyro3', 7.016226456815983), ('Acp2', 0.3782174065420632), ('Morf4l2', 3.417247456530111), ('Rps21', 26.890669268358177), ('Hax1', 1.1525202454658032), ('Trappc3', 1.207999485324886), ('Ctnnbl1', 4.223754312168847), ('Mfap1b', 0.3776828912760778), ('Hspa14', 0.3225986327747817), ('Scnm1', 0.3428679081660524), ('Ints11', 0.8412602611360146), ('Zranb3', 1.6954896625172555), ('Gatad1', 2.341897708919847), ('Edem3', 0.8166625516294004), ('Inip', 3.050562675241782), ('Eif3m', 9.415660626682891), ('Ube2d3', 0.4210478370431204), ('Tmem234', 5.893521834783787), ('Slc35a2', 2.561268268821115), ('Mbtps2', 0.5907011107211633), ('Zfp182', 0.5796060213521267), ('Fgd1', 0.9782898286266284), ('Zfp932', 0.7280264712714092), ('Cox20', 2.9774325495385603), ('Dnajc10', 1.620856381310479), ('Necap2', 3.887683146155158), ('Tcea1', 2.15304850475218), ('Zbtb33', 1.3789587182013163), ('Exosc3', 2.578559260356237), ('Dcaf12', 2.7695617194468007), ('Nup210', 14.325494566033896), ('Gle1', 6.717703589230038), ('Cir1', 2.3554956082909464), ('Chchd2', 15.500524276957425), ('Foxj3', 1.0889037634247434), ('Eif4g3', 1.0727626477978938), ('Zbtb43', 2.229104437206204), ('AU040320', 0.4786303065417856), ('Zcchc7', 0.1599349096282967), ('Nudc', 9.35634761669247), ('Zfp992', 0.7189687368028475), ('Ubl4a', 5.558005276870001), ('Rere', 0.8989181392841853), ('Slc30a9', 1.100299475388344), ('Zfp341', 0.7594597486122623), ('Itgav', 4.623868196022199), ('Pik3c2b', 14.30890209911323), ('Mrpl44', 1.1969645474522974), ('Dnttip2', 5.63767016787359), ('Armc10', 3.0954792427418227), ('Uso1', 0.531114088209013), ('Hsd17b11', 0.6886358361217714), ('Slc35a1', 3.474535733246305), ('Emc4', 3.1227679408070723), ('Teddm2', 0.1478059512669759), ('Rnf4', 1.852615016900413), ('Grcc10', 7.918859543707243), ('Snapc4', 0.8950528956916403), ('Ncstn', 6.2888961234584855), ('Fundc2', 3.212924357582731), ('Bcl2l1', 6.977154758691354), ('Arfrp1', 1.622104271550711), ('Tor1b', 0.4543893923587476), ('Prpf18', 0.5611729647643314), ('Tmem128', 2.0106634290919945), ('Fam78b', 1.0534383227411888), ('Utp11', 1.9687006461549357), ('Cd82', 14.586527151412689), ('Cul3', 0.2594214097311263), ('Tmx2', 5.499101739902002), ('Dusp19', 0.992482566403128), ('Cptp', 0.1214715081563995), ('Vps29', 1.679425688447082), ('Maged2', 0.9810870851768378), ('Rrp15', 0.6390134021277977), ('Tmem51os1', 0.0454951344492334), ('Penk', 10.380391519109644), ('Txlna', 0.7248468327121762), ('Clock', 0.7042980230845942), ('Rbm10', 1.859126345654025), ('Pdap1', 17.598587150860283), ('Dab2ip', 0.1834078160822394), ('Tex10', 0.9362380527192916), ('Zmynd12', 0.2646751245427837), ('Mrpl33', 7.695569973418307), ('Thap4', 2.7306088184938115), ('Rpa2', 0.3080146333186331), ('Spred1', 0.3014116666795024), ('Coa5', 3.0195390206379247), ('Ppp1r35', 0.1456800464017112), ('Ncbp1', 1.0134839314922242), ('Trim46', 2.892391661765973), ('Wipi2', 1.874432225589207), ('Ncs1', 4.151736898882965), ('Rnf25', 0.6571756048261902), ('Timm17a', 1.7244002508350595), ('Sdhc', 1.91441278855556), ('Mrps14', 3.681460097296101), ('Zscan25', 0.2408068854758704), ('Magi1', 1.4682209898099114), ('Ogfr', 3.806815023854184), ('Adrm1', 6.662716571791111), ('Emg1', 12.340662768276728), ('2410004B18Rik', 0.7290352679737451), ('Adam15', 1.3398977012237443), ('Ufm1', 5.623857908558921), ('Psmd9', 0.3426389901741113), ('Rps4x', 15.011673164016235), ('Sema4c', 8.258014069058971), ('Tmem54', 2.578743233821738), ('Atp5k', 10.072722582709694), ('Ccdc120', 8.046304263049125), ('Fam185a', 0.9728212783668831), ('Nxt2', 0.1988994240284084), ('Ppdpf', 4.78970193047741), ('Cdk2ap1', 4.597585828166891), ('Ankrd13c', 0.3291258752982477), ('1700113A16Rik', 0.0974637124974094), ('Efna1', 6.844713630821353), ('Rps27', 14.499449733282194), ('Hhipl2', 10.589925304782152), ('Serinc3', 41.20851544425687), ('Rps6', 24.03669830289861), ('Taf6', 1.3698692205994258), ('Rpl34', 20.594889258493517), ('Nfs1', 0.2430273092596852), ('Hcfc1', 1.380453269968848), ('Zbtb8os', 0.5024429988546649), ('Ptbp3', 19.291073221737733), ('Tmf1', 1.3871405557030638), ('Ppm1j', 0.5681347716510715), ('Itgb3bp', 0.3569162297379827), ('Ids', 3.1680168515768297), ('Hscb', 8.272724575818117), ('Kcnj3', 0.0304395897897238), ('Tbc1d8b', 0.3312754041401319), ('Ube2v1', 0.3115580845515389), ('Smim12', 1.7109090746000355), ('Eif2b1', 0.4286121082952141), ('Pus1', 1.3297384199382212), ('Csn3', 8.074802998529558), ('Med19', 5.346547287331063), ('Nckap1', 1.876323322685048), ('Sf3b4', 4.130420781749843), ('Gm15772', 0.4590411916695731), ('Med14', 1.2639952422026262), ('Smu1', 1.4532521442884798), ('Bivm', 0.2791982033148487), ('Rnf10', 1.6651870126083534), ('Tubb4b', 8.571266965030672), ('Sec23b', 1.4690897179334337), ('Foxk1', 0.9147216845050936), ('Lnx1', 3.5340805636587715), ('Spata2', 0.4373510503181853), ('Bcl7b', 2.2835614497262724), ('Hypk', 4.356000973365781), ('Spats2l', 3.2954028090424576), ('Yme1l1', 0.6927870956262253), ('Tgif2', 1.9473944968770864), ('Tor1a', 0.3193721103027695), ('Nop10', 7.399041382259013), ('Gng5', 5.046601546310405), ('Wdr31', 1.5901794606732935), ('Cnot6l', 2.3969365185897), ('4921539E11Rik', 0.4881045761115216), ('Tmsb10', 5.686992186461402), ('Gnas', 8.937938630434994), ('Smim8', 2.1234279748727234), ('Bdnf', 0.7962963612671984), ('Mrps35', 0.7858858540902837), ('Tceanc2', 0.3741649057658472), ('Jtb', 5.361070882630856), ('Gas5', 24.06749730446889), ('Col9a1', 1.876766076968854), ('Stk16', 0.9178331017562829), ('Mpzl1', 9.771179116958242), ('Acad9', 3.1768325518834857), ('Magoh', 5.638063622026302), ('Phf14', 0.2437699757904454), ('Cc2d1b', 0.5519527099071326), ('Mars2', 0.6309695553475619), ('Timm17b', 1.413735016065098), ('Dclre1b', 0.1571097517101863), ('Ebna1bp2', 2.94150982169182), ('Cmpk1', 1.6768900601071122), ('Mga', 0.3904942647219773), ('Golga2', 1.2842961811821647), ('Nsun7', 0.3755336582002206), ('Gabpb1', 12.873228114549384), ('Ints12', 3.429429152866258), ('Dach2', 0.1300500948051351), ('Dars', 4.719296362113317), ('Mrps17', 1.0057406470413863), ('Rpn1', 9.16166925279982), ('Gar1', 2.8092239532434022), ('AW011738', 3.155884793979696), ('Bard1', 0.3302687102391495), ('Cxcr4', 0.1540792685955553), ('Scrn3', 0.91793513715048), ('Rpl21', 18.74296702310108), ('Ece1', 0.8333980692904225), ('Jade1', 1.3179036531081936), ('Skil', 16.864723085127714), ('Ccl27a', 0.2347102246645168), ('Rpl36a', 17.061203991701124), ('Cobll1', 2.4347277488868864), ('Atp7a', 1.715447881543739), ('Igbp1', 4.699178240355085), ('Ptpn1', 4.642877590274997), ('Qsox1', 24.548595383273607), ('Ppig', 3.555849964169691), ('Syt11', 0.203518293615997), ('Cox18', 0.4081845560016969), ('Zc3h15', 5.155552319490998), ('Ipo13', 0.4745471853077336), ('Ankle2', 0.8054515198507539), ('Mettl15', 2.7110914622468987), ('Rbms1', 0.4527881366604748), ('Igfbp5', 30.50241086406225), ('Ostc', 8.497429547431375), ('Mmgt1', 1.793588357289372), ('Tcaf2', 1.186785305258516), ('Mbd5', 0.1977541670193913), ('Bloc1s4', 0.7237223368687434), ('Arhgef6', 1.1213488024909677), ('Slc2a1', 5.977409647928697), ('1110065P20Rik', 0.8589229492941386), ('Rsrc2', 1.0744339351096626), ('Plb1', 4.460247705813739), ('Ipo8', 0.2978791451643787), ('9230102O04Rik', 3.182082176819762), ('Ddost', 16.975917483733326), ('Chek2', 2.319769469386507), ('Phtf1os', 0.324012885942925), ('Zbtb7b', 1.1594556792124004), ('Rpl31', 16.27393222307998), ('1810030O07Rik', 1.1104421269522315), ('G6pdx', 1.4979216742913135), ('Zfp711', 4.591690857467098), ('Ssrp1', 7.347831559122496), ('Spint1', 10.976994110092251), ('Cox6a1', 14.992946273133212), ('Bud31', 12.943865794936768), ('Eya1', 1.1772716491419002), ('Mcl1', 0.685425831337798), ('Rnf6', 10.3069177265473), ('Rbbp4', 4.66779003392467), ('Pak6', 4.3391529532889415), ('Prss48', 2.2894911952840173), ('Pcif1', 2.898504608090071), ('Sec31a', 0.2486418115291473), ('Pde5a', 1.255992040315403), ('Ccdc163', 0.6807053891889087), ('Slc35c2', 1.1522478303806096), ('Frrs1', 3.0755742061958533), ('Pebp1', 16.589552573501365), ('Setx', 2.59148762866035), ('Ahdc1', 2.2531973320889582), ('Acbd6', 1.130333235475932), ('Tmem125', 1.8272835983631603), ('Kras', 3.219543286456521), ('Wbscr25', 1.441327154517036), ('Slc25a25', 0.3231287391493667), ('Grhl3', 0.0069095517144879), ('Armcx2', 8.458602643281653), ('Eef1b2', 17.969074652663632), ('Zcchc17', 0.3758282641174838), ('Sptan1', 8.241448402696319), ('Txndc9', 2.567882140761213), ('S100a13', 8.330683477382768), ('Bcl10', 2.8088289188746827), ('Rabggtb', 3.171699136375043), ('Fmn1', 9.011438812761543), ('Arl6ip4', 7.559947159021855), ('Atp2a2', 5.1109731923253205), ('Orc4', 0.738852108794053), ('Hnrnpd', 0.5016238242040505), ('Smc4', 6.981776371046516), ('Fosl2', 8.345446678411706), ('Faxc', 2.26503047482646), ('Trp53rka', 0.8915588522134954), ('Eif4e2', 0.4343141467356974), ('Arhgef5', 12.401541296344764), ('Rpl11', 18.292094553618668), ('Golt1b', 2.30517224133601), ('Arpc5l', 8.823422460283759), ('Tm9sf4', 1.268952648990465), ('Col25a1', 0.9228624727254032), ('3110082I17Rik', 0.1750181898405246), ('Pgm2', 5.046901765155947), ('Actl6a', 0.4014503174103677), ('Insig2', 3.089307375951496), ('Phactr4', 8.080021505659852), ('Fbrsl1', 6.3121712398037735), ('Ubiad1', 0.3323119593965664), ('Xrcc5', 1.0850604371263854), ('Lrrc8b', 13.50255051188818), ('Tmem222', 0.8589647138669562), ('Romo1', 17.979992517085684), ('Fzd7', 2.0188794916509925), ('Atad3aos', 0.3115610310584973), ('Cops6', 2.137625791197483), ('2700038G22Rik', 0.3903413012462792), ('Uggt1', 0.6777322544601164), ('Tpra1', 1.6685783688371727), ('Ttc22', 2.589710624082916), ('Atp5g3', 14.618924985656784), ('Tab3', 0.7204756600774622), ('Sec22b', 1.2164996718728711), ('Ndufs2', 8.692894741930893), ('Chn1', 2.9994187576795195), ('Tada2b', 0.1924408678000088), ('Ing5', 0.5636740379802369), ('Nit1', 0.283238640580337), ('Phc1', 2.428304565659788), ('Zbtb10', 3.791708337537674), ('C130021I20Rik', 5.768499287442706), ('Nelfa', 1.524327876479102), ('Epb41l5', 3.407384142052628), ('Lmx1b', 23.58959067453329), ('Pard6b', 1.350730660821359), ('Uhmk1', 1.6574286776125526), ('Tor4a', 0.1789832775798942), ('Maml3', 26.27632219006717), ('Dytn', 0.0218207499982861), ('Adipor1', 21.639092033381683), ('Elf5', 9.086340311177262), ('Copg1', 1.7136699570934757), ('Adgrl2', 1.5431164071544126), ('Rnf11', 1.490970310068843), ('Dclk1', 0.6019483283062804), ('Agap1', 11.078043600156198), ('Med28', 2.129547654486725), ('Rgs12', 0.8973273506722849), ('Wfs1', 0.4219372685021837), ('Cox5b', 6.291030919823785), ('Mtmr11', 0.4857564857391993), ('Zmpste24', 5.922063163291399), ('Tmem167b', 3.9143782364404105), ('Rasef', 13.093449226798304), ('Vsig10', 11.578527261666316), ('Prkab1', 7.184748255805105), ('Bola1', 0.5244896204252758), ('Abtb2', 5.597907520865692), ('Sdf4', 11.498215510983131), ('Cxcl1', 0.0267747528074312), ('Tsn', 4.255661853078541), ('Rhoc', 10.656568060923725), ('Cops8', 1.430091732616299), ('Sart3', 0.3176412485019604), ('Ift22', 1.1720444446657623), ('Scyl3', 3.959311209355565), ('Ttc39b', 1.6108239934472743), ('Galnt3', 15.723521381112231), ('Lurap1l', 2.756769862020118), ('Arfip1', 2.5042358860087908), ('Capzb', 1.3996037318553023), ('Patj', 20.087201150688013), ('Etl4', 9.777059552537263), ('Neu2', 3.840951225678957), ('Psip1', 2.595281137692565), ('Shc1', 0.5064178784150615), ('Vps72', 5.934299989572699), ('1700025G04Rik', 4.9501525969348), ('Srrt', 0.5435454001718513), ('Cnksr1', 4.868018583995947), ('Rassf5', 2.6433869444935247), ('Rabgap1', 0.3018740077075125), ('Lmna', 3.330193206292867), ('Errfi1', 0.3508962446505002), ('Spen', 0.4346723578491864), ('Vps37d', 1.7128738864421762), ('Eloc', 2.9933782911041984), ('Wdr26', 1.214120244672379), ('Fahd2a', 0.5342780349010741), ('Scly', 4.956383764939767), ('Bmyc', 0.9267910193767916), ('Ift80', 1.4475768262361932), ('Phc2', 9.622509370462552), ('Nme7', 3.03756366378968), ('Hspe1', 6.600934739649825), ('Sms', 4.8272061635930426), ('Pop7', 5.563975300133407), ('Ap1s1', 4.973239954303137), ('Grsf1', 0.8134282051354409), ('Plaa', 0.7547056077649767), ('Ctdsp1', 0.7871741293413448), ('Rpl22', 26.05528108455184), ('Dnajc6', 6.759040545049367), ('Mrps18c', 2.851288185123566), ('Pole3', 2.062816428114129), ('Rbm47', 0.6938515469192725), ('Fam210b', 17.010329101623537), ('Hspd1', 7.415356231101573), ('Ubxn4', 1.238738188899406), ('Ramp1', 12.122697614626269), ('Bbs12', 0.2394553603993265), ('Dnaaf5', 0.458638416981555), ('Rab13', 0.3968482174707123), ('Mms22l', 0.6775723966742244), ('Ccdc28b', 0.9109504823542456), ('Atp11b', 0.9929048929791308), ('Spata5l1', 4.139902169893006), ('Rpl6', 14.019796491989744), ('Nudt5', 0.8537302142533747), ('Pdzk1ip1', 1.2606743258419586), ('Pkp1', 3.704652195206794), ('Ehd4', 0.6337191443167677), ('Zdhhc12', 0.6328847657108173), ('Akirin1', 7.974718907115373), ('Rps6ka6', 1.6040293972234323), ('Chmp4c', 14.149253803157611), ('Erich2', 0.4931209151771918), ('Zfp937', 2.617977897797457), ('Mtfr1l', 3.714975404837282), ('Src', 5.340361941706112), ('Dcun1d1', 1.5639924617375809), ('Clasp1', 0.2397509807112434), ('Rcan3', 6.996335186784355), ('Ythdc1', 0.4927065124005741), ('Trim32', 0.308661626190632), ('Chchd7', 0.3618372334042583), ('Mdn1', 0.3578271791212122), ('Etfdh', 0.6331696940065124), ('Fam110a', 4.590872582844927), ('Tfb2m', 1.070908490819481), ('Itga8', 3.763369288106686), ('Tars2', 0.5268219005534117), ('Bcap31', 2.0461722375553446), ('Ppie', 8.422101043966137), ('Mettl5', 0.3324868971506758), ('Mrpl51', 21.26906291080623), ('Pafah2', 0.3404921473021427), ('Tex30', 1.4247079682516486), ('Kank4', 3.286093802956843), ('Snhg17', 2.0646194680789853), ('Ppm1g', 1.992054211094031), ('Zfp281', 1.930670139637336), ('Usp30', 0.3465734892378243), ('Arl6ip5', 1.0110595253409382), ('Dhx37', 2.1996718467425724), ('Gnpda2', 0.5782912413805429), ('Fam221a', 11.39212516625569), ('Txn1', 10.349916048986335), ('Fndc10', 3.4672522293611503), ('Uba1', 3.665871293473732), ('Hccs', 0.723472764796081), ('Man1a2', 15.320751637701358), ('Tfe3', 0.9804395613509602), ('Padi2', 2.033122306047144), ('Itga6', 1.296755334021389), ('Tfap2c', 13.375489060478769), ('Rbm18', 2.9302784925274463), ('Klhl9', 4.795169610124224), ('Prkcz', 10.426972564247317), ('Cenpa', 0.3277814660224842), ('Camk1d', 6.052723251074393), ('Pdrg1', 0.2832413659067787), ('C1qtnf4', 1.578307944512464), ('Gigyf2', 0.5924389258924438), ('Ruvbl1', 2.9050097374891783), ('Snhg3', 3.114455475107257), ('Capg', 4.172167872322299), ('Lpcat4', 5.363878828334718), ('Dlg3', 15.1794042723632), ('Sbno1', 4.041421787811117), ('Enah', 30.49837770017639), ('Phka1', 1.1410773015433928), ('Tspan9', 19.072531625673847), ('Tmem185a', 2.081050395232862), ('Suds3', 4.692785804650499), ('Phtf1', 0.4597256605469794), ('Nasp', 0.3891888363676458), ('Atg13', 1.64580427865425), ('Slco1a5', 2.701298826882529), ('Clstn1', 8.563741301604264), ('Cd44', 0.2670389195262028), ('Grpel1', 1.0180073808606702), ('F8a', 0.7032849320148968), ('Arhgef10l', 18.62760387149611), ('Sephs1', 0.8174016962092455), ('Cfap77', 0.8811828513920539), ('Pfdn2', 12.065317109379958), ('Ythdf1', 2.272831483967706), ('Dcaf8', 0.666111151952436), ('Mfap1a', 0.6445447930346948), ('Kyat1', 9.588901960823936), ('Ints6l', 1.2484558156578691), ('Eva1b', 8.560614631982224), ('Ift52', 0.6940700501282732), ('Snx12', 0.5573723730808545), ('Gm14164', 1.5506229889079717), ('2610528J11Rik', 0.0432007029462627), ('Gm3716', 0.1978719064095566), ('Ehf', 13.098623913967971), ('Bcs1l', 1.4186969764773312), ('Psmb4', 11.207128508248624), ('Crybb3', 0.1555803665728569), ('Unc50', 1.344786687706588), ('Rgs2', 4.440992819752861), ('Lama5', 7.215256532137282), ('Tbc1d2', 0.2687721120670047), ('Zranb2', 0.6041660339826919), ('Arhgef2', 12.829469797829082), ('Zfp46', 1.1466602097507008), ('Cdk6', 8.4752196879895), ('Mfn1', 0.3839303851696841), ('Sde2', 4.905900315194442), ('Tmed2', 14.168580627620786), ('Tmem168', 0.3900861914007697), ('Pabpc4', 1.35272401132192), ('Trnau1ap', 1.2670934173110011), ('Prex1', 7.636587320416861), ('Cdc42se1', 15.895908455547088), ('Eogt', 0.9061745529455332), ('Rwdd3', 3.0452962414915192), ('Khdrbs1', 7.228051235180275), ('Csrnp3', 1.4594389203733437e-08), ('Grhpr', 0.9414389155108406), ('Zfp362', 0.5777127885727099), ('Prdm11', 0.986399768141974), ('Crabp2', 0.8782136608159661), ('Gpbp1l1', 0.7752201084510159), ('Ncapg', 0.2605352346009012), ('Pole4', 0.2648822519709798), ('Stam2', 0.3689337324016384), ('Tmco1', 1.2173516952303791), ('Pgrmc1', 5.691333964703431), ('Gtf3a', 0.4601337922209166), ('Bri3bp', 8.772741579675214), ('Cwc22', 0.2145679251798594), ('Creb3l1', 0.3428219830513869), ('St6galnac6', 0.9694719019869432), ('Plrg1', 8.326887619630284), ('Trim56', 2.352021282891529), ('Rgs20', 5.135068832850689), ('Fdps', 0.4509883704935344), ('Kbtbd4', 0.2700076418441854), ('Orai2', 1.5645429228685088), ('Fuca1', 3.026730831260694), ('Il13ra1', 19.043955105916748), ('Arhgef38', 13.318722399507829), ('Cnih3', 0.072224683570622), ('Slc17a9', 6.577591240984464), ('Tbx3', 16.216387013600222), ('Aimp1', 1.0443227018101375), ('Tmem248', 3.226117808123923), ('Chmp4b', 7.0918373764453495), ('Itm2c', 8.326660293179332), ('Eif4h', 8.176433168051577), ('Lgr6', 6.053250708337767), ('Gpr155', 10.968144906442994), ('Selenoh', 0.9481539829180168), ('Dpm3', 9.548053695898057)]",4547
Irf6,tfdimers__MD00015,0.049976141,3.176131915,3.11E-07,1,motif similar to transfac_pro__M00772 ('V$IRF_Q6: IRF'; q-value = 3.11e-07) which is directly annotated,"frozenset({'top50perTarget', 'activating', 'mm10_500bp_up_100bp_down_full_tx_v10_clust.genes_vs_motifs.rankings'})","[('Pdik1l', 0.531584623929619), ('Dio1', 0.0019988786351281), ('Yes1', 0.9021877993483736), ('Spg20', 0.6235796764741468), ('Steap2', 0.2658660093442925), ('Cacybp', 0.972101488229526), ('Sptlc3', 0.8616741051093417), ('Patj', 3.329968126503392), ('Fam102a', 0.3435676271930489), ('Srp14', 1.063493379705437), ('Inhbb', 0.376244919688503), ('Vps37b', 1.3661045699835277), ('Wbscr25', 0.1462448806633357), ('Ankrd44', 0.3826735343612524), ('Tnnt2', 0.2999638650615848), ('Nol9', 1.8245195903104436), ('Trim59', 0.4120636985980909), ('Ptpn3', 0.3841424874577256), ('Tmem9', 0.5526054461210903), ('Txnip', 0.8683764288145334), ('Map2', 0.4928673078510306), ('Phc1', 0.2441771878985115), ('Zbtb34', 0.2444919871774933), ('Ptma', 0.3344290148216564), ('Fzd10', 0.5400736627484818), ('Gorasp2', 0.4109871732096997), ('Serinc2', 2.064917882989355), ('Prrg4', 0.2858323064718145), ('Nck2', 0.4881498631874386), ('Ube2e3', 0.4044809434183127), ('Spout1', 0.2292038108335848), ('Mmgt1', 0.8243108737060721), ('Nrd1', 0.2673948059594074), ('Fnbp1l', 1.440087643336754), ('Rab2a', 0.8193351723605308), ('Ppp1cb', 0.9815816012044092), ('Lrrtm1', 0.2562126332983942), ('Lypla1', 3.766731847871456), ('Cp', 0.3919548769692897), ('Bmpr1b', 0.7625257800745804), ('Bbox1', 1.554216152952479), ('Vangl1', 4.065864237545544), ('Ankrd6', 0.3258666252397241), ('Zfp664', 0.625742335406427), ('Zfp282', 0.2337155247542199), ('Mdk', 0.1609059695117675), ('Ift74', 0.5342199197647077), ('Phactr4', 0.8674776130913966), ('Armcx2', 1.2020926418786069), ('M6pr', 0.4859770869420385), ('Igsf3', 0.74435484534912), ('Pxn', 0.3171720897319127), ('Mex3a', 1.80346748768577), ('Shroom2', 2.4207809607009048), ('Plxna3', 0.1138128272069335), ('Zfp593', 0.014142480493079), ('Proser2', 0.1680791378604468), ('Otud6b', 0.3134705836586048), ('Adipor1', 4.528466558552842), ('Col4a5', 3.3264883627277717), ('Il13ra1', 0.8323816847892466), ('Lgr6', 0.1942280519943097), ('Fgfr3', 0.4066389405634024), ('Lrp4', 0.3044340439802026), ('Csde1', 0.3445577060615785), ('Bdnf', 0.3031916648785189), ('Vcp', 0.2969117644048014), ('Kiz', 0.2781800005465509), ('Ttc39a', 1.3127767294107118), ('Rgs2', 3.1937427337546485), ('Ckmt1', 0.433522705933082), ('Coro2a', 0.2594546307865993), ('Atp5e', 0.2690745888821105), ('Klhl9', 0.9909226765269296), ('Fzd7', 1.5115888417216752), ('Slc7a1', 1.3885432949975274), ('Mycbp', 0.4038648644598159), ('Tmsb10', 1.4371078462797884), ('Ier5l', 0.2927133473351874), ('Nipal3', 3.763991866796348), ('Hp1bp3', 0.622899237620885), ('Lemd1', 0.423154387002946), ('Dstn', 5.480704366440646), ('Dyrk3', 0.3731500345809576), ('Bmx', 5.603886843358948), ('Bex2', 0.6148027483845315), ('Stoml3', 1.1391147863477862), ('Itgav', 2.5945917402616665), ('Sgms2', 0.1944662587720429), ('Set', 0.7829081513399396), ('Inpp1', 0.4135855060446747), ('E130308A19Rik', 0.8528242187335813), ('Bri3', 1.9295805322414532), ('Agbl5', 0.5804783140501102), ('Lrrc8b', 0.8188900720118157), ('Fancg', 0.2058848925599822), ('Wdr1', 0.4226466361122022), ('Stk39', 0.4070364249506076), ('Dhx36', 0.263430304728373), ('Hdac6', 1.1910747145655645), ('Aph1a', 1.1088802162266465), ('Cyb5r1', 0.2072932282480721), ('Gm13807', 0.6221521118802361), ('Ctnnd1', 0.9563630250462772), ('Glul', 0.8143788958392524), ('Ntng1', 1.295440400477167), ('Egfl6', 0.5956802858398519), ('Polr2j', 1.2561836677051446), ('Efna1', 0.2602907867945792), ('Sertad4', 4.63395641776239), ('C2cd4d', 0.1101159317819562), ('Gata3', 0.3661755158198099), ('Dpysl5', 1.011794622274846), ('Ctdsp1', 0.1811329299334876), ('Gpm6b', 0.8045046854316575), ('Casq2', 0.685253985780399), ('Gm15867', 5.506733799572131), ('Zbtb10', 0.5017694442547096), ('Spx', 9.04554363948833e-06), ('Klhl23', 1.7463325299940715), ('Tgoln1', 0.2546133057135539), ('Slco1a5', 0.4607848533790238), ('Car8', 1.6617564590682632), ('H3f3a', 1.3518385773465813), ('Myl9', 0.3818255491455012), ('Odf2l', 0.1441750602412567), ('Mycl', 0.667588535533362), ('Fhl2', 0.5910928555740935), ('Src', 1.940320718216698), ('Osbpl3', 2.683314237710812), ('Pnrc2', 2.8964674845111222), ('C530044C16Rik', 0.3354831290620477), ('Traf2', 0.8637231042605088), ('Rbms1', 0.2218593956908166), ('Pde5a', 0.2515189309475502), ('Tax1bp1', 0.165149190298138), ('Ifnlr1', 3.2506024225137984), ('Rlim', 0.481284316824983), ('Armcx4', 0.1239465106113228), ('Dnaja1', 0.2516306913115637), ('C77080', 0.2941400269102968), ('Rab14', 0.3398870603652659), ('Plch2', 0.2343014534524896), ('Tmem167b', 4.560732140979983), ('Myt1', 0.0755214368008719), ('Arhgef38', 0.7827271414934444), ('Nr6a1', 0.23902222094963), ('Fundc2', 0.6911862394832902), ('Cxxc4', 0.2120006693577301), ('Bhlhe41', 1.100947229973882), ('Luzp1', 1.362288510488905), ('C130021I20Rik', 0.3767777336304356), ('Mrps5', 0.9594100032510658), ('Gatad1', 2.3571064265880888), ('Rps21', 0.7425647588653864), ('Rbbp4', 0.221105193911912), ('Ccdc28b', 0.4557882195812001), ('1700027A15Rik', 0.048372450762012), ('Plaa', 0.5734435367851457), ('Spata6', 0.7395089299281673)]",3438
Mafb,metacluster_157.2,0.048518922,3.015455148,0,1,gene is directly annotated,"frozenset({'top50perTarget', 'activating', 'mm10_500bp_up_100bp_down_full_tx_v10_clust.genes_vs_motifs.rankings'})","[('Fcrls', 2.910061651492573), ('Adam23', 1.722755222479767), ('Wipf1', 0.7943937950036192), ('Tlr4', 1.5699381049829684), ('Plcb2', 0.5358269505250584), ('Tfec', 5.126445849093215), ('Sh3bp2', 3.647268735078542), ('Was', 1.6519218541244096), ('Lmo2', 5.983059917361544), ('Inpp4a', 9.30174029026472), ('Ly96', 8.600836945086385), ('Itpripl1', 16.970410675621387), ('F630028O10Rik', 0.9355619723270262), ('Slamf9', 5.518243006918523), ('Dr1', 0.4449663611284842), ('Gm5127', 0.8434793723575607), ('C030034L19Rik', 0.9991694000808924), ('C1qc', 43.703953500968815), ('Stk17b', 9.785646344960584), ('P2ry12', 1.7455841951371742), ('Cd38', 4.243308732793812), ('Bank1', 2.140276489323807), ('Fam110a', 0.2980642221583234), ('Gbp2b', 0.1306073727668694), ('Tprgl', 0.2509146115768319), ('Elmo2', 0.5736134929013593), ('Rps6ka1', 2.1310993257273703), ('Gpr35', 0.4801940013681045), ('Wdfy3', 3.611638822487478), ('Inpp5d', 7.097008881971377), ('Cysltr1', 0.3870858361176968), ('Il6ra', 0.6255895092668835), ('Dapp1', 0.8954333053967761), ('Pilrb2', 0.5882508926989715), ('Itm2c', 1.137841682165419), ('Ptprc', 0.1757954389788851), ('Ptpn1', 0.9396887862999096), ('2210417A02Rik', 0.0191969479261395), ('Ythdf2', 1.5480737666202606), ('Cenpa', 2.276563613541092), ('Abcd1', 5.151487478053864), ('Fcgr1', 5.243985810319935), ('Cst3', 21.136332965060436), ('Ebna1bp2', 0.5832618159001396), ('Akna', 0.116881628953425), ('Fam174a', 0.5720322116485025), ('Ptpn6', 2.531628907689009), ('Pilrb1', 2.643207902686241), ('2610203C22Rik', 5.636611405038727), ('Slc9a4', 0.0044751237482151), ('Mcoln2', 3.74954066185651), ('4930512J16Rik', 0.1170740556373776), ('Pilra', 0.2866095092947422), ('Plod1', 0.5244257745194559), ('Rell1', 4.75037555538659), ('Madd', 0.6726482471608832), ('Sash3', 0.259468932965848), ('Fam117b', 0.5651071624020237), ('Elf4', 0.6180869643979114), ('Trpv4', 4.835123712579276), ('Gm5150', 0.2332164063403806), ('Skap2', 0.6694345464365392), ('Dnm1', 6.759974605306885), ('Itm2a', 1.1672016402423468), ('Mcm3', 0.1285114889064353), ('Gba', 1.977677918375056), ('Hvcn1', 0.3236295999335816), ('Frmd4b', 18.688012770280235), ('Ptgs1', 1.3901686817026204), ('Rab7b', 1.8060185463114895), ('Fam214b', 0.6952793803984122), ('Xlr4b', 0.0107028507206409), ('1700027A15Rik', 0.4585514226815465), ('Tmcc2', 1.013046205054199), ('Fcer1g', 37.77105138754519), ('Sirpa', 14.25532137332706), ('Rap2c', 0.9842973226770892), ('Slc52a3', 0.2729867504248648), ('Tfe3', 8.309880606157805), ('Alpk1', 1.311661508192978), ('Tec', 1.3909162885715023), ('Sema4a', 6.325563576368906), ('Tmem176a', 0.7743772546722113), ('Iqgap3', 0.288497171373828), ('Gucy2f', 0.1625233982210149), ('Gbp8', 0.2295342956813391), ('Cdkn2a', 0.3486990229419315), ('Stard8', 23.085024124052936), ('Prkx', 1.167875804593694), ('Cfp', 25.23633752878906), ('Pdia4', 0.906724823329542), ('Arhgap30', 1.5706494274417488), ('Vcam1', 0.0700212933264238), ('Tlr6', 0.4553299902244735), ('Eps15', 3.111666358045053), ('Mrc1', 14.977485561570008), ('Oas1g', 7.172407747555293), ('Cd40', 2.9718589129796453), ('2310069B03Rik', 0.3902557551556407), ('Rfc3', 0.3737751112375232), ('Lrmp', 2.825300455017685), ('Cttnbp2nl', 5.528184483197709), ('Lyn', 1.881097649053076), ('Tram1', 0.8456602775508701), ('P2rx7', 1.2433326627459362), ('Bend4', 0.4100711323824957), ('Rgs18', 2.6681708631727084), ('Gla', 0.0672868524008478), ('C1qb', 45.6351824676961), ('Prkrip1', 0.8365365163756159), ('Sh3bgrl3', 18.96556869099107), ('Elf2', 1.1648629284235952), ('Csf3r', 1.6132458206806428), ('Ptgr1', 0.1315441244159839), ('Ube2q1', 1.0589919757581463), ('Ssu72', 0.4034574990714637), ('Plekhg5', 11.386710307053734), ('Lpar5', 0.2122165204924157), ('Tlr12', 3.5390596388041966), ('Htt', 0.9339086914479358), ('Itpkb', 0.1749530127844193), ('Taok3', 2.2364284403651187), ('Nop56', 0.3730471317875612), ('S100a4', 29.897157772842), ('Arpc1b', 1.651538250578829), ('Inhbb', 0.53588048812411), ('Slc40a1', 0.7825986741664165), ('Ccdc93', 0.2689598436454978), ('Clec4b1', 0.3708243935214175), ('Ifi209', 1.5705626866392952), ('Nfatc2', 9.905208411082292), ('Clec4a2', 2.122732025770735), ('Nrbp1', 0.5466261688629701), ('Ctss', 19.041417009954007), ('Col27a1', 0.2859930207916331), ('Ctso', 0.4053099833406975), ('Dgkz', 0.2588396260472871), ('Fcgr4', 0.906428285836204), ('Arhgap15', 3.839359478105466), ('Tlr1', 3.5270095312041776), ('Dgkd', 0.0931876617065697), ('Gdf3', 0.072364740326741), ('Gm1720', 0.1385056535003422), ('Apbb1ip', 0.348631847208946), ('Bach2os', 0.2058446658855336)]",3215
Nfatc2,tfdimers__MD00204,0.051706067,3.52519795,8.76E-06,0.883495,gene is orthologous to ENSG00000101096 in H. sapiens (identity = 88%) which is annotated for similar motif tfdimers__MD00050 ('M01721_forward_6_M01281_forward dimer: PUR1 / NFAT1'; q-value = 8.76e-06),"frozenset({'top50perTarget', 'activating', 'mm10_500bp_up_100bp_down_full_tx_v10_clust.genes_vs_motifs.rankings'})","[('Fcrls', 9.84276368255412), ('Wipf1', 1.2839898581957807), ('Pianp', 0.3740574273405029), ('Tlr4', 4.988373077760385), ('Plcb2', 0.2439708273378609), ('Tfec', 1.4925439078273712), ('Sh3bp2', 1.5867463677792275), ('Was', 1.2697591030513669), ('Ctnnd1', 0.8240287517094828), ('Lmo2', 7.376783449258811), ('Inpp4a', 15.853319920390453), ('Ly96', 4.861456619780407), ('Itpripl1', 2.26929308698674), ('F630028O10Rik', 5.847990024303116), ('Slamf9', 1.7554395487872534), ('Osbpl2', 0.522336367003937), ('Gm5127', 1.450381417403867), ('Vcpip1', 1.5336270529304046), ('C030034L19Rik', 3.3482123052707857), ('C1qc', 11.95410319501362), ('Stk17b', 16.822133566276722), ('P2ry12', 17.953437152769233), ('Cd38', 2.2415507888392736), ('Casp8', 3.149559399955891), ('Ppp1r16b', 0.3989964665962889), ('Lcorl', 0.6171368925091), ('Bank1', 21.62170259099316), ('Gbp2b', 0.3760193580908592), ('Tprgl', 0.2057301022744165), ('Elmo2', 0.3959462308897987), ('Gpr35', 0.6159805327972546), ('Wdfy3', 1.978960040197428), ('Inpp5d', 16.728027778058713), ('E2f5', 3.013072789060709), ('Cysltr1', 6.889688410448977), ('Il6ra', 3.4046029113505174), ('Dapp1', 5.158675639046225), ('Pilrb2', 7.152791281368589), ('Tpra1', 0.75339817402322), ('Itm2c', 0.6224136878498351), ('Ptprc', 4.124329983529155), ('Zap70', 0.7331449051962959), ('2210417A02Rik', 0.2589079551645324), ('Map3k15', 0.2082847426787744), ('Zfp984', 6.680402333526062), ('Xrn2', 0.4801767504891208), ('Cenpa', 2.5450998112562844), ('Abcd1', 2.281333885458313), ('Fcgr1', 1.420146449791961), ('Cst3', 4.375713046901195), ('Akna', 9.257114195314893), ('Ptpn6', 5.525648679630419), ('Pilrb1', 1.225859599790709), ('2610203C22Rik', 7.718896534311345), ('Slc9a4', 1.3110169136283416), ('Mcoln2', 5.970953609775977), ('4930512J16Rik', 0.144321107460847), ('Frrs1l', 0.0118405118637577), ('Rnf149', 0.3883362905021216), ('Pilra', 0.2454703711877391), ('Spdye4b', 0.4385412196031378), ('Cacybp', 1.1332581952892515), ('Sms', 0.4605726987486704), ('Rell1', 7.404645634004048), ('Madd', 10.35559570911147), ('Sash3', 1.4150112300035438), ('Fam117b', 7.172103264513465), ('Elf4', 2.4183170635210254), ('Trpv4', 13.668663872259929), ('Skap2', 0.703234761775393), ('Dnm1', 5.28175417468927), ('Cd72', 0.2387078563502459), ('Sh3kbp1', 0.4673941993308441), ('Frmd4b', 30.319991770757092), ('Ptgs1', 0.3695056282530935), ('Rab7b', 15.984838513967569), ('Fosl2', 0.5968360607550424), ('Fam214b', 0.6429608018348953), ('Slc2a9', 1.409984771471703), ('Xlr4b', 4.357891198926158), ('Slc17a9', 0.1664019657483994), ('Tmcc2', 2.311514934215806), ('Fcer1g', 13.410214095190565), ('Sirpa', 1.2331382769162895), ('Pde4b', 0.1961968979492581), ('Cd52', 0.8478544958791459), ('Tfpi', 13.084508812133846), ('Nup210', 0.4851401114624619), ('Alpk1', 9.042268741683875), ('Tec', 8.509693303755855), ('Sema4a', 15.719081355225155), ('Gbp8', 0.7858980364727544), ('Ogfr', 2.1910249092386778), ('Stard8', 26.222409235801795), ('Prkx', 1.5718151668070288), ('A630012P03Rik', 7.88956236736332), ('Cfp', 9.00593113152367), ('Txk', 0.5423892311004009), ('Myo3b', 0.0063780924337827), ('Rnf152', 0.1437171424183812), ('Arhgap30', 11.901448690137958), ('Eps15', 5.9657731728687295), ('Tpk1', 0.3562650047391987), ('Mrc1', 23.34775652497659), ('Oas1g', 6.9354566911153865), ('Tbc1d1', 0.5390871661323047), ('Cd40', 4.9701940291175), ('2310069B03Rik', 0.0669801849242414), ('Lrmp', 8.7580524601331), ('Cttnbp2nl', 0.286748969969436), ('Lyn', 7.718933576543343), ('P2rx7', 6.993828506202452), ('Bend4', 7.14535159305888), ('Arid5a', 0.4107175771806374), ('Tmem212', 0.0205069132130831), ('Rgs18', 8.241173069286923), ('C1qb', 8.570989885413427), ('Sh3bgrl3', 7.393826163108948), ('Stau1', 0.2749227821888944), ('Elf2', 1.850809911332876), ('Csf3r', 0.7226020659601324), ('Ptgr1', 0.2770005461199795), ('Lurap1l', 1.057603643017078), ('Plekhg5', 20.84697320504123), ('Lpar5', 1.726199194377376), ('Mbnl1', 3.8948687027766806), ('Itpkb', 2.2747887966846383), ('Taok3', 3.1162103532375887), ('S100a4', 0.5960101438987004), ('Arpc1b', 3.619766869262152), ('Foxp2', 1.3502634759048024), ('Ankrd44', 1.503386046536645), ('Gba2', 3.730352066913349), ('Sirpb1b', 0.0207358518726682), ('Clec4b1', 5.167773066240461), ('Ifi209', 6.747448980589542), ('Nfatc2', 1.0), ('Clec4a2', 3.9559486454112567), ('Ctss', 5.550387741287812), ('Dgkz', 0.6852813900648915), ('Arhgap15', 13.486302735776864), ('Tlr1', 1.325256583739644), ('Gm7609', 0.0753104028553276), ('Gab3', 10.129685394556391), ('Aunip', 0.9506551325496212), ('Gpr174', 1.6936600892222553), ('Pf4', 9.935310629194037), ('Znfx1', 0.8858722182615637), ('Alox5ap', 15.18527914079858), ('Ly9', 2.3599693262821875), ('Dennd1b', 1.4686216619395391), ('Ptprj', 11.990542066924704), ('Kcnab2', 20.29973033244977), ('Icos', 0.5740834203109759), ('Sp100', 4.196633531263317), ('Pik3cd', 11.180935130969658), ('Snx30', 7.359396664479306), ('Abi1', 0.7934312566523896), ('Lrrc8c', 0.3249965829252202), ('Vim', 1.256707539326237), ('BC028528', 3.452970902884194), ('Siglec1', 26.693000637119383), ('Gusb', 1.3668206940700742), ('Rap1gds1', 2.9316358586389946), ('Ptpn22', 1.5413330744443627), ('Itch', 0.3418716379545644), ('Gtf2ird2', 0.3769477293074755), ('Ifi202b', 1.4878073738855295), ('Slc16a14', 14.64984160832812), ('Agfg1', 3.026477813211245), ('Nudt9', 1.5430176055602218), ('Vav3', 3.943267513546972), ('Soat1', 2.050336054311887), ('Ankrd13a', 0.8201333464428716), ('Rnpep', 7.555456622297185), ('Tlr13', 0.8644622772464828), ('Fam107b', 0.3447786208161844), ('5031425F14Rik', 1.0641709455144537), ('Vps18', 0.890223695312289), ('Galk2', 0.5080849003945858), ('Ralb', 4.256010530185585), ('Sestd1', 0.8981344937130861), ('Fut7', 0.0241643997042636), ('Mmp9', 3.216435681661701), ('Pla2g2e', 0.1433940183191189), ('Dennd4b', 2.3171752020329164), ('Nceh1', 1.8706254777040112), ('Faah', 0.12647863214956), ('Slc12a6', 0.7232767465910568), ('Arhgef6', 0.359163618058774), ('Lrrc34', 2.093218580004572), ('Sh2d1b1', 0.1344409343744949), ('Tdrd7', 0.4204537411215829), ('L1cam', 0.5509184712133598), ('Cd5l', 0.6017021060675247), ('Commd9', 0.9644312743736796), ('Abcb4', 0.5211940092441546), ('Smox', 5.470193026195748), ('Cxcr3', 0.2940217139570001), ('C1qa', 14.987661423058324), ('Lck', 0.7685824515618724), ('Stap1', 0.0581248827837716), ('Dclk2', 1.1768550719198585), ('Mtus2', 2.782748796530772), ('Atp1a1', 0.865408275221483), ('Capzb', 1.4024524442926167), ('Mcub', 9.335767594496769), ('Smim20', 2.252374542974507), ('Fcna', 8.542761593159128), ('Slc31a2', 1.1165328151071054), ('Dennd4c', 0.9922263451812422), ('Agtrap', 3.5336324288299945), ('Adar', 0.5826141904842781), ('Clec4a3', 8.33542184845678)]",4983
Nfatc2,tfdimers__MD00012,0.060286565,4.905916685,7.44E-06,0.889251,motif similar to tfdimers__MD00050 ('M01721_forward_6_M01281_forward dimer: PUR1 / NFAT1'; q-value = 7.44e-06) which is annotated for orthologous gene ENSG00000101096 in H. sapiens (identity = 88%),"frozenset({'top50perTarget', 'activating', 'mm10_500bp_up_100bp_down_full_tx_v10_clust.genes_vs_motifs.rankings'})","[('Cd48', 14.234015591605814), ('Tlr4', 4.988373077760385), ('Gimap6', 0.6189486394344401), ('Was', 1.2697591030513669), ('Fcrls', 9.84276368255412), ('Fosl2', 0.5968360607550424), ('Clec4a3', 8.33542184845678), ('Clec4a2', 3.9559486454112567), ('Inpp5d', 16.728027778058713), ('2610203C22Rik', 7.718896534311345), ('Tprgl', 0.2057301022744165), ('Mrc1', 23.34775652497659), ('Rhoh', 2.7025371977968464), ('F630028O10Rik', 5.847990024303116), ('Slc2a9', 1.409984771471703), ('Ifi209', 6.747448980589542), ('Ctnnd1', 0.8240287517094828), ('Tmcc2', 2.311514934215806), ('Cst3', 4.375713046901195), ('Sh3bp2', 1.5867463677792275), ('Ly96', 4.861456619780407), ('Oas1g', 6.9354566911153865), ('Gpr174', 1.6936600892222553), ('Clec4a4', 0.6401629932156667), ('Arhgap30', 11.901448690137958), ('Il1rl1', 3.96348836202012), ('4930512J16Rik', 0.144321107460847), ('Lmo2', 7.376783449258811), ('Cnr2', 3.098084971685981), ('Fcgr1', 1.420146449791961), ('Tbc1d1', 0.5390871661323047), ('Plcb2', 0.2439708273378609), ('Traf3ip3', 0.4254205449384025), ('Slc12a6', 0.7232767465910568), ('Rassf5', 0.5855774595661766), ('BC028528', 3.452970902884194), ('Tfpi', 13.084508812133846), ('Kcnab2', 20.29973033244977), ('Casp8', 3.149559399955891), ('Mbnl1', 3.8948687027766806), ('Fam214b', 0.6429608018348953), ('Slamf7', 0.0859108882752855), ('Pianp', 0.3740574273405029), ('2210417A02Rik', 0.2589079551645324), ('Rnf152', 0.1437171424183812), ('Sirpb1b', 0.0207358518726682), ('Isg15', 0.9828646738245886), ('Rell1', 7.404645634004048), ('Nup210', 0.4851401114624619), ('Bcl10', 3.2110858414849703), ('Rab43', 0.7597464542948752), ('Nfatc2', 1.0), ('C1qc', 11.95410319501362), ('Pik3cd', 11.180935130969658), ('Ophn1', 1.7562636372962002), ('Cfp', 9.00593113152367), ('Gbgt1', 5.467413371959256), ('Fbxl5', 0.2059194447696919), ('Dennd1b', 1.4686216619395391), ('Pilrb2', 7.152791281368589), ('C1qb', 8.570989885413427), ('Rnpep', 7.555456622297185), ('Cd72', 0.2387078563502459), ('Taok3', 3.1162103532375887), ('Bst1', 4.4890148038292), ('Smox', 5.470193026195748), ('S100a4', 0.5960101438987004), ('Lurap1l', 1.057603643017078), ('Chst7', 0.1830470678042784), ('Tmem154', 1.2811366898400611), ('Ankrd44', 1.503386046536645), ('Bank1', 21.62170259099316), ('Cenpa', 2.5450998112562844), ('Vcpip1', 1.5336270529304046), ('Zap70', 0.7331449051962959), ('P2rx7', 6.993828506202452), ('Snap23', 3.485483226408524), ('Sash3', 1.4150112300035438), ('Lck', 0.7685824515618724), ('Lrrc34', 2.093218580004572), ('Stau1', 0.2749227821888944), ('Spdye4b', 0.4385412196031378), ('Pilra', 0.2454703711877391), ('Lyn', 7.718933576543343), ('Aunip', 0.9506551325496212), ('Wipf1', 1.2839898581957807), ('Wdr26', 0.3111453741971089), ('Fcer1g', 13.410214095190565), ('Txk', 0.5423892311004009), ('Spi1', 17.681238527835013), ('Atp7a', 0.445179480935187), ('Clec4a1', 19.73457028469736), ('Ptgr1', 0.2770005461199795), ('Yipf1', 0.8446413731138718), ('Fut7', 0.0241643997042636), ('Fcna', 8.542761593159128), ('Rasal2', 1.3268795448104571), ('Rnf216', 0.2186532371123313), ('Itpripl1', 2.26929308698674), ('Osbpl9', 12.600301952212202), ('Gbp9', 0.3732017140211552), ('Frmd4b', 30.319991770757092), ('Xrn2', 0.4801767504891208), ('Myo3b', 0.0063780924337827), ('Padi4', 0.8562079938553965), ('Sh2b3', 7.7381312884514655), ('Stat4', 1.1827855860104088), ('Stap1', 0.0581248827837716), ('Dpp10', 0.0113626174081929), ('Lat2', 1.3368319738475605), ('Pisd', 0.6809159251693392), ('Gusb', 1.3668206940700742), ('Selenbp1', 1.2027604611160114), ('Gbp8', 0.7858980364727544), ('Pilrb1', 1.225859599790709), ('Arhgap11a', 3.192695650000099), ('Ifi203', 2.0407657304656226), ('P2ry12', 17.953437152769233), ('Mndal', 3.4561214770172533), ('Mcub', 9.335767594496769), ('Dpy19l4', 0.7476554107717686), ('Zfp120', 0.5790459172659755), ('Vps18', 0.890223695312289), ('Rbpj', 24.278940399215923), ('Gimap3', 0.7035682542497149), ('Arid5a', 0.4107175771806374), ('Fmn1', 0.4651038040382856), ('Ptpn6', 5.525648679630419), ('Oas2', 17.14107527920015), ('Psd4', 1.6718855156015249), ('Commd9', 0.9644312743736796), ('Cd52', 0.8478544958791459), ('Smtnl1', 1.1702640442911545), ('Akna', 9.257114195314893), ('Ehd4', 6.294499247774387), ('Laptm5', 16.524145778530055), ('Lrmp', 8.7580524601331), ('Btk', 11.021352197407214), ('Fbxw7', 5.630222267246627), ('Orai1', 0.3424787662354281), ('Clec4b1', 5.167773066240461), ('Fhl3', 0.6509344459133524), ('Ncoa3', 3.8099819719338446), ('Pla2g2d', 2.690970511084241), ('Fam107b', 0.3447786208161844), ('Ogfr', 2.1910249092386778), ('Pde4b', 0.1961968979492581), ('Lcorl', 0.6171368925091), ('Itch', 0.3418716379545644), ('Mdfic', 2.005384289865217), ('Satb2', 0.7468080909031392), ('Sh2d1b1', 0.1344409343744949), ('Oas1a', 2.8861703242388703), ('Sirpa', 1.2331382769162895), ('Madd', 10.35559570911147), ('Camk1d', 9.48928732808242), ('Cass4', 2.5256536833828616), ('Cxcr3', 0.2940217139570001), ('Raph1', 7.694959002648373), ('Mlxip', 6.2175763253529786), ('Slc35f6', 1.628046779707597), ('Sh3bgrl3', 7.393826163108948), ('Lemd1', 1.1596072844274734), ('Clnk', 0.5388948123692971), ('Arhgap15', 13.486302735776864), ('Slc17a9', 0.1664019657483994), ('Gatm', 0.4942724530795949), ('Odam', 0.3363607182554425)]",3781
Nfatc2,metacluster_166.5,0.049265891,3.132540392,4.77E-06,0.889251,motif similar to tfdimers__MD00050 ('M01721_forward_6_M01281_forward dimer: PUR1 / NFAT1'; q-value = 4.77e-06) which is annotated for orthologous gene ENSG00000101096 in H. sapiens (identity = 88%),"frozenset({'top50perTarget', 'activating', 'mm10_500bp_up_100bp_down_full_tx_v10_clust.genes_vs_motifs.rankings'})","[('Uap1l1', 0.6899205007613942), ('Osbpl2', 0.522336367003937), ('Nhlrc3', 1.4550909908173282), ('Commd9', 0.9644312743736796), ('Tnfrsf1b', 7.4588876125113), ('Arhgef6', 0.359163618058774), ('Fbxw7', 5.630222267246627), ('Clta', 0.6832305677714369), ('Itm2c', 0.6224136878498351), ('Selplg', 6.396725229681477), ('Cept1', 1.9811904825426647), ('Oasl2', 1.588911055885501), ('Pisd', 0.6809159251693392), ('Clca3a1', 0.6878737605074866), ('Tsc1', 1.4589606595684943), ('Aox4', 0.0458123566584349), ('Nudt9', 1.5430176055602218), ('Mcoln2', 5.970953609775977), ('Rab7', 0.4811798318138255), ('Cd5l', 0.6017021060675247), ('Cd28', 1.5079080357623809), ('Ptpn6', 5.525648679630419), ('Tpx2', 0.2577432379829148), ('Ptgs1', 0.3695056282530935), ('Arfgef2', 0.5032782005706121), ('Ifi209', 6.747448980589542), ('Ifi214', 0.8415759490138986), ('Cask', 2.1893303180268777), ('Dpy19l4', 0.7476554107717686), ('Snap23', 3.485483226408524), ('Fgr', 0.0435346072640409), ('Hlx', 1.12901065310227), ('P2rx4', 1.218441238095054), ('Zfp971', 1.932163289826639), ('Pla2g2e', 0.1433940183191189), ('Tpd52', 0.5697690129525694), ('Tmem165', 3.4435277439633083), ('Slc30a1', 1.6676820986785896), ('Zfp217', 2.617733514251307), ('Pola1', 0.4939512971610668), ('Fam78a', 5.566233120300097), ('Lmo2', 7.376783449258811), ('Neurl3', 1.2484174868195763), ('Slc31a2', 1.1165328151071054), ('Cd84', 6.524872317441094), ('Fam107b', 0.3447786208161844), ('Arl8a', 0.3944418804720089), ('Slc25a24', 2.208629252500239), ('Adar', 0.5826141904842781), ('Ctsa', 5.312290731134536), ('Pde4b', 0.1961968979492581), ('AI504432', 0.2746508514142993), ('Dapp1', 5.158675639046225), ('Slamf8', 0.1475022670076808), ('Fam219a', 10.933221312760216), ('Tifa', 0.7635357829489499), ('Nhsl2', 0.6757221662259473), ('Mthfr', 0.4112102010847403), ('Mfsd1', 3.6971708695365626), ('St3gal5', 5.094596543502402), ('Gna12', 0.4353975139141071), ('Wwp1', 5.898628075956783), ('P2ry13', 3.1945131502821766), ('Sash3', 1.4150112300035438), ('Tmcc2', 2.311514934215806), ('Phf20', 1.182824704376298), ('Gm14326', 0.7040765960839688), ('Lpar1', 0.4401296571875967), ('Fut7', 0.0241643997042636), ('Lat2', 1.3368319738475605), ('Mknk1', 4.584305163805113), ('Capzb', 1.4024524442926167), ('Slc2a9', 1.409984771471703), ('Rnf13', 0.4152929665649246), ('Fam126a', 0.6470163867654966), ('Itpripl1', 2.26929308698674), ('Gm829', 0.0034830316366127), ('Cxcr3', 0.2940217139570001), ('Hsf3', 0.8971895326770735), ('Clec4a3', 8.33542184845678)]",1681
Nfatc2,tfdimers__MD00018,0.054406712,3.959768393,2.87E-06,0.889251,motif similar to tfdimers__MD00050 ('M01721_forward_6_M01281_forward dimer: PUR1 / NFAT1'; q-value = 2.87e-06) which is annotated for orthologous gene ENSG00000101096 in H. sapiens (identity = 88%),"frozenset({'top50perTarget', 'activating', 'mm10_500bp_up_100bp_down_full_tx_v10_clust.genes_vs_motifs.rankings'})","[('Slc8b1', 0.409286968028317), ('Dennd4c', 0.9922263451812422), ('Mafk', 1.548230432545773), ('Pxn', 1.256752322745596), ('Snx8', 18.189072769961747), ('Sh2b3', 7.7381312884514655), ('Skap2', 0.703234761775393), ('Mfsd14a', 7.41972629571304), ('Fam126a', 0.6470163867654966), ('Itga4', 8.664803432357257), ('Arrdc1', 0.7269762709812311), ('Inpp4a', 15.853319920390453), ('Fam107b', 0.3447786208161844), ('Slc41a3', 0.1580874716001437), ('Degs1', 0.8933286602260632), ('Bcl10', 3.2110858414849703), ('Ralb', 4.256010530185585), ('Tpd52', 0.5697690129525694), ('Rell1', 7.404645634004048), ('Man1c1', 6.662646068837734), ('Smim20', 2.252374542974507), ('Slc6a6', 0.5244581834979815), ('Tbc1d1', 0.5390871661323047), ('Dnase1l1', 3.3367738743378976), ('Tdrd7', 0.4204537411215829), ('Stxbp3', 5.082655440192404), ('Tmem87b', 1.0641884366644407), ('Gpr160', 10.272466465487389), ('Arfgef2', 0.5032782005706121), ('Soat1', 2.050336054311887), ('Osbpl9', 12.600301952212202), ('Hlx', 1.12901065310227), ('Dck', 3.920146598000291), ('Coro1c', 1.1152357888042943), ('Ephx1', 1.1158801916642802), ('Fam214b', 0.6429608018348953), ('Tpcn1', 0.9383138719958882), ('Ptgr1', 0.2770005461199795), ('Rnf149', 0.3883362905021216), ('Prex1', 1.5610937559008802), ('Adar', 0.5826141904842781)]",548
Nfatc2,tfdimers__MD00398,0.054844149,4.030157975,2.56E-06,0.889251,motif similar to tfdimers__MD00050 ('M01721_forward_6_M01281_forward dimer: PUR1 / NFAT1'; q-value = 2.56e-06) which is annotated for orthologous gene ENSG00000101096 in H. sapiens (identity = 88%),"frozenset({'top50perTarget', 'activating', 'mm10_500bp_up_100bp_down_full_tx_v10_clust.genes_vs_motifs.rankings'})","[('Fosl2', 0.5968360607550424), ('2210417A02Rik', 0.2589079551645324), ('Gimap6', 0.6189486394344401), ('Was', 1.2697591030513669), ('Casp8', 3.149559399955891), ('C1qb', 8.570989885413427), ('Inpp5d', 16.728027778058713), ('Wdr26', 0.3111453741971089), ('Ly96', 4.861456619780407), ('Tlr4', 4.988373077760385), ('F630028O10Rik', 5.847990024303116), ('Cst3', 4.375713046901195), ('Lmo2', 7.376783449258811), ('Slc2a9', 1.409984771471703), ('Arhgap30', 11.901448690137958), ('Nup210', 0.4851401114624619), ('Slc9a4', 1.3110169136283416), ('Slamf7', 0.0859108882752855), ('Coro1c', 1.1152357888042943), ('Tprgl', 0.2057301022744165), ('Cnr2', 3.098084971685981), ('Rhoh', 2.7025371977968464), ('Clec4a3', 8.33542184845678), ('Sh3bp2', 1.5867463677792275), ('Sash3', 1.4150112300035438), ('Zyx', 1.0060812066380953), ('Slamf9', 1.7554395487872534), ('Traf3ip3', 0.4254205449384025), ('Cdk9', 1.1134319180824994), ('Cd72', 0.2387078563502459), ('Bcl10', 3.2110858414849703), ('Lfng', 0.3293260068862932), ('Xrn2', 0.4801767504891208), ('BC028528', 3.452970902884194), ('Cd48', 14.234015591605814), ('Necap2', 0.97505304914737), ('4930512J16Rik', 0.144321107460847), ('Utp14a', 2.203047568430278), ('Zap70', 0.7331449051962959), ('Taok3', 3.1162103532375887), ('Sass6', 7.804633520215988), ('Cmklr1', 0.4701752936545745), ('Pla2g2d', 2.690970511084241), ('Ctnnd1', 0.8240287517094828), ('Ankrd44', 1.503386046536645), ('Ifi209', 6.747448980589542), ('C030034L19Rik', 3.3482123052707857), ('Lck', 0.7685824515618724), ('Gpr174', 1.6936600892222553), ('Plcb2', 0.2439708273378609), ('Pianp', 0.3740574273405029), ('Tmem154', 1.2811366898400611), ('Myo3b', 0.0063780924337827), ('Wipf1', 1.2839898581957807), ('Itch', 0.3418716379545644), ('Rbpj', 24.278940399215923), ('Orai1', 0.3424787662354281), ('Sh2d1b1', 0.1344409343744949), ('Ptgr1', 0.2770005461199795), ('Fmn1', 0.4651038040382856), ('Setdb1', 0.5350161543668088), ('Ifi203', 2.0407657304656226), ('Ppp1r16b', 0.3989964665962889), ('Gbp8', 0.7858980364727544), ('Lpar5', 1.726199194377376), ('Gimap3', 0.7035682542497149), ('Mndal', 3.4561214770172533), ('Dclre1c', 34.102816036198654), ('Fcrls', 9.84276368255412), ('Sirpa', 1.2331382769162895), ('Kcnab2', 20.29973033244977), ('Nfatc2', 1.0), ('Ptafr', 12.914304125344076), ('Txk', 0.5423892311004009), ('Fcna', 8.542761593159128), ('Lat2', 1.3368319738475605), ('Ak8', 3.5157857335669096), ('2610203C22Rik', 7.718896534311345), ('Pdss1', 0.9484332643161634), ('Spi1', 17.681238527835013), ('Prkx', 1.5718151668070288), ('C3ar1', 7.603719065894529), ('Ptpn6', 5.525648679630419), ('Dgkz', 0.6852813900648915), ('Cd53', 15.756069368762343), ('Csf3r', 0.7226020659601324), ('Agfg1', 3.026477813211245), ('Slc17a9', 0.1664019657483994), ('Ifi204', 3.017704919007862), ('Fam214b', 0.6429608018348953), ('Fcgr1', 1.420146449791961), ('Faah', 0.12647863214956), ('Plekhg5', 20.84697320504123), ('Skint3', 0.5612564512126933), ('Mrc1', 23.34775652497659), ('Il2rg', 1.1495692289761286), ('Dnase1l1', 3.3367738743378976), ('Chst7', 0.1830470678042784), ('Clec4a2', 3.9559486454112567), ('Itpripl1', 2.26929308698674), ('Tfpi', 13.084508812133846), ('Psd4', 1.6718855156015249), ('Ccm2l', 4.293738272644172), ('Tfec', 1.4925439078273712), ('Gusb', 1.3668206940700742), ('Akna', 9.257114195314893), ('Pilrb2', 7.152791281368589), ('P2ry12', 17.953437152769233), ('Snx30', 7.359396664479306), ('Gm7609', 0.0753104028553276), ('Actr3', 2.6159848854685195), ('Slc25a24', 2.208629252500239), ('Tpx2', 0.2577432379829148), ('Enox2', 5.159913102551744), ('Il1rl1', 3.96348836202012), ('Vamp4', 0.2868720950201335), ('Cxcr3', 0.2940217139570001), ('Elf2', 1.850809911332876), ('Fam117b', 7.172103264513465), ('Zfp984', 6.680402333526062), ('Pik3cd', 11.180935130969658), ('Mmp9', 3.216435681661701), ('Clec4b1', 5.167773066240461), ('Stau1', 0.2749227821888944), ('Tmem67', 0.6909354763852182), ('S100a4', 0.5960101438987004), ('E2f5', 3.013072789060709), ('Fcer1g', 13.410214095190565), ('Odam', 0.3363607182554425), ('Ifi44', 0.1187862519479896), ('Rnpep', 7.555456622297185), ('Stk4', 3.4720143689466565), ('Camkk2', 5.065518029870572), ('Duox2', 0.679111600417501), ('Snap23', 3.485483226408524), ('Abcd1', 2.281333885458313), ('Il10', 0.2592221183278769), ('Sp100', 4.196633531263317), ('Ptprc', 4.124329983529155), ('Sestd1', 0.8981344937130861), ('Zfp217', 2.617733514251307), ('Lyn', 7.718933576543343), ('Rab43', 0.7597464542948752), ('Cenpa', 2.5450998112562844), ('Wdr3', 0.6491035489953094), ('Dennd1b', 1.4686216619395391), ('Ifi207', 5.884390494557328), ('Frmd4b', 30.319991770757092), ('Zmynd8', 0.3396078037652556), ('Vcpip1', 1.5336270529304046), ('Laptm5', 16.524145778530055), ('Clca3a1', 0.6878737605074866), ('Arhgap15', 13.486302735776864), ('Gbgt1', 5.467413371959256), ('Fbxw7', 5.630222267246627), ('Il6ra', 3.4046029113505174), ('Oas1g', 6.9354566911153865), ('Btk', 11.021352197407214), ('Ifi208', 0.932087587901184), ('Cysltr1', 6.889688410448977), ('Sp110', 1.9001199697124609), ('Cd4', 0.0144670507575621), ('Sms', 0.4605726987486704), ('Mfsd1', 3.6971708695365626), ('Cfp', 9.00593113152367), ('Ecm1', 2.398064985603464), ('Zscan29', 2.450851028162729), ('Elmo2', 0.3959462308897987), ('Gpr35', 0.6159805327972546), ('Ncstn', 0.4875223307394392), ('Wdr44', 1.1528185043425117), ('AI504432', 0.2746508514142993), ('Gnai3', 2.757627229332824), ('Dennd4b', 2.3171752020329164), ('Mcub', 9.335767594496769), ('Cass4', 2.5256536833828616), ('Fnbp1', 2.7449167392224094), ('Oas1a', 2.8861703242388703), ('Dclk2', 1.1768550719198585), ('Arid5a', 0.4107175771806374), ('Galk2', 0.5080849003945858), ('Inpp4a', 15.853319920390453), ('Pisd', 0.6809159251693392), ('Zeb2', 1.513375390471158), ('Dpy19l4', 0.7476554107717686), ('Oas2', 17.14107527920015), ('Stap1', 0.0581248827837716)]",4199
Nfatc2,metacluster_167.5,0.069583662,6.40194599,1.01E-06,0.889251,motif similar to tfdimers__MD00050 ('M01721_forward_6_M01281_forward dimer: PUR1 / NFAT1'; q-value = 1.01e-06) which is annotated for orthologous gene ENSG00000101096 in H. sapiens (identity = 88%),"frozenset({'top50perTarget', 'activating', 'mm10_500bp_up_100bp_down_full_tx_v10_clust.genes_vs_motifs.rankings'})","[('Dennd4c', 0.9922263451812422), ('Vcpip1', 1.5336270529304046), ('Gbp8', 0.7858980364727544), ('Gbp9', 0.3732017140211552), ('Clec4a2', 3.9559486454112567), ('Itpripl1', 2.26929308698674), ('Ctnnd1', 0.8240287517094828), ('Fcer1g', 13.410214095190565), ('Sh2b3', 7.7381312884514655), ('Ifi204', 3.017704919007862), ('Zbp1', 1.416443593038378), ('Tbc1d1', 0.5390871661323047), ('Cst3', 4.375713046901195), ('Lmo2', 7.376783449258811), ('Wipf1', 1.2839898581957807), ('Tprgl', 0.2057301022744165), ('Gbgt1', 5.467413371959256), ('Cd53', 15.756069368762343), ('Phf20', 1.182824704376298), ('Ogfr', 2.1910249092386778), ('Arhgap11a', 3.192695650000099), ('Ocrl', 0.4578471802479945), ('Rell1', 7.404645634004048), ('Cfp', 9.00593113152367), ('Oas1g', 6.9354566911153865), ('Oas1a', 2.8861703242388703), ('Reps2', 9.561104964409816), ('Rhoh', 2.7025371977968464), ('P2ry12', 17.953437152769233), ('Arhgap15', 13.486302735776864), ('Fcgr2b', 24.096366284853502), ('Was', 1.2697591030513669), ('Pianp', 0.3740574273405029), ('Arid5a', 0.4107175771806374), ('Lrmp', 8.7580524601331), ('Gbp2b', 0.3760193580908592), ('Mcub', 9.335767594496769), ('Dclre1c', 34.102816036198654), ('Fosl2', 0.5968360607550424), ('4930455G09Rik', 2.5326592821619056), ('Gba2', 3.730352066913349), ('Tpm3', 4.616597534115803), ('Cybb', 0.9104473328872434), ('Pilrb1', 1.225859599790709), ('Mlxip', 6.2175763253529786), ('Sh2d1b1', 0.1344409343744949), ('Gm7609', 0.0753104028553276), ('Gapvd1', 1.380405975039281), ('Xrn2', 0.4801767504891208), ('Btk', 11.021352197407214), ('Clec4a3', 8.33542184845678), ('Gbp7', 0.9747565184459116), ('Sms', 0.4605726987486704), ('Yipf1', 0.8446413731138718), ('Cyp27a1', 7.228019456008783), ('Gusb', 1.3668206940700742), ('Rgs18', 8.241173069286923), ('Oas1b', 0.8574891115660568), ('Psd4', 1.6718855156015249), ('Smox', 5.470193026195748), ('Stau1', 0.2749227821888944), ('Ctss', 5.550387741287812), ('Tlr2', 0.6869947890950643), ('Mob3c', 4.498351957258874), ('Rnf149', 0.3883362905021216), ('Pilra', 0.2454703711877391), ('Bank1', 21.62170259099316), ('Slamf7', 0.0859108882752855), ('Cenpa', 2.5450998112562844), ('Ifi44', 0.1187862519479896), ('Elmo2', 0.3959462308897987), ('Dpp10', 0.0113626174081929), ('Isg15', 0.9828646738245886), ('Oasl1', 15.792864356750185), ('Laptm5', 16.524145778530055), ('Slc8b1', 0.409286968028317), ('Ecm1', 2.398064985603464), ('Gimap6', 0.6189486394344401), ('Fhl3', 0.6509344459133524), ('Mbnl1', 3.8948687027766806), ('Zbtb34', 0.3604696824837936), ('Raph1', 7.694959002648373), ('Pilrb2', 7.152791281368589), ('Stk17b', 16.822133566276722), ('St6galnac4', 3.52589717025098), ('C1qb', 8.570989885413427), ('Bst1', 4.4890148038292), ('4930512J16Rik', 0.144321107460847), ('Clec4b1', 5.167773066240461), ('Cd40', 4.9701940291175), ('Smtnl1', 1.1702640442911545), ('Rab43', 0.7597464542948752), ('Rusc2', 0.5683277519631725), ('Ophn1', 1.7562636372962002), ('Rbpj', 24.278940399215923), ('Fut7', 0.0241643997042636), ('Degs1', 0.8933286602260632), ('Dapp1', 5.158675639046225), ('Casp8', 3.149559399955891), ('Vps18', 0.890223695312289), ('Tfec', 1.4925439078273712), ('Actb', 2.1632882010053582), ('Cask', 2.1893303180268777), ('Plbd2', 0.3730100318520891), ('Evi5', 0.8167186468169402), ('Cd28', 1.5079080357623809), ('Gimap3', 0.7035682542497149), ('Cd38', 2.2415507888392736), ('Jak1', 1.684341029854452), ('Cd2', 0.8001095245226122), ('Tor1aip1', 0.1804571099780739), ('Sass6', 7.804633520215988), ('Frrs1l', 0.0118405118637577), ('Dnm1', 5.28175417468927), ('Sgk3', 1.73344345884565), ('Ncf1', 13.93824218446624), ('Lpar5', 1.726199194377376), ('Cysltr1', 6.889688410448977), ('Fcrls', 9.84276368255412), ('Mcm10', 0.3452061353937807), ('Sh3kbp1', 0.4673941993308441), ('Kcnab2', 20.29973033244977), ('Zeb2', 1.513375390471158), ('Dlgap4', 1.2327259494792), ('Cxcr3', 0.2940217139570001), ('Sp100', 4.196633531263317), ('Il18r1', 0.0080421474390718), ('Smap2', 5.146538999695467), ('Rassf5', 0.5855774595661766), ('Tmcc2', 2.311514934215806), ('Sestd1', 0.8981344937130861), ('Fam117b', 7.172103264513465), ('Fam126a', 0.6470163867654966), ('Sirpa', 1.2331382769162895), ('Cd72', 0.2387078563502459), ('Ift80', 0.2861089350606743), ('Fbxw7', 5.630222267246627), ('Dock11', 0.4109611238850021), ('Odam', 0.3363607182554425), ('Utp14a', 2.203047568430278), ('A630012P03Rik', 7.88956236736332), ('Ppp1r16b', 0.3989964665962889), ('Cd48', 14.234015591605814), ('Chst7', 0.1830470678042784), ('Satb2', 0.7468080909031392), ('A630001G21Rik', 11.115123730646172), ('2610203C22Rik', 7.718896534311345), ('Traf3ip3', 0.4254205449384025), ('Cttnbp2nl', 0.286748969969436), ('Lat2', 1.3368319738475605), ('Pkig', 2.248111377979602), ('Rbm12b2', 2.295352938760789), ('Hs6st1', 0.4097596124238654), ('Cd163', 15.431767254417847), ('BC028528', 3.452970902884194), ('Slamf9', 1.7554395487872534), ('Cept1', 1.9811904825426647), ('Ids', 1.8440965794726143), ('Txk', 0.5423892311004009), ('Nfatc2', 1.0), ('Madd', 10.35559570911147), ('Sh3tc1', 0.5240518710777099), ('Arfgef2', 0.5032782005706121), ('Slc35f6', 1.628046779707597), ('Zfp992', 7.574347700825455), ('Tlr1', 1.325256583739644), ('Nhlrc3', 1.4550909908173282), ('Gpr174', 1.6936600892222553), ('Man2b2', 1.1728317780026092), ('Duox2', 0.679111600417501), ('Elf4', 2.4183170635210254), ('Slc9a4', 1.3110169136283416), ('Akna', 9.257114195314893), ('Rnasel', 6.477357875184034), ('Itga4', 8.664803432357257), ('Ptpn22', 1.5413330744443627)]",4043
Runx3,tfdimers__MD00382,0.048312609,3.104638584,7.45E-06,1,gene is annotated for similar motif transfac_pro__M00769 ('V$AML_Q6: AML'; q-value = 7.45e-06),"frozenset({'top50perTarget', 'activating', 'mm10_500bp_up_100bp_down_full_tx_v10_clust.genes_vs_motifs.rankings'})","[('Lax1', 6.984251296039423), ('Cd48', 1.1111896233886107), ('Gimap6', 6.338924902696389), ('Was', 0.9318850740877987), ('Fcrls', 0.6949347834787993), ('Clec4a3', 0.0639335394342473), ('Clec4a2', 2.156894250916023), ('Inpp5d', 26.13710922330289), ('Rhoh', 5.832074672432263), ('Cers6', 2.3842191808544646), ('Ifi209', 0.1043792917229691), ('Il1a', 3.433679633841177), ('Gm5150', 2.9146797524981967), ('Sh3bp2', 11.25287631255875), ('Oas1g', 0.4068342782892625), ('Gpr174', 0.5835224015996648), ('Cnnm4', 2.757317657909702), ('Arhgap30', 2.63313433406996), ('4930512J16Rik', 0.1102606101011771), ('Cnr2', 0.1605552093638583), ('Fcgr1', 1.9177720480646765), ('Tbc1d1', 1.7873468187733936), ('Plcb2', 24.25814662842149), ('Traf3ip3', 19.17966948162609), ('Spopl', 0.3975543606254396), ('Fcgr4', 0.1098751364413122), ('BC028528', 0.9690393310887228), ('Padi2', 6.769692917430594), ('Sla2', 3.2456692043119664), ('Kcnab2', 1.6031355554970708), ('Acbd5', 0.4669588577267015), ('Xiap', 0.3012197831832647), ('Mbnl1', 8.64396117762666), ('Slamf7', 27.00946680025412), ('Zrsr2', 0.9234239388797318), ('Sirpb1b', 0.6134727119799008), ('Rnpepl1', 0.888350936213698), ('Tpp2', 2.7152401259055967), ('Bcl2', 3.623231574693929), ('Nup210', 4.354880006619138), ('C1qc', 0.0551929540645693), ('Pik3cd', 15.84943009665504), ('Il12rb2', 19.139516540474084), ('Gbgt1', 0.457728088422716), ('Dennd1b', 2.0418166262413058), ('Mcm3', 0.4417586321009765), ('Cap1', 3.143864041209484), ('Pilrb2', 2.307149644525265), ('C1qb', 0.1018220079506989), ('Rnpep', 0.533160448808519), ('Tmsb10', 0.2014407385158478), ('Cd72', 24.89661220312604), ('Taok3', 0.8205022350706753), ('Bst1', 0.501370785408414), ('Smox', 1.593088623684051), ('Khdrbs1', 0.7725747018728719), ('S100a4', 0.1210292547683043), ('Rps6ka1', 4.517586665517896), ('Atp8a1', 32.99513326699523), ('Tlr12', 50.82243624323005), ('Bmf', 0.142712246397866), ('Ankrd44', 7.667987310672677), ('Runx3', 1.0), ('Pan3', 0.2559298272192376), ('Tomm5', 0.2303114255658266), ('Zap70', 8.529349333007442), ('Crlf2', 0.2877410451729619), ('Sh2d2a', 2.1381552369643293), ('Tnfsf15', 1.2031424591658095), ('Sash3', 9.310673994568036), ('Dock10', 21.357220555990413), ('Lck', 10.289365422432375), ('Stau1', 0.3510627721364163), ('Pilra', 9.229000731893755), ('Lyn', 20.32414483462063), ('Wipf1', 2.855561441998698), ('Gbp4', 0.0305384333160185), ('Astl', 0.0905762594779846), ('Dnajb14', 0.743403910699637), ('Fcer1g', 1.1680102199670548), ('Txk', 10.48791133104715), ('Spi1', 15.141313025637416), ('Mms22l', 0.9334660530203502), ('Atp7a', 1.1125951938360268), ('Bach2os', 15.01398775487675), ('Gbp9', 0.0977799289369863), ('Rgs19', 0.0979562418656167), ('Cdk6', 19.174785993124868), ('Gjb4', 0.5375503166541347), ('Myo3b', 4.736504857360638), ('Itgav', 35.21519539621636), ('Tank', 0.7686155537147756), ('Sh2b3', 0.7581419773774813), ('Stat4', 0.9922567832496884), ('Clec4d', 0.1028367432785836), ('Stap1', 2.1650455961139867), ('Nasp', 0.8684096577550954), ('Lat2', 20.43369225987126), ('Gusb', 3.80887232832996), ('Prr14l', 0.2865124789403725), ('P2ry10', 13.008906662166543), ('Gbp8', 40.00789373822531), ('Gimap7', 0.3036833090552414), ('Il18rap', 0.4811401266049893), ('Arhgap11a', 0.3351703945355302), ('P2ry12', 3.623455507333536), ('Mcub', 0.0685123668876499), ('P2ry14', 0.2220780732248553), ('Cntrl', 1.386165643171002), ('Gimap3', 1.5910437918674052), ('Tgs1', 0.4413568865493681), ('Rap1a', 4.745493115288204), ('Pi4kb', 0.391703376771601), ('Spint1', 1.8571191807782568), ('Gimap1', 2.89170155368598), ('Lrrc4c', 3.0518929790497125), ('Ptpn6', 15.452103531530748), ('Slc2a3', 0.557014570191125), ('Psd4', 25.14860369491042), ('Cd52', 16.99099724586764), ('Pla2g4a', 6.2640365893285175), ('Akna', 13.672595470803524), ('Sh2d3c', 3.741787196006008), ('Laptm5', 2.4776706228667256), ('Phc2', 29.633467566102905), ('1810006J02Rik', 0.0407166523298716), ('Lrmp', 3.70901349320944), ('Btk', 0.2233967653224444), ('Tor3a', 1.7223460797338528), ('Clec4b1', 0.1222989596854643), ('5530601H04Rik', 0.3860998662506827), ('Ncoa3', 1.046793349806174), ('Fam107b', 0.934811514924868), ('Lcorl', 0.9901784327730244), ('Itch', 0.9226476182419168), ('Satb2', 0.1935630748051878), ('Sh2d1b1', 9.061898317993515), ('Arhgef2', 11.366535005840731), ('Oas1a', 0.2136858001139455), ('Stra6l', 14.14062749313445), ('Sirpa', 8.133572331638005), ('Madd', 0.7305238643523994), ('Sat1', 37.1842966888414), ('Camk1d', 4.125233954818753), ('Kbtbd8', 0.0926931947364467), ('Cass4', 0.0185759474492206), ('Frmd4a', 1.5213572284927364), ('Cxcr3', 2.861619383881568), ('Gfi1', 0.0224554469946338), ('Rgs1', 2.7316375139363784), ('Sh3bgrl3', 2.580486700274609), ('Stil', 0.2870461150584116), ('Gimap5', 1.1763918973586538), ('Clnk', 26.7206880425024), ('Arhgap15', 3.411394908251157), ('Slc17a9', 0.2956121902699358), ('Lxn', 0.2985648853517052), ('Gatm', 3.626227440826621), ('Slamf9', 2.721712597862046), ('Procr', 0.1797049627702292), ('Jakmip1', 4.736982772744448), ('Itga4', 0.6514848184668329), ('Dusp2', 1.933100547915064), ('Efhd2', 3.5742268602120366), ('Mgat4a', 51.21910452195349), ('AI847159', 0.6420020244715082), ('Fnbp1', 5.282156001749886), ('8030442B05Rik', 0.1418888545586254), ('Elf2', 0.3571390595363677), ('Gjb3', 0.0653596199770966), ('Xcl1', 2.4760503714261284), ('Ivns1abp', 1.6576771535674786), ('Ppp1r16b', 6.346493091381593), ('Trim55', 3.2504592814209867), ('Vcam1', 0.8639788728112557), ('Cd160', 3.2310160110977595), ('Elovl1', 3.8386456116975674), ('Cd4', 5.709664787775765), ('Zfyve28', 1.0211027948802849), ('Ocstamp', 9.317587444403262), ('Kcnj10', 25.34686173708044), ('Dbf4', 5.406569443287574), ('Cd44', 1.2019729266509385), ('Tsc22d4', 0.6619091159737053), ('Slamf8', 6.089387794523129), ('Rfc2', 0.9135300529171634), ('Itpkb', 0.2039642765963923), ('Clec4n', 19.91354781763458), ('Xlr4b', 7.730844130661934), ('Ogt', 0.5150356474602414), ('Cd82', 0.8635098775217648), ('Ctss', 23.889108450919384), ('Ptprj', 0.9252836641378606), ('Tnfsf8', 26.771945115812343), ('Fcgr3', 0.0276942916618831), ('Gimap9', 0.1376547998934423), ('Spink2', 0.4167943238833421)]",4981
Runx3,tfdimers__MD00459,0.049651457,3.316449142,1.02E-08,0.891253,gene is orthologous to ENSG00000020633 in H. sapiens (identity = 89%) which is annotated for similar motif tfdimers__MD00509 ('M01814_forward_6_M01876_reverse dimer: AML2 / GABP-beta'; q-value = 1.02e-08),"frozenset({'top50perTarget', 'activating', 'mm10_500bp_up_100bp_down_full_tx_v10_clust.genes_vs_motifs.rankings'})","[('Lax1', 6.984251296039423), ('C1qb', 0.1018220079506989), ('Gimap6', 6.338924902696389), ('Was', 0.9318850740877987), ('Tmem230', 0.3713235169609653), ('Fcrls', 0.6949347834787993), ('Gm5150', 2.9146797524981967), ('Ifi209', 0.1043792917229691), ('5530601H04Rik', 0.3860998662506827), ('Clec4a3', 0.0639335394342473), ('Ankrd44', 7.667987310672677), ('Spopl', 0.3975543606254396), ('Nup210', 4.354880006619138), ('Gpr174', 0.5835224015996648), ('Necap2', 0.2201785084598578), ('Cap1', 3.143864041209484), ('Pik3cd', 15.84943009665504), ('Rgs19', 0.0979562418656167), ('Smox', 1.593088623684051), ('Tpp2', 2.7152401259055967), ('Stk4', 1.0431377856403612), ('Bcl2', 3.623231574693929), ('Laptm5', 2.4776706228667256), ('Sash3', 9.310673994568036), ('Cd48', 1.1111896233886107), ('Rfc2', 0.9135300529171634), ('Acbd5', 0.4669588577267015), ('Tank', 0.7686155537147756), ('Inpp5d', 26.13710922330289), ('Cnnm4', 2.757317657909702), ('Psd4', 25.14860369491042), ('Dock10', 21.357220555990413), ('P2ry10', 13.008906662166543), ('Sirpb1b', 0.6134727119799008), ('Mms22l', 0.9334660530203502), ('Crlf2', 0.2877410451729619), ('Ocstamp', 9.317587444403262), ('Tec', 0.5202481551880425), ('Fcgr1', 1.9177720480646765), ('Il2rg', 2.483765901638036), ('P2ry12', 3.623455507333536), ('Cers6', 2.3842191808544646), ('Skil', 7.430163815983883), ('Sh2b3', 0.7581419773774813), ('4930512J16Rik', 0.1102606101011771), ('Gbp8', 40.00789373822531), ('Zrsr2', 0.9234239388797318), ('S100a4', 0.1210292547683043), ('Stil', 0.2870461150584116), ('Gbgt1', 0.457728088422716), ('Tgs1', 0.4413568865493681), ('Pi4kb', 0.391703376771601), ('Padi2', 6.769692917430594), ('Pilrb2', 2.307149644525265), ('Gjb3', 0.0653596199770966), ('BC028528', 0.9690393310887228), ('Cd247', 0.6603425235459517), ('Xiap', 0.3012197831832647), ('Khdrbs1', 0.7725747018728719), ('Sla2', 3.2456692043119664), ('Traf3ip3', 19.17966948162609), ('Il12rb2', 19.139516540474084), ('Gbp4', 0.0305384333160185), ('Arhgap30', 2.63313433406996), ('Slamf9', 2.721712597862046), ('Cd72', 24.89661220312604), ('Zap70', 8.529349333007442), ('Snx10', 0.1107193844459406), ('Cnr2', 0.1605552093638583), ('Clec4a2', 2.156894250916023), ('Slamf7', 27.00946680025412), ('Pnpla7', 12.360964210025434), ('Tbc1d1', 1.7873468187733936), ('Sirpa', 8.133572331638005), ('Arhgap15', 3.411394908251157), ('Wipf1', 2.855561441998698), ('Cxcr3', 2.861619383881568), ('Rexo4', 6.438116666647197), ('Cd82', 0.8635098775217648), ('Lck', 10.289365422432375), ('Sh3bp2', 11.25287631255875), ('Kcnab2', 1.6031355554970708), ('Arpc5l', 0.5954641841501539), ('Prkcq', 6.298223059139885), ('Pan3', 0.2559298272192376), ('Ncoa3', 1.046793349806174), ('Spint1', 1.8571191807782568), ('Plin2', 0.7556088479494583), ('Tmsb10', 0.2014407385158478), ('Lrrfip1', 9.201171466733038), ('Cd52', 16.99099724586764), ('Mafb', 0.4572393660283151), ('Sh2d1a', 0.5508310251935301), ('Tlr12', 50.82243624323005), ('Mcm3', 0.4417586321009765), ('Usp11', 0.3653737542554555), ('Cntrl', 1.386165643171002), ('Rps6ka1', 4.517586665517896), ('Kbtbd8', 0.0926931947364467), ('Tomm5', 0.2303114255658266), ('Sh2d1b1', 9.061898317993515), ('Fnbp1', 5.282156001749886), ('Vcam1', 0.8639788728112557), ('Clec4b1', 0.1222989596854643), ('Gjb4', 0.5375503166541347), ('Mbtps2', 0.2790438332622199), ('Nasp', 0.8684096577550954), ('Lat2', 20.43369225987126), ('Lrmp', 3.70901349320944), ('Gimap5', 1.1763918973586538), ('Bmf', 0.142712246397866), ('P2ry14', 0.2220780732248553), ('Ptprj', 0.9252836641378606), ('Gusb', 3.80887232832996), ('Tnfsf15', 1.2031424591658095), ('Taok3', 0.8205022350706753), ('Gimap1', 2.89170155368598), ('Rap1a', 4.745493115288204), ('Adam22', 4.135432160290035), ('Fcer1g', 1.1680102199670548), ('Bach2', 0.923453424722789), ('Vav2', 3.331945496043882), ('Armc9', 1.9021942521990336), ('Atp8a1', 32.99513326699523), ('Pla2g4a', 6.2640365893285175), ('Plcb2', 24.25814662842149), ('Itch', 0.9226476182419168), ('Dennd1b', 2.0418166262413058), ('Mvb12b', 40.52209898629624), ('Wdr76', 1.8831459284193892), ('Leprot', 3.44061888980795), ('Gimap7', 0.3036833090552414), ('Ifi208', 0.0217215192715715), ('Vamp4', 0.2681146553269029), ('Cd101', 12.567036167362351), ('Xcl1', 2.4760503714261284), ('Zfyve28', 1.0211027948802849), ('Gimap4', 6.082284279265483), ('Il1a', 3.433679633841177), ('Ptpn6', 15.452103531530748), ('Procr', 0.1797049627702292), ('Bach2os', 15.01398775487675), ('Myo3b', 4.736504857360638), ('Dhx9', 1.6078969646912806), ('Tlr1', 23.210217318585705), ('Actr3', 14.067464158607052), ('Clspn', 0.5986384046095372), ('Fcgr4', 0.1098751364413122), ('C1qc', 0.0551929540645693), ('Orai2', 7.937427968299331), ('Gfi1', 0.0224554469946338), ('Nostrin', 0.2933757231190724), ('Hvcn1', 28.886807215638097), ('Dnajb14', 0.743403910699637), ('Lxn', 0.2985648853517052), ('Clnk', 26.7206880425024), ('8030442B05Rik', 0.1418888545586254), ('Knl1', 0.5178406254805266), ('Wdfy3', 0.2134170733464613), ('Pilra', 9.229000731893755), ('Rgs1', 2.7316375139363784), ('Zfp691', 0.5488694360602886), ('Arhgap15os', 0.6145552686262817), ('Cttnbp2nl', 19.25979982891117), ('Rest', 0.3942850606966529), ('Itpkb', 0.2039642765963923), ('Cd38', 1.3904328598987612), ('Mcub', 0.0685123668876499), ('Frrs1', 9.885211967223055), ('Iscu', 0.258893039865961)]",4078
