"ND_AACCATGTCCTTCACG_1"	"ND_AAGATAGTCGTTGTTT_1"	"ND_ACCTGAAAGCTAGCCC_1"	"ND_ATGGTTGCAATGACCT_1"	"ND_ATTGGGTAGCAGCACA_1"	"ND_CACCAAATCATAGGCT_1"	"ND_CCGATGGCACAAATCC_1"	"ND_CCGTAGGAGGACCCAA_1"	"ND_CTCCTTTTCATCAGTG_1"	"ND_GACCCAGCACGACGTC_1"	"ND_GACCGTGCAGGAGACT_1"	"ND_GGCAGTCGTTATAGCC_1"	"ND_GTCTGTCTCCCAAGTA_1"	"ND_TAATTCCTCACCCTGT_1"	"ND_TACAACGTCCAGCACG_1"	"ND_TCACGCTAGATGCTAA_1"	"ND_TCACTCGTCCGCAACG_1"	"ND_TCATGCCGTGCATGTT_1"	"ND_TGGTTAGTCGTGTGGC_1"	"ND_TTCATTGAGGCTGTAG_1"	"HFD_AAGTGAACATCTAACG_1"	"HFD_AGACCCGGTTCCGGTG_1"	"HFD_AGGTGTTGTTAACCTG_1"	"HFD_CATGGTAGTTCGTTCC_1"	"HFD_CTCCTCCGTCGCACGT_1"	"HFD_GGTAACTGTAGGGAGG_1"	"HFD_GGTCACGCAGTCAGTT_1"	"HFD_GTCCCATAGGCTTAGG_1"	"HFD_TATTGGGCATCCTTGC_1"	"ND_AAGATAGCACTAGAGG_1"	"ND_ACGGAAGAGGTCACTT_1"	"ND_ACGGTTAAGCGATCGA_1"	"ND_AGAAGTAGTGAGCGAT_1"	"ND_AGGGCCTGTAACCCTA_1"	"ND_CTTCAATTCTCAGAAC_1"	"ND_GACCTTCAGCTAGAAT_1"	"ND_GGGCGTTCACGACCTG_1"	"ND_TAGGAGGCAACGGGTA_1"	"ND_TATCTTGCATTCAGGT_1"	"ND_TGTTACTAGGTTGACG_1"	"ND_TTCCACGGTACGTGAG_1"	"ND_TTGTGGAAGCAGAAAG_1"	"HFD_AACAAAGAGACTACCT_1"	"HFD_ACCCAAAGTGACACAG_1"	"HFD_ACTGTGAGTAGCGCTC_1"	"HFD_AGGACGAAGCTGACCC_1"	"HFD_AGTACTGTCCGTAGTA_1"	"HFD_CGGACACCATGGCTGC_1"	"HFD_CTATAGGCAACCACAT_1"	"HFD_GACCTTCAGGGCGAGA_1"	"HFD_GGAAGTGTCTCGTGAA_1"	"HFD_GGTTCTCGTTAGTTCG_1"	"HFD_GTCCCATAGCTGTACT_1"	"HFD_GTGGAAGCACTGTGAT_1"	"HFD_GTGGTTACAATTGCCA_1"	"HFD_GTGTTAGGTCAGGAGT_1"	"HFD_TACAACGCATGCTGCG_1"	"HFD_TGGATGTGTGATGGCA_1"	"HFD_TGTCCTGAGTATAGAC_1"	"HFD_TGTCCTGCAATTGTGC_1"
"Gsr"	0.949080827877506	0.791502696505904	0.631940589126503	1.19751068903695	0.821623572576643	0.687817555646002	0.777181385599473	-1.04725946476785	1.41129842794121	1.08357327714221	0.74912742302547	1.17481853357956	0.439218708290793	0.89234834938215	-1.04725946476785	0.659945041300366	0.881502491796899	0.996678459635234	0.660746994209122	1.05034273050989	1.14732560356983	0.710976621968904	0.755866545694975	0.957771241727742	0.914235452216927	-1.04725946476785	0.840261143909943	1.10100133315073	-1.04725946476785	-1.04725946476785	-1.04725946476785	-1.04725946476785	-1.04725946476785	-1.04725946476785	-1.04725946476785	-1.04725946476785	-1.04725946476785	-1.04725946476785	-1.04725946476785	-1.04725946476785	-1.04725946476785	0.935883580470883	-1.04725946476785	-1.04725946476785	-1.04725946476785	1.06021906451304	-1.04725946476785	0.931426593006665	0.683163371642644	1.19998356906433	-1.04725946476785	-1.04725946476785	-1.04725946476785	-1.04725946476785	-1.04725946476785	1.19566935314193	-1.04725946476785	-1.04725946476785	-1.04725946476785	1.03322378623939
"Ace"	-0.69769311912814	1.25701657775829	-0.69769311912814	1.58158355844187	1.50938496014828	1.14679332293479	-0.69769311912814	1.31198373048002	-0.69769311912814	-0.69769311912814	1.48124860991928	1.31514913278037	1.23076772816965	-0.69769311912814	1.70663450531021	1.55768094610621	1.35269152489296	1.56662527585117	1.11801576265251	-0.69769311912814	-0.69769311912814	1.17141273944533	1.21913330442533	1.43376958283818	1.38748854023752	-0.69769311912814	-0.69769311912814	1.36561686678918	-0.69769311912814	-0.69769311912814	-0.69769311912814	-0.69769311912814	-0.69769311912814	-0.69769311912814	-0.69769311912814	-0.69769311912814	-0.69769311912814	-0.69769311912814	-0.69769311912814	-0.69769311912814	-0.69769311912814	-0.69769311912814	-0.69769311912814	-0.69769311912814	1.68074812836056	-0.69769311912814	-0.69769311912814	-0.69769311912814	-0.69769311912814	-0.69769311912814	-0.69769311912814	-0.69769311912814	-0.69769311912814	-0.69769311912814	-0.69769311912814	-0.69769311912814	-0.69769311912814	-0.69769311912814	-0.69769311912814	1.51397996758391
"Camk2d"	0.667367324248699	0.384436835241344	0.222552285190235	0.206161678834989	0.62529084101356	0.279242546630074	0.790573315324299	1.02762682022351	-1.48108869596152	0.680758532829919	0.829817686011923	0.860689458353332	0.656934923413882	0.276626525123025	0.813540821613681	0.841295729381578	0.68609498745826	1.10091550133782	0.461861916279025	0.436729145031933	0.745438780840848	0.635945713873063	1.18995328440191	0.342910055456898	0.889257839646188	0.523938782704395	0.977810475449935	0.488082206319124	0.762548904762451	0.876106503694496	-1.48108869596152	0.504957142413417	0.421909509462222	-1.48108869596152	0.593928053043663	-1.48108869596152	0.198630205741444	-1.48108869596152	0.317451593911998	-1.48108869596152	0.510442642153538	0.530919197630031	-1.48108869596152	-1.48108869596152	-1.48108869596152	0.990665001655214	0.622196822713927	-1.48108869596152	0.905469584143397	-1.48108869596152	-1.48108869596152	-1.48108869596152	-1.48108869596152	-1.48108869596152	0.544189516222016	-1.48108869596152	-1.48108869596152	0.60865163755062	-1.48108869596152	0.629676199975506
"Zfyve9"	0.501116480201077	1.20574333111282	0.597856349792954	0.909216720210694	0.58057840401448	0.447224666948529	0.53628643678657	-1.28198759179003	0.688251904850799	0.841642688180772	0.945381540559968	0.811658867729655	0.405289836805344	0.717568906165459	0.972077663117767	1.0391761579943	0.313327498454775	0.63419354619863	0.420245607150699	-1.28198759179003	0.905179524346951	0.797622066371695	0.888409806416516	0.509766667046537	0.793744980770055	0.687595184070043	0.599152978193885	0.652372477148973	1.04293545543983	0.620183432708379	-1.28198759179003	-1.28198759179003	-1.28198759179003	-1.28198759179003	0.343577551911273	-1.28198759179003	-1.28198759179003	-1.28198759179003	-1.28198759179003	-1.28198759179003	-1.28198759179003	1.02206544307042	0.982484307110065	0.779614612929477	1.06876249417767	0.818367415500421	-1.28198759179003	0.89667673571328	0.442586214627196	-1.28198759179003	-1.28198759179003	-1.28198759179003	-1.28198759179003	-1.28198759179003	-1.28198759179003	0.953359866435471	0.832433199117139	-1.28198759179003	-1.28198759179003	-1.28198759179003
"Filip1l"	0.817121396915306	-0.983780890258497	-0.983780890258497	1.10717483703466	0.897376477135605	1.09322977383746	0.852642405615539	0.91910403637404	-0.983780890258497	0.743914534149342	1.03296279200495	1.13076349147916	0.720338251178412	0.882005306994583	0.961948913653967	0.734636083979711	-0.983780890258497	1.32879195913648	0.943873305776277	1.12759780207291	0.894462413856461	0.786002826588061	0.953161560983931	1.24316479442661	0.782094448567233	-0.983780890258497	-0.983780890258497	1.30072999925415	1.2421930527588	-0.983780890258497	1.09185300228302	-0.983780890258497	-0.983780890258497	-0.983780890258497	0.658009979509808	1.08058704605829	-0.983780890258497	-0.983780890258497	-0.983780890258497	-0.983780890258497	-0.983780890258497	-0.983780890258497	-0.983780890258497	-0.983780890258497	-0.983780890258497	-0.983780890258497	1.10294593130414	1.00790065479498	0.966473204931911	-0.983780890258497	-0.983780890258497	-0.983780890258497	-0.983780890258497	-0.983780890258497	-0.983780890258497	-0.983780890258497	-0.983780890258497	-0.983780890258497	-0.983780890258497	1.11036642509909
"Pou2f2"	0.392923379285244	0.919716928790803	0.283854272990524	0.744999999039914	0.677629087579157	0.665028643437097	0.427929392369889	0.699061776169342	0.784888382882183	0.526199752553051	0.877603784074216	0.496381181977201	0.932343281688963	0.336724984015512	0.535651137631165	0.637320867901938	0.737079917767328	1.03139026768215	-1.38186881653885	0.493264204207384	0.88051188976194	-1.38186881653885	0.98421187467174	0.812789855312701	0.769574719548835	0.784234278706159	0.816489764053723	0.749150417962028	0.606112806048532	0.717085492285818	0.989819016192678	-1.38186881653885	-1.38186881653885	-1.38186881653885	-1.38186881653885	-1.38186881653885	0.260464626622386	-1.38186881653885	-1.38186881653885	0.464812828790494	0.891404764089253	0.585357871331175	-1.38186881653885	-1.38186881653885	0.837533754790533	0.914468686926047	-1.38186881653885	0.786639744745232	0.334665950461116	0.847338239855042	-1.38186881653885	-1.38186881653885	-1.38186881653885	-1.38186881653885	-1.38186881653885	-1.38186881653885	0.517040749400159	-1.38186881653885	-1.38186881653885	0.887677757178361
"Map3k5"	-1.43347258618053	1.01389455537344	0.562939701547115	0.426272905099345	0.751921717819346	0.870796011244773	0.380930987218562	0.859045858868974	0.945124777360405	-1.43347258618053	0.711071269681112	0.982718961276363	0.250213232153265	0.561827571048205	0.815794569871329	0.676447358996581	0.5702345974194	0.599220484190167	0.471067978852224	0.773251836520427	0.955368706531461	0.893885672463013	0.7323048121167	0.560527316807865	0.311228938866181	0.858827380355578	0.770480122251427	0.702969418805212	0.559567821373635	-1.43347258618053	0.411149856387198	-1.43347258618053	0.431905388216147	0.767733997382071	0.394417438440883	-1.43347258618053	0.213040076566196	-1.43347258618053	-1.43347258618053	0.624038570525276	-1.43347258618053	-1.43347258618053	-1.43347258618053	1.03637307465191	0.58531946623267	0.989417195074476	-1.43347258618053	0.740554144077311	-1.43347258618053	-1.43347258618053	-1.43347258618053	0.537645738434084	-1.43347258618053	-1.43347258618053	-1.43347258618053	0.797116616684535	-1.43347258618053	0.614955824961301	0.524377185683892	-1.43347258618053
"Lst1"	-0.646023962994037	1.74137189800252	-0.646023962994037	-0.646023962994037	1.53469154741458	1.37855932796801	-0.646023962994037	-0.646023962994037	1.90272329918608	-0.646023962994037	1.45009905306791	1.56335350795044	1.32946150554153	1.37555060250554	-0.646023962994037	-0.646023962994037	1.22179085222441	1.35582953317077	-0.646023962994037	1.55968702027974	1.53131344460336	1.40558260022623	1.21660588015394	1.69355613545517	-0.646023962994037	1.65998812894073	-0.646023962994037	-0.646023962994037	-0.646023962994037	-0.646023962994037	-0.646023962994037	-0.646023962994037	-0.646023962994037	-0.646023962994037	-0.646023962994037	-0.646023962994037	-0.646023962994037	-0.646023962994037	-0.646023962994037	-0.646023962994037	-0.646023962994037	-0.646023962994037	-0.646023962994037	-0.646023962994037	-0.646023962994037	-0.646023962994037	-0.646023962994037	-0.646023962994037	-0.646023962994037	-0.646023962994037	-0.646023962994037	1.66670894990407	-0.646023962994037	1.54613315915454	-0.646023962994037	-0.646023962994037	-0.646023962994037	-0.646023962994037	-0.646023962994037	-0.646023962994037
"Runx2"	1.23200134307086	1.1613734365457	-0.856163848735052	0.987846835041203	0.986712283672626	1.26345523246148	0.942888542959243	-0.856163848735052	-0.856163848735052	0.83637326532986	0.999992042564378	1.2153499116577	0.609628869019595	0.648450298276596	1.04997068200426	1.30174775220181	-0.856163848735052	1.03976064066474	0.828074423189831	-0.856163848735052	1.18824806723768	-0.856163848735052	1.19201380089663	-0.856163848735052	1.34835567124632	-0.856163848735052	1.00509049926443	1.05774739551613	1.44418159033959	-0.856163848735052	-0.856163848735052	-0.856163848735052	-0.856163848735052	-0.856163848735052	-0.856163848735052	-0.856163848735052	-0.856163848735052	-0.856163848735052	-0.856163848735052	-0.856163848735052	1.07948034389572	-0.856163848735052	-0.856163848735052	-0.856163848735052	1.469735602046	-0.856163848735052	-0.856163848735052	1.29946902479953	-0.856163848735052	-0.856163848735052	1.24176845882394	-0.856163848735052	-0.856163848735052	-0.856163848735052	-0.856163848735052	1.67985484426591	-0.856163848735052	-0.856163848735052	-0.856163848735052	-0.856163848735052
"Hck"	0.375890839654543	0.930456393010551	0.261071724380356	0.586946834373765	0.459151976315102	0.878940828324864	0.629147505501634	-1.4924665407517	-1.4924665407517	0.732698198178589	0.647966836899137	0.484802829280673	0.744979024992079	0.316729723882092	0.526143055841812	1.00943059843253	0.681225865948981	0.801564416229194	0.291153389442313	0.82469763034647	0.799272841040677	0.686572873841676	0.893174394904338	0.817892236278226	0.772398843846338	0.57128541484225	0.695086989423584	0.877613619309453	0.943615122904633	-1.4924665407517	0.444473563391408	-1.4924665407517	-1.4924665407517	-1.4924665407517	0.210819701073791	0.649224930885179	0.452586181502412	0.572433126031088	-1.4924665407517	-1.4924665407517	0.557393991033269	0.578470276449845	0.663673403303741	0.667704452716081	0.627359824800572	-1.4924665407517	-1.4924665407517	1.00701659817586	0.314562140236574	-1.4924665407517	0.729258222504974	-1.4924665407517	-1.4924665407517	0.469391579431699	-1.4924665407517	-1.4924665407517	-1.4924665407517	-1.4924665407517	-1.4924665407517	0.680119734568334
"Stk10"	0.447163635076008	0.703249024258147	0.543939851013889	0.80102203262589	0.526655413700972	0.927439787198421	-1.33661037080931	0.548176323334373	0.962100137185908	-1.33661037080931	0.706922338951338	0.757822697157835	0.472007440493344	0.663697384850321	0.918301763839131	0.365462835354812	0.672125510308745	0.786993323483077	0.366262377854699	0.548012261549765	0.730420996893283	0.829600581375798	0.995438627582637	0.869154957577113	0.412469826081612	-1.33661037080931	0.751909290649082	0.598476460742233	1.07504552565581	-1.33661037080931	0.926075414467778	-1.33661037080931	0.533449136731028	-1.33661037080931	-1.33661037080931	-1.33661037080931	0.641244288646448	-1.33661037080931	-1.33661037080931	-1.33661037080931	0.948167718102322	0.847319078197621	-1.33661037080931	0.932562813128944	0.687248237569089	0.764533765411619	0.730269708247362	0.636128402066178	-1.33661037080931	-1.33661037080931	-1.33661037080931	-1.33661037080931	0.780567995383086	-1.33661037080931	-1.33661037080931	-1.33661037080931	-1.33661037080931	0.716958974572553	-1.33661037080931	0.944421849677248
"6430548M08Rik"	1.36916295613264	1.42572235189116	-0.670591404680221	1.46137391566165	-0.670591404680221	-0.670591404680221	1.40939508472329	-0.670591404680221	1.81964517441941	1.2862467320644	1.00403107455005	-0.670591404680221	-0.670591404680221	-0.670591404680221	1.53319881800995	-0.670591404680221	1.1543446511069	1.52139441023368	1.27665197006156	1.72081757163294	1.45676164357892	-0.670591404680221	1.14927870859346	-0.670591404680221	-0.670591404680221	-0.670591404680221	1.4813102937114	1.5421899174973	-0.670591404680221	-0.670591404680221	-0.670591404680221	-0.670591404680221	-0.670591404680221	-0.670591404680221	-0.670591404680221	-0.670591404680221	1.59109513933722	-0.670591404680221	-0.670591404680221	-0.670591404680221	-0.670591404680221	1.59032636627443	-0.670591404680221	-0.670591404680221	-0.670591404680221	-0.670591404680221	-0.670591404680221	-0.670591404680221	-0.670591404680221	-0.670591404680221	-0.670591404680221	-0.670591404680221	-0.670591404680221	-0.670591404680221	-0.670591404680221	-0.670591404680221	-0.670591404680221	-0.670591404680221	-0.670591404680221	1.7013008124087
"Rara"	1.59475859115023	1.90889039143269	-0.593340236179839	-0.593340236179839	-0.593340236179839	-0.593340236179839	-0.593340236179839	1.7186676424058	-0.593340236179839	-0.593340236179839	1.20307189727141	-0.593340236179839	1.22459465843436	1.52547293445371	2.02428990040531	1.49453881921048	1.36431727412393	-0.593340236179839	1.74876233977992	-0.593340236179839	-0.593340236179839	1.81028664837015	1.35888290266924	-0.593340236179839	1.8055312170469	1.82359202811394	-0.593340236179839	-0.593340236179839	-0.593340236179839	-0.593340236179839	-0.593340236179839	1.8007108759419	1.70060227110297	-0.593340236179839	-0.593340236179839	-0.593340236179839	-0.593340236179839	-0.593340236179839	-0.593340236179839	-0.593340236179839	-0.593340236179839	-0.593340236179839	-0.593340236179839	-0.593340236179839	-0.593340236179839	-0.593340236179839	-0.593340236179839	-0.593340236179839	-0.593340236179839	-0.593340236179839	-0.593340236179839	-0.593340236179839	-0.593340236179839	-0.593340236179839	-0.593340236179839	-0.593340236179839	-0.593340236179839	-0.593340236179839	-0.593340236179839	-0.593340236179839
"Gm2245"	-0.831587062696577	1.43315108767798	0.923089332061791	1.12250042503142	-0.831587062696577	1.32461925880277	1.07485838217347	1.36046983626089	1.45087977401577	0.961984756712032	0.703315405982959	-0.831587062696577	1.28055487011976	-0.831587062696577	-0.831587062696577	-0.831587062696577	1.05723994316968	0.961122746060431	0.953190521553237	-0.831587062696577	-0.831587062696577	1.00567786035673	1.44405685474299	1.39031437724999	1.00162045731061	-0.831587062696577	1.35738629362755	1.19657364587063	-0.831587062696577	-0.831587062696577	-0.831587062696577	-0.831587062696577	-0.831587062696577	-0.831587062696577	-0.831587062696577	-0.831587062696577	1.11472809116337	-0.831587062696577	-0.831587062696577	1.1137114758549	-0.831587062696577	-0.831587062696577	-0.831587062696577	-0.831587062696577	-0.831587062696577	-0.831587062696577	1.33470588980206	-0.831587062696577	-0.831587062696577	-0.831587062696577	-0.831587062696577	1.2395230289913	-0.831587062696577	1.13154439659416	-0.831587062696577	-0.831587062696577	1.16872848319373	-0.831587062696577	-0.831587062696577	-0.831587062696577
"Sort1"	1.57673532877381	1.63264123241492	1.21977011757782	1.57101736310962	-0.670295943542062	-0.670295943542062	1.38324956689473	1.4575690245966	-0.670295943542062	1.26166668738629	1.63678828930835	-0.670295943542062	1.0028471337094	1.27976156343323	-0.670295943542062	-0.670295943542062	-0.670295943542062	1.49382514671004	1.25219389487777	-0.670295943542062	1.43001399771116	-0.670295943542062	1.12643981398827	-0.670295943542062	-0.670295943542062	-0.670295943542062	1.4542505831523	-0.670295943542062	1.58543108491862	1.84792170465461	-0.670295943542062	-0.670295943542062	-0.670295943542062	-0.670295943542062	-0.670295943542062	-0.670295943542062	-0.670295943542062	-0.670295943542062	-0.670295943542062	-0.670295943542062	-0.670295943542062	-0.670295943542062	-0.670295943542062	-0.670295943542062	-0.670295943542062	-0.670295943542062	-0.670295943542062	-0.670295943542062	-0.670295943542062	-0.670295943542062	1.7244088973385	-0.670295943542062	-0.670295943542062	-0.670295943542062	-0.670295943542062	-0.670295943542062	-0.670295943542062	-0.670295943542062	1.54560225466852	-0.670295943542062
"Prkce"	0.315580379643094	0.369164996366478	0.420424008328993	0.698936952129052	0.401698713997963	0.257174127063916	0.577527827177165	0.779966423472478	0.518391868419391	0.591669369307958	0.192649500977956	0.428229804261387	0.731387612207037	0.385204561029746	0.47098866627179	0.227068876829136	0.559295419405797	0.755861414274386	0.451592495479793	0.779788470136909	0.398571755865023	0.505929168847848	0.461559329546252	0.548752531886401	0.797824030572672	0.741656968548454	-1.61689174401011	1.05863470458422	0.771706806558663	-1.61689174401011	-1.61689174401011	0.497472095040714	0.409058772126451	-1.61689174401011	-1.61689174401011	0.598294231546757	0.618782729372323	0.518867231251299	0.297851852792335	0.61773086175592	-1.61689174401011	0.525111553142228	-1.61689174401011	-1.61689174401011	0.930777280005565	-1.61689174401011	0.622286606236543	0.875350163722179	0.606823291588173	0.810367348332205	-1.61689174401011	-1.61689174401011	-1.61689174401011	-1.61689174401011	1.0254095196724	-1.61689174401011	-1.61689174401011	-1.61689174401011	0.733461766684916	0.985385817701832
"Sorl1"	-0.978969523987222	1.08811162789148	0.717524836143555	0.701202986910978	0.909161390042921	1.19270020616803	1.19618370120515	-0.978969523987222	-0.978969523987222	0.964347217285655	1.13219277677245	1.14341358199308	0.940643576242356	0.562592838616173	-0.978969523987222	0.745817709920762	0.638242293631589	0.754297127910834	0.746627922249924	1.14023615721419	1.11564620827936	0.797374871672842	0.842727122735104	1.04671126227174	0.793452005094666	-0.978969523987222	-0.978969523987222	-0.978969523987222	1.2552562183592	1.15875923145635	-0.978969523987222	-0.978969523987222	-0.978969523987222	1.46682417406377	-0.978969523987222	-0.978969523987222	-0.978969523987222	1.01875741963845	0.812026050782063	-0.978969523987222	-0.978969523987222	1.234104284919	-0.978969523987222	-0.978969523987222	-0.978969523987222	-0.978969523987222	-0.978969523987222	-0.978969523987222	-0.978969523987222	-0.978969523987222	1.38006401105242	-0.978969523987222	-0.978969523987222	0.919067891248342	-0.978969523987222	-0.978969523987222	0.955019017844239	-0.978969523987222	-0.978969523987222	-0.978969523987222
"Myo1g"	0.759605513275085	0.808884300704536	-1.01758146347318	0.634341811559569	1.0446953836139	-1.01758146347318	-1.01758146347318	0.860245187060442	0.94611994325133	0.687362680311371	1.01840499353499	0.863202914717209	-1.01758146347318	-1.01758146347318	1.31453789003779	1.00433277483367	0.898282238264951	1.01268798716672	1.0051311416246	-1.01758146347318	1.16232770494135	0.934658692606326	0.89385422272443	0.768226995133418	0.930796302795161	0.945465401748536	1.06322581972544	1.11631321989649	-1.01758146347318	-1.01758146347318	0.824841599654115	-1.01758146347318	0.845572384256246	-1.01758146347318	-1.01758146347318	-1.01758146347318	-1.01758146347318	-1.01758146347318	-1.01758146347318	-1.01758146347318	-1.01758146347318	-1.01758146347318	-1.01758146347318	1.36377109164908	-1.01758146347318	-1.01758146347318	1.04166614686345	0.947872480868058	0.701269475935792	1.21463352959479	-1.01758146347318	-1.01758146347318	-1.01758146347318	0.848543689017543	-1.01758146347318	-1.01758146347318	-1.01758146347318	-1.01758146347318	-1.01758146347318	1.04898892335573
"Tgfbr1"	0.851155631559857	1.02333587867895	0.740262880815193	0.999927897667854	-1.15918072114933	0.588060679396782	-1.15918072114933	0.953293327539932	1.04042092324315	-1.15918072114933	0.52790265624921	0.956294550144508	0.876279682430948	0.377364235345933	0.996193312135459	0.5599927547865	0.661072226779895	0.985758245873443	0.769322089449656	1.16201543212397	0.719889445286829	0.611382110665416	0.778614433642078	0.651254755943471	0.607472012052525	-1.15918072114933	-1.15918072114933	0.795347405131119	1.06777316625399	-1.15918072114933	0.917366931315932	-1.15918072114933	0.729666769159477	-1.15918072114933	0.483332917073163	-1.15918072114933	-1.15918072114933	-1.15918072114933	-1.15918072114933	-1.15918072114933	0.817541568524268	1.25561456308014	0.920028971891908	1.13279023286341	0.885011048022463	-1.15918072114933	-1.15918072114933	0.833377625339741	-1.15918072114933	-1.15918072114933	-1.15918072114933	-1.15918072114933	-1.15918072114933	-1.15918072114933	-1.15918072114933	-1.15918072114933	0.768513163937622	-1.15918072114933	-1.15918072114933	0.935888504328375
"Coro1a"	1.05405452171213	1.10631991710277	0.938219044124693	1.26697875377587	-0.830841289813376	1.21528283535403	1.0912322192458	-0.830841289813376	1.25187291248976	1.32334636497238	1.22252138724889	-0.830841289813376	0.735183894097333	0.776659974006503	-0.830841289813376	-0.830841289813376	0.855545264342209	-0.830841289813376	1.18671810030631	-0.830841289813376	1.13500269970589	-0.830841289813376	1.19643955685727	-0.830841289813376	1.23562056195431	1.46964135889691	-0.830841289813376	1.43238098423201	1.28046968091395	1.39832683172549	-0.830841289813376	-0.830841289813376	1.14523153187616	-0.830841289813376	-0.830841289813376	-0.830841289813376	0.913378363296764	-0.830841289813376	-0.830841289813376	-0.830841289813376	-0.830841289813376	1.25842716257897	-0.830841289813376	-0.830841289813376	-0.830841289813376	-0.830841289813376	-0.830841289813376	-0.830841289813376	-0.830841289813376	1.53666013007478	-0.830841289813376	-0.830841289813376	-0.830841289813376	-0.830841289813376	1.053931092577	-0.830841289813376	-0.830841289813376	-0.830841289813376	-0.830841289813376	-0.830841289813376
"Cd244a"	-1.01741700407275	0.948695220713955	0.911648108090824	0.978776275191933	0.977669566457742	0.848930575926259	0.934917956963054	1.314400821061	-1.01741700407275	0.830976223341995	0.394102708522103	-1.01741700407275	-1.01741700407275	-1.01741700407275	0.840132013889076	0.822103670399239	0.918696917202347	0.946704991114902	0.822875595451762	-1.01741700407275	0.775704013057477	1.07047878171358	0.97855459201866	-1.01741700407275	0.867481389318382	1.0809406524545	0.796395783297851	1.31049876164427	1.10767544378206	-1.01741700407275	0.964148828442107	-1.01741700407275	-1.01741700407275	-1.01741700407275	-1.01741700407275	0.953393447155582	-1.01741700407275	-1.01741700407275	-1.01741700407275	-1.01741700407275	1.06814869377554	-1.01741700407275	0.966689106602282	-1.01741700407275	-1.01741700407275	1.00776433060755	0.974739024145582	1.08327088691642	-1.01741700407275	-1.01741700407275	-1.01741700407275	-1.01741700407275	-1.01741700407275	0.787908617422821	-1.01741700407275	-1.01741700407275	1.22067012142894	-1.01741700407275	-1.01741700407275	-1.01741700407275
"Nadk"	0.862514972438175	0.912839059474146	0.54119026096653	0.85736790597448	0.733375996110819	0.930518676995433	0.688347421484502	-1.16016581717026	-1.16016581717026	0.998781967838359	0.537277067615189	-1.16016581717026	0.55517225345242	0.595191977172067	1.13138617059617	0.569564214868208	0.461680515008709	1.06559884944765	-1.16016581717026	0.965112964337799	0.73044274833408	-1.16016581717026	0.789528336502481	0.871320051017903	0.617335017722888	1.05227434778371	0.752259478871602	0.806364056524326	1.08046264349715	0.98368912096307	0.719134386707874	-1.16016581717026	-1.16016581717026	-1.16016581717026	-1.16016581717026	-1.16016581717026	0.517300265526084	-1.16016581717026	-1.16016581717026	-1.16016581717026	-1.16016581717026	1.18220528342581	-1.16016581717026	0.935722320904914	0.896578277521835	0.975119610566166	-1.16016581717026	0.844627800666889	-1.16016581717026	1.11672822281855	-1.16016581717026	-1.16016581717026	-1.16016581717026	-1.16016581717026	-1.16016581717026	-1.16016581717026	0.779365040119603	-1.16016581717026	-1.16016581717026	0.947768146001022
"Gsap"	0.55787095867353	-1.28653465839784	0.871632675822422	0.766221280865142	0.853743798786932	1.1020370758114	0.59425002734225	0.876017150741989	0.751439934146491	0.482895681083311	1.01740945991171	-1.28653465839784	0.245850117470735	0.499468270094114	-1.28653465839784	0.969412478528333	0.790479430899941	0.482045273096637	0.687684738323159	0.662147494001677	0.850756418092085	0.52600067547406	0.910927301727772	0.566818531312219	0.521997885080271	-1.28653465839784	1.15567147001955	0.714327003370298	0.993210818742187	0.681031327976491	-1.28653465839784	-1.28653465839784	-1.28653465839784	0.9952044724169	0.394915980997628	0.827700991455195	0.633583089977157	-1.28653465839784	-1.28653465839784	-1.28653465839784	0.95080752017305	0.757853389790197	-1.28653465839784	0.845943611535887	-1.28653465839784	-1.28653465839784	-1.28653465839784	-1.28653465839784	0.835841365671299	-1.28653465839784	-1.28653465839784	0.756698287716619	-1.28653465839784	0.650173047906489	-1.28653465839784	-1.28653465839784	0.686856636633297	0.836836813084067	-1.28653465839784	-1.28653465839784
"Nab1"	-0.698056196784905	1.39483076083398	-0.698056196784905	1.19482827173926	-0.698056196784905	1.2768158899742	-0.698056196784905	-0.698056196784905	1.55208456325384	1.25558313879927	1.63491362139258	1.45707267144228	-0.698056196784905	1.03866990396141	-0.698056196784905	-0.698056196784905	-0.698056196784905	1.49034642612308	1.24600406114724	-0.698056196784905	1.42581931326007	1.30317563833027	1.66608718851124	1.34824289358204	-0.698056196784905	1.55133454570558	-0.698056196784905	1.51110793941882	-0.698056196784905	-0.698056196784905	-0.698056196784905	-0.698056196784905	1.43687042731521	-0.698056196784905	1.15844419018675	-0.698056196784905	-0.698056196784905	-0.698056196784905	-0.698056196784905	1.42085072583929	-0.698056196784905	1.55916570057979	-0.698056196784905	-0.698056196784905	-0.698056196784905	-0.698056196784905	-0.698056196784905	-0.698056196784905	-0.698056196784905	-0.698056196784905	-0.698056196784905	-0.698056196784905	-0.698056196784905	-0.698056196784905	-0.698056196784905	-0.698056196784905	-0.698056196784905	-0.698056196784905	-0.698056196784905	-0.698056196784905
"Nabp1"	-0.891000693832024	1.03342825203184	1.08309668513931	1.1930311361897	1.06495244097053	0.924912484996177	1.01843972016431	1.08754389894243	-0.891000693832024	-0.891000693832024	0.862390072802999	-0.891000693832024	1.09756547660786	0.705935044692513	-0.891000693832024	1.23935967895259	1.12762108176672	0.904525408747641	-0.891000693832024	1.08737167597533	1.06192251306303	0.949150517804129	0.996131835135691	1.20744314528477	-0.891000693832024	-0.891000693832024	-0.891000693832024	1.35734623751622	1.20643339233563	-0.891000693832024	-0.891000693832024	-0.891000693832024	1.28902570048718	-0.891000693832024	0.816068610455883	-0.891000693832024	1.05837206328193	-0.891000693832024	-0.891000693832024	-0.891000693832024	-0.891000693832024	-0.891000693832024	-0.891000693832024	1.27396812022346	-0.891000693832024	1.31466394836687	-0.891000693832024	-0.891000693832024	-0.891000693832024	1.46093999419136	-0.891000693832024	-0.891000693832024	-0.891000693832024	-0.891000693832024	0.981383760330674	-0.891000693832024	-0.891000693832024	-0.891000693832024	-0.891000693832024	-0.891000693832024
"Treml4"	-0.494959945976051	-0.494959945976051	-0.494959945976051	-0.494959945976051	-0.494959945976051	1.92579554005249	-0.494959945976051	2.1197070366457	-0.494959945976051	-0.494959945976051	2.15350225836895	-0.494959945976051	-0.494959945976051	-0.494959945976051	1.91438332104841	-0.494959945976051	1.75801697742025	1.90147788653648	1.89200079699502	1.86112459357999	2.24038167660128	-0.494959945976051	2.01072783276894	2.00412018773565	-0.494959945976051	-0.494959945976051	-0.494959945976051	-0.494959945976051	-0.494959945976051	-0.494959945976051	-0.494959945976051	-0.494959945976051	-0.494959945976051	-0.494959945976051	-0.494959945976051	-0.494959945976051	-0.494959945976051	-0.494959945976051	-0.494959945976051	-0.494959945976051	-0.494959945976051	1.97683929909728	-0.494959945976051	-0.494959945976051	-0.494959945976051	-0.494959945976051	-0.494959945976051	-0.494959945976051	-0.494959945976051	-0.494959945976051	-0.494959945976051	-0.494959945976051	-0.494959945976051	-0.494959945976051	-0.494959945976051	-0.494959945976051	-0.494959945976051	-0.494959945976051	-0.494959945976051	-0.494959945976051
"Cyp4f16"	-0.494374258053302	-0.494374258053302	-0.494374258053302	-0.494374258053302	1.97862485836052	-0.494374258053302	-0.494374258053302	2.00718825009468	-0.494374258053302	2.0509050699686	1.72251618756277	2.01112841177754	-0.494374258053302	-0.494374258053302	-0.494374258053302	-0.494374258053302	1.62378575209601	-0.494374258053302	2.03975032193815	-0.494374258053302	-0.494374258053302	1.83221130244553	-0.494374258053302	-0.494374258053302	-0.494374258053302	2.12071507321197	2.27759060081786	2.07394855686317	-0.494374258053302	-0.494374258053302	-0.494374258053302	-0.494374258053302	-0.494374258053302	-0.494374258053302	-0.494374258053302	-0.494374258053302	-0.494374258053302	-0.494374258053302	-0.494374258053302	-0.494374258053302	-0.494374258053302	-0.494374258053302	-0.494374258053302	-0.494374258053302	-0.494374258053302	-0.494374258053302	-0.494374258053302	-0.494374258053302	-0.494374258053302	-0.494374258053302	-0.494374258053302	-0.494374258053302	-0.494374258053302	1.9916000014217	-0.494374258053302	-0.494374258053302	-0.494374258053302	-0.494374258053302	-0.494374258053302	-0.494374258053302
"Spn"	-0.4935777471885	1.84632492735114	-0.4935777471885	-0.4935777471885	-0.4935777471885	-0.4935777471885	-0.4935777471885	1.91212384770759	-0.4935777471885	-0.4935777471885	2.05606854251312	-0.4935777471885	-0.4935777471885	-0.4935777471885	2.2301313944444	1.67891224301661	1.96085347603714	1.95311395379941	1.6799327620351	-0.4935777471885	2.40869055028159	-0.4935777471885	1.80097641716914	-0.4935777471885	-0.4935777471885	-0.4935777471885	-0.4935777471885	1.97632587182075	-0.4935777471885	-0.4935777471885	-0.4935777471885	-0.4935777471885	-0.4935777471885	-0.4935777471885	-0.4935777471885	-0.4935777471885	-0.4935777471885	-0.4935777471885	-0.4935777471885	-0.4935777471885	-0.4935777471885	-0.4935777471885	-0.4935777471885	-0.4935777471885	-0.4935777471885	2.18827787887203	-0.4935777471885	-0.4935777471885	-0.4935777471885	-0.4935777471885	-0.4935777471885	-0.4935777471885	-0.4935777471885	-0.4935777471885	-0.4935777471885	-0.4935777471885	-0.4935777471885	-0.4935777471885	-0.4935777471885	-0.4935777471885
"Clec4a3"	0.88055595251655	1.26740291645694	0.979851057423709	1.17532841143043	0.962116741201333	0.825240669654126	0.916654869575974	1.19625213223008	-0.949646079341522	-0.949646079341522	0.97589289732413	1.19930084102898	0.570937952947574	-0.949646079341522	-0.949646079341522	1.00854832452927	0.687806812771243	0.805314193043807	0.797548999361167	-0.949646079341522	1.29529170238714	0.848931099215475	0.683261315303753	0.889434620783419	1.05685351428932	-0.949646079341522	1.19323352052099	-0.949646079341522	-0.949646079341522	-0.949646079341522	1.15975729838673	-0.949646079341522	-0.949646079341522	-0.949646079341522	-0.949646079341522	-0.949646079341522	1.07968813256683	1.07308447818554	-0.949646079341522	0.954689823999218	-0.949646079341522	-0.949646079341522	-0.949646079341522	-0.949646079341522	-0.949646079341522	1.20618658480229	-0.949646079341522	-0.949646079341522	1.31274055881989	-0.949646079341522	-0.949646079341522	-0.949646079341522	-0.949646079341522	-0.949646079341522	1.09237838449862	-0.949646079341522	1.34474465433266	-0.949646079341522	-0.949646079341522	-0.949646079341522
"Msn"	0.997459447805004	1.31895089716135	-0.984237598475526	0.666608486131479	1.07669447376124	0.943706603233311	0.826820895713142	1.09814208738661	0.97818331272821	-0.984237598475526	1.00465068483619	-0.984237598475526	0.901869780331792	0.855778234729707	-0.984237598475526	-0.984237598475526	1.18197611465737	1.13014450960941	1.03715603092576	0.892201204612807	-0.984237598475526	0.761101747019033	0.805662401123667	1.12649338881457	0.757247351777466	-0.984237598475526	0.889437961142554	-0.984237598475526	1.00512839059171	-0.984237598475526	-0.984237598475526	-0.984237598475526	0.877701319046914	-0.984237598475526	1.11227643689938	1.25750650961959	-0.984237598475526	-0.984237598475526	-0.984237598475526	0.863730016572909	0.964324251626838	1.39615644637212	-0.984237598475526	1.06918346227525	-0.984237598475526	-0.984237598475526	-0.984237598475526	-0.984237598475526	0.733492508142242	-0.984237598475526	-0.984237598475526	-0.984237598475526	-0.984237598475526	-0.984237598475526	0.997342999618163	-0.984237598475526	-0.984237598475526	-0.984237598475526	-0.984237598475526	-0.984237598475526
"Apbb1ip"	-1.93583669589254	0.961709437514449	0.512874987550224	0.321287220217216	0.55504487402924	0.69053611516999	0.367094439319501	0.579543395069957	0.67764204407252	0.244487069487402	0.707891105368413	0.582922659117982	0.293517634443091	-0.20626529684315	0.490303370146326	0.544707697545484	0.772910637963898	0.616097155504082	0.469931573088459	0.206852070438047	0.179289192833761	0.926918097076622	0.245391430740564	0.336896238246146	0.712441355127322	0.774507303080001	0.576197481356173	0.499249734819609	0.570875349448463	0.887642997981607	0.166637918069074	-1.93583669589254	-1.93583669589254	0.573067487005376	0.14756654435568	-1.93583669589254	0.312850594329396	-1.93583669589254	0.619169659316835	-1.93583669589254	0.949318277565041	0.312086239861294	0.404570984669506	-1.93583669589254	-1.93583669589254	0.453022410339496	0.649182595972616	0.307034176486825	0.260381928869424	-1.93583669589254	-1.93583669589254	0.54587277649458	0.471252247892502	0.19368547418242	0.0920611849179895	-1.93583669589254	0.60655738160361	0.398933083308655	0.668292015556784	-1.93583669589254
"Cyria"	0.271795270442687	0.914493030604686	0.493873089279282	0.632854681489556	0.352904705663457	0.706334465874057	-1.54827851179637	0.864713005939461	0.952770998189782	0.531826101161188	0.87129969948533	0.588776240142086	0.554853920150316	0.337369901818039	0.840119190815688	0.888962583854193	0.780250745811234	1.22180938198098	0.189247673755626	-1.54827851179637	0.349959620740232	0.873064279701396	0.707770404671578	0.614798819346584	0.44711721002633	0.46214030144182	0.58274249589265	-1.54827851179637	0.701392024183176	0.393330879044407	0.338605624123989	0.443107621265041	-1.54827851179637	0.703359377107405	0.110990033347281	-1.54827851179637	-1.54827851179637	0.674208785508474	-1.54827851179637	-1.54827851179637	0.782994779630703	0.680093871298476	0.552140724998903	0.556067600781476	0.516765591276613	-1.54827851179637	-1.54827851179637	0.675556812835226	-1.54827851179637	-1.54827851179637	-1.54827851179637	0.802404370064593	-1.54827851179637	0.362879688698554	0.605835122370656	-1.54827851179637	0.609981292890177	-1.54827851179637	-1.54827851179637	0.779172682834977
"Samsn1"	0.915439644803659	-0.855952689149873	-0.855952689149873	0.995518790584281	1.1995999596232	0.86190180236476	1.52674116465379	-0.855952689149873	-0.855952689149873	0.843432364664145	1.17339529120523	1.01869925965176	0.615770569289791	0.859348905394547	1.05789398823114	1.51609960618112	-0.855952689149873	1.25291048074362	0.835099945729558	-0.855952689149873	-0.855952689149873	0.884830989734548	1.20051180809276	1.12917590413682	-0.855952689149873	-0.855952689149873	-0.855952689149873	1.39112373767101	1.33354598955363	1.23898078008613	-0.855952689149873	-0.855952689149873	-0.855952689149873	-0.855952689149873	-0.855952689149873	-0.855952689149873	0.783234635347279	-0.855952689149873	1.10429971013976	1.31252105959637	-0.855952689149873	1.43296692417179	-0.855952689149873	-0.855952689149873	-0.855952689149873	1.43598585970031	-0.855952689149873	-0.855952689149873	-0.855952689149873	-0.855952689149873	-0.855952689149873	-0.855952689149873	-0.855952689149873	-0.855952689149873	-0.855952689149873	-0.855952689149873	-0.855952689149873	1.18336225974465	-0.855952689149873	-0.855952689149873
"3110021N24Rik"	-0.387386116985482	2.39531121958633	-0.387386116985482	2.44263596343146	2.44089475582746	-0.387386116985482	-0.387386116985482	-0.387386116985482	-0.387386116985482	-0.387386116985482	-0.387386116985482	-0.387386116985482	-0.387386116985482	2.54792635142544	-0.387386116985482	-0.387386116985482	-0.387386116985482	-0.387386116985482	2.19743160677616	-0.387386116985482	-0.387386116985482	-0.387386116985482	-0.387386116985482	-0.387386116985482	-0.387386116985482	3.10086512527008	2.46909999150265	2.54991306942548	-0.387386116985482	-0.387386116985482	-0.387386116985482	-0.387386116985482	-0.387386116985482	-0.387386116985482	-0.387386116985482	-0.387386116985482	-0.387386116985482	-0.387386116985482	-0.387386116985482	-0.387386116985482	-0.387386116985482	-0.387386116985482	-0.387386116985482	-0.387386116985482	-0.387386116985482	-0.387386116985482	-0.387386116985482	-0.387386116985482	-0.387386116985482	-0.387386116985482	-0.387386116985482	-0.387386116985482	-0.387386116985482	-0.387386116985482	-0.387386116985482	-0.387386116985482	-0.387386116985482	-0.387386116985482	-0.387386116985482	-0.387386116985482
"Sat1"	-1.08493065649082	-1.08493065649082	0.770502518210464	1.02678448037997	1.02571949623561	1.01397319828489	-1.08493065649082	1.10743572312646	-1.08493065649082	0.946252721249663	0.980743599170502	1.04845464810937	0.671224617523313	0.769468922176739	0.701716175608393	0.875994692601999	0.697767515767299	0.804221288693822	0.493729676506625	0.853821602137479	0.83132552284709	-1.08493065649082	0.693647277358035	1.02166765475004	-1.08493065649082	0.741671129175305	-1.08493065649082	1.01279850170814	1.26300886779988	-1.08493065649082	0.629431499952484	-1.08493065649082	-1.08493065649082	0.960835012564257	0.72590667970102	-1.08493065649082	-1.08493065649082	0.742686954406277	0.55355905999991	-1.08493065649082	1.11278147754342	0.939696723280858	-1.08493065649082	1.21050381046318	-1.08493065649082	1.24646866628233	0.831185269628325	-1.08493065649082	-1.08493065649082	-1.08493065649082	-1.08493065649082	-1.08493065649082	-1.08493065649082	-1.08493065649082	-1.08493065649082	0.988142742008992	-1.08493065649082	-1.08493065649082	-1.08493065649082	-1.08493065649082
"Dock5"	1.24622711660744	0.969006142990504	-0.858873227245408	1.20614459927488	0.998948747391824	1.07182209330022	-0.858873227245408	1.34708972872338	1.10634800003062	0.847390470082281	1.17868899583869	1.02336679727754	1.0962480230652	0.983768253638961	-0.858873227245408	0.838227117289741	-0.858873227245408	0.846570420689432	-0.858873227245408	-0.858873227245408	0.996070832503195	-0.858873227245408	0.727961294130106	-0.858873227245408	1.21157238137138	-0.858873227245408	-0.858873227245408	1.07055995849437	1.5457366555545	1.03845290068325	1.19101282891545	-0.858873227245408	-0.858873227245408	-0.858873227245408	-0.858873227245408	-0.858873227245408	-0.858873227245408	-0.858873227245408	-0.858873227245408	-0.858873227245408	-0.858873227245408	1.11253250263301	-0.858873227245408	1.40367022759833	1.15907237528834	-0.858873227245408	1.40816260515525	-0.858873227245408	-0.858873227245408	-0.858873227245408	-0.858873227245408	-0.858873227245408	-0.858873227245408	-0.858873227245408	-0.858873227245408	1.577038657816	-0.858873227245408	-0.858873227245408	-0.858873227245408	-0.858873227245408
"Hpse"	1.65454605954723	1.71690621148985	-0.594406394064484	-0.594406394064484	-0.594406394064484	-0.594406394064484	1.6989044127128	-0.594406394064484	-0.594406394064484	-0.594406394064484	1.2519660936685	-0.594406394064484	1.27408742837301	-0.594406394064484	-0.594406394064484	1.81182310004388	1.41769589589525	1.56208897741379	-0.594406394064484	1.78169432227738	-0.594406394064484	-0.594406394064484	1.41211038811827	-0.594406394064484	1.87118052241693	1.88974362608306	-0.594406394064484	1.84531874118863	-0.594406394064484	-0.594406394064484	-0.594406394064484	-0.594406394064484	-0.594406394064484	-0.594406394064484	-0.594406394064484	-0.594406394064484	1.48669912090033	-0.594406394064484	-0.594406394064484	-0.594406394064484	-0.594406394064484	1.89839208505066	-0.594406394064484	-0.594406394064484	-0.594406394064484	-0.594406394064484	-0.594406394064484	-0.594406394064484	1.58072435365771	-0.594406394064484	-0.594406394064484	-0.594406394064484	-0.594406394064484	-0.594406394064484	-0.594406394064484	-0.594406394064484	-0.594406394064484	-0.594406394064484	-0.594406394064484	-0.594406394064484
"Klra2"	1.06540222952444	0.48069792882398	0.526360135948856	0.94372359882117	0.825849980910024	0.779711439553886	-1.28850773411682	0.929492034739555	-1.28850773411682	0.825968015101968	0.639285546910816	-1.28850773411682	0.900261081336549	0.577728803131304	-1.28850773411682	0.752828928108915	0.450695571089176	0.67811232513457	0.670792388353224	1.09052047662406	0.905903838265295	0.403217986020196	0.937029201701882	0.441315238676092	1.1377647135733	0.612997182473842	-1.28850773411682	0.895242626411961	0.6397485784212	0.864132640899422	0.496154962960914	0.79450447284489	0.715679040603835	-1.28850773411682	0.743605233156588	-1.28850773411682	-1.28850773411682	0.614054663467372	-1.28850773411682	-1.28850773411682	0.600197867808325	-1.28850773411682	-1.28850773411682	-1.28850773411682	0.664663161973778	-1.28850773411682	0.70618201318599	0.814851911958066	-1.28850773411682	-1.28850773411682	0.7585505614272	1.01768577853128	-1.28850773411682	-1.28850773411682	-1.28850773411682	-1.28850773411682	0.553352530514364	0.892905461581832	-1.28850773411682	-1.28850773411682
"Tnfrsf1b"	-0.890717523555169	1.14821224062012	0.988975669796013	0.972845690883981	-0.890717523555169	1.04475268164602	0.927410694197098	-0.890717523555169	1.07936397586378	-0.890717523555169	1.22681137008824	-0.890717523555169	1.16953042464256	-0.890717523555169	-0.890717523555169	1.01693220656318	0.704469635363156	1.14614830026316	0.811379170094254	-0.890717523555169	1.1753718300953	0.861435001489864	1.31932882473138	0.900893051127427	-0.890717523555169	1.285355555001	1.31775950357329	-0.890717523555169	1.31308050431445	1.01130096226054	-0.890717523555169	-0.890717523555169	-0.890717523555169	-0.890717523555169	-0.890717523555169	1.48072507396281	0.965433415037683	1.07980256093754	-0.890717523555169	0.964463895042294	-0.890717523555169	1.08556377362241	1.16687255362176	-0.890717523555169	-0.890717523555169	-0.890717523555169	-0.890717523555169	-0.890717523555169	-0.890717523555169	-0.890717523555169	1.22945971248126	-0.890717523555169	-0.890717523555169	-0.890717523555169	-0.890717523555169	-0.890717523555169	-0.890717523555169	-0.890717523555169	-0.890717523555169	-0.890717523555169
"Ptpro"	-1.08676307453219	-1.08676307453219	0.581637264319167	0.565585705628331	0.976044977234057	0.842936053457387	1.13790850317472	0.997512113717387	-1.08676307453219	1.09670967310713	0.698070415290383	1.00047327379081	0.867349380027475	0.906671387184726	-1.08676307453219	1.0211840004691	0.981392049316746	0.617800605316151	0.610258402038566	0.997348467306119	-1.08676307453219	0.66016497974528	0.825164962429028	0.699505375569074	1.2345516901135	0.876789435545939	-1.08676307453219	-1.08676307453219	0.904413750477876	-1.08676307453219	-1.08676307453219	1.0642194508438	0.982821883062369	-1.08676307453219	0.533825081157982	0.950944826141957	1.03612527346969	0.877881422971839	-1.08676307453219	0.968824216575411	-1.08676307453219	-1.08676307453219	-1.08676307453219	-1.08676307453219	-1.08676307453219	-1.08676307453219	0.973014960207799	-1.08676307453219	-1.08676307453219	-1.08676307453219	-1.08676307453219	-1.08676307453219	1.02314041648221	-1.08676307453219	1.01713448428013	-1.08676307453219	0.815198531916957	-1.08676307453219	-1.08676307453219	-1.08676307453219
"Ldlr"	2.09634025611013	-0.46650580044908	-0.46650580044908	2.21219856657173	-0.46650580044908	-0.46650580044908	-0.46650580044908	-0.46650580044908	-0.46650580044908	-0.46650580044908	1.63757089602646	-0.46650580044908	1.95860912813069	1.71917377382959	-0.46650580044908	-0.46650580044908	2.12273812078578	1.99097863854186	-0.46650580044908	-0.46650580044908	-0.46650580044908	-0.46650580044908	1.82006705011453	2.40557334856297	2.34321109501507	-0.46650580044908	-0.46650580044908	-0.46650580044908	-0.46650580044908	-0.46650580044908	-0.46650580044908	-0.46650580044908	-0.46650580044908	-0.46650580044908	-0.46650580044908	-0.46650580044908	-0.46650580044908	-0.46650580044908	-0.46650580044908	-0.46650580044908	-0.46650580044908	-0.46650580044908	-0.46650580044908	-0.46650580044908	-0.46650580044908	2.55232334831615	-0.46650580044908	-0.46650580044908	-0.46650580044908	-0.46650580044908	-0.46650580044908	-0.46650580044908	-0.46650580044908	-0.46650580044908	-0.46650580044908	-0.46650580044908	-0.46650580044908	-0.46650580044908	-0.46650580044908	-0.46650580044908
"Slc8a1"	0.507839653413719	-0.122871103970128	0.432798914489546	0.745628583116655	0.497068172715835	0.623845643407827	0.290269425095852	0.588874090769677	0.115969753993454	0.381922838122779	0.241728868739445	0.803654990894511	0.362455475996526	-0.400848524794172	0.30414743578294	1.07180238270607	0.296761102874304	0.380494141867591	-0.91599071823409	0.996241565078173	0.431170187665976	0.0960274723997015	0.437769247517796	0.374139536206311	0.0893068517108777	0.621860988490628	0.826773481080886	0.811769952929662	0.521193781953462	-0.211600436381113	0.472753707858293	-3.86527907455978	0.205003866252751	-0.0433341371970322	0.31373031986349	0.0342402315391421	-1.00644665842934	-3.86527907455978	0.330710524444273	-0.650734931941158	0.529828366959371	-0.440900518196415	0.267718316689132	0.781457373823426	-0.00193448897626535	0.131987205693999	-0.285548671412596	0.38306864564346	0.257455418519284	0.0151323130441177	0.52495367677388	0.388836100926608	-0.198434615057592	-0.263334899593248	-0.776076189936184	0.365957701296294	-0.559821072098788	-3.86527907455978	-0.107815128263625	-0.272818990186652
"Cebpb"	1.02281192791273	0.867024516450722	-0.950841927996452	0.693303803820902	1.1017253596076	0.969277252088224	-0.950841927996452	0.918143586785721	-0.950841927996452	0.746075041064833	1.14989195679385	1.12603238243571	-0.950841927996452	0.761968465567748	0.96022519345466	-0.950841927996452	1.10704588627124	0.949988731128449	0.942471597942151	-0.950841927996452	1.36995937637645	0.787413541259423	1.156565414243	1.30245777197094	-0.950841927996452	1.00296256982306	0.915228872231975	-0.950841927996452	-0.950841927996452	-0.950841927996452	-0.950841927996452	-0.950841927996452	0.903539866099093	-0.950841927996452	-0.950841927996452	-0.950841927996452	0.890587099816366	1.00404913610195	-0.950841927996452	-0.950841927996452	0.989811218835584	-0.950841927996452	1.09042854019381	-0.950841927996452	1.46621843991998	1.13268718819915	-0.950841927996452	1.33034311742802	-0.950841927996452	-0.950841927996452	-0.950841927996452	-0.950841927996452	-0.950841927996452	-0.950841927996452	0.817861914066677	-0.950841927996452	-0.950841927996452	-0.950841927996452	-0.950841927996452	-0.950841927996452
"Zc3h12d"	-0.520524115440881	1.88227232793984	-0.520524115440881	1.65265396861343	-0.520524115440881	1.74678210906508	1.86355800172884	-0.520524115440881	-0.520524115440881	-0.520524115440881	1.66871810469005	-0.520524115440881	-0.520524115440881	1.90167751820594	2.00546193623575	-0.520524115440881	-0.520524115440881	-0.520524115440881	-0.520524115440881	-0.520524115440881	-0.520524115440881	-0.520524115440881	-0.520524115440881	-0.520524115440881	1.77197120734456	2.06195080330907	1.94598726969502	2.01576754139746	-0.520524115440881	-0.520524115440881	1.90326486002777	-0.520524115440881	-0.520524115440881	-0.520524115440881	-0.520524115440881	-0.520524115440881	-0.520524115440881	-0.520524115440881	-0.520524115440881	-0.520524115440881	2.04456777746859	-0.520524115440881	-0.520524115440881	-0.520524115440881	-0.520524115440881	-0.520524115440881	-0.520524115440881	-0.520524115440881	-0.520524115440881	-0.520524115440881	-0.520524115440881	-0.520524115440881	-0.520524115440881	-0.520524115440881	-0.520524115440881	-0.520524115440881	-0.520524115440881	-0.520524115440881	-0.520524115440881	-0.520524115440881
"5430437J10Rik"	-0.82406808073444	0.904258730846836	-0.82406808073444	-0.82406808073444	-0.82406808073444	1.0014749730519	-0.82406808073444	-0.82406808073444	-0.82406808073444	-0.82406808073444	1.57093510520743	0.955658718083007	0.573132783757961	-0.82406808073444	0.992868776659314	1.08920544309584	1.22708899814853	1.67017557824226	0.781356165846194	0.952705240711707	1.69157844805496	1.41318305198377	0.984663081853694	-0.82406808073444	0.824919349186996	1.22841254253442	0.950088764613193	1.39016417723356	-0.82406808073444	-0.82406808073444	1.1141741737816	-0.82406808073444	-0.82406808073444	-0.82406808073444	-0.82406808073444	-0.82406808073444	-0.82406808073444	-0.82406808073444	-0.82406808073444	1.23460251443544	-0.82406808073444	-0.82406808073444	1.4256998026718	1.12028723340254	1.5367322842062	-0.82406808073444	-0.82406808073444	-0.82406808073444	-0.82406808073444	-0.82406808073444	-0.82406808073444	1.03891495304853	-0.82406808073444	-0.82406808073444	-0.82406808073444	-0.82406808073444	1.17010193504773	-0.82406808073444	-0.82406808073444	-0.82406808073444
"Nedd9"	0.222511201807299	0.512196685515626	-0.404459940288415	0.597788948506909	0.163203987723113	0.507632738849139	-0.196761923133458	0.66430629202675	0.854097384210089	0.336874514410821	0.789015333008109	0.198363195628948	-0.211592051381183	0.437954443248352	0.725261610893158	-0.364412864471774	0.641090545412631	0.479701165953869	0.324807748536721	0.586020093038932	0.551194554469397	0.178222135085547	0.835927414949083	0.358051117306124	-0.000771136999439949	0.490422610964732	0.878784862570159	0.562974473162913	0.356670569187274	-0.0763801900606011	0.143083274593874	0.463642727525307	-0.123463985539656	0.656133890912423	-0.473275155638784	0.127077791667462	-0.142199682046406	-2.80575854281473	0.417597922911706	-0.143590933975716	0.690054020867084	0.0301862346389052	-2.80575854281473	0.448999317162535	0.785963194996992	0.504630844629601	-2.80575854281473	0.493891103747792	-0.0350431237154376	-2.80575854281473	0.236675531929903	0.498666642913649	0.527639162253351	-0.1191863384742	0.0488908783065338	0.698396631373173	-0.0682994082946504	-2.80575854281473	-2.80575854281473	0.169385194012114
"Cbfa2t3"	0.819821008224063	0.868931831158557	-0.951308507929788	0.899888272828228	0.898749300120752	-0.951308507929788	0.854754778590511	0.920117656280465	-0.951308507929788	-0.951308507929788	0.707153661054803	-0.951308507929788	0.929596665607951	0.559169110088662	1.28761941950527	0.943682234453901	1.2484895362188	1.07204086206907	-0.951308507929788	1.12516457359147	1.1010704672515	0.994277526793326	1.20451343994713	1.03352555595256	-0.951308507929788	1.00504740176128	1.12240643873506	-0.951308507929788	-0.951308507929788	-0.951308507929788	-0.951308507929788	0.986526536309804	0.905494865054093	-0.951308507929788	-0.951308507929788	1.28425248824751	-0.951308507929788	-0.951308507929788	-0.951308507929788	-0.951308507929788	1.19714665482064	-0.951308507929788	-0.951308507929788	-0.951308507929788	-0.951308507929788	1.3402899907605	-0.951308507929788	1.21272485212181	-0.951308507929788	-0.951308507929788	-0.951308507929788	-0.951308507929788	1.15086199290372	-0.951308507929788	0.819705028877593	-0.951308507929788	-0.951308507929788	-0.951308507929788	0.997541596494419	-0.951308507929788
"Lyn"	0.653917804703037	0.449587508788582	0.208591222161721	0.61014862849229	0.495049791817512	0.353245326354386	0.427969035502358	0.145489748670947	0.506280195952698	0.425704581591641	0.426646290748258	-0.0328247317449611	0.412313135912531	0.675884537347767	0.026871276058591	0.454764040392388	0.433633374660968	0.32381492682097	-0.129880351702691	0.587609994331227	0.550912553979677	0.258482450300348	0.533533403348061	0.318270948210969	0.252618346098469	0.505286293229648	0.141042336486096	0.351330180247351	0.547220223090673	-0.00993949999612457	0.534066847540125	-0.24857143828747	-0.0595918193645762	-3.19797126767052	0.196052131426756	-3.19797126767052	0.172948799046698	0.406294765716918	0.463256076922813	0.48409229330853	0.254828234056365	0.415013971421246	-0.0870848173801629	0.231245808971817	0.485617196111735	-0.0226828395256787	0.420921879517172	0.095704136687717	0.134258655191552	-3.19797126767052	0.0075411951661789	-0.211704422601422	0.314100851125958	-0.367395330196158	0.222766332273904	-3.19797126767052	0.411774904773801	0.400792931645198	-3.19797126767052	0.432036422948164
"Tcf7l2"	-1.12083189052624	0.658392275047307	0.904895186642187	0.953821011242409	0.687537855548148	0.558064395719487	0.644534679440835	1.02641188470886	0.792078313070142	-1.12083189052624	0.99335016844889	0.711305936276167	0.63449993564724	-1.12083189052624	-1.12083189052624	0.531094376364348	-1.12083189052624	1.17505229952073	0.73223558241545	0.7082654821929	1.28678327554688	1.09897826847553	0.986412094769423	-1.12083189052624	-1.12083189052624	0.791440701305398	1.10687111331938	0.957869534873602	0.818343582711085	-1.12083189052624	0.673936837921254	-1.12083189052624	-1.12083189052624	-1.12083189052624	0.774936871684977	-1.12083189052624	0.68145398997997	-1.12083189052624	-1.12083189052624	0.6805126052239	1.17995677158321	0.998754040786848	1.07774925077596	1.08148630183822	0.843399250381888	-1.12083189052624	-1.12083189052624	-1.12083189052624	-1.12083189052624	-1.12083189052624	-1.12083189052624	-1.12083189052624	-1.12083189052624	-1.12083189052624	0.610274719177697	1.04947226219896	0.731458298842854	-1.12083189052624	-1.12083189052624	-1.12083189052624
"Cers6"	0.570543469177972	-1.68053812260543	0.836411430206867	0.74817686400686	0.655425684706085	0.163879086014651	0.25887439968382	0.549424770299925	0.420964231627377	0.144048914776739	0.780578280469343	0.552592911014223	0.630590275870754	0.730694431866613	0.72369925455575	0.703734425984928	0.0210613142186426	0.98230310241943	0.135102605908149	0.549249685250339	0.303039733377261	0.408698698216621	0.634457211580227	0.450844574163888	-1.68053812260543	0.640697165841866	0.837796476445414	0.382694416250887	0.449818971322543	0.697720754999671	0.291175291356603	-1.68053812260543	-1.68053812260543	0.672327400200635	-1.68053812260543	0.720083728626114	0.0794161252009548	-1.68053812260543	0.553064963250301	-1.68053812260543	0.75554299801733	0.777017360010679	0.73479921823365	-1.68053812260543	0.697813849260301	-1.68053812260543	0.743708609923356	0.422839751966072	0.158931607045775	-1.68053812260543	0.581072604786041	-1.68053812260543	-1.68053812260543	0.66586245210389	0.983823886873086	0.703734425984928	0.703734425984928	-1.68053812260543	-1.68053812260543	-1.68053812260543
"Nfkbiz"	-0.80152769154591	1.12395390749724	-0.80152769154591	0.939949171306016	-0.80152769154591	1.01537878287012	-0.80152769154591	-0.80152769154591	1.26862932908976	-0.80152769154591	1.07958013743637	-0.80152769154591	1.18812621482003	-0.80152769154591	-0.80152769154591	0.986191748993799	1.37818420718633	1.42893313384022	0.987031523490811	-0.80152769154591	1.36951415722108	1.4736843366481	0.870038124769777	1.08109249981074	-0.80152769154591	-0.80152769154591	1.39208371554098	1.57511580682091	1.29705368076286	-0.80152769154591	1.14077627893199	-0.80152769154591	-0.80152769154591	-0.80152769154591	-0.80152769154591	-0.80152769154591	0.932175644429674	-0.80152769154591	1.05481582955094	1.14789259355148	-0.80152769154591	-0.80152769154591	-0.80152769154591	1.36462534981507	-0.80152769154591	1.74966562236127	-0.80152769154591	-0.80152769154591	1.0105050989072	-0.80152769154591	-0.80152769154591	-0.80152769154591	-0.80152769154591	-0.80152769154591	-0.80152769154591	-0.80152769154591	-0.80152769154591	-0.80152769154591	-0.80152769154591	-0.80152769154591
"Dgkh"	-0.697713784511793	-0.697713784511793	1.51954123112713	-0.697713784511793	1.36648557382232	1.2186955362596	-0.697713784511793	-0.697713784511793	1.48581534352528	-0.697713784511793	1.28641287671129	-0.697713784511793	0.944115709197566	-0.697713784511793	-0.697713784511793	1.41661943116178	-0.697713784511793	1.78891840956917	1.18879583979323	-0.697713784511793	-0.697713784511793	-0.697713784511793	1.29385630276426	-0.697713784511793	1.23998627423	1.48508752898486	1.38707095130093	1.4460517637078	1.51579635424336	-0.697713784511793	-0.697713784511793	-0.697713784511793	-0.697713784511793	-0.697713784511793	-0.697713784511793	-0.697713784511793	-0.697713784511793	-0.697713784511793	-0.697713784511793	1.3584664631051	1.47039476610006	-0.697713784511793	-0.697713784511793	-0.697713784511793	-0.697713784511793	-0.697713784511793	1.59205752369891	1.48776407000732	-0.697713784511793	-0.697713784511793	-0.697713784511793	-0.697713784511793	-0.697713784511793	-0.697713784511793	-0.697713784511793	-0.697713784511793	1.41661943116178	-0.697713784511793	-0.697713784511793	-0.697713784511793
"Tlr13"	-0.441444062302918	-0.441444062302918	-0.441444062302918	1.98486258166042	2.28517153917175	2.39212344554281	-0.441444062302918	-0.441444062302918	-0.441444062302918	2.36486439119924	-0.441444062302918	-0.441444062302918	1.72726018345463	-0.441444062302918	-0.441444062302918	-0.441444062302918	2.37253216692799	2.06153486752862	-0.441444062302918	-0.441444062302918	-0.441444062302918	-0.441444062302918	2.18923501889764	-0.441444062302918	2.11807771538411	-0.441444062302918	-0.441444062302918	-0.441444062302918	-0.441444062302918	-0.441444062302918	-0.441444062302918	-0.441444062302918	-0.441444062302918	-0.441444062302918	-0.441444062302918	-0.441444062302918	-0.441444062302918	-0.441444062302918	-0.441444062302918	-0.441444062302918	-0.441444062302918	-0.441444062302918	-0.441444062302918	2.57654120537872	-0.441444062302918	-0.441444062302918	-0.441444062302918	-0.441444062302918	-0.441444062302918	-0.441444062302918	-0.441444062302918	-0.441444062302918	-0.441444062302918	-0.441444062302918	-0.441444062302918	-0.441444062302918	-0.441444062302918	-0.441444062302918	-0.441444062302918	-0.441444062302918
"Plbd1"	0.984616892160436	1.15885885916253	0.661429105106405	0.855901656399949	0.85472915402006	-1.04979162038852	-1.04979162038852	1.08797760484614	-1.04979162038852	0.699361259996757	0.657493222634926	0.879760983717829	1.01004178332006	0.839167078582906	-1.04979162038852	1.02455030261194	1.07144381037468	0.909551991086017	0.690784819626578	0.876558868675932	0.851778898954074	-1.04979162038852	0.787718206166722	-1.04979162038852	0.949107049911591	1.17547651297765	-1.04979162038852	-1.04979162038852	0.99248982234258	-1.04979162038852	-1.04979162038852	-1.04979162038852	-1.04979162038852	-1.04979162038852	0.612389796703418	-1.04979162038852	0.637400592877242	-1.04979162038852	-1.04979162038852	0.847330371101359	-1.04979162038852	1.18249270536567	-1.04979162038852	1.05824870478605	1.01887769998724	-1.04979162038852	-1.04979162038852	-1.04979162038852	0.713628655038444	-1.04979162038852	-1.04979162038852	0.970026121655047	1.44935786115463	-1.04979162038852	0.773357936307024	-1.04979162038852	1.11225704322661	-1.04979162038852	-1.04979162038852	-1.04979162038852
"Rap1a"	0.711064832056251	-1.49917823959944	0.469530450468901	0.738664408779564	-1.49917823959944	0.744357572197225	0.837814081563659	0.690329262964503	0.7806340525504	0.508447801399904	0.535120206942727	0.820076796016176	0.658635627929178	0.435497025911209	0.951317794594394	0.282686596139484	0.73033108068683	0.898780057017257	-1.49917823959944	0.47379377187264	0.88124691607807	0.552156205640081	0.725674560670648	0.809991342713401	0.331897231443917	0.779945819119703	0.47088837361573	0.743031384497348	-1.49917823959944	-1.49917823959944	0.43676487699262	-1.49917823959944	0.458547941129868	-1.49917823959944	0.419204096748605	-1.49917823959944	-1.49917823959944	0.564658575906975	0.567313084394492	-1.49917823959944	0.549627181897295	0.787131817351716	-1.49917823959944	0.659880864252334	0.619557002643279	0.916975480218738	0.664595280377612	-1.49917823959944	0.306920322230541	-1.49917823959944	-1.49917823959944	-1.49917823959944	0.717251505045544	0.678022428745897	0.58434457610888	-1.49917823959944	0.841839474150206	0.650660551726028	-1.49917823959944	-1.49917823959944
"Rap1gap2"	0.56000135773406	0.607013870457846	0.455769773340555	-1.32957701235449	0.895105230081053	1.05993472810457	-1.32957701235449	0.459791772940613	0.541621268825729	0.295053158216805	0.971099396162242	0.970051012315742	0.532004509513678	0.50630286522691	0.696326835654279	-1.32957701235449	0.932312861094944	0.845039861484153	0.679315739457443	0.655847893333768	0.632810253581345	0.841829123835956	1.02915625408636	-1.32957701235449	0.330955459048791	-1.32957701235449	1.04595393978164	0.703797333698066	0.959988059075598	0.673201646797399	0.818559605802847	-1.32957701235449	-1.32957701235449	-1.32957701235449	0.214273219064792	0.611641552630582	-1.32957701235449	-1.32957701235449	-1.32957701235449	-1.32957701235449	0.984270565343814	0.547509883541944	0.624737576621913	0.628391299886556	1.09941936071192	0.665196052651537	-1.32957701235449	0.854432056458582	-1.32957701235449	0.993877095417944	0.684183332605298	-1.32957701235449	-1.32957701235449	-1.32957701235449	0.674697004859687	-1.32957701235449	-1.32957701235449	-1.32957701235449	-1.32957701235449	0.639644449997247
"Cytip"	0.720297457842436	0.56874760599925	0.813753489152889	0.399752255129308	-1.19967121386063	-1.19967121386063	0.953743352665472	0.618476191017301	1.01776514520491	0.451088066610134	0.674826989567396	0.621339919073327	0.545000366352279	0.583029508140427	-1.19967121386063	0.757984528334041	1.07726110966707	1.16509730674298	-1.19967121386063	0.618317929868254	0.794277347356904	0.954175756061546	-1.19967121386063	0.992336679996915	0.886208000402547	0.900420815762847	-1.19967121386063	0.666997896193416	0.927177704420981	1.03482425855849	0.584197765717558	-1.19967121386063	-1.19967121386063	1.12857771034015	-1.19967121386063	0.772768187806029	-1.19967121386063	0.702045031074429	-1.19967121386063	0.590733597951642	0.887618284039334	-1.19967121386063	-1.19967121386063	-1.19967121386063	-1.19967121386063	-1.19967121386063	1.11034648977101	-1.19967121386063	-1.19967121386063	0.9616017106784	-1.19967121386063	0.905963981313033	-1.19967121386063	0.607146578513487	-1.19967121386063	0.957452538593624	0.840757576735398	-1.19967121386063	-1.19967121386063	-1.19967121386063
"Adgre5"	-0.920064321287634	0.923425026044554	0.763452708043385	1.07631516905601	-0.920064321287634	1.23499322486137	0.909066897162052	0.975264621794809	-0.920064321287634	1.38415511404235	0.880940811991904	0.978249916966774	0.984864701709109	0.609705862574643	-0.920064321287634	-0.920064321287634	1.34317259881739	1.21541740613288	0.999935537276884	0.975099642357196	-0.920064321287634	1.05037169878579	1.0091869106413	1.09012102314977	-0.920064321287634	1.26917797898084	-0.920064321287634	-0.920064321287634	-0.920064321287634	1.20131188157957	1.14732763537612	1.04252170882523	-0.920064321287634	1.29900961533855	-0.920064321287634	-0.920064321287634	0.73981320384349	-0.920064321287634	-0.920064321287634	-0.920064321287634	1.04794241208904	-0.920064321287634	-0.920064321287634	-0.920064321287634	-0.920064321287634	-0.920064321287634	-0.920064321287634	-0.920064321287634	-0.920064321287634	-0.920064321287634	-0.920064321287634	-0.920064321287634	-0.920064321287634	0.963454059881745	-0.920064321287634	1.32863073548729	0.999130178394253	-0.920064321287634	-0.920064321287634	-0.920064321287634
"Ppm1h"	0.414853108278865	0.713013862087803	-2.04050386288514	0.127765441228304	0.366766116754899	0.833119151428735	0.555658731587386	0.391817983874046	0.492137490575693	0.430157213661014	0.622907188813709	0.776523515201793	0.162562280121056	-0.271312014810123	0.44121341659999	0.179060421689315	0.0553519487510699	0.669730058618186	0.320583271739413	0.532306691470375	0.603908227025227	0.378943008488473	0.792512417317316	0.42493369774481	0.233813143757687	0.250936199563072	0.388396463147991	0.931511321239858	0.66434402562531	0.553571152287494	-2.04050386288514	-2.04050386288514	-2.04050386288514	-2.04050386288514	0.330923241986863	0.959298462983696	0.436879035585167	0.63335434188008	-2.04050386288514	0.358339583637171	-2.04050386288514	0.499355851445814	0.35351710201883	0.357992886083919	0.553672694427347	0.403078436907966	-2.04050386288514	0.63489114658333	-0.0341106515373232	-2.04050386288514	0.426337714883071	-2.04050386288514	0.662254472080351	0.37814633319493	0.0338484312326342	0.800706650234649	0.419442765680592	0.588244317445293	-2.04050386288514	0.612284141113383
"Rbpms"	-0.947039948792096	1.32777605210301	-0.947039948792096	-0.947039948792096	-0.947039948792096	1.22290381060738	-0.947039948792096	0.961381113745319	1.04865498080242	0.785681926000572	0.953185392887743	0.964387030055974	0.762037051647771	0.593297231400225	1.00435064126559	0.776376481680949	0.877705419833704	0.784849160512082	0.986222445330485	-0.947039948792096	0.936667800412775	1.15943820140496	0.664400821570526	-0.947039948792096	0.823972918703911	-0.947039948792096	-0.947039948792096	1.01231199201178	1.28541010536402	-0.947039948792096	0.925400714874944	-0.947039948792096	-0.947039948792096	-0.947039948792096	0.699527445954265	-0.947039948792096	-0.947039948792096	-0.947039948792096	-0.947039948792096	-0.947039948792096	-0.947039948792096	-0.947039948792096	1.13730127537407	1.35058763539474	1.43408175509629	-0.947039948792096	1.35514967400278	1.05043607156482	-0.947039948792096	1.32154331349793	-0.947039948792096	-0.947039948792096	-0.947039948792096	-0.947039948792096	-0.947039948792096	-0.947039948792096	-0.947039948792096	-0.947039948792096	-0.947039948792096	1.15319994945392
"Gm15987"	0.92551735396325	-1.24119760240605	0.476921995771247	0.79621495000609	0.883083278199355	0.958154433082302	1.22116258135876	0.693087436217294	-1.24119760240605	0.515007076057638	0.472970245591027	-1.24119760240605	0.826940123583904	1.14800594233059	0.736639310502659	0.84150713470324	0.396628837547819	0.514163024471387	0.718265431245698	0.692919065835456	0.880118226772589	0.893828702897711	-1.24119760240605	0.810304566015202	0.553817009438705	-1.24119760240605	-1.24119760240605	0.956854363075919	0.809317400990287	0.71166175201751	0.868686987991932	-1.24119760240605	0.677973483643044	-1.24119760240605	0.427684982922502	1.06945310374162	0.452796611382844	-1.24119760240605	-1.24119760240605	0.663572732098393	0.767259026810798	-1.24119760240605	-1.24119760240605	-1.24119760240605	1.04801786084569	-1.24119760240605	0.879962964978123	-1.24119760240605	0.741238258556122	-1.24119760240605	-1.24119760240605	0.998939057523684	-1.24119760240605	-1.24119760240605	0.589302073701429	-1.24119760240605	0.929567469467318	-1.24119760240605	-1.24119760240605	-1.24119760240605
"S100a4"	-0.620677063152393	-0.620677063152393	1.41567902618576	1.39608739189854	-0.620677063152393	-0.620677063152393	1.99022847208473	-0.620677063152393	-0.620677063152393	1.46081836644845	1.55779081462156	-0.620677063152393	1.57923540338968	1.48031377551483	-0.620677063152393	-0.620677063152393	1.32051367107665	-0.620677063152393	1.45061238523723	-0.620677063152393	1.64219566195983	-0.620677063152393	1.5659633092883	1.55954224683686	-0.620677063152393	1.7759252495669	-0.620677063152393	-0.620677063152393	-0.620677063152393	-0.620677063152393	-0.620677063152393	-0.620677063152393	-0.620677063152393	-0.620677063152393	1.35732215100563	-0.620677063152393	-0.620677063152393	-0.620677063152393	1.52911183704647	-0.620677063152393	-0.620677063152393	-0.620677063152393	-0.620677063152393	-0.620677063152393	1.84104356973431	-0.620677063152393	-0.620677063152393	-0.620677063152393	-0.620677063152393	-0.620677063152393	-0.620677063152393	-0.620677063152393	-0.620677063152393	-0.620677063152393	-0.620677063152393	-0.620677063152393	-0.620677063152393	-0.620677063152393	1.76673038365714	-0.620677063152393
"Mxi1"	1.34309575264708	1.63204464307549	1.21940697277385	-0.669590412001785	1.43278873085728	-0.669590412001785	-0.669590412001785	1.45707142413955	1.55432564439849	-0.669590412001785	0.982809288525667	1.4604210871809	-0.669590412001785	-0.669590412001785	1.50495480589854	-0.669590412001785	-0.669590412001785	-0.669590412001785	-0.669590412001785	-0.669590412001785	-0.669590412001785	1.30831767700834	1.12612943976714	-0.669590412001785	-0.669590412001785	-0.669590412001785	1.68694949347135	1.98044563536621	1.58486118902069	1.47749307232273	-0.669590412001785	-0.669590412001785	-0.669590412001785	-0.669590412001785	1.16527302970952	1.63754463566921	-0.669590412001785	-0.669590412001785	-0.669590412001785	-0.669590412001785	-0.669590412001785	-0.669590412001785	-0.669590412001785	-0.669590412001785	-0.669590412001785	-0.669590412001785	-0.669590412001785	1.55631041485898	-0.669590412001785	-0.669590412001785	-0.669590412001785	-0.669590412001785	-0.669590412001785	-0.669590412001785	1.34296395538217	-0.669590412001785	-0.669590412001785	-0.669590412001785	-0.669590412001785	-0.669590412001785
"BC035044"	-0.671132834148631	-0.671132834148631	-0.671132834148631	-0.671132834148631	-0.671132834148631	1.3652991954694	-0.671132834148631	1.54768006270664	-0.671132834148631	1.34340458525162	1.61644889753026	-0.671132834148631	1.07352272138555	1.11972981561286	-0.671132834148631	1.33258567307723	-0.671132834148631	1.34243637606436	1.71887521773801	1.79078917023698	-0.671132834148631	-0.671132834148631	1.58739201469163	1.43895269379057	1.38792335006267	-0.671132834148631	1.54421978642769	-0.671132834148631	-0.671132834148631	-0.671132834148631	-0.671132834148631	-0.671132834148631	-0.671132834148631	-0.671132834148631	1.24323765919892	-0.671132834148631	-0.671132834148631	-0.671132834148631	1.40950117622362	-0.671132834148631	-0.671132834148631	-0.671132834148631	-0.671132834148631	-0.671132834148631	-0.671132834148631	-0.671132834148631	-0.671132834148631	-0.671132834148631	1.35983665446133	-0.671132834148631	-0.671132834148631	1.65513519384618	-0.671132834148631	-0.671132834148631	-0.671132834148631	-0.671132834148631	-0.671132834148631	-0.671132834148631	1.63947595631838	-0.671132834148631
"Sf3b5"	-0.326844587025633	-0.326844587025633	-0.326844587025633	-0.326844587025633	-0.326844587025633	-0.326844587025633	-0.326844587025633	-0.326844587025633	-0.326844587025633	-0.326844587025633	2.47686881415135	-0.326844587025633	2.5104600223041	2.58560585898174	-0.326844587025633	-0.326844587025633	-0.326844587025633	2.94778987203383	-0.326844587025633	-0.326844587025633	3.63048122193572	-0.326844587025633	-0.326844587025633	-0.326844587025633	-0.326844587025633	-0.326844587025633	-0.326844587025633	-0.326844587025633	3.49840190997746	-0.326844587025633	-0.326844587025633	-0.326844587025633	-0.326844587025633	-0.326844587025633	-0.326844587025633	-0.326844587025633	-0.326844587025633	-0.326844587025633	-0.326844587025633	-0.326844587025633	-0.326844587025633	-0.326844587025633	-0.326844587025633	-0.326844587025633	-0.326844587025633	-0.326844587025633	-0.326844587025633	-0.326844587025633	-0.326844587025633	-0.326844587025633	-0.326844587025633	-0.326844587025633	-0.326844587025633	-0.326844587025633	-0.326844587025633	-0.326844587025633	-0.326844587025633	-0.326844587025633	-0.326844587025633	-0.326844587025633
"Ptk2b"	0.713590029608132	0.76272087291039	0.689740694447769	0.588634089157261	0.792544651760461	-1.38029142020463	0.423685796249272	-1.38029142020463	1.15029702826301	-1.38029142020463	0.54690827797459	0.902001440701525	0.564410232671205	-1.38029142020463	0.941194508035174	0.988669536797079	0.407014318637448	1.02520571417485	0.308557378006729	0.964936372034745	0.464766925108853	0.768079775552838	0.932552068185317	0.7221865634457	0.354384286369471	0.778844671917184	-1.38029142020463	0.538859069733282	0.601296104980913	-1.38029142020463	0.453731014571397	-1.38029142020463	-1.38029142020463	-1.38029142020463	0.437094748420979	0.647603091839773	0.2567596602413	-1.38029142020463	-1.38029142020463	-1.38029142020463	0.560651511078591	0.580607925948138	-1.38029142020463	0.990203228180959	0.626899769619251	0.703548815132715	-1.38029142020463	-1.38029142020463	-1.38029142020463	-1.38029142020463	0.928503692629852	-1.38029142020463	-1.38029142020463	0.682287194080203	0.593541155053821	0.83747984095875	0.717504001632296	0.656365824861275	-1.38029142020463	1.00196652312012
"Xylt1"	1.17259508237111	0.89704602407122	-1.12317018947352	-1.12317018947352	0.722152952461148	0.590033748295725	0.882889633984752	-1.12317018947352	0.828829657240437	0.57161431082103	0.531047644765542	0.95109417027739	0.668031221434801	0.791986144126694	0.990215676975692	-1.12317018947352	1.07099813369226	0.570799778458504	0.767764061560468	-1.12317018947352	0.923956339460717	0.93718731573214	0.657224885254771	0.651996760819146	0.813597329291233	1.03293062007818	-1.12317018947352	-1.12317018947352	0.855631648372394	-1.12317018947352	-1.12317018947352	0.809705549234004	-1.12317018947352	1.26717238575504	-1.12317018947352	-1.12317018947352	0.715944765252891	0.829264216925912	-1.12317018947352	1.19039752868802	1.01978664894548	-1.12317018947352	0.915535070402344	-1.12317018947352	0.881199319745976	-1.12317018947352	1.12861375012647	-1.12317018947352	-1.12317018947352	-1.12317018947352	-1.12317018947352	0.833866179972569	-1.12317018947352	-1.12317018947352	-1.12317018947352	-1.12317018947352	-1.12317018947352	0.910623952029896	0.82069241968747	-1.12317018947352
"Ppp2r5a"	0.56451117168262	0.83725617165391	0.447758703061086	0.870495863026565	0.869272945233213	-1.33530608356089	0.822032237420657	-1.33530608356089	-1.33530608356089	0.835934816105748	0.792207704530416	0.675257048978127	0.462412189634988	0.284920679190035	0.717293372745827	0.697371977569966	1.02432614220649	0.706298804962498	0.478346890819219	-1.33530608356089	-1.33530608356089	0.531683406796505	1.01958782349077	0.573727557023345	0.527560360223204	0.763195850221941	0.668964654491622	0.725667638921122	0.792718706375042	-1.33530608356089	0.854332473013422	-1.33530608356089	-1.33530608356089	1.01498353416935	0.396660523456949	-1.33530608356089	0.42272137538476	-1.33530608356089	0.547082221060839	0.64146486629621	0.749070519100084	0.770501692349252	-1.33530608356089	-1.33530608356089	0.820214455299121	0.902527785850749	0.866034683686164	-1.33530608356089	0.850832667764352	-1.33530608356089	-1.33530608356089	-1.33530608356089	-1.33530608356089	1.09995345404974	0.564386765442609	-1.33530608356089	-1.33530608356089	0.851858021490213	-1.33530608356089	-1.33530608356089
"Slc44a2"	-0.747570010889645	-0.747570010889645	1.02460471770437	1.0075547531341	-0.747570010889645	-0.747570010889645	1.17788726940113	1.24757111140611	1.33881076731092	-0.747570010889645	1.1482800028963	-0.747570010889645	0.821212128434217	-0.747570010889645	1.51130703569575	-0.747570010889645	-0.747570010889645	1.50037086810031	1.05500608828	1.24739744378946	1.44048622676984	-0.747570010889645	0.937095815853916	-0.747570010889645	-0.747570010889645	1.33811533428567	-0.747570010889645	1.30081632632161	1.58632421924225	-0.747570010889645	-0.747570010889645	-0.747570010889645	-0.747570010889645	-0.747570010889645	-0.747570010889645	1.4168831852283	-0.747570010889645	-0.747570010889645	-0.747570010889645	-0.747570010889645	1.67098203782319	1.3453765560238	-0.747570010889645	-0.747570010889645	1.39478569855712	-0.747570010889645	-0.747570010889645	-0.747570010889645	-0.747570010889645	1.62409934698716	-0.747570010889645	-0.747570010889645	-0.747570010889645	-0.747570010889645	-0.747570010889645	-0.747570010889645	1.27269348056098	-0.747570010889645	-0.747570010889645	-0.747570010889645
"Cd300c2"	1.52700464165421	1.58655824370816	-0.620732579767028	1.37562298165596	-0.620732579767028	-0.620732579767028	-0.620732579767028	1.64862807023458	-0.620732579767028	1.6882869755955	1.53569002689059	-0.620732579767028	1.55691760452984	-0.620732579767028	-0.620732579767028	1.42863352064776	-0.620732579767028	1.68729509942952	1.42959620268116	-0.620732579767028	-0.620732579767028	1.48989296033466	1.2954799091095	-0.620732579767028	-0.620732579767028	-0.620732579767028	1.64508896387878	-0.620732579767028	-0.620732579767028	-0.620732579767028	1.60584270018672	-0.620732579767028	-0.620732579767028	-0.620732579767028	1.33725003034147	-0.620732579767028	-0.620732579767028	2.00186367931723	-0.620732579767028	-0.620732579767028	-0.620732579767028	-0.620732579767028	-0.620732579767028	-0.620732579767028	-0.620732579767028	-0.620732579767028	-0.620732579767028	-0.620732579767028	-0.620732579767028	-0.620732579767028	-0.620732579767028	-0.620732579767028	-0.620732579767028	-0.620732579767028	-0.620732579767028	-0.620732579767028	-0.620732579767028	1.85184931978658	-0.620732579767028	-0.620732579767028
"Il13ra1"	1.37055646906455	-0.67203144729047	-0.67203144729047	1.22658617959609	-0.67203144729047	1.54527329065518	1.78592107112186	-0.67203144729047	-0.67203144729047	-0.67203144729047	1.37881663364883	1.48962486373546	-0.67203144729047	1.30587838260091	-0.67203144729047	-0.67203144729047	1.52994285127981	-0.67203144729047	1.27791696996154	-0.67203144729047	-0.67203144729047	1.33526170811201	1.15036676600571	-0.67203144729047	1.56731249003471	1.58417223785978	1.48285959780917	-0.67203144729047	-0.67203144729047	-0.67203144729047	-0.67203144729047	1.56281270676588	-0.67203144729047	-0.67203144729047	-0.67203144729047	-0.67203144729047	1.21811121477438	1.58542697693185	-0.67203144729047	1.4532932092972	-0.67203144729047	-0.67203144729047	-0.67203144729047	-0.67203144729047	-0.67203144729047	-0.67203144729047	-0.67203144729047	-0.67203144729047	-0.67203144729047	-0.67203144729047	-0.67203144729047	-0.67203144729047	-0.67203144729047	-0.67203144729047	-0.67203144729047	-0.67203144729047	-0.67203144729047	-0.67203144729047	-0.67203144729047	1.7031557196543
"Il31ra"	-0.415207951028592	2.32779863853169	-0.415207951028592	2.06566878793554	-0.415207951028592	-0.415207951028592	-0.415207951028592	-0.415207951028592	-0.415207951028592	-0.415207951028592	2.0840074329902	2.71861958432501	-0.415207951028592	-0.415207951028592	-0.415207951028592	-0.415207951028592	-0.415207951028592	2.14406551120499	2.44164189820912	-0.415207951028592	-0.415207951028592	-0.415207951028592	-0.415207951028592	-0.415207951028592	-0.415207951028592	-0.415207951028592	2.40053493110004	2.48019533913351	-0.415207951028592	-0.415207951028592	-0.415207951028592	-0.415207951028592	-0.415207951028592	-0.415207951028592	-0.415207951028592	-0.415207951028592	-0.415207951028592	-0.415207951028592	-0.415207951028592	-0.415207951028592	2.51307337902809	-0.415207951028592	-0.415207951028592	-0.415207951028592	-0.415207951028592	-0.415207951028592	-0.415207951028592	-0.415207951028592	-0.415207951028592	-0.415207951028592	-0.415207951028592	-0.415207951028592	-0.415207951028592	-0.415207951028592	-0.415207951028592	-0.415207951028592	-0.415207951028592	-0.415207951028592	-0.415207951028592	-0.415207951028592
"Cybb"	0.461873643366894	0.512977205932313	0.561862842987263	0.545189748079671	-1.38112190490478	0.744435619734102	0.994132906333202	-1.38112190490478	0.655294633185085	0.882620926341129	0.869561530907064	0.569307217981363	0.644828757974074	0.789280017329076	0.610086275733235	1.11620457896694	-1.38112190490478	1.02667641396699	0.591588178924681	0.566070458113166	0.968199655117079	0.430027725356709	0.263199873066295	0.684249548977866	-1.38112190490478	0.99322671342982	0.563203022962294	-1.38112190490478	0.68325571017325	0.923479705680682	-1.38112190490478	-1.38112190490478	0.55102383554702	-1.38112190490478	0.299043246600771	-1.38112190490478	0.537527891896189	-1.38112190490478	0.658367809559813	-1.38112190490478	0.640912998201426	0.661703185669954	0.745749731120704	0.963388140906782	1.13729847063735	-1.38112190490478	0.754378877113991	-1.38112190490478	0.401377444302435	-1.38112190490478	-1.38112190490478	-1.38112190490478	0.806347074302076	-1.38112190490478	0.461752957997875	-1.38112190490478	0.590760710327858	-1.38112190490478	-1.38112190490478	0.761972813291127
"Ear2"	-0.493888123739234	1.94051644290225	-0.493888123739234	1.70787751750812	-0.493888123739234	-0.493888123739234	-0.493888123739234	-0.493888123739234	-0.493888123739234	-0.493888123739234	1.99822424622195	2.0129149978599	-0.493888123739234	-0.493888123739234	-0.493888123739234	-0.493888123739234	-0.493888123739234	1.77745421552381	-0.493888123739234	-0.493888123739234	1.97656171198143	-0.493888123739234	1.61948832125141	1.88632636045402	-0.493888123739234	2.12255853896537	-0.493888123739234	-0.493888123739234	2.15936812070163	-0.493888123739234	-0.493888123739234	-0.493888123739234	-0.493888123739234	-0.493888123739234	-0.493888123739234	-0.493888123739234	-0.493888123739234	-0.493888123739234	-0.493888123739234	-0.493888123739234	-0.493888123739234	-0.493888123739234	-0.493888123739234	2.24479961991619	-0.493888123739234	-0.493888123739234	-0.493888123739234	-0.493888123739234	-0.493888123739234	-0.493888123739234	-0.493888123739234	-0.493888123739234	-0.493888123739234	-0.493888123739234	-0.493888123739234	-0.493888123739234	-0.493888123739234	-0.493888123739234	-0.493888123739234	2.26053984619717
"Samhd1"	0.658967756734735	0.535738313166188	0.527329688916619	0.755737158612101	0.426865226388555	-2.05268215399714	0.373732373460956	0.900479361815253	-2.05268215399714	0.637074523231659	0.19539829301486	0.208650501024129	0.416403716769279	0.463687543152248	0.751306283303463	0.560869271928834	0.681020489874645	0.491172002023825	0.234483105744377	0.779982706160454	0.175856991328051	0.294564274981608	0.595928280036671	0.48677926772449	0.434761638617546	0.700143879024563	0.449145016021394	0.512973848804705	0.588440035880925	0.922192796646302	0.162527353975662	0.677778494097582	0.435011238364476	0.590749716067602	-0.104694258232905	0.396694210799194	0.419348761197161	-2.05268215399714	0.0644889379126694	0.170643554141261	0.291670430946164	0.563435919372503	-2.05268215399714	0.417828582675248	-2.05268215399714	0.464267810673982	0.42322306939118	-2.05268215399714	0.406124966640865	-2.05268215399714	-2.05268215399714	-2.05268215399714	0.483475133895891	0.191025202687763	0.0839518091140063	-2.05268215399714	0.481123472433202	0.654993229055095	0.546151714371532	-2.05268215399714
"Mbp"	0.787872005282452	1.03811991087546	-1.1554378585632	0.866693269315024	0.663800501863239	0.735160399710858	1.02415591802019	0.88660433522369	0.768969265581718	0.71697275444691	0.676909927053702	1.00761325468207	0.610443814907812	0.329877256081936	0.726247512186003	-1.1554378585632	-1.1554378585632	0.514586798387311	-1.1554378585632	-1.1554378585632	0.862751273438506	0.959587326653087	0.801492107150003	-1.1554378585632	-1.1554378585632	1.08831400205202	0.883731816646911	1.05387749008867	0.795392394027366	-1.1554378585632	-1.1554378585632	-1.1554378585632	0.670433694856496	0.999149865368203	0.633739693946134	1.24486013867873	0.456203682463842	-1.1554378585632	-1.1554378585632	0.656733028571776	-1.1554378585632	-1.1554378585632	0.854449044215714	0.85820666367852	-1.1554378585632	1.29997745923768	0.862603559617728	-1.1554378585632	0.529018333103552	-1.1554378585632	-1.1554378585632	-1.1554378585632	-1.1554378585632	0.673345542875276	-1.1554378585632	1.34805242379142	-1.1554378585632	-1.1554378585632	-1.1554378585632	-1.1554378585632
"Maml3"	0.553754095560137	-1.12229366106185	0.901422132927345	-1.12229366106185	0.936273057140004	1.00502525696732	-1.12229366106185	1.03718033555521	0.729654040827176	1.13074458801784	1.04656370784633	0.959312402427973	0.577097525948906	0.808299765199982	-1.12229366106185	0.670965924769433	1.04869952617832	1.02995111304859	-1.12229366106185	0.956365299703725	1.0142145545716	-1.12229366106185	1.01779376559658	0.755986074945858	0.909449616062654	-1.12229366106185	0.645904551110632	-1.12229366106185	0.949356011474259	-1.12229366106185	-1.12229366106185	-1.12229366106185	-1.12229366106185	-1.12229366106185	0.405673693811116	0.798953967501021	0.736113768336632	-1.12229366106185	0.538378009513288	0.815811504569538	-1.12229366106185	-1.12229366106185	-1.12229366106185	-1.12229366106185	-1.12229366106185	1.15998567701187	0.819762736374143	1.03924668267023	0.498737945997959	-1.12229366106185	0.870749449608017	-1.12229366106185	-1.12229366106185	0.945470452212431	-1.12229366106185	-1.12229366106185	0.865178791512149	1.00155916260975	-1.12229366106185	-1.12229366106185
"Pirb"	1.07038144429863	1.12400507819425	0.951535710982203	0.93407340525001	-0.863497792109863	1.23579965265089	1.10852529123075	-0.863497792109863	-0.863497792109863	0.991769054901383	1.07820199422501	-0.863497792109863	1.09731586496596	1.00914559370873	-0.863497792109863	0.981805492604364	1.31427394304608	0.990877392930349	0.982672316896037	-0.863497792109863	-0.863497792109863	1.03696510769271	-0.863497792109863	1.07976307097666	1.03276813867538	-0.863497792109863	1.17670768226566	-0.863497792109863	-0.863497792109863	-0.863497792109863	1.14136931139621	-0.863497792109863	1.16392790225978	-0.863497792109863	-0.863497792109863	-0.863497792109863	-0.863497792109863	-0.863497792109863	-0.863497792109863	1.1487148480865	-0.863497792109863	-0.863497792109863	-0.863497792109863	-0.863497792109863	1.33066925329847	-0.863497792109863	1.3773109963612	-0.863497792109863	-0.863497792109863	-0.863497792109863	-0.863497792109863	-0.863497792109863	1.43184190262945	-0.863497792109863	-0.863497792109863	-0.863497792109863	1.20562432259595	1.36288015961274	-0.863497792109863	-0.863497792109863
"Ncf2"	-0.953432320403005	1.14233751632768	0.978661842990996	1.17440230176424	-0.953432320403005	0.823843355770799	0.915380595580565	1.19535418506232	-0.953432320403005	0.804735053792924	0.886644335047777	-0.953432320403005	1.06116272740636	1.03334852497019	1.02661497954979	1.00739773548005	0.686224518366712	1.22837716040224	-0.953432320403005	1.19518547355907	-0.953432320403005	-0.953432320403005	1.01767264136231	0.888123709412598	1.05576794210989	-0.953432320403005	-0.953432320403005	-0.953432320403005	1.09937429347326	-0.953432320403005	-0.953432320403005	-0.953432320403005	0.967883589052051	1.31378284298172	-0.953432320403005	1.14734557290673	0.742455064070727	-0.953432320403005	0.862420192164364	0.953466743544126	-0.953432320403005	-0.953432320403005	-0.953432320403005	-0.953432320403005	-0.953432320403005	-0.953432320403005	1.17009880939001	1.07337718712426	-0.953432320403005	-0.953432320403005	1.22584995693697	-0.953432320403005	-0.953432320403005	-0.953432320403005	0.879113081892441	-0.953432320403005	-0.953432320403005	-0.953432320403005	-0.953432320403005	-0.953432320403005
"Tmem51"	1.14053862913123	1.19112626297146	1.02838063287892	1.01189520137388	1.01072335311278	0.874441860311303	-0.892734922105778	1.03270849010852	-0.892734922105778	-0.892734922105778	1.02443966671134	1.03574121798583	1.35065823139174	-0.892734922105778	1.07606128856268	1.05695324134336	1.22731710810999	0.854601942727233	-0.892734922105778	-0.892734922105778	-0.892734922105778	1.10900892710166	-0.892734922105778	1.14938981983057	0.894074669134561	-0.892734922105778	-0.892734922105778	-0.892734922105778	1.35962769023993	-0.892734922105778	-0.892734922105778	-0.892734922105778	-0.892734922105778	-0.892734922105778	-0.892734922105778	-0.892734922105778	1.00431958292905	-0.892734922105778	1.12379939137249	1.00332869784706	1.10654104199723	1.12709722628028	1.21019778894982	-0.892734922105778	-0.892734922105778	-0.892734922105778	-0.892734922105778	-0.892734922105778	0.869701571658372	-0.892734922105778	-0.892734922105778	-0.892734922105778	-0.892734922105778	-0.892734922105778	1.14041915021348	-0.892734922105778	-0.892734922105778	-0.892734922105778	1.44715974521591	-0.892734922105778
"Nxpe4"	-0.491855011101703	-0.491855011101703	2.02720113087232	1.72914976065979	-0.491855011101703	-0.491855011101703	-0.491855011101703	2.03287601872981	-0.491855011101703	-0.491855011101703	1.46984135580893	-0.491855011101703	-0.491855011101703	-0.491855011101703	2.08972222609842	-0.491855011101703	-0.491855011101703	-0.491855011101703	1.78919656983584	-0.491855011101703	-0.491855011101703	-0.491855011101703	1.63998821549775	1.90915789788989	1.85109289938354	-0.491855011101703	-0.491855011101703	2.37715854771904	-0.491855011101703	-0.491855011101703	-0.491855011101703	-0.491855011101703	-0.491855011101703	-0.491855011101703	-0.491855011101703	-0.491855011101703	-0.491855011101703	-0.491855011101703	-0.491855011101703	-0.491855011101703	-0.491855011101703	-0.491855011101703	-0.491855011101703	-0.491855011101703	-0.491855011101703	-0.491855011101703	-0.491855011101703	-0.491855011101703	-0.491855011101703	-0.491855011101703	2.34948394112871	-0.491855011101703	2.34417196925772	-0.491855011101703	-0.491855011101703	-0.491855011101703	-0.491855011101703	-0.491855011101703	-0.491855011101703	-0.491855011101703
"Eif1"	-0.617577941668961	1.6120153462299	-0.617577941668961	1.39894879448646	-0.617577941668961	-0.617577941668961	-0.617577941668961	-0.617577941668961	-0.617577941668961	-0.617577941668961	1.16351376168514	1.67832286733755	-0.617577941668961	1.23259024015592	-0.617577941668961	1.70357633071973	1.32338398164656	1.46267186706678	1.45346736088662	-0.617577941668961	-0.617577941668961	-0.617577941668961	1.31799595640967	1.56238438276849	1.50966517054005	2.03018346000476	-0.617577941668961	-0.617577941668961	-0.617577941668961	-0.617577941668961	-0.617577941668961	-0.617577941668961	-0.617577941668961	2.06626309143113	-0.617577941668961	1.86924113159315	1.38994751223302	-0.617577941668961	-0.617577941668961	-0.617577941668961	-0.617577941668961	-0.617577941668961	-0.617577941668961	-0.617577941668961	-0.617577941668961	-0.617577941668961	-0.617577941668961	1.78168023657038	-0.617577941668961	-0.617577941668961	-0.617577941668961	-0.617577941668961	-0.617577941668961	-0.617577941668961	-0.617577941668961	-0.617577941668961	-0.617577941668961	-0.617577941668961	-0.617577941668961	-0.617577941668961
"Adap1"	-0.671421646112847	-0.671421646112847	-0.671421646112847	-0.671421646112847	-0.671421646112847	-0.671421646112847	-0.671421646112847	1.46453647224467	-0.671421646112847	-0.671421646112847	-0.671421646112847	-0.671421646112847	1.24142503413389	1.05256671768421	1.51262916675039	1.25747412444903	1.50780220622259	1.26695698307434	1.49233958389111	-0.671421646112847	-0.671421646112847	-0.671421646112847	1.36585164071907	1.3598691942362	1.54478574784736	1.56147130345471	1.46120540939558	1.52153973271157	-0.671421646112847	-0.671421646112847	-0.671421646112847	-0.671421646112847	-0.671421646112847	-0.671421646112847	-0.671421646112847	1.64579858677636	1.19919236430634	-0.671421646112847	-0.671421646112847	-0.671421646112847	1.54644136625783	-0.671421646112847	-0.671421646112847	-0.671421646112847	-0.671421646112847	-0.671421646112847	-0.671421646112847	1.79850461237211	-0.671421646112847	-0.671421646112847	-0.671421646112847	-0.671421646112847	1.72789724409935	-0.671421646112847	-0.671421646112847	-0.671421646112847	-0.671421646112847	-0.671421646112847	-0.671421646112847	-0.671421646112847
"Plac8"	0.966010760502236	0.814630962346838	1.12350300694087	0.961130545287573	0.843567034250747	-0.951803519434099	1.26335617183071	1.06344775486709	-0.951803519434099	-0.951803519434099	0.657634915212854	-0.951803519434099	0.873502559191359	1.14455261893428	1.10437334572927	1.0863357114145	-0.951803519434099	1.15856569124294	0.887943458269346	1.06328952785335	-0.951803519434099	-0.951803519434099	1.0435762981231	0.775309958961122	1.04904324062348	1.14593200247929	-0.951803519434099	-0.951803519434099	-0.951803519434099	0.881743239794624	-0.951803519434099	-0.951803519434099	-0.951803519434099	-0.951803519434099	-0.951803519434099	1.41700336044431	-0.951803519434099	-0.951803519434099	-0.951803519434099	-0.951803519434099	-0.951803519434099	0.953332626606168	-0.951803519434099	-0.951803519434099	-0.951803519434099	1.07277737642028	1.35562211944406	-0.951803519434099	0.710553163052361	-0.951803519434099	-0.951803519434099	0.952256203412102	-0.951803519434099	-0.951803519434099	-0.951803519434099	1.20289973016477	0.887171762082141	-0.951803519434099	-0.951803519434099	1.0468439569753
"Clec4a1"	1.25021288136732	-0.723212806406196	1.35727838959158	1.11111744011932	-0.723212806406196	1.19056886489973	1.28913674276941	-0.723212806406196	-0.723212806406196	-0.723212806406196	0.896954347701033	-0.723212806406196	1.27769809173077	1.18772480129919	-0.723212806406196	1.3882213800862	1.27053958968441	-0.723212806406196	-0.723212806406196	-0.723212806406196	1.6974040483456	1.44459560267826	1.62796626173325	-0.723212806406196	1.21183041046554	-0.723212806406196	1.35871341508116	-0.723212806406196	-0.723212806406196	-0.723212806406196	-0.723212806406196	-0.723212806406196	-0.723212806406196	-0.723212806406196	-0.723212806406196	-0.723212806406196	-0.723212806406196	-0.723212806406196	1.23210864593466	1.3301481474043	1.441922981961	-0.723212806406196	-0.723212806406196	1.55843682508221	-0.723212806406196	-0.723212806406196	-0.723212806406196	1.45926847026601	-0.723212806406196	-0.723212806406196	1.62345211164066	-0.723212806406196	-0.723212806406196	-0.723212806406196	-0.723212806406196	-0.723212806406196	-0.723212806406196	-0.723212806406196	-0.723212806406196	-0.723212806406196
"Klf13"	-1.01861601604533	1.08816246958347	0.710458730568126	-1.01861601604533	-1.01861601604533	0.767995324556534	1.07339950615987	-1.01861601604533	1.01702316625381	0.96202122093733	0.831126184490826	0.931068574794098	0.512012728556601	1.15095740451861	0.971832066066278	-1.01861601604533	1.12475132418692	0.961170406632074	0.95334103048631	0.927833050485512	0.902794538954207	0.791842248954379	1.1763277698136	-1.01861601604533	0.787844045545005	-1.01861601604533	0.924966709912924	-1.01861601604533	-1.01861601604533	0.946695244593227	-1.01861601604533	-1.01861601604533	0.912792171626001	-1.01861601604533	-1.01861601604533	1.09319683245607	0.686179516861127	-1.01861601604533	1.02009516951321	0.898299597386975	-1.01861601604533	-1.01861601604533	1.10744373500895	-1.01861601604533	-1.01861601604533	1.15145770182922	-1.01861601604533	1.23236640396228	-1.01861601604533	-1.01861601604533	-1.01861601604533	-1.01861601604533	-1.01861601604533	0.915872326467229	-1.01861601604533	-1.01861601604533	-1.01861601604533	-1.01861601604533	1.00853726415378	-1.01861601604533
"Slfn2"	1.29685029972022	-0.697819683970018	-0.697819683970018	1.52217499506987	1.38574040813654	1.4674683655974	-0.697819683970018	-0.697819683970018	-0.697819683970018	-0.697819683970018	-0.697819683970018	1.64423864838518	-0.697819683970018	1.23368952380524	-0.697819683970018	-0.697819683970018	1.08678009067245	1.21484706918727	-0.697819683970018	1.40962228062133	1.61359723930564	-0.697819683970018	1.31242992575296	-0.697819683970018	1.72016471619568	-0.697819683970018	1.40651886193375	1.46605287275243	-0.697819683970018	-0.697819683970018	-0.697819683970018	-0.697819683970018	-0.697819683970018	-0.697819683970018	1.35131198958787	-0.697819683970018	1.14798132303928	1.50668006958786	-0.697819683970018	-0.697819683970018	-0.697819683970018	-0.697819683970018	-0.697819683970018	-0.697819683970018	-0.697819683970018	-0.697819683970018	-0.697819683970018	-0.697819683970018	1.23137539799602	-0.697819683970018	-0.697819683970018	-0.697819683970018	-0.697819683970018	-0.697819683970018	1.29671968221369	-0.697819683970018	-0.697819683970018	1.59854359924006	-0.697819683970018	-0.697819683970018
"Emilin2"	1.61996056750983	1.44854383725875	1.04985570757295	1.25727448468732	-0.775282636599649	1.11058890842908	1.20771929634917	1.27948572544923	1.37345219038866	1.09031304269987	-0.775282636599649	-0.775282636599649	1.06485496078153	0.883175324736497	-0.775282636599649	-0.775282636599649	0.964561225161036	1.08941641657666	-0.775282636599649	-0.775282636599649	1.25287727129101	-0.775282636599649	0.959731494849066	1.70200191006354	-0.775282636599649	-0.775282636599649	-0.775282636599649	-0.775282636599649	-0.775282636599649	1.29921700377217	-0.775282636599649	-0.775282636599649	1.26343035048899	-0.775282636599649	-0.775282636599649	-0.775282636599649	-0.775282636599649	-0.775282636599649	-0.775282636599649	-0.775282636599649	-0.775282636599649	-0.775282636599649	-0.775282636599649	-0.775282636599649	1.43110000111606	-0.775282636599649	1.47800141288493	1.37536986412448	1.10553023202798	-0.775282636599649	-0.775282636599649	1.37899632596821	-0.775282636599649	-0.775282636599649	-0.775282636599649	-0.775282636599649	-0.775282636599649	-0.775282636599649	-0.775282636599649	-0.775282636599649
"Eno3"	-0.297893296813853	-0.297893296813853	-0.297893296813853	3.13977230069034	-0.297893296813853	-0.297893296813853	-0.297893296813853	-0.297893296813853	-0.297893296813853	-0.297893296813853	3.16518353060723	-0.297893296813853	-0.297893296813853	-0.297893296813853	-0.297893296813853	-0.297893296813853	-0.297893296813853	-0.297893296813853	3.2327126008504	-0.297893296813853	-0.297893296813853	-0.297893296813853	3.00176828542622	-0.297893296813853	-0.297893296813853	-0.297893296813853	-0.297893296813853	-0.297893296813853	3.84469460718773	-0.297893296813853	-0.297893296813853	-0.297893296813853	-0.297893296813853	-0.297893296813853	-0.297893296813853	-0.297893296813853	-0.297893296813853	-0.297893296813853	-0.297893296813853	-0.297893296813853	-0.297893296813853	-0.297893296813853	-0.297893296813853	-0.297893296813853	-0.297893296813853	-0.297893296813853	-0.297893296813853	-0.297893296813853	-0.297893296813853	-0.297893296813853	-0.297893296813853	-0.297893296813853	-0.297893296813853	-0.297893296813853	-0.297893296813853	-0.297893296813853	-0.297893296813853	-0.297893296813853	-0.297893296813853	-0.297893296813853
"Gvin3"	1.10986951516012	-0.776656492391386	-0.776656492391386	0.976899133213654	-0.776656492391386	1.05285191933268	1.36558894641927	1.43528115996612	-0.776656492391386	1.37939426174055	1.33597306794189	-0.776656492391386	-0.776656492391386	1.26851428082695	-0.776656492391386	-0.776656492391386	1.12930113811187	-0.776656492391386	1.02430804532814	1.43510749016436	1.19088770307021	1.07727141549737	0.906503188506818	-0.776656492391386	1.29159258701934	-0.776656492391386	-0.776656492391386	-0.776656492391386	1.33648049478367	1.454439577096	-0.776656492391386	-0.776656492391386	-0.776656492391386	-0.776656492391386	-0.776656492391386	-0.776656492391386	0.969071689693974	-0.776656492391386	-0.776656492391386	-0.776656492391386	-0.776656492391386	1.31441891246353	1.6191571887889	1.40452083624648	-0.776656492391386	-0.776656492391386	-0.776656492391386	-0.776656492391386	-0.776656492391386	-0.776656492391386	-0.776656492391386	-0.776656492391386	-0.776656492391386	-0.776656492391386	-0.776656492391386	-0.776656492391386	1.24180081802567	-0.776656492391386	-0.776656492391386	1.41705684908374
"Diaph2"	0.656982654035709	0.285338183982606	0.241281046136764	0.321111151694457	0.319795032412681	0.542311305319086	0.582291483231001	0.483139412802288	-2.05280023422545	0.65963228384876	0.612536178054788	0.862372906466479	0.494095091412996	0.714099826764422	0.630241738141548	0.563099796210677	0.325945114046742	0.457635672386302	0.274277412698083	0.107401881272531	0.455127923910438	0.776198253078891	0.758963928144539	0.475503759825597	0.327350842971546	-2.05280023422545	0.578163438558438	0.540858895464839	0.237406412007754	0.365249839071333	-2.05280023422545	-2.05280023422545	0.0907092593642818	-2.05280023422545	0.475819626788784	0.527950258005888	0.451246036992729	-2.05280023422545	-0.0269506170477633	0.450132762978632	0.190431692039312	0.763908074585315	-2.05280023422545	-2.05280023422545	0.642701307399559	0.731347171461268	0.316309975212047	-2.05280023422545	0.161369268063752	0.891142026924028	-2.05280023422545	0.21221570345155	0.373963143762033	0.469660533615371	0.541751955669627	-2.05280023422545	0.134793081073505	0.301052875700745	0.433936249878858	0.798900726609128
"2210016F16Rik"	-0.38688871868412	2.43220843548239	-0.38688871868412	-0.38688871868412	-0.38688871868412	-0.38688871868412	2.72796789261708	-0.38688871868412	-0.38688871868412	-0.38688871868412	1.86512315248854	-0.38688871868412	-0.38688871868412	-0.38688871868412	2.5767414753604	-0.38688871868412	-0.38688871868412	-0.38688871868412	-0.38688871868412	2.51123019061237	-0.38688871868412	-0.38688871868412	-0.38688871868412	2.87308937206714	-0.38688871868412	2.64301742014431	-0.38688871868412	-0.38688871868412	-0.38688871868412	-0.38688871868412	-0.38688871868412	-0.38688871868412	2.488835432802	-0.38688871868412	-0.38688871868412	-0.38688871868412	-0.38688871868412	-0.38688871868412	-0.38688871868412	-0.38688871868412	-0.38688871868412	-0.38688871868412	-0.38688871868412	-0.38688871868412	-0.38688871868412	-0.38688871868412	-0.38688871868412	-0.38688871868412	-0.38688871868412	-0.38688871868412	-0.38688871868412	-0.38688871868412	-0.38688871868412	-0.38688871868412	-0.38688871868412	-0.38688871868412	-0.38688871868412	-0.38688871868412	-0.38688871868412	-0.38688871868412
"Ptpre"	0.626714983631699	0.675517752144343	0.637637318621684	0.870813493890483	0.501479933402991	0.896463862487628	-1.33481930669082	0.522689376701134	1.0152364195276	0.758862569889453	0.633833053496606	0.998751086355355	0.597652003934984	0.735438140390372	0.887458091281974	0.665217945768842	-1.33481930669082	0.996523828571534	-1.33481930669082	-1.33481930669082	0.498635358952268	0.800040657168755	0.844234701822748	-1.33481930669082	0.592477133767524	-1.33481930669082	0.723473771591091	0.979824651099468	0.634305898839895	0.863445723391375	0.487668853900592	0.58860438508774	-1.33481930669082	0.839974214727272	0.590228789805506	-1.33481930669082	0.291936263919434	-1.33481930669082	0.407011086806838	0.817208529162049	-1.33481930669082	0.936740920748307	-1.33481930669082	1.17103251922322	0.659748540536272	0.735915535726809	-1.33481930669082	-1.33481930669082	-1.33481930669082	-1.33481930669082	-1.33481930669082	0.612646866784956	-1.33481930669082	-1.33481930669082	0.423023501076408	-1.33481930669082	-1.33481930669082	-1.33481930669082	0.599537528127151	0.91320014814496
"Plek"	-0.830101749305692	1.09717588387736	0.929932676934902	1.12995268612249	-0.830101749305692	1.33268870439448	-0.830101749305692	-0.830101749305692	1.24198625456341	1.18599948044805	1.14286219260444	-0.830101749305692	0.727933430821237	-0.830101749305692	-0.830101749305692	-0.830101749305692	0.847680706341738	1.18513343201925	0.960125782589026	-0.830101749305692	-0.830101749305692	1.0127733952838	1.18683572498365	-0.830101749305692	1.00870360266356	-0.830101749305692	1.14828149562513	1.54875861411119	1.27043711965841	-0.830101749305692	-0.830101749305692	1.22168562039505	-0.830101749305692	1.48983113808975	0.879494489889614	-0.830101749305692	-0.830101749305692	-0.830101749305692	1.02797331591027	-0.830101749305692	-0.830101749305692	1.24850706426893	-0.830101749305692	-0.830101749305692	1.64216675486992	-0.830101749305692	1.34280613565223	1.24383552358135	-0.830101749305692	-0.830101749305692	-0.830101749305692	-0.830101749305692	-0.830101749305692	-0.830101749305692	-0.830101749305692	-0.830101749305692	-0.830101749305692	-0.830101749305692	-0.830101749305692	-0.830101749305692
"Zfp710"	0.927269029597085	0.772063497356469	0.734123180912911	0.922266459434628	-1.24145158358349	0.669893532543583	-1.24145158358349	1.14658623934433	0.704073406761311	0.447711253249071	0.775689372036686	0.825932363843794	0.832431170571128	0.260162933335829	-1.24145158358349	0.438639739260825	0.807032627258314	-1.24145158358349	0.439428955853531	0.618831581673728	0.594901481325507	0.812071638854281	0.736953144231748	0.7317359754031	0.808243187064254	-1.24145158358349	0.616092128993066	-1.24145158358349	0.730786494688035	-1.24145158358349	0.992012136073142	0.889072229750734	-1.24145158358349	-1.24145158358349	-1.24145158358349	-1.24145158358349	0.999669028994563	-1.24145158358349	1.07592016096241	-1.24145158358349	0.894396986995519	0.710195925793171	-1.24145158358349	-1.24145158358349	0.756269357141106	-1.24145158358349	-1.24145158358349	1.02930949248778	0.461489324767622	-1.24145158358349	-1.24145158358349	-1.24145158358349	0.848383911782718	0.811395454873806	1.25079347165413	-1.24145158358349	-1.24145158358349	0.785596386821176	0.69596316072911	-1.24145158358349
"Ms4a6b"	1.16972307953698	1.06532960203768	0.780926328240953	0.974263278381169	0.76338619614392	0.837554276336479	-1.12744353701534	-1.12744353701534	-1.12744353701534	1.0284120324791	0.567568136020012	0.788238079359854	0.862414179432795	1.00429199430009	0.828290645408891	0.809309371012027	0.823968286402484	0.817814927913805	-1.12744353701534	-1.12744353701534	-1.12744353701534	0.651439894576653	0.906496294823686	-1.12744353701534	0.647511420809228	0.872026915523435	0.782242632489426	0.836269717293287	-1.12744353701534	0.803592216228972	0.749164984698651	-1.12744353701534	0.770280421117549	-1.12744353701534	0.732142423668098	-1.12744353701534	-1.12744353701534	-1.12744353701534	-1.12744353701534	-1.12744353701534	-1.12744353701534	0.878987983907174	0.961537213792336	-1.12744353701534	-1.12744353701534	-1.12744353701534	0.97001262884351	-1.12744353701534	0.955528019053376	-1.12744353701534	-1.12744353701534	0.877854327695299	1.23093603383959	-1.12744353701534	0.682599932248761	-1.12744353701534	1.01906279288816	-1.12744353701534	0.864355695895525	-1.12744353701534
"Gab2"	0.735947299496384	0.593169271924273	0.646926605951909	0.553053934345254	-2.03085364499974	0.889977578825364	-2.03085364499974	0.65173928909677	0.811367759519576	0.144522902460777	0.287233388162163	0.716838592058325	0.0207570174091828	0.631840756956496	0.155298365026953	0.643028223098561	0.557840135058132	0.143588434779701	0.506681159941368	0.106973298316826	0.548471862288596	0.700900153056193	0.242717933187116	0.00239142760743573	-0.0467796416783025	0.438706385025927	0.475480653775315	0.822797649339015	0.842099542070977	0.672298868412265	0.535830291067481	0.183028306239325	0.0904535770305499	-2.03085364499974	0.184898014042937	0.523165674159102	-0.158439983753085	0.439950199956807	0.518355326616683	0.308947369076014	-2.03085364499974	0.756679461665676	0.304243582592025	-2.03085364499974	-2.03085364499974	0.82186085015705	0.685564163872739	-2.03085364499974	0.470388678983925	0.510650800105555	0.37527187085835	-2.03085364499974	-2.03085364499974	0.0938365774503352	-2.03085364499974	0.505771666527729	0.603154190442979	0.767855690827168	-2.03085364499974	0.322054941565216
"Plcg2"	0.864543106452769	0.914060390296833	0.754758186419803	1.01182912134654	0.737474505256632	0.810558188061366	-1.12570976616039	1.08662033812326	0.84518374812831	0.5854787799712	0.750900604526254	0.968631675738475	0.356235704211524	0.928880684027091	-1.12570976616039	-1.12570976616039	0.79717083630106	1.16476812483472	-1.12570976616039	0.965496232201345	0.734588283741238	-1.12570976616039	0.999421499436334	-1.12570976616039	0.623293912963505	-1.12570976616039	0.96271852792607	-1.12570976616039	0.872245159316903	1.10473979185716	-1.12570976616039	-1.12570976616039	0.744267931078751	-1.12570976616039	-1.12570976616039	0.918934629906908	0.73120622817411	-1.12570976616039	0.969074389822814	0.730236308568527	-1.12570976616039	1.05812414154141	0.932728394580102	0.93657678390245	-1.12570976616039	-1.12570976616039	-1.12570976616039	0.84694270445972	-1.12570976616039	-1.12570976616039	-1.12570976616039	0.850269020037546	-1.12570976616039	-1.12570976616039	-1.12570976616039	-1.12570976616039	0.782726246123234	0.927769740836119	-1.12570976616039	-1.12570976616039
"Uvrag"	0.615464365068579	0.320141224376862	0.151165961518866	0.48163574059415	0.571544887808069	-1.62709627854596	0.652895295617981	0.884832448957591	0.686050807748954	0.757939718270106	0.147075880633281	0.817254211080972	0.705488934942152	0.775009113367992	0.639540127040768	0.400106922054016	0.577244057340783	0.885589803247396	-1.62709627854596	0.722738698784673	0.69695543321066	0.454232220015501	0.721454904612203	0.624671308688694	0.669702526672744	0.685352511156559	-1.62709627854596	-1.62709627854596	0.495196841848228	-1.62709627854596	0.556644656590153	0.665525531006543	0.707250756369462	-1.62709627854596	0.319336121613875	0.764438574487895	0.693358158740623	-1.62709627854596	0.469610718521196	0.344350392243583	0.451666217576643	0.473039667624683	-1.62709627854596	-1.62709627854596	0.742252992594238	-1.62709627854596	-1.62709627854596	0.468319746080087	0.553154277794779	-1.62709627854596	0.625953645071633	0.471853067366298	0.62174149790461	0.581938824740234	0.706504173981477	-1.62709627854596	-1.62709627854596	-1.62709627854596	0.67731749176951	-1.62709627854596
"Psap"	0.370955598523607	-0.0977540021430474	0.315168607682428	0.294357572666718	0.473525337518456	-0.23091546526685	0.305791068702036	0.716435823155377	0.0796825044552613	0.166812279348026	0.380265307857688	0.394533487461866	0.433783482810627	0.53966346968973	0.0233182687453459	0.718558924191214	0.609792221452177	0.43212060290052	-2.45925206928402	0.390493146046542	0.858734954359032	0.220621555212437	0.434208686612994	0.863756344847189	0.807780048068769	0.611601262811459	0.231092569931612	0.299731027521269	0.380883736339701	0.524631997031841	0.344871449657658	0.321108294470775	0.371710256942048	-2.45925206928402	0.253169072558568	-2.45925206928402	0.68058020322049	0.0802477291972937	0.239280286517294	0.353610983465655	0.483904558223364	0.353995511760119	0.45884291621438	0.197416383350133	0.414158963412804	-2.45925206928402	0.891998056536197	-2.45925206928402	0.0290908437990067	-2.45925206928402	0.539538734413707	0.0862334279697075	0.534428371051427	0.486136557269259	0.72305597513626	-2.45925206928402	-0.000776186022142477	-2.45925206928402	0.0690985314120573	0.212685215182049
"Sipa1l3"	0.939697220952702	-0.920953617166453	1.1667260830671	1.02381146648522	-0.920953617166453	1.09885169255373	-0.920953617166453	1.04506333933344	1.13497112009617	-0.920953617166453	0.821335129402003	1.38992448959611	-0.920953617166453	0.880780131106572	-0.920953617166453	1.06981898353022	1.08488676372784	1.29417283976214	0.85530929313389	1.04489220683794	-0.920953617166453	0.907546229545321	0.73912022142128	1.16420341443786	0.903508183232685	-0.920953617166453	-0.920953617166453	-0.920953617166453	-0.920953617166453	-0.920953617166453	1.00799705680838	-0.920953617166453	-0.920953617166453	-0.920953617166453	-0.920953617166453	-0.920953617166453	0.80083054701856	-0.920953617166453	-0.920953617166453	1.01506444692349	1.12045171378997	-0.920953617166453	-0.920953617166453	1.23030717031874	-0.920953617166453	-0.920953617166453	-0.920953617166453	-0.920953617166453	0.878621488242513	-0.920953617166453	1.29160704503661	-0.920953617166453	-0.920953617166453	1.03281229179279	-0.920953617166453	-0.920953617166453	1.06981898353022	-0.920953617166453	-0.920953617166453	1.45838619764301
"Myo1f"	0.446487092973248	0.130674073733887	0.184418082259493	-0.0683204411294323	0.536914945516827	0.385135377995994	0.486515026991753	0.561390830757247	0.287135347113995	0.363965283581952	0.490397202099857	-1.95166513454413	0.572247648078918	0.51959809455543	0.782813373142841	0.353503337144926	0.702321869963975	0.363029048809405	0.451880286371586	0.423802115429688	0.533632110497819	0.584521397589203	0.635464489422158	0.318967871654408	0.694165997619107	-1.95166513454413	0.558048008553947	0.246365237613389	0.78769147787872	0.581973293205242	-1.95166513454413	-1.95166513454413	0.172501868349408	0.554920906211485	-1.95166513454413	0.743242071636803	0.157664665556776	0.28763375516192	0.29051394310321	0.391290216675425	0.816744351257195	0.529021096841972	-1.95166513454413	0.625847924124426	0.582072469623064	0.669903732479105	0.865948057269384	-1.95166513454413	0.379853856089354	0.593265568531012	-1.95166513454413	-1.95166513454413	0.453199740917024	0.410635509897413	-1.95166513454413	0.588379857286033	-1.95166513454413	0.753285153376245	-1.95166513454413	0.63931839071677
"Fau"	-0.748633156245278	-0.748633156245278	-0.748633156245278	-0.748633156245278	-0.748633156245278	-0.748633156245278	1.48067485701192	-0.748633156245278	-0.748633156245278	-0.748633156245278	1.22250188856955	-0.748633156245278	1.33624283090769	0.925645036639654	1.37244186080165	1.35185587970221	1.00780728703479	-0.748633156245278	1.12552402611717	1.32555532627621	1.52631174905525	-0.748633156245278	1.00293148533987	1.22408663051291	1.17637927706946	1.41987566377572	-0.748633156245278	1.38109549593535	-0.748633156245278	-0.748633156245278	-0.748633156245278	-0.748633156245278	-0.748633156245278	1.68006308825351	1.04111256799607	-0.748633156245278	1.06804282064581	-0.748633156245278	1.19655239520108	-0.748633156245278	-0.748633156245278	-0.748633156245278	1.51695330302384	-0.748633156245278	-0.748633156245278	-0.748633156245278	1.52614524295397	-0.748633156245278	-0.748633156245278	-0.748633156245278	-0.748633156245278	-0.748633156245278	-0.748633156245278	1.54026122449687	-0.748633156245278	-0.748633156245278	-0.748633156245278	-0.748633156245278	-0.748633156245278	-0.748633156245278
"Slc12a2"	-0.773648657117673	1.01025611111269	-0.773648657117673	1.15820459561478	1.35827579270094	1.42947800076865	-0.773648657117673	1.26153373684447	1.70929216631844	-0.773648657117673	1.47249668860302	1.06330897224009	-0.773648657117673	-0.773648657117673	1.50412676928541	1.0835143496003	-0.773648657117673	0.890765912595691	-0.773648657117673	1.06026051963829	1.23776080426991	1.60035434659378	-0.773648657117673	-0.773648657117673	-0.773648657117673	-0.773648657117673	-0.773648657117673	-0.773648657117673	1.37182496260368	-0.773648657117673	1.02584156704761	-0.773648657117673	-0.773648657117673	-0.773648657117673	-0.773648657117673	1.21606329016718	0.83257892214387	-0.773648657117673	0.946201618472518	-0.773648657117673	-0.773648657117673	-0.773648657117673	-0.773648657117673	1.23323146114512	1.19574978405235	1.47220503642841	-0.773648657117673	-0.773648657117673	-0.773648657117673	-0.773648657117673	1.49167490510669	-0.773648657117673	-0.773648657117673	-0.773648657117673	-0.773648657117673	-0.773648657117673	-0.773648657117673	-0.773648657117673	-0.773648657117673	-0.773648657117673
"Gngt2"	-0.519727448773477	1.79308202290407	-0.519727448773477	1.57206308566361	1.83096829712639	-0.519727448773477	1.7750685656942	-0.519727448773477	1.96686020159163	-0.519727448773477	1.73978207148318	-0.519727448773477	-0.519727448773477	-0.519727448773477	2.17244448188285	-0.519727448773477	-0.519727448773477	-0.519727448773477	-0.519727448773477	-0.519727448773477	-0.519727448773477	1.69179569461833	-0.519727448773477	1.7415986590973	-0.519727448773477	1.96603137149968	-0.519727448773477	-0.519727448773477	-0.519727448773477	-0.519727448773477	-0.519727448773477	-0.519727448773477	-0.519727448773477	-0.519727448773477	-0.519727448773477	-0.519727448773477	-0.519727448773477	-0.519727448773477	-0.519727448773477	-0.519727448773477	1.94929935621764	-0.519727448773477	-0.519727448773477	-0.519727448773477	-0.519727448773477	2.13107557868357	-0.519727448773477	-0.519727448773477	-0.519727448773477	-0.519727448773477	-0.519727448773477	-0.519727448773477	-0.519727448773477	-0.519727448773477	-0.519727448773477	-0.519727448773477	-0.519727448773477	-0.519727448773477	-0.519727448773477	2.09712070589097
"Itgb2"	1.32100548419564	1.03377335960206	-0.8601153608781	0.852787732649998	1.06479726723014	-0.8601153608781	-0.8601153608781	-0.8601153608781	-0.8601153608781	-0.8601153608781	1.07866818081974	1.09009711469694	0.883641175395588	0.924323916606287	1.55809286675675	-0.8601153608781	0.788600534258515	0.906916173495785	0.899097567956017	1.08686071435748	1.06181542355116	1.16419064243314	1.38293286894663	-0.8601153608781	-0.8601153608781	-0.8601153608781	-0.8601153608781	-0.8601153608781	1.54263103472524	-0.8601153608781	1.2637972688331	-0.8601153608781	1.07181576312113	-0.8601153608781	-0.8601153608781	-0.8601153608781	1.05832131855575	-0.8601153608781	-0.8601153608781	-0.8601153608781	1.16169494118027	-0.8601153608781	1.26652002917689	-0.8601153608781	1.23070336458733	-0.8601153608781	-0.8601153608781	1.17789221025584	-0.8601153608781	-0.8601153608781	-0.8601153608781	-0.8601153608781	-0.8601153608781	-0.8601153608781	-0.8601153608781	-0.8601153608781	1.11154822405941	1.26139709240856	-0.8601153608781	-0.8601153608781
"Art2a"	-0.264656170399253	-0.264656170399253	-0.264656170399253	-0.264656170399253	-0.264656170399253	-0.264656170399253	-0.264656170399253	-0.264656170399253	-0.264656170399253	-0.264656170399253	3.47584502726597	-0.264656170399253	-0.264656170399253	-0.264656170399253	-0.264656170399253	-0.264656170399253	-0.264656170399253	-0.264656170399253	-0.264656170399253	-0.264656170399253	-0.264656170399253	3.66093072214476	4.03170830952583	-0.264656170399253	3.65226148342162	-0.264656170399253	-0.264656170399253	-0.264656170399253	-0.264656170399253	-0.264656170399253	-0.264656170399253	-0.264656170399253	-0.264656170399253	-0.264656170399253	-0.264656170399253	-0.264656170399253	-0.264656170399253	-0.264656170399253	-0.264656170399253	-0.264656170399253	-0.264656170399253	-0.264656170399253	-0.264656170399253	-0.264656170399253	-0.264656170399253	-0.264656170399253	-0.264656170399253	-0.264656170399253	-0.264656170399253	-0.264656170399253	-0.264656170399253	-0.264656170399253	-0.264656170399253	-0.264656170399253	-0.264656170399253	-0.264656170399253	-0.264656170399253	-0.264656170399253	-0.264656170399253	-0.264656170399253
"Clec4e"	-0.26380130765831	-0.26380130765831	-0.26380130765831	-0.26380130765831	-0.26380130765831	-0.26380130765831	4.0469771195571	-0.26380130765831	-0.26380130765831	4.07475715558367	3.2909115031788	-0.26380130765831	-0.26380130765831	-0.26380130765831	-0.26380130765831	-0.26380130765831	-0.26380130765831	-0.26380130765831	3.36022745054577	-0.26380130765831	-0.26380130765831	-0.26380130765831	-0.26380130765831	-0.26380130765831	-0.26380130765831	-0.26380130765831	-0.26380130765831	-0.26380130765831	-0.26380130765831	-0.26380130765831	-0.26380130765831	-0.26380130765831	-0.26380130765831	-0.26380130765831	-0.26380130765831	-0.26380130765831	-0.26380130765831	-0.26380130765831	-0.26380130765831	-0.26380130765831	-0.26380130765831	-0.26380130765831	-0.26380130765831	-0.26380130765831	-0.26380130765831	-0.26380130765831	-0.26380130765831	-0.26380130765831	-0.26380130765831	-0.26380130765831	-0.26380130765831	-0.26380130765831	-0.26380130765831	-0.26380130765831	-0.26380130765831	-0.26380130765831	-0.26380130765831	-0.26380130765831	-0.26380130765831	-0.26380130765831
"Bmx"	-0.26350061231253	-0.26350061231253	-0.26350061231253	-0.26350061231253	-0.26350061231253	-0.26350061231253	-0.26350061231253	-0.26350061231253	-0.26350061231253	-0.26350061231253	2.97771210691063	3.91455652546036	-0.26350061231253	-0.26350061231253	-0.26350061231253	-0.26350061231253	-0.26350061231253	-0.26350061231253	3.96228506212613	-0.26350061231253	-0.26350061231253	-0.26350061231253	-0.26350061231253	-0.26350061231253	-0.26350061231253	-0.26350061231253	3.90148059500458	-0.26350061231253	-0.26350061231253	-0.26350061231253	-0.26350061231253	-0.26350061231253	-0.26350061231253	-0.26350061231253	-0.26350061231253	-0.26350061231253	-0.26350061231253	-0.26350061231253	-0.26350061231253	-0.26350061231253	-0.26350061231253	-0.26350061231253	-0.26350061231253	-0.26350061231253	-0.26350061231253	-0.26350061231253	-0.26350061231253	-0.26350061231253	-0.26350061231253	-0.26350061231253	-0.26350061231253	-0.26350061231253	-0.26350061231253	-0.26350061231253	-0.26350061231253	-0.26350061231253	-0.26350061231253	-0.26350061231253	-0.26350061231253	-0.26350061231253
"Il1b"	-0.263063182736328	-0.263063182736328	-0.263063182736328	-0.263063182736328	-0.263063182736328	-0.263063182736328	3.82595255199651	-0.263063182736328	4.37735160288552	-0.263063182736328	-0.263063182736328	-0.263063182736328	-0.263063182736328	-0.263063182736328	-0.263063182736328	3.17291783558823	-0.263063182736328	-0.263063182736328	-0.263063182736328	-0.263063182736328	-0.263063182736328	-0.263063182736328	-0.263063182736328	3.35531624276409	-0.263063182736328	-0.263063182736328	-0.263063182736328	-0.263063182736328	-0.263063182736328	-0.263063182736328	-0.263063182736328	-0.263063182736328	-0.263063182736328	-0.263063182736328	-0.263063182736328	-0.263063182736328	-0.263063182736328	-0.263063182736328	-0.263063182736328	-0.263063182736328	-0.263063182736328	-0.263063182736328	-0.263063182736328	-0.263063182736328	-0.263063182736328	-0.263063182736328	-0.263063182736328	-0.263063182736328	-0.263063182736328	-0.263063182736328	-0.263063182736328	-0.263063182736328	-0.263063182736328	-0.263063182736328	-0.263063182736328	-0.263063182736328	-0.263063182736328	-0.263063182736328	-0.263063182736328	-0.263063182736328
"Scarb1"	-0.569094386752139	-0.569094386752139	1.50690127596442	1.74282886086791	-0.569094386752139	-0.569094386752139	1.68646252766169	-0.569094386752139	-0.569094386752139	-0.569094386752139	1.24688198199046	-0.569094386752139	1.52396211121804	-0.569094386752139	1.82071646059231	-0.569094386752139	1.40988343832699	1.80791564976205	-0.569094386752139	-0.569094386752139	-0.569094386752139	-0.569094386752139	1.66011098301362	-0.569094386752139	2.11225611956732	1.87416002857892	-0.569094386752139	-0.569094386752139	-0.569094386752139	-0.569094386752139	1.72402880029165	-0.569094386752139	-0.569094386752139	-0.569094386752139	1.70322806910538	-0.569094386752139	-0.569094386752139	-0.569094386752139	-0.569094386752139	-0.569094386752139	-0.569094386752139	-0.569094386752139	-0.569094386752139	-0.569094386752139	-0.569094386752139	2.03638211731821	-0.569094386752139	-0.569094386752139	-0.569094386752139	-0.569094386752139	-0.569094386752139	-0.569094386752139	-0.569094386752139	1.75352897958728	-0.569094386752139	-0.569094386752139	-0.569094386752139	-0.569094386752139	-0.569094386752139	-0.569094386752139
"Syk"	0.492051212226305	0.546166399624388	0.146519916954244	0.128918184292091	1.0310820998529	0.565177888389342	0.530545780084287	0.734749318336924	0.470894250004107	0.544810613926763	0.367856490490218	-1.68300563277764	0.161555224858224	0.430239923770142	-1.68300563277764	0.17703138617407	0.644314479643018	0.186175720646539	0.62939167229026	0.734569813531852	-1.68300563277764	0.757002719475701	0.733249010454435	0.275771102061775	0.680004727599861	0.696105866015195	0.373489762879823	0.657571958417889	0.500468435501417	-1.68300563277764	-1.68300563277764	0.974521624423957	0.718635388494309	0.954575820550971	0.319538045363192	-1.68300563277764	0.346333402302649	0.471373757242379	0.964535491907785	0.869859955477709	0.455682921021988	-1.68300563277764	-1.68300563277764	-1.68300563277764	0.528680632580871	0.613138775917901	0.801685732193027	-1.68300563277764	0.427974919555684	-1.68300563277764	0.861012329472847	0.702385499818922	-1.68300563277764	-1.68300563277764	0.491923401859755	-1.68300563277764	0.402637286717014	0.561148725308401	-1.68300563277764	0.58372682395349
"Ptprc"	0.118135795547101	0.487965542396795	0.142184288930571	0.47946020047544	-0.157665295377693	-0.116975028517742	0.525132289129631	0.930539289008688	0.0761241233059007	0.595225863226954	0.526042043575122	0.530151843116981	0.135125204154679	0.443901842273806	0.429673876329437	0.488822526635857	0.20984515606018	0.407262696768657	-0.057694042422975	0.523348987060422	0.284534914505566	0.44337703448606	0.248150560247227	-0.31147528872285	-0.0752093983928828	0.260843498035349	0.0687917972867898	0.632920351316987	-0.12747701579148	0.25885260889827	0.708937393951898	0.0342188115794209	-0.142916892803652	0.32518253904869	-0.934715220648498	-4.90770768245813	0.0910429834725178	-0.633477277469371	0.0825787863631694	0.157108555441886	0.594203200302066	0.538119244823277	-0.44461484819406	0.605011089896774	0.639421919006969	0.0961751898606827	0.470372050135148	0.410485528185325	-0.127060195482855	-0.0501068326220108	-0.308857826753711	0.53569450329936	-0.317455520124021	-0.846767694692584	-0.330521872871841	0.389065598827367	0.488822526635857	-4.90770768245813	-0.652242484772553	0.0377958469741661
"Il10ra"	-0.921810224087968	0.973467961136794	-0.921810224087968	0.79234955280998	-0.921810224087968	0.866595963364336	1.17230695693119	1.02676387797977	-0.921810224087968	-0.921810224087968	1.01839571975497	1.24350537763812	1.03663365133339	0.65093553768019	1.07063748121529	0.837866761992227	1.06623398182299	1.05996511097599	-0.921810224087968	1.24026367851808	1.00153059834281	-0.921810224087968	1.06163914001299	1.26987208476041	0.886464624567862	-0.921810224087968	-0.921810224087968	-0.921810224087968	-0.921810224087968	-0.921810224087968	-0.921810224087968	-0.921810224087968	-0.921810224087968	-0.921810224087968	-0.921810224087968	1.19212417181085	0.998033929872757	-0.921810224087968	-0.921810224087968	0.99703114111426	1.10148339328065	-0.921810224087968	-0.921810224087968	1.42415927636925	-0.921810224087968	1.25044357061092	-0.921810224087968	-0.921810224087968	-0.921810224087968	-0.921810224087968	-0.921810224087968	1.12113158513054	-0.921810224087968	1.01462152392632	0.922211826170457	-0.921810224087968	-0.921810224087968	1.20125869169155	-0.921810224087968	-0.921810224087968
"Tmsb4x"	-1.24693133567745	0.54621065996788	-1.24693133567745	0.778842490968377	0.979996733920413	-1.24693133567745	0.734334259189591	0.917109071800327	-1.24693133567745	-1.24693133567745	1.02752961312966	0.59953823382209	0.842503322631108	0.846749350948221	0.840333788179009	0.738093187316278	0.51580238762874	0.830228465605068	0.822807454021975	0.596473996044733	0.774893393918586	0.467682458203745	0.713523874405968	1.1780691503031	0.784167122439648	0.680299846251497	-1.24693133567745	0.645834527036575	-1.24693133567745	-1.24693133567745	0.561876818865985	0.662054705253593	0.582229371430525	-1.24693133567745	-1.24693133567745	0.753083528038078	0.77158188467201	0.681371634353251	-1.24693133567745	0.972906042005807	-1.24693133567745	-1.24693133567745	-1.24693133567745	-1.24693133567745	0.934918425358883	-1.24693133567745	0.977021307425978	0.682663008343397	0.642526987029384	1.14689635303596	-1.24693133567745	-1.24693133567745	-1.24693133567745	0.905606889860711	-1.24693133567745	-1.24693133567745	-1.24693133567745	0.761725790338057	-1.24693133567745	0.781934586837251
"Naip5"	1.09658012154963	-0.888671960062164	-0.888671960062164	-0.888671960062164	0.969830798132795	-0.888671960062164	-0.888671960062164	0.991296694327015	1.28348382738212	1.02415066090384	0.572049057600949	-0.888671960062164	-0.888671960062164	0.954644741613054	-0.888671960062164	1.22113616525389	0.908868510748416	-0.888671960062164	0.80984777155996	0.991133051930024	-0.888671960062164	1.06579508205078	0.698744043751244	-0.888671960062164	0.855937100679176	1.07661411821617	1.1945088634321	1.04146825057371	1.10426282191982	1.21551200236467	-0.888671960062164	-0.888671960062164	-0.888671960062164	-0.888671960062164	-0.888671960062164	1.15083497863098	-0.888671960062164	1.28392178795812	-0.888671960062164	-0.888671960062164	-0.888671960062164	-0.888671960062164	1.16459408452528	-0.888671960062164	-0.888671960062164	1.4133869874791	1.37919460894326	1.28523955285415	-0.888671960062164	1.34608928141495	1.22704971625622	-0.888671960062164	-0.888671960062164	-0.888671960062164	-0.888671960062164	-0.888671960062164	-0.888671960062164	-0.888671960062164	-0.888671960062164	-0.888671960062164
"Cyp4f18"	-0.567156369455731	1.85560600222879	-0.567156369455731	1.40212225980523	-0.567156369455731	1.87626852577562	-0.567156369455731	-0.567156369455731	-0.567156369455731	-0.567156369455731	1.17220357320306	1.67495047545495	1.43759363332752	-0.567156369455731	-0.567156369455731	1.4544138072527	-0.567156369455731	1.95506998366587	1.45536343225527	-0.567156369455731	-0.567156369455731	-0.567156369455731	-0.567156369455731	-0.567156369455731	-0.567156369455731	-0.567156369455731	2.1590294448875	-0.567156369455731	1.80593944158187	-0.567156369455731	1.62921946658434	-0.567156369455731	1.65393289710609	-0.567156369455731	-0.567156369455731	-0.567156369455731	-0.567156369455731	-0.567156369455731	-0.567156369455731	-0.567156369455731	-0.567156369455731	-0.567156369455731	-0.567156369455731	-0.567156369455731	-0.567156369455731	-0.567156369455731	-0.567156369455731	-0.567156369455731	-0.567156369455731	2.0938953562532	-0.567156369455731	-0.567156369455731	-0.567156369455731	-0.567156369455731	-0.567156369455731	-0.567156369455731	-0.567156369455731	-0.567156369455731	-0.567156369455731	1.89642832612588
"Gm26740"	0.160372646920487	0.216150175645295	0.502569408054322	0.484354174483579	-1.85118451216839	0.33243519094604	0.569427078414181	0.507351231440495	0.604627479093452	0.619601759018839	0.573281280089511	0.64711517104294	0.285050152145387	0.329531732377929	0.322140906200066	0.534137997092806	-1.85118451216839	0.0776751647325879	0.0691405162773197	0.274099372334272	0.713007575813364	0.358511323780095	0.409047566246527	0.170131104404694	0.662351773335371	0.370743189884008	0.737251382030586	0.331007714326236	0.868433369798439	-1.85118451216839	0.234211876165113	0.349708150293937	0.627134948828017	0.637340051670009	-1.85118451216839	-1.85118451216839	0.74882493272542	0.91348672146535	0.683067739887604	0.708092345623559	0.588919570675351	-1.85118451216839	-1.85118451216839	0.844213801708234	0.664295971553757	-1.85118451216839	0.479630605826964	-1.85118451216839	0.463534466118946	0.675408417376484	-1.85118451216839	0.610366241520583	-1.85118451216839	0.494094319390063	0.393184610896164	-1.85118451216839	0.534137997092806	-1.85118451216839	0.828610061383258	0.857589392058647
"Grk3"	-1.68751409066721	0.442394095257628	0.402260603666401	0.8422046573237	0.864100628323939	0.619676591831618	-1.68751409066721	0.496274361472614	0.586343272604303	-1.68751409066721	0.773284547246076	0.841670879580287	0.359897036475669	-1.68751409066721	0.540622594301707	0.521076457289989	0.409896646023689	0.745789523434055	0.0905313058626132	0.280304466703538	0.756225254376539	0.748683293740555	0.837132536670467	0.615623880763447	0.480665185453216	0.369787805384209	0.709140880610303	0.67515861031848	0.740953832520718	-1.68751409066721	0.675057068840608	-1.68751409066721	0.265098458466363	-1.68751409066721	-1.68751409066721	0.66339959195633	0.25145955515628	0.370931929511391	0.499839179234328	-1.68751409066721	0.698124628531699	-1.68751409066721	0.461887044015577	0.808178301407482	0.767931127618944	0.506384227210201	0.812883516624107	-1.68751409066721	0.11386689484301	-1.68751409066721	0.743220103094608	0.375783766012198	0.955094153936507	0.483999673024404	0.174881953507547	-1.68751409066721	-1.68751409066721	0.456709265937472	-1.68751409066721	0.478281973843275
"S1pr5"	-0.358740723871827	-0.358740723871827	-0.358740723871827	-0.358740723871827	-0.358740723871827	-0.358740723871827	-0.358740723871827	-0.358740723871827	-0.358740723871827	-0.358740723871827	2.36020141838151	-0.358740723871827	-0.358740723871827	-0.358740723871827	2.77842238375222	-0.358740723871827	-0.358740723871827	-0.358740723871827	2.94606379896847	-0.358740723871827	3.00600270643005	2.83092254377271	2.23190030958393	-0.358740723871827	-0.358740723871827	-0.358740723871827	-0.358740723871827	-0.358740723871827	-0.358740723871827	-0.358740723871827	-0.358740723871827	-0.358740723871827	-0.358740723871827	-0.358740723871827	-0.358740723871827	-0.358740723871827	-0.358740723871827	-0.358740723871827	-0.358740723871827	-0.358740723871827	-0.358740723871827	2.85974520431794	-0.358740723871827	-0.358740723871827	-0.358740723871827	-0.358740723871827	-0.358740723871827	-0.358740723871827	-0.358740723871827	-0.358740723871827	-0.358740723871827	-0.358740723871827	-0.358740723871827	-0.358740723871827	-0.358740723871827	-0.358740723871827	-0.358740723871827	-0.358740723871827	-0.358740723871827	-0.358740723871827
"Adssl1"	-0.359394446227701	-0.359394446227701	-0.359394446227701	-0.359394446227701	-0.359394446227701	-0.359394446227701	-0.359394446227701	-0.359394446227701	-0.359394446227701	2.64403624435172	-0.359394446227701	-0.359394446227701	-0.359394446227701	2.31056432103479	3.02306783623666	-0.359394446227701	-0.359394446227701	-0.359394446227701	2.62930983334867	-0.359394446227701	-0.359394446227701	2.71720265287414	2.79575195018202	-0.359394446227701	-0.359394446227701	-0.359394446227701	-0.359394446227701	-0.359394446227701	-0.359394446227701	-0.359394446227701	-0.359394446227701	-0.359394446227701	-0.359394446227701	-0.359394446227701	-0.359394446227701	-0.359394446227701	-0.359394446227701	-0.359394446227701	-0.359394446227701	-0.359394446227701	-0.359394446227701	-0.359394446227701	-0.359394446227701	-0.359394446227701	-0.359394446227701	-0.359394446227701	-0.359394446227701	-0.359394446227701	-0.359394446227701	-0.359394446227701	-0.359394446227701	-0.359394446227701	-0.359394446227701	2.92797281204015	-0.359394446227701	-0.359394446227701	-0.359394446227701	-0.359394446227701	-0.359394446227701	-0.359394446227701
"Acer3"	-1.85557053407904	0.916688533666869	0.487261247079713	0.660467881419514	0.620984003149234	0.700589086660449	0.123041373467576	0.419464345081949	0.288407363369089	0.636954860686489	0.410651573773117	0.554280125723026	0.386532681194829	0.676833687115244	-1.85557053407904	-1.85557053407904	0.779405631619882	0.526843819616168	0.221336001835553	0.775879901397238	0.617839696329799	0.573197868129039	0.77456478380001	0.0941830543317633	0.271676944816674	0.287692732055923	0.641225182387095	0.249364038891554	0.67436739226294	0.570757686645981	0.380773311436887	0.267402410452096	0.535007277068723	-1.85557053407904	0.13774838428383	-1.85557053407904	0.570811955172919	0.288884661747134	0.423178113573493	0.519723526674122	0.723139135087812	0.29515440879187	-1.85557053407904	0.612774043047583	-1.85557053407904	-1.85557053407904	0.617675047603888	-1.85557053407904	0.54296285590662	-1.85557053407904	-1.85557053407904	0.743833652116633	0.672412960449983	0.763263172056647	0.309339643992254	-1.85557053407904	0.445302760430988	0.603188699100195	0.729349427527168	-1.85557053407904
"Napsa"	-0.570038081490226	1.6137546129111	-0.570038081490226	1.40506490181268	-0.570038081490226	1.73659024682128	-0.570038081490226	1.67516366344017	-0.570038081490226	1.46845869111982	1.66552163677655	-0.570038081490226	-0.570038081490226	-0.570038081490226	-0.570038081490226	1.84744032348188	-0.570038081490226	-0.570038081490226	1.45846354077525	-0.570038081490226	-0.570038081490226	-0.570038081490226	1.81751838413168	1.56514317511597	-0.570038081490226	-0.570038081490226	-0.570038081490226	-0.570038081490226	1.81007641647849	1.69672361216169	-0.570038081490226	-0.570038081490226	-0.570038081490226	-0.570038081490226	-0.570038081490226	-0.570038081490226	-0.570038081490226	-0.570038081490226	-0.570038081490226	-0.570038081490226	-0.570038081490226	-0.570038081490226	-0.570038081490226	-0.570038081490226	-0.570038081490226	-0.570038081490226	1.89207753853131	-0.570038081490226	-0.570038081490226	2.09888399183949	-0.570038081490226	-0.570038081490226	-0.570038081490226	-0.570038081490226	-0.570038081490226	-0.570038081490226	-0.570038081490226	-0.570038081490226	-0.570038081490226	1.90083293166279
"Cd44"	0.623884056210922	0.673891755123217	0.63507606142384	-1.38608011562038	-1.38608011562038	0.569364475669637	0.868272358775874	0.726002843068002	0.604332964408845	1.06413944503444	0.864095389764375	0.729003510045325	0.526930888127517	0.688858827812188	0.560145881699723	-1.38608011562038	0.642461371534281	0.671806514546059	0.333582509257589	-1.38608011562038	0.701331636242641	0.714822983732514	1.12292900064641	0.754758550304868	-1.38608011562038	0.812450412144651	-1.38608011562038	0.568086161762042	0.631662389567192	0.535567528774816	0.898915154775718	0.915776365139051	-1.38608011562038	1.05130180092793	1.05060473724926	0.678814268797727	0.280839718198067	-1.38608011562038	0.816120091645664	0.48824709495068	-1.38608011562038	-1.38608011562038	-1.38608011562038	-1.38608011562038	0.657733204897191	0.735780747662224	-1.38608011562038	0.606109341297732	-1.38608011562038	-1.38608011562038	0.755977714896667	0.609468600428887	-1.38608011562038	-1.38608011562038	0.415163472500903	-1.38608011562038	0.541256888489178	-1.38608011562038	0.5960355948737	-1.38608011562038
"Il17ra"	0.729067941000382	0.566260802224382	0.401403852002984	0.598569939049293	-1.33351808054833	0.673121011049537	-1.33351808054833	0.619683280331093	-1.33351808054833	0.779099187173371	0.736552710181424	1.05125801138607	0.202286768145715	0.795743784050852	0.663661069759463	0.769554447855805	0.320325467597486	1.04020424672056	0.645107503323943	-1.33351808054833	0.594390079485372	0.697083694399519	0.654641360289162	0.523971539502165	0.693066270835278	-1.33351808054833	0.956166526129009	1.01140026731855	-1.33351808054833	0.638439243477148	-1.33351808054833	-1.33351808054833	0.604421521000471	-1.33351808054833	0.565475321652399	0.785436253545484	0.377042533645941	-1.33351808054833	-1.33351808054833	-1.33351808054833	0.694580231293879	0.929684426726905	0.7997313346334	0.803719588654272	-1.33351808054833	-1.33351808054833	0.808386356559451	1.05045638040952	-1.33351808054833	0.988296534766044	-1.33351808054833	-1.33351808054833	0.860510389050053	-1.33351808054833	-1.33351808054833	-1.33351808054833	0.644277553424591	-1.33351808054833	0.700490393260584	1.03031186960332
"Rgs2"	1.69117587555074	1.50874224387575	1.32401169482327	1.54494626546575	1.5436142198472	-0.620056060481999	-0.620056060481999	-0.620056060481999	-0.620056060481999	-0.620056060481999	-0.620056060481999	-0.620056060481999	-0.620056060481999	1.14647010804499	1.61788416889286	1.35643341393288	-0.620056060481999	-0.620056060481999	-0.620056060481999	1.56841431941222	1.54026252146121	-0.620056060481999	1.46748504432168	1.94133315520879	-0.620056060481999	-0.620056060481999	-0.620056060481999	-0.620056060481999	-0.620056060481999	-0.620056060481999	1.52734093409608	-0.620056060481999	-0.620056060481999	1.94245445273066	1.5078620731754	-0.620056060481999	-0.620056060481999	-0.620056060481999	-0.620056060481999	-0.620056060481999	-0.620056060481999	-0.620056060481999	-0.620056060481999	1.77482682166041	-0.620056060481999	-0.620056060481999	-0.620056060481999	-0.620056060481999	-0.620056060481999	-0.620056060481999	-0.620056060481999	-0.620056060481999	-0.620056060481999	-0.620056060481999	-0.620056060481999	-0.620056060481999	-0.620056060481999	-0.620056060481999	1.65915328822605	-0.620056060481999
"Fgd4"	-1.69095291620784	0.28826645961514	0.562477741288066	0.725288116075473	0.320688173957288	0.399595097768309	0.272851189152125	0.862232301670762	0.790808167325874	0.825941635975396	0.55830893351785	0.700862578773061	0.261688481421421	0.396815392339489	0.612911242709201	0.369545532150597	0.254702669382639	0.673631604187769	0.147522743578554	-1.69095291620784	0.540679987964029	0.424559796351428	0.472942049530099	0.244208843790438	0.197409776495528	-1.69095291620784	0.563879434353298	0.621406716326696	0.689422445803205	0.36346308946486	0.52865427814399	0.639323436876811	-1.69095291620784	-1.69095291620784	-1.69095291620784	0.73986105074572	0.44440197326193	-1.69095291620784	0.735282753352157	-1.69095291620784	-1.69095291620784	-1.69095291620784	-1.69095291620784	0.982263296247987	-1.69095291620784	0.577509219424861	0.763783057202294	-1.69095291620784	0.525106572571148	-1.69095291620784	0.599101613261217	0.888997498965061	0.59482028482836	0.554363883481202	0.680975122430926	0.72330612636654	0.72330612636654	0.749405123583921	-1.69095291620784	0.771722125038289
"Lrp1"	0.945108716018237	0.7902668603715	1.04059482262601	-1.01656599559891	-1.01656599559891	1.01106136075171	0.776194232801015	-1.01656599559891	-1.01656599559891	0.67005149102622	0.898650526853403	0.844001596830171	0.64703576118945	0.954932968602581	0.882901853400711	0.660993646637795	1.12776109465277	-1.01656599559891	0.865256013805842	-1.01656599559891	1.02069561520448	-1.01656599559891	0.958857531840306	-1.01656599559891	1.35313027377424	1.12914475859106	-1.01656599559891	-1.01656599559891	1.27573401400245	1.18185640273475	-1.01656599559891	0.906995389232608	-1.01656599559891	-1.01656599559891	-1.01656599559891	-1.01656599559891	0.813686430014051	0.926459805468731	0.725389091145297	0.812730437542564	-1.01656599559891	-1.01656599559891	-1.01656599559891	-1.01656599559891	0.978144637711868	-1.01656599559891	-1.01656599559891	0.927761039258586	-1.01656599559891	-1.01656599559891	-1.01656599559891	-1.01656599559891	1.27396316262426	1.15240712481194	1.06418054392467	-1.01656599559891	0.864466668919152	-1.01656599559891	-1.01656599559891	-1.01656599559891
"Dusp6"	-0.56807794550487	-0.56807794550487	-0.56807794550487	1.48410918724782	1.993892137326	1.57299677546813	1.6832712099927	1.76474934012605	-0.56807794550487	-0.56807794550487	1.24451070523848	-0.56807794550487	1.26622727678138	-0.56807794550487	-0.56807794550487	1.53860225858313	-0.56807794550487	1.9541292935338	-0.56807794550487	-0.56807794550487	1.73454013064276	-0.56807794550487	1.65696882435553	-0.56807794550487	-0.56807794550487	-0.56807794550487	-0.56807794550487	-0.56807794550487	-0.56807794550487	1.78715072867295	-0.56807794550487	1.84753136503485	-0.56807794550487	-0.56807794550487	-0.56807794550487	-0.56807794550487	-0.56807794550487	-0.56807794550487	-0.56807794550487	-0.56807794550487	-0.56807794550487	1.87910877432229	-0.56807794550487	-0.56807794550487	-0.56807794550487	-0.56807794550487	-0.56807794550487	-0.56807794550487	-0.56807794550487	-0.56807794550487	-0.56807794550487	-0.56807794550487	-0.56807794550487	2.15571954039327	-0.56807794550487	-0.56807794550487	-0.56807794550487	-0.56807794550487	-0.56807794550487	-0.56807794550487
"Camkk2"	1.33023234160623	-0.890476872079769	1.13245639796861	0.785389250514585	0.992814643119855	-0.890476872079769	-0.890476872079769	-0.890476872079769	-0.890476872079769	0.839178599617319	1.07361087384587	1.43550078605002	0.937579332559032	1.06408468485637	1.38867027161139	-0.890476872079769	0.722589929470119	1.16921914618609	-0.890476872079769	-0.890476872079769	-0.890476872079769	0.881314640659372	1.13535420120723	-0.890476872079769	1.08614053010584	1.10102224183937	-0.890476872079769	1.27434631498535	-0.890476872079769	1.03286037286391	-0.890476872079769	-0.890476872079769	0.999681382715185	-0.890476872079769	0.961695430969415	1.17623306197599	0.986478719601429	-0.890476872079769	-0.890476872079769	-0.890476872079769	1.41885721473287	-0.890476872079769	-0.890476872079769	-0.890476872079769	-0.890476872079769	-0.890476872079769	-0.890476872079769	1.10346420897657	-0.890476872079769	-0.890476872079769	-0.890476872079769	1.10682642172208	-0.890476872079769	1.2115810439486	-0.890476872079769	-0.890476872079769	1.03855473492369	-0.890476872079769	-0.890476872079769	-0.890476872079769
"Slfn5"	-0.668942204124897	-0.668942204124897	1.40424904660997	1.51970188318218	1.746367465531	-0.668942204124897	1.56411933785919	1.63676600991074	1.50394204223887	-0.668942204124897	-0.668942204124897	-0.668942204124897	1.19187651872117	1.64690627622735	-0.668942204124897	1.43508346556278	1.09045559167071	-0.668942204124897	1.20837053268803	-0.668942204124897	-0.668942204124897	-0.668942204124897	1.08557158049481	1.30709908883417	-0.668942204124897	-0.668942204124897	-0.668942204124897	-0.668942204124897	-0.668942204124897	-0.668942204124897	-0.668942204124897	-0.668942204124897	1.7538667584733	-0.668942204124897	1.12381694937335	-0.668942204124897	-0.668942204124897	-0.668942204124897	-0.668942204124897	-0.668942204124897	-0.668942204124897	-0.668942204124897	-0.668942204124897	-0.668942204124897	-0.668942204124897	-0.668942204124897	-0.668942204124897	-0.668942204124897	1.23300893534042	-0.668942204124897	1.66948882882546	1.87085659201453	-0.668942204124897	-0.668942204124897	-0.668942204124897	-0.668942204124897	1.43508346556278	-0.668942204124897	-0.668942204124897	-0.668942204124897
"Pot1b"	0.882652601184485	1.01320594153442	-1.15341332379542	-1.15341332379542	0.643483450405179	0.830564107855776	0.600753102479732	-1.15341332379542	-1.15341332379542	0.49689535783291	1.07262560078205	0.983073929535341	0.590782022841962	0.512352246364394	1.16819847724318	1.00312161024216	0.584541951897384	0.811795514658589	-1.15341332379542	1.06283640407264	-1.15341332379542	0.736266692964463	0.580259274721834	0.575168350687984	0.533365121737776	-1.15341332379542	-1.15341332379542	1.17579058979674	0.972855040027436	-1.15341332379542	1.09289537961094	0.728738425611901	-1.15341332379542	-1.15341332379542	0.414838630524258	1.01790928303305	-1.15341332379542	-1.15341332379542	-1.15341332379542	0.636502770888174	-1.15341332379542	0.75334235302384	-1.15341332379542	-1.15341332379542	0.798356002441135	1.07233655933851	-1.15341332379542	1.21214322880791	0.510356505892381	-1.15341332379542	-1.15341332379542	1.15112529459259	-1.15341332379542	-1.15341332379542	0.566710500177458	-1.15341332379542	1.00312161024216	-1.15341332379542	-1.15341332379542	1.04636916183488
"Smpdl3b"	-0.494462031453135	1.95378532004878	-0.494462031453135	-0.494462031453135	-0.494462031453135	1.8157321901516	-0.494462031453135	-0.494462031453135	-0.494462031453135	-0.494462031453135	2.01182126796576	-0.494462031453135	-0.494462031453135	-0.494462031453135	-0.494462031453135	-0.494462031453135	1.63684815588668	1.78979586990573	-0.494462031453135	-0.494462031453135	1.99003555378829	-0.494462031453135	-0.494462031453135	-0.494462031453135	-0.494462031453135	-0.494462031453135	2.01870548331644	2.08980570732968	2.17388145685619	-0.494462031453135	1.9751749434716	-0.494462031453135	2.00296308464137	-0.494462031453135	-0.494462031453135	-0.494462031453135	-0.494462031453135	-0.494462031453135	-0.494462031453135	-0.494462031453135	-0.494462031453135	-0.494462031453135	-0.494462031453135	-0.494462031453135	-0.494462031453135	-0.494462031453135	-0.494462031453135	-0.494462031453135	-0.494462031453135	-0.494462031453135	-0.494462031453135	-0.494462031453135	-0.494462031453135	-0.494462031453135	-0.494462031453135	-0.494462031453135	-0.494462031453135	-0.494462031453135	-0.494462031453135	2.27562847638838
"Ly6c2"	2.86092633870505	-0.358501034019628	-0.358501034019628	-0.358501034019628	-0.358501034019628	-0.358501034019628	2.92442634563535	-0.358501034019628	-0.358501034019628	-0.358501034019628	-0.358501034019628	-0.358501034019628	2.31629102219377	2.38713272397718	-0.358501034019628	-0.358501034019628	-0.358501034019628	-0.358501034019628	-0.358501034019628	-0.358501034019628	-0.358501034019628	-0.358501034019628	2.51387407645299	-0.358501034019628	2.79830955094375	-0.358501034019628	-0.358501034019628	-0.358501034019628	-0.358501034019628	-0.358501034019628	-0.358501034019628	-0.358501034019628	-0.358501034019628	-0.358501034019628	-0.358501034019628	-0.358501034019628	-0.358501034019628	3.19959474513218	-0.358501034019628	-0.358501034019628	-0.358501034019628	-0.358501034019628	-0.358501034019628	-0.358501034019628	-0.358501034019628	-0.358501034019628	-0.358501034019628	-0.358501034019628	-0.358501034019628	-0.358501034019628	-0.358501034019628	-0.358501034019628	-0.358501034019628	-0.358501034019628	-0.358501034019628	-0.358501034019628	-0.358501034019628	-0.358501034019628	-0.358501034019628	-0.358501034019628
"Irak3"	1.35745631865681	1.41370197718969	-0.670983443306928	-0.670983443306928	1.68285124687446	1.29614957915522	1.39746527802444	-0.670983443306928	-0.670983443306928	1.50978012056603	1.5387527524112	-0.670983443306928	1.01430214747071	-0.670983443306928	-0.670983443306928	-0.670983443306928	1.14382961934277	1.64631875114956	1.50022287166169	1.47213753006805	-0.670983443306928	-0.670983443306928	-0.670983443306928	-0.670983443306928	1.31800384237561	-0.670983443306928	-0.670983443306928	-0.670983443306928	-0.670983443306928	1.49290558636667	-0.670983443306928	1.54838087760302	-0.670983443306928	-0.670983443306928	-0.670983443306928	-0.670983443306928	-0.670983443306928	-0.670983443306928	-0.670983443306928	-0.670983443306928	-0.670983443306928	-0.670983443306928	-0.670983443306928	-0.670983443306928	1.86560897245964	-0.670983443306928	-0.670983443306928	-0.670983443306928	1.29087292633929	-0.670983443306928	-0.670983443306928	-0.670983443306928	-0.670983443306928	-0.670983443306928	1.35732348979489	-0.670983443306928	-0.670983443306928	1.66425728807428	-0.670983443306928	-0.670983443306928
"Lair1"	-0.803431738195029	1.25020831708278	1.08982290025518	0.865815531086691	-0.803431738195029	-0.803431738195029	-0.803431738195029	1.30215922915465	-0.803431738195029	-0.803431738195029	0.999655155311474	1.09707673871337	-0.803431738195029	-0.803431738195029	1.34491943258523	1.39309455738515	-0.803431738195029	0.918564429967014	1.2404933905518	1.09392282273917	-0.803431738195029	0.961362062754798	1.33614985923981	1.00110479085785	0.957464704429445	-0.803431738195029	-0.803431738195029	1.14472794247917	-0.803431738195029	-0.803431738195029	-0.803431738195029	-0.803431738195029	-0.803431738195029	-0.803431738195029	-0.803431738195029	1.25511570023602	-0.803431738195029	-0.803431738195029	-0.803431738195029	-0.803431738195029	1.16684979055465	-0.803431738195029	-0.803431738195029	1.60289445740632	1.23409943401954	-0.803431738195029	-0.803431738195029	1.39077505335292	-0.803431738195029	1.45219286492375	1.54026229379685	-0.803431738195029	-0.803431738195029	-0.803431738195029	-0.803431738195029	-0.803431738195029	-0.803431738195029	-0.803431738195029	-0.803431738195029	1.28481111613744
"Pag1"	0.535075920761456	0.789213560865514	0.426288603469029	-1.23513095352543	0.819046068453357	1.24070544140981	0.569991492933579	0.63532032086774	-1.23513095352543	-1.23513095352543	0.422467265862067	0.843372154164536	0.235607391222387	0.598853919418562	0.677434930210554	0.778841988375269	0.824370767762011	0.667190439896475	0.454789987005776	-1.23513095352543	0.816178867338168	1.15475734928485	1.10288733077216	-1.23513095352543	0.500645987947969	1.13064665484834	-1.23513095352543	-1.23513095352543	0.952902458379731	0.653281661603861	0.80512487337232	-1.23513095352543	-1.23513095352543	0.954815909199474	0.583408957593262	-1.23513095352543	0.402959386175062	-1.23513095352543	-1.23513095352543	-1.23513095352543	1.03226943792946	0.932187838448373	-1.23513095352543	1.01678322164571	0.978537608811804	1.0552737732256	-1.23513095352543	0.722603448587492	-1.23513095352543	0.988316763183158	-1.23513095352543	-1.23513095352543	-1.23513095352543	0.623664781779278	-1.23513095352543	-1.23513095352543	0.658872623447436	-1.23513095352543	-1.23513095352543	0.823322744833196
"Stap1"	-0.616407258074645	1.6498857021851	-0.616407258074645	-0.616407258074645	-0.616407258074645	-0.616407258074645	-0.616407258074645	-0.616407258074645	1.93747045258609	-0.616407258074645	1.01061949431158	1.48089746242021	1.03011285418444	-0.616407258074645	1.52474735643419	-0.616407258074645	-0.616407258074645	-0.616407258074645	1.2754920227519	-0.616407258074645	-0.616407258074645	1.79026285028952	-0.616407258074645	1.37498769052596	1.32682870550633	-0.616407258074645	-0.616407258074645	1.99293692328733	1.6034267600825	-0.616407258074645	-0.616407258074645	-0.616407258074645	-0.616407258074645	-0.616407258074645	-0.616407258074645	-0.616407258074645	-0.616407258074645	-0.616407258074645	-0.616407258074645	1.90498572226452	-0.616407258074645	-0.616407258074645	1.67062684625731	-0.616407258074645	-0.616407258074645	-0.616407258074645	-0.616407258074645	-0.616407258074645	-0.616407258074645	-0.616407258074645	1.74019316483195	-0.616407258074645	-0.616407258074645	-0.616407258074645	-0.616407258074645	-0.616407258074645	1.50396649386639	-0.616407258074645	-0.616407258074645	1.68807159542443
"Nr4a1"	-0.802440108707444	-0.802440108707444	-0.802440108707444	1.11966960941609	-0.802440108707444	0.980954801019469	-0.802440108707444	1.35374475743934	-0.802440108707444	-0.802440108707444	1.04397200666173	1.14373447098861	0.725433049695999	-0.802440108707444	1.18442457587343	-0.802440108707444	1.18003341548922	-0.802440108707444	0.953130386943335	1.14050477158444	1.11551133680806	1.00475879387302	1.17545144884626	-0.802440108707444	1.00076778841689	-0.802440108707444	-0.802440108707444	1.19253065505603	1.59533142395631	-0.802440108707444	1.10403942827917	-0.802440108707444	-0.802440108707444	-0.802440108707444	-0.802440108707444	1.30557084964937	-0.802440108707444	-0.802440108707444	-0.802440108707444	-0.802440108707444	1.55304359091106	-0.802440108707444	-0.802440108707444	1.53695577062021	-0.802440108707444	1.36372683215944	-0.802440108707444	1.23134778765983	-0.802440108707444	-0.802440108707444	-0.802440108707444	-0.802440108707444	1.38025726350287	-0.802440108707444	-0.802440108707444	1.50294909861778	-0.802440108707444	-0.802440108707444	-0.802440108707444	-0.802440108707444
"Rnf213"	1.17287685400109	-1.01690349952445	1.00217954673864	1.14805830559705	0.785535109716839	0.973192745298723	1.14256282486366	1.12329769126542	-1.01690349952445	0.638494922711752	-1.01690349952445	-1.01690349952445	0.932522994183484	0.853745407417091	0.847405453309998	1.09365787595808	0.843285152777632	0.637699319738306	0.630378178877405	1.20618139582632	-1.01690349952445	-1.01690349952445	0.83898581548489	-1.01690349952445	-1.01690349952445	0.889097172292513	0.80351005918257	-1.01690349952445	-1.01690349952445	0.823861608213424	-1.01690349952445	-1.01690349952445	-1.01690349952445	-1.01690349952445	0.75575189824032	-1.01690349952445	-1.01690349952445	0.890157153503455	-1.01690349952445	-1.01690349952445	-1.01690349952445	1.09573056023946	0.974423108676538	-1.01690349952445	-1.01690349952445	-1.01690349952445	-1.01690349952445	0.891434301629671	1.16873546667798	-1.01690349952445	1.35212996780258	0.894652168866943	-1.01690349952445	-1.01690349952445	-1.01690349952445	-1.01690349952445	1.02925952412048	0.969626122626835	1.08177278036985	-1.01690349952445
"Plagl2"	-0.494478818455937	2.03793275434874	-0.494478818455937	1.79592798857321	2.0794163440979	1.89513372564804	-0.494478818455937	-0.494478818455937	-0.494478818455937	-0.494478818455937	2.09796382353522	-0.494478818455937	-0.494478818455937	-0.494478818455937	-0.494478818455937	1.85674666321079	1.71010013486949	1.86830578381188	-0.494478818455937	-0.494478818455937	-0.494478818455937	-0.494478818455937	-0.494478818455937	-0.494478818455937	1.92168161078711	-0.494478818455937	-0.494478818455937	-0.494478818455937	-0.494478818455937	-0.494478818455937	2.06005769603841	-0.494478818455937	-0.494478818455937	-0.494478818455937	-0.494478818455937	-0.494478818455937	-0.494478818455937	-0.494478818455937	-0.494478818455937	2.06941714019363	-0.494478818455937	-0.494478818455937	-0.494478818455937	-0.494478818455937	-0.494478818455937	-0.494478818455937	-0.494478818455937	-0.494478818455937	-0.494478818455937	-0.494478818455937	-0.494478818455937	-0.494478818455937	-0.494478818455937	-0.494478818455937	-0.494478818455937	-0.494478818455937	-0.494478818455937	2.34229962077056	-0.494478818455937	-0.494478818455937
"Dleu2"	-0.17058464825679	0.766469477593814	0.691303929047378	0.195021510938612	-0.0694248356953899	0.17744405695922	-0.125811176319015	0.568903264880894	0.484714313919174	-0.262860333425687	0.496864853995975	0.700487389297796	-0.138968866816213	0.546579949320685	0.538229820770245	0.405148407124978	0.77991570340665	-0.00116953210448303	0.336939529401536	0.637942712533725	0.665593030175531	0.624054743977059	-0.152854530954343	-2.44058347340055	0.311160821381232	0.856427455354949	-0.0457782845898723	0.285037683858134	0.628446590702089	0.507219125091249	0.438869897543289	0.569374128406901	0.677932186234086	-2.44058347340055	0.0451739251441163	0.161508168927024	0.398034320630815	0.594532605978945	0.419265479333513	0.184339612237133	0.466984167136675	0.338645995739566	0.179062634555075	0.447125644790697	-2.44058347340055	-2.44058347340055	-2.44058347340055	0.332987369434585	0.493226194725578	-2.44058347340055	-2.44058347340055	0.0741217217286466	0.253699764285284	0.623182437693579	0.618486442514945	0.405148407124978	0.51439771235437	0.589899566990571	-2.44058347340055	0.462217242124871
"Tmem164"	0.648983994469342	0.627749479691573	0.429026629828599	0.301949187468015	0.665240381771735	0.706787889615457	0.352171504674203	-2.17272610411464	0.28412971229256	-0.0396105897282305	0.574995265304273	0.904004296558001	0.0817431327324703	0.237757167928504	0.229587621380267	0.463921383325106	0.5392684177064	0.557362004039323	0.207270400965633	-2.17272610411464	0.812473598233628	0.420512480951976	0.533723279724347	0.0615615953758766	0.00752860311339081	0.691831369281962	0.430644988375593	0.239388663912967	0.575593701210728	-2.17272610411464	-2.17272610411464	0.77557670821388	0.415937550299671	-2.17272610411464	0.369043398158202	0.633828809475074	0.292699403049931	0.284676664431226	0.545548028225408	0.140839735733126	-2.17272610411464	0.291861376788847	0.393260201723402	0.398057486620765	0.350044015588542	0.704179083205936	0.661448539193744	0.544032002781219	0.235173580444721	-2.17272610411464	0.47131160483627	-2.17272610411464	-2.17272610411464	0.419658579535322	0.308116711160834	0.872571901018282	-2.17272610411464	0.387078895019548	0.273887898265192	0.41283270717351
"Mtus1"	1.73630003781804	-0.545971157391186	-0.545971157391186	1.83947443021487	1.83800675403496	-0.545971157391186	-0.545971157391186	1.86554194178238	-0.545971157391186	1.6435254795467	-0.545971157391186	-0.545971157391186	-0.545971157391186	-0.545971157391186	-0.545971157391186	1.63176696288027	-0.545971157391186	-0.545971157391186	1.63278994718816	-0.545971157391186	-0.545971157391186	1.69686368571843	-0.545971157391186	-0.545971157391186	1.69191062488862	-0.545971157391186	-0.545971157391186	1.92989906008451	-0.545971157391186	1.88869892483607	-0.545971157391186	-0.545971157391186	-0.545971157391186	-0.545971157391186	-0.545971157391186	-0.545971157391186	-0.545971157391186	-0.545971157391186	-0.545971157391186	-0.545971157391186	-0.545971157391186	-0.545971157391186	2.08783763035144	-0.545971157391186	-0.545971157391186	-0.545971157391186	-0.545971157391186	-0.545971157391186	-0.545971157391186	-0.545971157391186	-0.545971157391186	-0.545971157391186	-0.545971157391186	-0.545971157391186	1.73615058724467	-0.545971157391186	1.89590717340546	-0.545971157391186	-0.545971157391186	-0.545971157391186
"Arhgap30"	0.693376172172102	0.744911706736507	0.579158280690081	0.562375955523765	0.991521878128073	-1.16519798610527	1.07132118470527	0.798624691006721	-1.16519798610527	0.617824941928011	0.790191047723625	0.801717869305916	-1.16519798610527	0.760337916526697	0.842841627313689	0.608249359822885	0.927771519635229	-1.16519798610527	0.609082430057024	1.01379523515544	-1.16519798610527	0.661261064614812	0.923138859641758	0.702392479177273	-1.16519798610527	0.887747608771932	-1.16519798610527	0.851034096702512	-1.16519798610527	-1.16519798610527	-1.16519798610527	0.868312326595732	0.783279939735093	-1.16519798610527	-1.16519798610527	-1.16519798610527	0.895595335674585	0.888889310236068	0.891531278884593	0.768659280480566	0.873928924197015	-1.16519798610527	-1.16519798610527	-1.16519798610527	0.943528398026785	-1.16519798610527	0.988353915939879	-1.16519798610527	1.06289348122507	-1.16519798610527	-1.16519798610527	1.23520934966609	-1.16519798610527	-1.16519798610527	0.693254466664809	-1.16519798610527	0.823352705330011	0.974485014636188	-1.16519798610527	-1.16519798610527
"Mpeg1"	1.38327843819253	-0.831645341726021	-0.831645341726021	-0.831645341726021	-0.831645341726021	-0.831645341726021	-0.831645341726021	1.06843532629049	1.15532777936254	1.10164076650597	1.26861997354542	-0.831645341726021	1.14511601161072	1.23970755977314	-0.831645341726021	0.88423922209762	0.777219067594701	0.892674872683001	-0.831645341726021	1.06826993323766	1.37409780701424	0.935530266155564	0.980648426820557	1.18357968084121	-0.831645341726021	-0.831645341726021	1.3957673276179	-0.831645341726021	-0.831645341726021	1.08668118854394	-0.831645341726021	1.46623292372697	-0.831645341726021	-0.831645341726021	-0.831645341726021	-0.831645341726021	1.16225848529865	1.15577012489654	-0.831645341726021	1.03944253691419	-0.831645341726021	-0.831645341726021	-0.831645341726021	-0.831645341726021	-0.831645341726021	-0.831645341726021	1.46048299527981	1.48749280605389	-0.831645341726021	-0.831645341726021	-0.831645341726021	-0.831645341726021	1.3027127248098	-0.831645341726021	-0.831645341726021	-0.831645341726021	1.09236071554367	-0.831645341726021	-0.831645341726021	-0.831645341726021
"G730013B05Rik"	-0.227164479847388	-0.227164479847388	-0.227164479847388	4.04018275817549	-0.227164479847388	-0.227164479847388	-0.227164479847388	4.62374990083506	-0.227164479847388	-0.227164479847388	-0.227164479847388	-0.227164479847388	-0.227164479847388	-0.227164479847388	-0.227164479847388	-0.227164479847388	-0.227164479847388	-0.227164479847388	-0.227164479847388	-0.227164479847388	-0.227164479847388	4.28444269229059	-0.227164479847388	-0.227164479847388	-0.227164479847388	-0.227164479847388	-0.227164479847388	-0.227164479847388	-0.227164479847388	-0.227164479847388	-0.227164479847388	-0.227164479847388	-0.227164479847388	-0.227164479847388	-0.227164479847388	-0.227164479847388	-0.227164479847388	-0.227164479847388	-0.227164479847388	-0.227164479847388	-0.227164479847388	-0.227164479847388	-0.227164479847388	-0.227164479847388	-0.227164479847388	-0.227164479847388	-0.227164479847388	-0.227164479847388	-0.227164479847388	-0.227164479847388	-0.227164479847388	-0.227164479847388	-0.227164479847388	-0.227164479847388	-0.227164479847388	-0.227164479847388	-0.227164479847388	-0.227164479847388	-0.227164479847388	-0.227164479847388
"Gm42992"	-0.227060242779161	-0.227060242779161	4.46765037680888	-0.227060242779161	-0.227060242779161	-0.227060242779161	-0.227060242779161	-0.227060242779161	-0.227060242779161	-0.227060242779161	-0.227060242779161	-0.227060242779161	3.92883818555861	-0.227060242779161	-0.227060242779161	4.54594527604467	-0.227060242779161	-0.227060242779161	-0.227060242779161	-0.227060242779161	-0.227060242779161	-0.227060242779161	-0.227060242779161	-0.227060242779161	-0.227060242779161	-0.227060242779161	-0.227060242779161	-0.227060242779161	-0.227060242779161	-0.227060242779161	-0.227060242779161	-0.227060242779161	-0.227060242779161	-0.227060242779161	-0.227060242779161	-0.227060242779161	-0.227060242779161	-0.227060242779161	-0.227060242779161	-0.227060242779161	-0.227060242779161	-0.227060242779161	-0.227060242779161	-0.227060242779161	-0.227060242779161	-0.227060242779161	-0.227060242779161	-0.227060242779161	-0.227060242779161	-0.227060242779161	-0.227060242779161	-0.227060242779161	-0.227060242779161	-0.227060242779161	-0.227060242779161	-0.227060242779161	-0.227060242779161	-0.227060242779161	-0.227060242779161	-0.227060242779161
"Itga4"	0.686510817887071	0.848857108559725	0.495496504879744	0.0309174076980529	0.25306626993203	0.332182272701237	0.205102531903414	0.796045322194142	0.817370863619804	0.716521445104365	0.715183195482672	-1.76390504732929	0.286696706305431	0.460271095804135	0.546063639490788	0.656751035467063	0.634360314708543	0.830856757354375	0.43378176934468	-1.76390504732929	0.24994181997766	0.653073933697055	0.66758871674866	0.754794487243513	0.707767243887699	-1.76390504732929	0.627844864760661	0.685540713022571	-1.76390504732929	0.295954525744089	0.685435442266122	0.70350937256329	-1.76390504732929	0.848782293495957	-1.76390504732929	0.673349825278766	0.0229057591427169	-1.76390504732929	0.372885616018399	-1.76390504732929	0.354598062187373	0.600182295543823	-1.76390504732929	0.468602431003509	-1.76390504732929	0.734443070456196	-1.76390504732929	0.371569963491527	0.550918359678335	-1.76390504732929	0.532217418793285	0.375170832828799	-1.76390504732929	0.263648761133925	0.16689056926067	0.656751035467063	0.525799638296449	0.813905341532518	0.584563210652219	-1.76390504732929
"Shox2"	-0.226900857557062	-0.226900857557062	-0.226900857557062	-0.226900857557062	-0.226900857557062	-0.226900857557062	-0.226900857557062	-0.226900857557062	4.76442921538322	-0.226900857557062	-0.226900857557062	-0.226900857557062	-0.226900857557062	-0.226900857557062	-0.226900857557062	4.08344744771587	-0.226900857557062	-0.226900857557062	4.08547221765344	-0.226900857557062	-0.226900857557062	-0.226900857557062	-0.226900857557062	-0.226900857557062	-0.226900857557062	-0.226900857557062	-0.226900857557062	-0.226900857557062	-0.226900857557062	-0.226900857557062	-0.226900857557062	-0.226900857557062	-0.226900857557062	-0.226900857557062	-0.226900857557062	-0.226900857557062	-0.226900857557062	-0.226900857557062	-0.226900857557062	-0.226900857557062	-0.226900857557062	-0.226900857557062	-0.226900857557062	-0.226900857557062	-0.226900857557062	-0.226900857557062	-0.226900857557062	-0.226900857557062	-0.226900857557062	-0.226900857557062	-0.226900857557062	-0.226900857557062	-0.226900857557062	-0.226900857557062	-0.226900857557062	-0.226900857557062	-0.226900857557062	-0.226900857557062	-0.226900857557062	-0.226900857557062
"9030404E10Rik"	-0.226677928503459	-0.226677928503459	-0.226677928503459	-0.226677928503459	-0.226677928503459	-0.226677928503459	-0.226677928503459	-0.226677928503459	-0.226677928503459	-0.226677928503459	4.15127413862223	-0.226677928503459	-0.226677928503459	-0.226677928503459	4.82467991339263	-0.226677928503459	-0.226677928503459	-0.226677928503459	-0.226677928503459	-0.226677928503459	-0.226677928503459	-0.226677928503459	3.94468787268229	-0.226677928503459	-0.226677928503459	-0.226677928503459	-0.226677928503459	-0.226677928503459	-0.226677928503459	-0.226677928503459	-0.226677928503459	-0.226677928503459	-0.226677928503459	-0.226677928503459	-0.226677928503459	-0.226677928503459	-0.226677928503459	-0.226677928503459	-0.226677928503459	-0.226677928503459	-0.226677928503459	-0.226677928503459	-0.226677928503459	-0.226677928503459	-0.226677928503459	-0.226677928503459	-0.226677928503459	-0.226677928503459	-0.226677928503459	-0.226677928503459	-0.226677928503459	-0.226677928503459	-0.226677928503459	-0.226677928503459	-0.226677928503459	-0.226677928503459	-0.226677928503459	-0.226677928503459	-0.226677928503459	-0.226677928503459
"Glt1d1"	-0.226117298866163	-0.226117298866163	-0.226117298866163	-0.226117298866163	-0.226117298866163	-0.226117298866163	-0.226117298866163	-0.226117298866163	-0.226117298866163	-0.226117298866163	-0.226117298866163	-0.226117298866163	-0.226117298866163	-0.226117298866163	-0.226117298866163	3.76303372205358	-0.226117298866163	-0.226117298866163	-0.226117298866163	-0.226117298866163	-0.226117298866163	-0.226117298866163	-0.226117298866163	-0.226117298866163	-0.226117298866163	-0.226117298866163	4.18437056966411	-0.226117298866163	4.94128174365359	-0.226117298866163	-0.226117298866163	-0.226117298866163	-0.226117298866163	-0.226117298866163	-0.226117298866163	-0.226117298866163	-0.226117298866163	-0.226117298866163	-0.226117298866163	-0.226117298866163	-0.226117298866163	-0.226117298866163	-0.226117298866163	-0.226117298866163	-0.226117298866163	-0.226117298866163	-0.226117298866163	-0.226117298866163	-0.226117298866163	-0.226117298866163	-0.226117298866163	-0.226117298866163	-0.226117298866163	-0.226117298866163	-0.226117298866163	-0.226117298866163	-0.226117298866163	-0.226117298866163	-0.226117298866163	-0.226117298866163
"Itgal"	0.645798316422418	-1.04560519080452	-1.04560519080452	0.526580998727734	0.917127114615748	-1.04560519080452	0.679159570458082	0.741580189367597	1.01934682725878	-1.04560519080452	1.01995262378689	-1.04560519080452	0.669355616549622	0.984045990010017	0.977826629706748	0.76408402649828	0.663220135724214	0.968030350825384	0.569086429293378	-1.04560519080452	1.17362129792674	0.812401811353401	1.11408946283579	-1.04560519080452	0.612901082793846	0.822686888829131	0.738793043508718	-1.04560519080452	-1.04560519080452	1.15083808417645	0.707885506314582	-1.04560519080452	-1.04560519080452	-1.04560519080452	-1.04560519080452	1.34863464284909	-1.04560519080452	-1.04560519080452	-1.04560519080452	-1.04560519080452	-1.04560519080452	0.829191265480766	1.21714956466814	0.909973989537766	1.26566737838772	1.25758411966577	0.914244096829233	1.21714956466814	-1.04560519080452	1.07886247498263	-1.04560519080452	-1.04560519080452	-1.04560519080452	-1.04560519080452	-1.04560519080452	-1.04560519080452	0.96007624847368	-1.04560519080452	-1.04560519080452	-1.04560519080452
"Gm671"	-0.225562876876656	-0.225562876876656	-0.225562876876656	-0.225562876876656	-0.225562876876656	-0.225562876876656	-0.225562876876656	-0.225562876876656	-0.225562876876656	-0.225562876876656	3.80217240344599	-0.225562876876656	-0.225562876876656	3.95838096297904	-0.225562876876656	-0.225562876876656	-0.225562876876656	-0.225562876876656	-0.225562876876656	-0.225562876876656	-0.225562876876656	-0.225562876876656	-0.225562876876656	-0.225562876876656	-0.225562876876656	-0.225562876876656	-0.225562876876656	5.09653061554437	-0.225562876876656	-0.225562876876656	-0.225562876876656	-0.225562876876656	-0.225562876876656	-0.225562876876656	-0.225562876876656	-0.225562876876656	-0.225562876876656	-0.225562876876656	-0.225562876876656	-0.225562876876656	-0.225562876876656	-0.225562876876656	-0.225562876876656	-0.225562876876656	-0.225562876876656	-0.225562876876656	-0.225562876876656	-0.225562876876656	-0.225562876876656	-0.225562876876656	-0.225562876876656	-0.225562876876656	-0.225562876876656	-0.225562876876656	-0.225562876876656	-0.225562876876656	-0.225562876876656	-0.225562876876656	-0.225562876876656	-0.225562876876656
"1700102P08Rik"	-0.225079221619333	-0.225079221619333	-0.225079221619333	-0.225079221619333	-0.225079221619333	-0.225079221619333	-0.225079221619333	-0.225079221619333	5.18780144107236	-0.225079221619333	3.7967643008831	-0.225079221619333	3.84494989034651	-0.225079221619333	-0.225079221619333	-0.225079221619333	-0.225079221619333	-0.225079221619333	-0.225079221619333	-0.225079221619333	-0.225079221619333	-0.225079221619333	-0.225079221619333	-0.225079221619333	-0.225079221619333	-0.225079221619333	-0.225079221619333	-0.225079221619333	-0.225079221619333	-0.225079221619333	-0.225079221619333	-0.225079221619333	-0.225079221619333	-0.225079221619333	-0.225079221619333	-0.225079221619333	-0.225079221619333	-0.225079221619333	-0.225079221619333	-0.225079221619333	-0.225079221619333	-0.225079221619333	-0.225079221619333	-0.225079221619333	-0.225079221619333	-0.225079221619333	-0.225079221619333	-0.225079221619333	-0.225079221619333	-0.225079221619333	-0.225079221619333	-0.225079221619333	-0.225079221619333	-0.225079221619333	-0.225079221619333	-0.225079221619333	-0.225079221619333	-0.225079221619333	-0.225079221619333	-0.225079221619333
"Gm35853"	-0.415023471579808	-0.415023471579808	-0.415023471579808	-0.415023471579808	-0.415023471579808	2.31167914533623	-0.415023471579808	-0.415023471579808	-0.415023471579808	-0.415023471579808	2.21779799125316	2.56055938474072	-0.415023471579808	1.98287137716591	-0.415023471579808	-0.415023471579808	-0.415023471579808	-0.415023471579808	2.26913730434422	-0.415023471579808	-0.415023471579808	2.34807400620121	-0.415023471579808	-0.415023471579808	2.34197200099641	-0.415023471579808	-0.415023471579808	-0.415023471579808	-0.415023471579808	-0.415023471579808	-0.415023471579808	-0.415023471579808	-0.415023471579808	-0.415023471579808	-0.415023471579808	-0.415023471579808	-0.415023471579808	-0.415023471579808	-0.415023471579808	-0.415023471579808	-0.415023471579808	-0.415023471579808	2.82974082336005	-0.415023471579808	-0.415023471579808	-0.415023471579808	-0.415023471579808	-0.415023471579808	2.30436501717232	-0.415023471579808	-0.415023471579808	-0.415023471579808	-0.415023471579808	-0.415023471579808	-0.415023471579808	-0.415023471579808	-0.415023471579808	-0.415023471579808	-0.415023471579808	-0.415023471579808
"Agpat4"	-0.694454448334229	1.63228339667415	1.33050486400164	-0.694454448334229	1.31189313968334	-0.694454448334229	-0.694454448334229	1.33506665872387	-0.694454448334229	-0.694454448334229	1.65118536557156	-0.694454448334229	0.901360719101116	-0.694454448334229	1.38076284431656	-0.694454448334229	1.24608127165444	-0.694454448334229	1.13918338282514	-0.694454448334229	1.30878514673561	-0.694454448334229	-0.694454448334229	1.23561505987893	-0.694454448334229	-0.694454448334229	-0.694454448334229	1.61182036084858	1.90239460628031	-0.694454448334229	-0.694454448334229	-0.694454448334229	-0.694454448334229	-0.694454448334229	1.05659690371293	-0.694454448334229	-0.694454448334229	-0.694454448334229	-0.694454448334229	-0.694454448334229	-0.694454448334229	1.43455747269116	-0.694454448334229	1.52629403532102	-0.694454448334229	-0.694454448334229	-0.694454448334229	1.42977265423544	1.16324858321336	-0.694454448334229	-0.694454448334229	-0.694454448334229	-0.694454448334229	-0.694454448334229	-0.694454448334229	-0.694454448334229	-0.694454448334229	-0.694454448334229	1.4190312435207	1.76174022437931
"Tpd52"	0.865442019506316	0.316276000905321	0.369866901581187	0.58565698444147	-1.76013096511249	0.433071320616861	0.300103778986191	0.608754961534743	0.472291541825348	0.178124854546584	0.131730415281562	0.378027800874661	0.151675245993619	0.567094696895654	0.656862141750653	0.635659278056596	0.886295266490033	0.177193307148262	0.168621205296784	0.842811733231463	0.581084043400782	0.596215770622384	0.699084784554769	0.270054979869435	-1.76013096511249	0.471547430130179	0.371336074456012	0.431637579667869	-1.76013096511249	0.766289543052298	0.568467823113803	-1.76013096511249	-1.76013096511249	0.739314223864174	0.549448378709133	-1.76013096511249	0.109465548101109	-1.76013096511249	0.785242583173677	0.576149691276835	-1.76013096511249	0.479316920246961	-1.76013096511249	0.810039182356929	0.766388436932802	0.61972173747982	-1.76013096511249	-1.76013096511249	0.193934714154072	0.777549648541072	1.01369849088693	0.8492597583389	-1.76013096511249	0.595439872937012	0.494087332929497	-1.76013096511249	0.772677855884671	0.565836336377708	0.462985315552776	-1.76013096511249
"Tgm2"	-0.415639892464178	-0.415639892464178	-0.415639892464178	2.16217809530122	2.1605920595197	-0.415639892464178	-0.415639892464178	2.47610561014269	-0.415639892464178	-0.415639892464178	2.27111654790415	-0.415639892464178	-0.415639892464178	-0.415639892464178	2.24902356294384	-0.415639892464178	-0.415639892464178	-0.415639892464178	-0.415639892464178	-0.415639892464178	2.44232717777211	-0.415639892464178	2.23698934448116	-0.415639892464178	-0.415639892464178	-0.415639892464178	-0.415639892464178	-0.415639892464178	-0.415639892464178	-0.415639892464178	-0.415639892464178	-0.415639892464178	-0.415639892464178	-0.415639892464178	-0.415639892464178	-0.415639892464178	-0.415639892464178	-0.415639892464178	-0.415639892464178	-0.415639892464178	-0.415639892464178	-0.415639892464178	-0.415639892464178	-0.415639892464178	-0.415639892464178	-0.415639892464178	-0.415639892464178	-0.415639892464178	-0.415639892464178	2.68215659449943	2.51714552310879	-0.415639892464178	-0.415639892464178	-0.415639892464178	-0.415639892464178	-0.415639892464178	-0.415639892464178	-0.415639892464178	-0.415639892464178	-0.415639892464178
"Nectin1"	1.81849973889067	-0.543388887067002	-0.543388887067002	-0.543388887067002	-0.543388887067002	-0.543388887067002	1.86508564587138	1.95225026933213	-0.543388887067002	-0.543388887067002	1.39570332053137	-0.543388887067002	-0.543388887067002	1.47090756794816	-0.543388887067002	1.71032000930808	1.56975561507098	1.72139971779885	-0.543388887067002	-0.543388887067002	-0.543388887067002	-0.543388887067002	1.56388961854114	-0.543388887067002	-0.543388887067002	-0.543388887067002	-0.543388887067002	2.01885249698864	-0.543388887067002	-0.543388887067002	-0.543388887067002	2.04080978853911	-0.543388887067002	-0.543388887067002	1.6098246487947	-0.543388887067002	-0.543388887067002	-0.543388887067002	-0.543388887067002	-0.543388887067002	-0.543388887067002	-0.543388887067002	-0.543388887067002	-0.543388887067002	-0.543388887067002	-0.543388887067002	-0.543388887067002	-0.543388887067002	-0.543388887067002	-0.543388887067002	-0.543388887067002	-0.543388887067002	-0.543388887067002	-0.543388887067002	-0.543388887067002	-0.543388887067002	-0.543388887067002	-0.543388887067002	2.05549891495646	2.20309145251043
"Hexb"	-0.949484110738275	1.13161953951731	-0.949484110738275	0.952625651056312	-0.949484110738275	1.02601998939161	1.11703648900724	1.30767620755545	-0.949484110738275	0.79637961726881	0.754590309648788	-0.949484110738275	0.895702443845185	1.0233932525575	1.01670682845311	0.787003595677022	-0.949484110738275	0.795540535658862	-0.949484110738275	1.18409766701741	-0.949484110738275	0.838910506744134	0.674178654611491	0.879184719507864	1.04565577873204	-0.949484110738275	0.970412609850358	-0.949484110738275	-0.949484110738275	-0.949484110738275	-0.949484110738275	1.25255595683176	0.958386439922233	1.3018650926624	0.709571697367552	1.34756093499418	0.734535462592487	-0.949484110738275	-0.949484110738275	-0.949484110738275	1.04714624859576	1.06767523126176	-0.949484110738275	-0.949484110738275	-0.949484110738275	1.19414340700929	-0.949484110738275	-0.949484110738275	-0.949484110738275	-0.949484110738275	-0.949484110738275	-0.949484110738275	-0.949484110738275	-0.949484110738275	1.29191552907759	1.33191703647103	-0.949484110738275	-0.949484110738275	-0.949484110738275	-0.949484110738275
"Casz1"	-0.328911305565504	-0.328911305565504	-0.328911305565504	2.78273521512901	3.16787009702799	-0.328911305565504	-0.328911305565504	-0.328911305565504	3.37001632761776	-0.328911305565504	2.41944194084168	-0.328911305565504	-0.328911305565504	-0.328911305565504	-0.328911305565504	-0.328911305565504	-0.328911305565504	-0.328911305565504	2.86686130401772	-0.328911305565504	-0.328911305565504	-0.328911305565504	-0.328911305565504	-0.328911305565504	-0.328911305565504	-0.328911305565504	-0.328911305565504	-0.328911305565504	-0.328911305565504	-0.328911305565504	-0.328911305565504	-0.328911305565504	-0.328911305565504	-0.328911305565504	-0.328911305565504	-0.328911305565504	-0.328911305565504	-0.328911305565504	-0.328911305565504	3.15428561590308	-0.328911305565504	-0.328911305565504	-0.328911305565504	-0.328911305565504	-0.328911305565504	-0.328911305565504	-0.328911305565504	-0.328911305565504	-0.328911305565504	-0.328911305565504	-0.328911305565504	-0.328911305565504	-0.328911305565504	-0.328911305565504	-0.328911305565504	-0.328911305565504	-0.328911305565504	-0.328911305565504	-0.328911305565504	-0.328911305565504
"Svil"	0.236471690314395	0.866382638414726	0.471282239545773	0.676916577818354	-1.68795519161409	0.531518449185751	0.497328601789087	-1.68795519161409	0.438438837052437	0.734500496987365	0.631495251966866	0.794745596314171	0.709236123026829	0.621319488619456	0.614243291777679	0.371053532698765	0.0337991877503588	0.157356236363149	0.149191264842992	0.568243793967761	0.672559407437871	0.829219792067306	0.769278951784784	-1.68795519161409	0.199042229830598	0.437730066799337	-1.68795519161409	0.753251196510286	0.690699177878313	0.882937735787368	0.307112585134207	0.417606156590443	0.775627864827158	-1.68795519161409	0.289015489977265	-1.68795519161409	0.833357763823275	0.792485410827229	0.73652632878842	0.314422218539872	-1.68795519161409	0.668179905117668	-1.68795519161409	-1.68795519161409	-1.68795519161409	0.578866863875558	0.541901041706789	0.440336572375365	0.396067597465374	-1.68795519161409	-1.68795519161409	-1.68795519161409	-1.68795519161409	0.555738261826325	0.589663564709055	0.724558360809181	0.817176161966914	-1.68795519161409	0.652613359235647	0.549830510083766
"Etv6"	0.0864290003849249	0.479402307683219	0.0495693338011133	0.737513764522507	0.442105289504366	0.915033164106993	0.374075033769994	0.373066383337971	0.373738569659269	0.47749928323633	0.0436507216706089	0.694725220767316	0.256134107938388	0.418731168127973	0.694216574422235	0.194518676600831	-0.202202186030179	0.422354627247032	-0.22311614839479	0.241231812127143	0.018622249082288	0.633377523242216	0.722479427412558	0.231272786350712	0.266749418532787	-0.129612074495892	0.47063007854742	0.767380078272968	-3.14971035474477	0.400845058804368	0.574516923709035	-0.158203412923448	0.218881852440407	0.232752876918112	-0.0241898410170078	-0.015555248176891	-3.14971035474477	-0.127932511902027	-0.124045898933915	0.868150913583428	0.166938579159589	-0.119097735247851	0.322561931223858	-3.14971035474477	0.586466866952091	0.0709100848607919	0.0183903548029132	0.610124021315582	0.2300921551346	0.284496327299425	-3.14971035474477	0.698643747880401	0.0954872511242746	-3.14971035474477	0.217804492657747	0.594980647702969	-0.224343731110188	0.314957121715891	0.175686491871123	0.0296562624502524
"Nupr1"	-0.544455892751297	-0.544455892751297	-0.544455892751297	-0.544455892751297	-0.544455892751297	1.58188304644505	1.69139852567171	1.7723158888531	-0.544455892751297	-0.544455892751297	1.7623665044193	-0.544455892751297	-0.544455892751297	1.72714800289385	1.82447973821634	-0.544455892751297	1.41723537998443	-0.544455892751297	-0.544455892751297	1.77211422480581	-0.544455892751297	1.61026450959536	-0.544455892751297	-0.544455892751297	1.85935844629494	-0.544455892751297	-0.544455892751297	-0.544455892751297	-0.544455892751297	-0.544455892751297	-0.544455892751297	-0.544455892751297	-0.544455892751297	-0.544455892751297	-0.544455892751297	-0.544455892751297	1.73815720174407	-0.544455892751297	-0.544455892751297	-0.544455892751297	-0.544455892751297	-0.544455892751297	-0.544455892751297	1.99060885877086	-0.544455892751297	2.03826153570116	-0.544455892751297	-0.544455892751297	-0.544455892751297	-0.544455892751297	-0.544455892751297	-0.544455892751297	-0.544455892751297	-0.544455892751297	-0.544455892751297	-0.544455892751297	-0.544455892751297	-0.544455892751297	-0.544455892751297	2.2593792031637
"Arpc2"	0.941698536572348	0.659341733688234	0.497785430056439	0.691004000350067	1.17735137366862	0.886846225118698	0.644841436022302	-1.20240115071132	0.799228002573499	0.7451449911095	0.771019202465191	0.714709480027607	-1.20240115071132	0.551750025951985	-1.20240115071132	0.526139879949013	0.750466340235693	0.954225312329485	-1.20240115071132	-1.20240115071132	1.01961169099132	0.577809249805687	0.833055910927178	0.950501243867215	-1.20240115071132	-1.20240115071132	-1.20240115071132	0.762776947453756	0.826711430354561	0.730075070408592	0.88546134231238	-1.20240115071132	-1.20240115071132	-1.20240115071132	0.658571979439997	-1.20240115071132	-1.20240115071132	0.799673610874521	0.592492315484728	0.682487983668244	1.20509589382699	0.805527080018677	-1.20240115071132	-1.20240115071132	-1.20240115071132	0.931416500395652	-1.20240115071132	0.801014389431429	0.882124210670045	-1.20240115071132	-1.20240115071132	0.80439257814905	-1.20240115071132	0.90964495499421	0.608992531497588	1.27863873238123	-1.20240115071132	-1.20240115071132	-1.20240115071132	-1.20240115071132
"Foxn3"	-0.0230379431024059	0.197295879541758	0.471372111065645	0.693227774963772	0.640170346048432	0.365356701643215	-0.162526768664855	0.853913742120014	0.0851209206294155	-0.674077340581683	0.376518574643073	0.622873412431259	0.2320267544483	0.179172151457558	0.884201606277635	0.474691969629214	0.382421403225193	-0.00296184327837259	-3.45929003135913	0.983987448947822	0.775230765381627	0.174747944734524	0.33629890587588	0.861402966449632	0.453931653513038	-0.252438322147171	0.136814890563979	0.363294096587297	0.66284208067759	-3.45929003135913	0.22340494673035	-0.282797659492149	0.365706626373623	0.132334144166325	0.196060229994111	-0.131328578527093	0.0963178976994651	0.282752754163459	-0.582695040000165	0.234449129539624	0.399097148971699	0.431881296891625	-0.108877184431318	-3.45929003135913	-0.165304634917718	0.63380347252363	0.577997136308259	0.08798582222981	-0.118515034490645	0.523963502047284	0.329655149154239	0.0934035304016445	0.768328769582996	-0.41077053807011	-0.0232283788924539	-3.45929003135913	-0.0166147549402413	-0.116948127500762	-0.264741811675744	0.589968428515383
"Itgam"	-0.697851828218169	1.41257464742847	1.46704357259154	-0.697851828218169	-0.697851828218169	-0.697851828218169	-0.697851828218169	-0.697851828218169	-0.697851828218169	-0.697851828218169	0.988044477047163	-0.697851828218169	-0.697851828218169	1.05342897107143	-0.697851828218169	1.26158026410517	1.51587128621362	1.50889078535045	1.26250069997584	-0.697851828218169	1.4438229005861	-0.697851828218169	1.37167350330801	-0.697851828218169	1.3156948614445	-0.697851828218169	1.46853681615269	-0.697851828218169	1.60230086688948	1.49275623843996	1.43101282833693	1.5489165215303	-0.697851828218169	-0.697851828218169	1.17420703021669	-0.697851828218169	1.43992929711761	-0.697851828218169	-0.697851828218169	-0.697851828218169	-0.697851828218169	1.57828680233049	-0.697851828218169	-0.697851828218169	-0.697851828218169	-0.697851828218169	-0.697851828218169	-0.697851828218169	-0.697851828218169	-0.697851828218169	-0.697851828218169	1.57700075859029	-0.697851828218169	-0.697851828218169	-0.697851828218169	-0.697851828218169	-0.697851828218169	-0.697851828218169	-0.697851828218169	-0.697851828218169
"Prkcd"	0.515302698680389	0.89653216520711	0.404461670435099	0.596838993573258	0.595679123618779	0.460790662288482	-1.28832253113761	0.617439534666012	-1.28832253113761	0.441985148016535	0.731470443368932	0.620441262843447	0.627092459661503	0.734246204366365	-1.28832253113761	0.972750805183703	-1.28832253113761	0.772150144170284	0.973561500913101	-1.28832253113761	0.59276065431093	0.815220670042618	0.529390145131953	0.941990268695461	-1.28832253113761	-1.28832253113761	0.94575028565352	0.99964251142181	0.731955572039548	-1.28832253113761	-1.28832253113761	0.685066848429591	0.81150964849414	-1.28832253113761	-1.28832253113761	0.988255312959581	0.711543232651774	0.705035471517335	-1.28832253113761	0.588360054460111	0.690517390768347	-1.28832253113761	-1.28832253113761	-1.28832253113761	0.758059149283799	-1.28832253113761	-1.28832253113761	0.706370412508292	0.664880324838229	-1.28832253113761	1.18791324728712	0.918781067072785	1.06154056658855	1.02363433264319	0.515184591408434	-1.28832253113761	-1.28832253113761	-1.28832253113761	-1.28832253113761	0.808991109827325
"Sgk1"	-0.644377052691115	1.67165081403911	-0.644377052691115	-0.644377052691115	1.84311634275533	-0.644377052691115	-0.644377052691115	1.49558343528887	1.59344581524348	1.29856752149256	1.01835559684692	-0.644377052691115	-0.644377052691115	-0.644377052691115	-0.644377052691115	-0.644377052691115	-0.644377052691115	-0.644377052691115	1.28904088235775	1.49539716183005	1.46787177610796	1.71766982401929	1.1625719718135	1.39072003118113	-0.644377052691115	-0.644377052691115	-0.644377052691115	-0.644377052691115	-0.644377052691115	-0.644377052691115	-0.644377052691115	-0.644377052691115	-0.644377052691115	-0.644377052691115	-0.644377052691115	1.67718519972974	-0.644377052691115	-0.644377052691115	-0.644377052691115	-0.644377052691115	1.57764180312575	1.8352259410758	1.69284713265345	-0.644377052691115	-0.644377052691115	-0.644377052691115	-0.644377052691115	-0.644377052691115	1.31441562607784	-0.644377052691115	-0.644377052691115	-0.644377052691115	-0.644377052691115	-0.644377052691115	-0.644377052691115	-0.644377052691115	1.52252933738827	-0.644377052691115	-0.644377052691115	-0.644377052691115
"Ldlrad3"	1.02058204822389	0.860295522480743	0.785293122521808	0.13733393774941	0.680200094483488	-1.55193294597483	0.5117736303954	-1.55193294597483	0.456160169510002	0.680324703492584	0.570656572487098	1.00341812824321	0.378070561848016	0.330906309328495	0.411580590792481	-1.55193294597483	0.617840836289157	0.822376600802666	0.393339774065629	0.368176965511475	0.55402044136762	0.722900723432966	0.613309079029492	-1.55193294597483	0.230082277853172	0.666126240474734	0.575913357813069	0.840926769746608	-1.55193294597483	0.87592958494142	0.542671986931693	-1.55193294597483	-1.55193294597483	0.696350549159938	-1.55193294597483	0.53130306124253	0.550571139351992	-1.55193294597483	-1.55193294597483	-1.55193294597483	0.775867314268519	0.46247958888437	0.545357176128009	0.759968570301044	1.05476616408196	-1.55193294597483	0.553866303969746	0.668589403958213	-1.55193294597483	0.730743811556596	0.609151919066601	-1.55193294597483	-1.55193294597483	-1.55193294597483	0.265310361411612	0.937119084620021	0.603111575616501	0.540304930345487	0.447789097792611	-1.55193294597483
"Gcnt2"	1.79867089584962	-0.54166770578996	1.42688280660625	1.40794352485847	-0.54166770578996	-0.54166770578996	-0.54166770578996	-0.54166770578996	1.77590622397643	-0.54166770578996	1.56426262706475	-0.54166770578996	-0.54166770578996	-0.54166770578996	-0.54166770578996	-0.54166770578996	-0.54166770578996	1.46955203999815	1.46065297196217	-0.54166770578996	-0.54166770578996	-0.54166770578996	-0.54166770578996	1.80885879371095	-0.54166770578996	-0.54166770578996	2.05635109905161	1.97676950167417	-0.54166770578996	-0.54166770578996	-0.54166770578996	-0.54166770578996	-0.54166770578996	2.43864942328535	-0.54166770578996	-0.54166770578996	-0.54166770578996	-0.54166770578996	-0.54166770578996	-0.54166770578996	-0.54166770578996	-0.54166770578996	-0.54166770578996	-0.54166770578996	2.08122087423106	-0.54166770578996	-0.54166770578996	1.77797458094637	-0.54166770578996	-0.54166770578996	-0.54166770578996	-0.54166770578996	-0.54166770578996	-0.54166770578996	-0.54166770578996	-0.54166770578996	-0.54166770578996	1.87301910312281	-0.54166770578996	-0.54166770578996
"Rassf3"	-0.752067614826809	1.45602042039094	1.0601538816609	-0.752067614826809	1.26486301046842	1.47485209433237	-0.752067614826809	1.28815876466767	1.38146021124343	1.32381336408058	-0.752067614826809	1.29137228492897	-0.752067614826809	1.11767451018334	-0.752067614826809	-0.752067614826809	-0.752067614826809	-0.752067614826809	1.09124224805666	-0.752067614826809	1.26173862354916	1.14545092377445	-0.752067614826809	-0.752067614826809	1.14126045706386	-0.752067614826809	-0.752067614826809	-0.752067614826809	1.41075467761871	-0.752067614826809	1.24969337547181	-0.752067614826809	-0.752067614826809	-0.752067614826809	-0.752067614826809	-0.752067614826809	1.25807748731351	-0.752067614826809	-0.752067614826809	-0.752067614826809	-0.752067614826809	1.38817437055002	1.47622887219556	-0.752067614826809	1.43870003756082	-0.752067614826809	-0.752067614826809	-0.752067614826809	-0.752067614826809	-0.752067614826809	-0.752067614826809	1.38696510993168	-0.752067614826809	-0.752067614826809	1.17868904837344	-0.752067614826809	-0.752067614826809	-0.752067614826809	-0.752067614826809	1.49322559000246
"B430306N03Rik"	-0.329099526325513	-0.329099526325513	-0.329099526325513	-0.329099526325513	3.03747714795265	-0.329099526325513	-0.329099526325513	-0.329099526325513	-0.329099526325513	-0.329099526325513	-0.329099526325513	-0.329099526325513	-0.329099526325513	-0.329099526325513	-0.329099526325513	-0.329099526325513	-0.329099526325513	2.76135094891683	3.12068929247751	-0.329099526325513	-0.329099526325513	2.8381594616381	2.5464182350818	-0.329099526325513	-0.329099526325513	-0.329099526325513	-0.329099526325513	-0.329099526325513	-0.329099526325513	-0.329099526325513	-0.329099526325513	-0.329099526325513	-0.329099526325513	-0.329099526325513	-0.329099526325513	-0.329099526325513	-0.329099526325513	-0.329099526325513	-0.329099526325513	-0.329099526325513	-0.329099526325513	-0.329099526325513	-0.329099526325513	-0.329099526325513	-0.329099526325513	3.46727933551082	-0.329099526325513	-0.329099526325513	-0.329099526325513	-0.329099526325513	-0.329099526325513	-0.329099526325513	-0.329099526325513	-0.329099526325513	-0.329099526325513	-0.329099526325513	-0.329099526325513	-0.329099526325513	-0.329099526325513	-0.329099526325513
"Sema4d"	-0.75171568399759	1.20458072430656	1.03481935758824	1.23785104271	1.23662693610773	-0.75171568399759	1.40982131449319	1.2595924959346	-0.75171568399759	-0.75171568399759	1.32193002795507	-0.75171568399759	-0.75171568399759	1.09152468785198	-0.75171568399759	-0.75171568399759	1.30033333439612	1.07354332233906	1.06546707700849	-0.75171568399759	1.58314794183038	1.33929553580749	1.45813382389593	-0.75171568399759	-0.75171568399759	-0.75171568399759	-0.75171568399759	-0.75171568399759	-0.75171568399759	-0.75171568399759	-0.75171568399759	1.3309651881506	-0.75171568399759	-0.75171568399759	-0.75171568399759	-0.75171568399759	-0.75171568399759	1.35203972608953	-0.75171568399759	1.22890251765463	1.33671759585548	-0.75171568399759	1.44499689491375	-0.75171568399759	-0.75171568399759	-0.75171568399759	-0.75171568399759	1.3534485996226	-0.75171568399759	-0.75171568399759	-0.75171568399759	-0.75171568399759	-0.75171568399759	-0.75171568399759	-0.75171568399759	-0.75171568399759	-0.75171568399759	1.4397051464116	-0.75171568399759	1.46175270098537
"Flt1"	2.15258762018733	-0.466808158958298	-0.466808158958298	-0.466808158958298	-0.466808158958298	1.8097843841608	-0.466808158958298	2.01367379285261	-0.466808158958298	1.78530769864842	-0.466808158958298	-0.466808158958298	-0.466808158958298	1.96531420611517	-0.466808158958298	-0.466808158958298	2.06391816391108	-0.466808158958298	1.77426513194308	-0.466808158958298	-0.466808158958298	-0.466808158958298	-0.466808158958298	-0.466808158958298	2.53815976048273	-0.466808158958298	-0.466808158958298	-0.466808158958298	-0.466808158958298	-0.466808158958298	-0.466808158958298	-0.466808158958298	-0.466808158958298	-0.466808158958298	-0.466808158958298	2.22417295937591	-0.466808158958298	-0.466808158958298	-0.466808158958298	1.97582482570552	-0.466808158958298	-0.466808158958298	-0.466808158958298	-0.466808158958298	-0.466808158958298	2.57059124557392	-0.466808158958298	-0.466808158958298	-0.466808158958298	-0.466808158958298	-0.466808158958298	-0.466808158958298	-0.466808158958298	-0.466808158958298	-0.466808158958298	-0.466808158958298	-0.466808158958298	-0.466808158958298	-0.466808158958298	-0.466808158958298
"Ino80b"	-0.328594968179486	-0.328594968179486	-0.328594968179486	-0.328594968179486	-0.328594968179486	-0.328594968179486	-0.328594968179486	-0.328594968179486	-0.328594968179486	-0.328594968179486	-0.328594968179486	-0.328594968179486	2.4996801108032	2.96777527328337	-0.328594968179486	-0.328594968179486	2.71705532764723	2.93561818781427	-0.328594968179486	-0.328594968179486	-0.328594968179486	3.01674531142476	-0.328594968179486	-0.328594968179486	-0.328594968179486	-0.328594968179486	-0.328594968179486	-0.328594968179486	-0.328594968179486	-0.328594968179486	-0.328594968179486	-0.328594968179486	-0.328594968179486	-0.328594968179486	-0.328594968179486	-0.328594968179486	-0.328594968179486	-0.328594968179486	-0.328594968179486	-0.328594968179486	-0.328594968179486	-0.328594968179486	-0.328594968179486	3.60725407071944	-0.328594968179486	-0.328594968179486	-0.328594968179486	-0.328594968179486	-0.328594968179486	-0.328594968179486	-0.328594968179486	-0.328594968179486	-0.328594968179486	-0.328594968179486	-0.328594968179486	-0.328594968179486	-0.328594968179486	-0.328594968179486	-0.328594968179486	-0.328594968179486
"Adgre4"	0.112243734040733	0.817204878973249	0.686335935117126	0.541970089005551	0.413440632618219	0.808194065181257	-1.76535088183502	0.436114780496128	-1.76535088183502	-1.76535088183502	0.853052919740085	0.727029137305844	0.516243052607028	-1.76535088183502	0.480822000951777	0.806195064036156	0.419088349220333	0.724650304931893	0.371641087206161	0.78100470545329	0.192878357045715	0.424461792939213	0.344357789323852	0.338794364326959	0.293106473243635	0.743944141455083	0.433018002657537	0.706814675721182	0.337781867910272	-1.76535088183502	0.525990458771965	0.288970167153444	-1.76535088183502	-1.76535088183502	-1.76535088183502	0.604592847068267	-1.76535088183502	0.745098703459353	-1.76535088183502	0.188297281969849	0.51225095882012	0.926993417172937	0.401449106480329	0.405500085566189	0.364955992156609	0.663998843098409	-1.76535088183502	0.746489804180942	-1.76535088183502	0.810723800291476	0.467358179715903	0.532269357763208	0.680883639280525	-1.76535088183502	0.112120783011743	0.933588400297446	0.461117642949356	0.613897925893134	-1.76535088183502	0.417976749080801
"Tiam2"	-0.518580834100565	1.75843689386683	-0.518580834100565	1.54083832188069	1.79573686133379	-0.518580834100565	-0.518580834100565	-0.518580834100565	1.92952577881439	-0.518580834100565	-0.518580834100565	1.82615480541562	-0.518580834100565	-0.518580834100565	2.38882494148542	-0.518580834100565	-0.518580834100565	1.86235596239088	1.59651652241632	-0.518580834100565	-0.518580834100565	-0.518580834100565	-0.518580834100565	-0.518580834100565	-0.518580834100565	-0.518580834100565	-0.518580834100565	1.88494405949844	-0.518580834100565	-0.518580834100565	1.77833053398389	-0.518580834100565	-0.518580834100565	-0.518580834100565	1.75749544052003	-0.518580834100565	-0.518580834100565	-0.518580834100565	-0.518580834100565	-0.518580834100565	-0.518580834100565	-0.518580834100565	-0.518580834100565	-0.518580834100565	1.99520535215645	-0.518580834100565	-0.518580834100565	-0.518580834100565	-0.518580834100565	-0.518580834100565	-0.518580834100565	-0.518580834100565	-0.518580834100565	-0.518580834100565	-0.518580834100565	-0.518580834100565	2.25893372896379	-0.518580834100565	-0.518580834100565	-0.518580834100565
"Phlpp1"	-0.917120389912068	1.237283336587	0.752070974679985	0.736011805587852	1.35285294364918	1.01349365139087	-0.917120389912068	0.962080503061225	-0.917120389912068	-0.917120389912068	0.543004083104348	1.29171315418502	-0.917120389912068	-0.917120389912068	-0.917120389912068	-0.917120389912068	0.879685982373114	0.788251461521963	1.10707248893963	-0.917120389912068	-0.917120389912068	0.830635921844077	1.08122931400728	0.869994969825282	-0.917120389912068	1.04736308412148	1.16520968223863	1.54521294450093	-0.917120389912068	-0.917120389912068	1.13267936926321	-0.917120389912068	-0.917120389912068	-0.917120389912068	0.909926308211905	1.12155363343894	-0.917120389912068	1.04845558928293	-0.917120389912068	0.933406312221412	-0.917120389912068	-0.917120389912068	1.46213517262743	-0.917120389912068	1.10074026027907	1.17779674279078	-0.917120389912068	-0.917120389912068	-0.917120389912068	-0.917120389912068	-0.917120389912068	-0.917120389912068	-0.917120389912068	-0.917120389912068	1.06720432408239	-0.917120389912068	-0.917120389912068	-0.917120389912068	1.03982609643278	1.15096236693744
"Ms4a6c"	1.25583765291744	-0.952466521864595	-0.952466521864595	-0.952466521864595	1.12801381073897	0.786220388443504	-0.952466521864595	1.27124716183784	-0.952466521864595	0.767526971900117	0.847657813198274	-0.952466521864595	0.951530877976094	1.11269585586548	0.984589371248379	1.38141528358578	-0.952466521864595	0.974213702361061	-0.952466521864595	0.941770594316767	1.1251098957083	-0.952466521864595	0.854410956853899	-0.952466521864595	1.0131093555589	1.02790793699699	-0.952466521864595	1.20026380959824	-0.952466521864595	0.960126825047804	-0.952466521864595	-0.952466521864595	-0.952466521864595	-0.952466521864595	0.682005373024901	-0.952466521864595	0.914004262984477	-0.952466521864595	-0.952466521864595	0.913029352642277	1.22236562868828	1.03480252351916	-0.952466521864595	-0.952466521864595	-0.952466521864595	-0.952466521864595	1.12495783525682	-0.952466521864595	-0.952466521864595	-0.952466521864595	-0.952466521864595	-0.952466521864595	-0.952466521864595	0.930130707221127	0.840290080969142	1.2951287897962	0.965789377997934	-0.952466521864595	1.02030998154827	-0.952466521864595
"Vcan"	-0.383933165857302	-0.383933165857302	2.042505909847	-0.383933165857302	-0.383933165857302	-0.383933165857302	2.25237842809228	-0.383933165857302	-0.383933165857302	3.09139861163503	-0.383933165857302	-0.383933165857302	-0.383933165857302	2.59402457030017	-0.383933165857302	2.0829722598157	-0.383933165857302	-0.383933165857302	-0.383933165857302	-0.383933165857302	-0.383933165857302	-0.383933165857302	-0.383933165857302	-0.383933165857302	-0.383933165857302	2.94675746283677	-0.383933165857302	-0.383933165857302	-0.383933165857302	-0.383933165857302	-0.383933165857302	-0.383933165857302	-0.383933165857302	-0.383933165857302	1.97297023137974	-0.383933165857302	-0.383933165857302	-0.383933165857302	-0.383933165857302	-0.383933165857302	-0.383933165857302	-0.383933165857302	-0.383933165857302	-0.383933165857302	-0.383933165857302	-0.383933165857302	-0.383933165857302	-0.383933165857302	-0.383933165857302	-0.383933165857302	-0.383933165857302	-0.383933165857302	-0.383933165857302	-0.383933165857302	-0.383933165857302	-0.383933165857302	2.98151715067299	-0.383933165857302	-0.383933165857302	-0.383933165857302
"Tmem131"	-0.982005717624984	0.888902222868009	1.14810747849629	0.710112707455577	-0.982005717624984	-0.982005717624984	-0.982005717624984	0.94151283950187	-0.982005717624984	0.764423697732607	0.845786132432373	0.94454253557797	0.951255703363288	0.570517050276658	0.984822298404151	1.17667659420378	0.64670436785779	0.763584344247	1.24543439396877	0.941345406291423	-0.982005717624984	-0.982005717624984	0.975939661471005	1.05807752354652	-0.982005717624984	-0.982005717624984	-0.982005717624984	1.32727690290235	-0.982005717624984	-0.982005717624984	0.905247800156741	1.00977025490909	-0.982005717624984	-0.982005717624984	0.888128679245352	-0.982005717624984	0.702559504575938	-0.982005717624984	-0.982005717624984	1.12305658605324	-0.982005717624984	-0.982005717624984	-0.982005717624984	-0.982005717624984	-0.982005717624984	-0.982005717624984	-0.982005717624984	1.03127230995238	0.98939564811604	1.30452427780504	-0.982005717624984	-0.982005717624984	-0.982005717624984	1.140437646044	-0.982005717624984	-0.982005717624984	-0.982005717624984	1.11376392912727	1.02109192662566	1.34590110554133
"Pip4k2a"	-0.466521139172003	0.417376589525764	0.30593227470441	0.647867054795983	0.149776998224664	-0.0525083952873047	0.313350663651009	0.495546631042244	0.695859674042043	0.415497077480166	-0.225168850036139	0.569700640768172	0.0137387906984035	0.174287333379937	0.477500031099134	0.94559263534779	-0.255806489316146	0.23106971778197	0.0364463980107049	0.62528909452664	0.528190532119692	0.213224865737183	0.594295705954027	0.355480097280851	0.520507639472575	0.542821752476793	0.307898625967654	-3.16689736713142	0.667215124366068	-0.28620324683089	0.128533730720221	0.514551902591724	0.16007493764523	-3.16689736713142	-3.16689736713142	-0.0714656267787531	0.523061667467282	0.443657501475052	0.447499985962498	-3.16689736713142	0.291926686309899	-0.173728817353736	0.262474019948468	0.268303113878278	-0.103067724595737	-3.16689736713142	0.275123852508233	0.132524944278383	0.253504993046117	0.224878727246948	0.540507098238293	0.633909240180107	0.0382049112697991	0.395362627480329	0.411820412793002	0.218367257765783	0.0352329680279216	0.438146067632516	0.300568547606135	0.286255982501705
"Ceacam1"	-0.568516054255728	1.66793409535963	-0.568516054255728	-0.568516054255728	-0.568516054255728	-0.568516054255728	-0.568516054255728	1.73082389281869	-0.568516054255728	-0.568516054255728	1.46916429284319	-0.568516054255728	-0.568516054255728	1.28734211033143	2.28709108570542	1.50792311413318	-0.568516054255728	2.02216798506456	-0.568516054255728	-0.568516054255728	1.70104833139487	1.56999181917016	1.62459054800405	-0.568516054255728	-0.568516054255728	-0.568516054255728	-0.568516054255728	-0.568516054255728	-0.568516054255728	1.7529037132465	1.68747330837045	-0.568516054255728	-0.568516054255728	-0.568516054255728	-0.568516054255728	-0.568516054255728	-0.568516054255728	-0.568516054255728	-0.568516054255728	-0.568516054255728	-0.568516054255728	-0.568516054255728	-0.568516054255728	-0.568516054255728	1.90048426282744	-0.568516054255728	-0.568516054255728	1.83812077086045	1.53616311137776	-0.568516054255728	-0.568516054255728	-0.568516054255728	-0.568516054255728	-0.568516054255728	-0.568516054255728	-0.568516054255728	-0.568516054255728	-0.568516054255728	-0.568516054255728	-0.568516054255728
"Gm13919"	-0.467086244912775	-0.467086244912775	-0.467086244912775	1.68619661565354	1.95271285864062	1.77946302258942	-0.467086244912775	1.98066178480643	-0.467086244912775	-0.467086244912775	-0.467086244912775	-0.467086244912775	-0.467086244912775	-0.467086244912775	-0.467086244912775	-0.467086244912775	-0.467086244912775	-0.467086244912775	-0.467086244912775	-0.467086244912775	-0.467086244912775	1.80944900181202	-0.467086244912775	-0.467086244912775	-0.467086244912775	2.36024013904728	2.24524714657863	2.04598592075097	-0.467086244912775	-0.467086244912775	-0.467086244912775	-0.467086244912775	-0.467086244912775	-0.467086244912775	-0.467086244912775	-0.467086244912775	-0.467086244912775	-0.467086244912775	-0.467086244912775	-0.467086244912775	-0.467086244912775	-0.467086244912775	-0.467086244912775	-0.467086244912775	-0.467086244912775	2.26164238818462	2.48571082060677	-0.467086244912775	-0.467086244912775	-0.467086244912775	-0.467086244912775	-0.467086244912775	-0.467086244912775	-0.467086244912775	-0.467086244912775	-0.467086244912775	2.27991630205568	-0.467086244912775	-0.467086244912775	-0.467086244912775
"Dnah12"	-0.567098071687804	1.92590870506368	-0.567098071687804	-0.567098071687804	-0.567098071687804	1.94522347230712	-0.567098071687804	1.52437070641511	-0.567098071687804	-0.567098071687804	1.78370630661892	-0.567098071687804	-0.567098071687804	-0.567098071687804	-0.567098071687804	1.55070601178886	-0.567098071687804	1.33090655127005	1.32250842754057	-0.567098071687804	-0.567098071687804	2.02195528992184	1.42774135669414	-0.567098071687804	-0.567098071687804	-0.567098071687804	-0.567098071687804	1.94381739765024	-0.567098071687804	-0.567098071687804	-0.567098071687804	-0.567098071687804	-0.567098071687804	-0.567098071687804	1.23740113698028	-0.567098071687804	-0.567098071687804	-0.567098071687804	-0.567098071687804	-0.567098071687804	1.9682243882489	-0.567098071687804	-0.567098071687804	1.95090827940831	-0.567098071687804	-0.567098071687804	-0.567098071687804	1.6219674409466	-0.567098071687804	-0.567098071687804	-0.567098071687804	-0.567098071687804	-0.567098071687804	-0.567098071687804	-0.567098071687804	-0.567098071687804	-0.567098071687804	-0.567098071687804	-0.567098071687804	1.96406775509658
"Ccdc125"	1.97922847486196	-0.464477008947601	1.82905158441037	-0.464477008947601	-0.464477008947601	-0.464477008947601	-0.464477008947601	-0.464477008947601	-0.464477008947601	1.87989159619408	-0.464477008947601	-0.464477008947601	-0.464477008947601	-0.464477008947601	-0.464477008947601	1.86730135200245	-0.464477008947601	2.16160770950998	2.15122244531383	-0.464477008947601	-0.464477008947601	-0.464477008947601	1.71579854827967	-0.464477008947601	-0.464477008947601	-0.464477008947601	2.11358537052593	-0.464477008947601	-0.464477008947601	-0.464477008947601	-0.464477008947601	-0.464477008947601	-0.464477008947601	-0.464477008947601	-0.464477008947601	-0.464477008947601	1.79684645795744	-0.464477008947601	-0.464477008947601	-0.464477008947601	2.21662430234356	-0.464477008947601	-0.464477008947601	-0.464477008947601	-0.464477008947601	-0.464477008947601	-0.464477008947601	-0.464477008947601	-0.464477008947601	-0.464477008947601	-0.464477008947601	-0.464477008947601	-0.464477008947601	-0.464477008947601	-0.464477008947601	3.04821559703321	-0.464477008947601	-0.464477008947601	-0.464477008947601	-0.464477008947601
"Ssh2"	0.645796615808367	0.423945533421856	0.275803110490609	0.508099380704566	0.66419269680014	0.792938778583878	0.480506826182949	-0.180263832753025	0.232843776546295	0.328288457359918	0.0436048490942041	1.06292752236655	-0.0729967025180061	0.565941611551506	0.556687564911822	-0.146795067649709	-0.126423955831582	0.0355126624109641	0.316423175164061	-0.180495197901428	0.0767434041514557	0.60222456681198	0.0821127177775724	-2.8382499947443	-0.0804016387200244	-0.0596381342634924	0.690440373640815	0.567789657024599	0.656669701481457	0.769736458717066	0.446570397866165	0.376207546098111	0.617582119109905	0.56546381063455	-0.544965019046727	0.0452987323449212	0.59913049681072	-0.0580928691394226	0.116010510471308	0.532877001881599	0.50489192566239	0.241596797607434	0.356380133589194	0.361810224701289	0.307461677342107	0.708255795740281	0.538811223578635	-0.0562310130637313	-2.8382499947443	0.321358247304063	0.153054634271653	-2.8382499947443	-2.8382499947443	0.2652013709773	-0.0315742154722456	0.31529248940376	0.436358823081311	-2.8382499947443	-2.8382499947443	0.378534215345897
"C130050O18Rik"	-0.38669875189704	-0.38669875189704	2.07671082533718	-0.38669875189704	-0.38669875189704	-0.38669875189704	-0.38669875189704	-0.38669875189704	2.99570759338515	-0.38669875189704	2.07104487562616	-0.38669875189704	-0.38669875189704	-0.38669875189704	-0.38669875189704	2.59944656731645	-0.38669875189704	-0.38669875189704	-0.38669875189704	-0.38669875189704	-0.38669875189704	-0.38669875189704	-0.38669875189704	2.5547088746541	2.49084127258687	-0.38669875189704	-0.38669875189704	-0.38669875189704	-0.38669875189704	-0.38669875189704	-0.38669875189704	-0.38669875189704	-0.38669875189704	-0.38669875189704	-0.38669875189704	-0.38669875189704	-0.38669875189704	-0.38669875189704	-0.38669875189704	-0.38669875189704	-0.38669875189704	-0.38669875189704	-0.38669875189704	-0.38669875189704	2.59128050000244	-0.38669875189704	-0.38669875189704	-0.38669875189704	-0.38669875189704	-0.38669875189704	-0.38669875189704	-0.38669875189704	2.72859458973771	-0.38669875189704	-0.38669875189704	-0.38669875189704	-0.38669875189704	-0.38669875189704	-0.38669875189704	-0.38669875189704
"Plaur"	-0.464777313473574	-0.464777313473574	-0.464777313473574	1.8207721445503	2.38852453255897	-0.464777313473574	-0.464777313473574	-0.464777313473574	-0.464777313473574	1.89413016285006	1.55392797037148	-0.464777313473574	-0.464777313473574	1.63221986955656	-0.464777313473574	-0.464777313473574	-0.464777313473574	-0.464777313473574	-0.464777313473574	-0.464777313473574	2.38454192047278	-0.464777313473574	1.72901947305106	-0.464777313473574	-0.464777313473574	2.25123302834694	-0.464777313473574	-0.464777313473574	-0.464777313473574	2.15827373965771	-0.464777313473574	-0.464777313473574	-0.464777313473574	2.57711214360296	-0.464777313473574	-0.464777313473574	-0.464777313473574	-0.464777313473574	-0.464777313473574	-0.464777313473574	-0.464777313473574	-0.464777313473574	-0.464777313473574	-0.464777313473574	-0.464777313473574	-0.464777313473574	2.38433337518632	-0.464777313473574	-0.464777313473574	-0.464777313473574	-0.464777313473574	-0.464777313473574	-0.464777313473574	-0.464777313473574	-0.464777313473574	-0.464777313473574	-0.464777313473574	-0.464777313473574	-0.464777313473574	-0.464777313473574
"Pik3r5"	0.72579793439093	0.776094851869781	0.614325182414327	0.807798934576258	-1.08810681807414	1.09116364105279	1.09465932813795	-1.08810681807414	0.916165867176624	-1.08810681807414	0.733133311084195	1.25200950458862	0.905865190757866	-1.08810681807414	-1.08810681807414	0.852650581165372	0.954559769276841	0.86117372442405	0.853464988569504	0.828350052673163	0.803697351360522	0.694454688836453	-1.08810681807414	-1.08810681807414	-1.08810681807414	1.12573247423231	-1.08810681807414	0.879666671506349	-1.08810681807414	-1.08810681807414	-1.08810681807414	0.896529632383059	0.813540933786861	-1.08810681807414	-1.08810681807414	-1.08810681807414	0.59042007915465	-1.08810681807414	-1.08810681807414	-1.08810681807414	1.2352647638253	-1.08810681807414	1.00519317502009	-1.08810681807414	-1.08810681807414	1.04852894504971	-1.08810681807414	0.917954613298135	0.666256638649873	-1.08810681807414	-1.08810681807414	0.921337263556419	-1.08810681807414	0.816573627531557	0.725679153982252	-1.08810681807414	0.852650581165372	1.0001505412184	1.11804009128627	-1.08810681807414
"Ccdc88a"	0.370162602803522	0.427780368326264	0.560340695073142	0.704714139466621	0.222306979460409	0.307346346979887	-1.94567369601917	0.487821612207602	-1.94567369601917	0.526179338563563	0.237929440539621	0.250801561292163	0.780475195679697	0.304350609975572	0.537240875512158	0.0347532778949334	0.673041265006142	0.719501124029101	0.59385111688105	0.247156484995397	0.218948603927446	0.474940425354772	0.28659771125108	0.139883871935923	0.329740543449126	-1.94567369601917	0.625145009043848	0.864542865344355	0.760479132779951	0.268406251676049	0.44643567579487	0.565705757658551	0.788777374792257	-1.94567369601917	0.426897491957815	0.674056896980691	0.355635497899356	0.729474498217329	0.351097123693379	0.213884693599656	0.33144039235161	0.595411360883867	-1.94567369601917	-1.94567369601917	0.64975440875369	0.739724154523473	-1.94567369601917	0.34968296909956	0.542459065508907	1.04273437704888	-1.94567369601917	0.353553433231263	-1.94567369601917	0.714768661112023	0.370026519975662	-1.94567369601917	-1.94567369601917	0.443732417459838	-1.94567369601917	0.70839413223802
"Fgr"	0.0517782924019306	0.750406621546447	-0.0928680639619327	0.43086724211395	0.156668667283362	0.253107700254428	0.0982029163448223	0.457775968157187	0.731243309800321	0.228528083772614	0.4470857201741	0.188982994128983	0.516746699957911	0.522474658583956	0.513819964041121	0.648743178768952	0.508195246765875	0.500187725797893	-0.0549719067395097	0.617174279210596	0.425539848412812	-2.30193334190165	0.615579472175655	0.495349015490606	0.00599938677880026	-2.30193334190165	0.726780831741147	0.251437417949723	0.334507974932604	0.481678839950601	0.138177156165665	-2.30193334190165	0.165633067977239	-2.30193334190165	-2.30193334190165	0.396117998139309	0.421072570632844	0.299377531674085	0.0301853082667634	0.147117360312142	0.280431591574267	0.579788297535842	0.414319835746035	0.965237319436525	0.641416119309867	0.470552064015798	0.425340221192734	0.30111961538947	-2.30193334190165	0.654418729203572	0.929527864451737	-2.30193334190165	-2.30193334190165	0.169568272700899	0.483757200881497	0.648743178768952	0.648743178768952	0.407776545184368	0.287956963951368	-2.30193334190165
"Dusp16"	-0.945574769084869	1.24456308172557	-0.945574769084869	0.495371221722486	-0.945574769084869	1.1545163930684	-0.945574769084869	-0.945574769084869	1.41175828455931	-0.945574769084869	0.947558036388886	0.979746054253764	0.626227550641589	-0.945574769084869	1.01408531049104	-0.945574769084869	0.441375005279873	0.899970039779058	0.893376512696914	-0.945574769084869	1.08839902671739	1.31228597285978	0.796278666431134	-0.945574769084869	-0.945574769084869	-0.945574769084869	1.22899910271733	1.24069566044464	1.29547277944301	-0.945574769084869	0.841124898964544	-0.945574769084869	-0.945574769084869	1.15198164294359	-0.945574769084869	1.01113834614455	-0.945574769084869	-0.945574769084869	-0.945574769084869	-0.945574769084869	-0.945574769084869	-0.945574769084869	0.843415367477406	0.846760005499883	1.17276144606241	1.16535294742173	-0.945574769084869	0.948532555496097	-0.945574769084869	1.18132767794495	-0.945574769084869	-0.945574769084869	-0.945574769084869	-0.945574769084869	-0.945574769084869	1.2827692317241	-0.945574769084869	-0.945574769084869	0.760189719320367	1.03678530341117
"Ccdc192"	-0.385758609161596	2.83291220183002	2.01272860325376	-0.385758609161596	2.75301989653381	2.09254052879222	-0.385758609161596	-0.385758609161596	-0.385758609161596	-0.385758609161596	-0.385758609161596	-0.385758609161596	-0.385758609161596	-0.385758609161596	-0.385758609161596	-0.385758609161596	-0.385758609161596	-0.385758609161596	-0.385758609161596	-0.385758609161596	-0.385758609161596	2.12561980621252	-0.385758609161596	-0.385758609161596	-0.385758609161596	-0.385758609161596	-0.385758609161596	-0.385758609161596	2.7729679970701	-0.385758609161596	2.55963076600783	-0.385758609161596	-0.385758609161596	-0.385758609161596	-0.385758609161596	-0.385758609161596	-0.385758609161596	-0.385758609161596	-0.385758609161596	-0.385758609161596	-0.385758609161596	-0.385758609161596	-0.385758609161596	-0.385758609161596	-0.385758609161596	-0.385758609161596	-0.385758609161596	2.91002787670271	-0.385758609161596	-0.385758609161596	-0.385758609161596	-0.385758609161596	-0.385758609161596	-0.385758609161596	-0.385758609161596	-0.385758609161596	-0.385758609161596	-0.385758609161596	-0.385758609161596	-0.385758609161596
"Tmem51os1"	-0.184127859689745	-0.184127859689745	-0.184127859689745	-0.184127859689745	-0.184127859689745	-0.184127859689745	-0.184127859689745	-0.184127859689745	-0.184127859689745	-0.184127859689745	-0.184127859689745	-0.184127859689745	-0.184127859689745	-0.184127859689745	5.40551232966985	-0.184127859689745	-0.184127859689745	-0.184127859689745	-0.184127859689745	-0.184127859689745	-0.184127859689745	-0.184127859689745	-0.184127859689745	-0.184127859689745	-0.184127859689745	-0.184127859689745	5.27390353233537	-0.184127859689745	-0.184127859689745	-0.184127859689745	-0.184127859689745	-0.184127859689745	-0.184127859689745	-0.184127859689745	-0.184127859689745	-0.184127859689745	-0.184127859689745	-0.184127859689745	-0.184127859689745	-0.184127859689745	-0.184127859689745	-0.184127859689745	-0.184127859689745	-0.184127859689745	-0.184127859689745	-0.184127859689745	-0.184127859689745	-0.184127859689745	-0.184127859689745	-0.184127859689745	-0.184127859689745	-0.184127859689745	-0.184127859689745	-0.184127859689745	-0.184127859689745	-0.184127859689745	-0.184127859689745	-0.184127859689745	-0.184127859689745	-0.184127859689745
"Gm18365"	-0.184127107705207	-0.184127107705207	-0.184127107705207	-0.184127107705207	-0.184127107705207	-0.184127107705207	-0.184127107705207	-0.184127107705207	-0.184127107705207	-0.184127107705207	-0.184127107705207	-0.184127107705207	-0.184127107705207	-0.184127107705207	-0.184127107705207	-0.184127107705207	-0.184127107705207	-0.184127107705207	-0.184127107705207	-0.184127107705207	-0.184127107705207	-0.184127107705207	-0.184127107705207	5.40729633762049	5.27207590928153	-0.184127107705207	-0.184127107705207	-0.184127107705207	-0.184127107705207	-0.184127107705207	-0.184127107705207	-0.184127107705207	-0.184127107705207	-0.184127107705207	-0.184127107705207	-0.184127107705207	-0.184127107705207	-0.184127107705207	-0.184127107705207	-0.184127107705207	-0.184127107705207	-0.184127107705207	-0.184127107705207	-0.184127107705207	-0.184127107705207	-0.184127107705207	-0.184127107705207	-0.184127107705207	-0.184127107705207	-0.184127107705207	-0.184127107705207	-0.184127107705207	-0.184127107705207	-0.184127107705207	-0.184127107705207	-0.184127107705207	-0.184127107705207	-0.184127107705207	-0.184127107705207	-0.184127107705207
"Rspo1"	5.19037795024266	-0.184073233709831	-0.184073233709831	-0.184073233709831	-0.184073233709831	-0.184073233709831	-0.184073233709831	-0.184073233709831	-0.184073233709831	-0.184073233709831	-0.184073233709831	-0.184073233709831	-0.184073233709831	-0.184073233709831	-0.184073233709831	-0.184073233709831	-0.184073233709831	-0.184073233709831	-0.184073233709831	-0.184073233709831	-0.184073233709831	-0.184073233709831	-0.184073233709831	-0.184073233709831	-0.184073233709831	-0.184073233709831	5.48586960492755	-0.184073233709831	-0.184073233709831	-0.184073233709831	-0.184073233709831	-0.184073233709831	-0.184073233709831	-0.184073233709831	-0.184073233709831	-0.184073233709831	-0.184073233709831	-0.184073233709831	-0.184073233709831	-0.184073233709831	-0.184073233709831	-0.184073233709831	-0.184073233709831	-0.184073233709831	-0.184073233709831	-0.184073233709831	-0.184073233709831	-0.184073233709831	-0.184073233709831	-0.184073233709831	-0.184073233709831	-0.184073233709831	-0.184073233709831	-0.184073233709831	-0.184073233709831	-0.184073233709831	-0.184073233709831	-0.184073233709831	-0.184073233709831	-0.184073233709831
"Frmd8os"	-0.184027116112312	5.52809205401414	-0.184027116112312	-0.184027116112312	-0.184027116112312	-0.184027116112312	-0.184027116112312	-0.184027116112312	-0.184027116112312	-0.184027116112312	-0.184027116112312	-0.184027116112312	-0.184027116112312	-0.184027116112312	-0.184027116112312	-0.184027116112312	-0.184027116112312	5.14548068049994	-0.184027116112312	-0.184027116112312	-0.184027116112312	-0.184027116112312	-0.184027116112312	-0.184027116112312	-0.184027116112312	-0.184027116112312	-0.184027116112312	-0.184027116112312	-0.184027116112312	-0.184027116112312	-0.184027116112312	-0.184027116112312	-0.184027116112312	-0.184027116112312	-0.184027116112312	-0.184027116112312	-0.184027116112312	-0.184027116112312	-0.184027116112312	-0.184027116112312	-0.184027116112312	-0.184027116112312	-0.184027116112312	-0.184027116112312	-0.184027116112312	-0.184027116112312	-0.184027116112312	-0.184027116112312	-0.184027116112312	-0.184027116112312	-0.184027116112312	-0.184027116112312	-0.184027116112312	-0.184027116112312	-0.184027116112312	-0.184027116112312	-0.184027116112312	-0.184027116112312	-0.184027116112312	-0.184027116112312
"6330408M09Rik"	-0.183967011303787	-0.183967011303787	-0.183967011303787	-0.183967011303787	-0.183967011303787	5.09873692883032	-0.183967011303787	-0.183967011303787	-0.183967011303787	-0.183967011303787	-0.183967011303787	-0.183967011303787	-0.183967011303787	-0.183967011303787	-0.183967011303787	-0.183967011303787	-0.183967011303787	-0.183967011303787	-0.183967011303787	5.5713497267893	-0.183967011303787	-0.183967011303787	-0.183967011303787	-0.183967011303787	-0.183967011303787	-0.183967011303787	-0.183967011303787	-0.183967011303787	-0.183967011303787	-0.183967011303787	-0.183967011303787	-0.183967011303787	-0.183967011303787	-0.183967011303787	-0.183967011303787	-0.183967011303787	-0.183967011303787	-0.183967011303787	-0.183967011303787	-0.183967011303787	-0.183967011303787	-0.183967011303787	-0.183967011303787	-0.183967011303787	-0.183967011303787	-0.183967011303787	-0.183967011303787	-0.183967011303787	-0.183967011303787	-0.183967011303787	-0.183967011303787	-0.183967011303787	-0.183967011303787	-0.183967011303787	-0.183967011303787	-0.183967011303787	-0.183967011303787	-0.183967011303787	-0.183967011303787	-0.183967011303787
"H4c14"	-0.183912753534621	-0.183912753534621	-0.183912753534621	-0.183912753534621	-0.183912753534621	-0.183912753534621	-0.183912753534621	-0.183912753534621	-0.183912753534621	5.06290339862808	-0.183912753534621	5.60403630637993	-0.183912753534621	-0.183912753534621	-0.183912753534621	-0.183912753534621	-0.183912753534621	-0.183912753534621	-0.183912753534621	-0.183912753534621	-0.183912753534621	-0.183912753534621	-0.183912753534621	-0.183912753534621	-0.183912753534621	-0.183912753534621	-0.183912753534621	-0.183912753534621	-0.183912753534621	-0.183912753534621	-0.183912753534621	-0.183912753534621	-0.183912753534621	-0.183912753534621	-0.183912753534621	-0.183912753534621	-0.183912753534621	-0.183912753534621	-0.183912753534621	-0.183912753534621	-0.183912753534621	-0.183912753534621	-0.183912753534621	-0.183912753534621	-0.183912753534621	-0.183912753534621	-0.183912753534621	-0.183912753534621	-0.183912753534621	-0.183912753534621	-0.183912753534621	-0.183912753534621	-0.183912753534621	-0.183912753534621	-0.183912753534621	-0.183912753534621	-0.183912753534621	-0.183912753534621	-0.183912753534621	-0.183912753534621
"Sptb"	-0.183839909478408	-0.183839909478408	-0.183839909478408	-0.183839909478408	-0.183839909478408	-0.183839909478408	-0.183839909478408	-0.183839909478408	-0.183839909478408	-0.183839909478408	-0.183839909478408	-0.183839909478408	-0.183839909478408	5.02069311206795	-0.183839909478408	-0.183839909478408	-0.183839909478408	-0.183839909478408	5.64202163767968	-0.183839909478408	-0.183839909478408	-0.183839909478408	-0.183839909478408	-0.183839909478408	-0.183839909478408	-0.183839909478408	-0.183839909478408	-0.183839909478408	-0.183839909478408	-0.183839909478408	-0.183839909478408	-0.183839909478408	-0.183839909478408	-0.183839909478408	-0.183839909478408	-0.183839909478408	-0.183839909478408	-0.183839909478408	-0.183839909478408	-0.183839909478408	-0.183839909478408	-0.183839909478408	-0.183839909478408	-0.183839909478408	-0.183839909478408	-0.183839909478408	-0.183839909478408	-0.183839909478408	-0.183839909478408	-0.183839909478408	-0.183839909478408	-0.183839909478408	-0.183839909478408	-0.183839909478408	-0.183839909478408	-0.183839909478408	-0.183839909478408	-0.183839909478408	-0.183839909478408	-0.183839909478408
"Gpr176"	-0.183809139472294	-0.183809139472294	5.0043451059996	-0.183809139472294	-0.183809139472294	-0.183809139472294	-0.183809139472294	-0.183809139472294	-0.183809139472294	-0.183809139472294	-0.183809139472294	-0.183809139472294	-0.183809139472294	-0.183809139472294	-0.183809139472294	-0.183809139472294	-0.183809139472294	-0.183809139472294	-0.183809139472294	5.65658498339344	-0.183809139472294	-0.183809139472294	-0.183809139472294	-0.183809139472294	-0.183809139472294	-0.183809139472294	-0.183809139472294	-0.183809139472294	-0.183809139472294	-0.183809139472294	-0.183809139472294	-0.183809139472294	-0.183809139472294	-0.183809139472294	-0.183809139472294	-0.183809139472294	-0.183809139472294	-0.183809139472294	-0.183809139472294	-0.183809139472294	-0.183809139472294	-0.183809139472294	-0.183809139472294	-0.183809139472294	-0.183809139472294	-0.183809139472294	-0.183809139472294	-0.183809139472294	-0.183809139472294	-0.183809139472294	-0.183809139472294	-0.183809139472294	-0.183809139472294	-0.183809139472294	-0.183809139472294	-0.183809139472294	-0.183809139472294	-0.183809139472294	-0.183809139472294	-0.183809139472294
"Egln3"	-0.18338037716368	-0.18338037716368	-0.18338037716368	-0.18338037716368	-0.18338037716368	-0.18338037716368	-0.18338037716368	-0.18338037716368	-0.18338037716368	-0.18338037716368	4.8247516800877	-0.18338037716368	-0.18338037716368	-0.18338037716368	-0.18338037716368	-0.18338037716368	-0.18338037716368	-0.18338037716368	-0.18338037716368	-0.18338037716368	-0.18338037716368	5.81131019540574	-0.18338037716368	-0.18338037716368	-0.18338037716368	-0.18338037716368	-0.18338037716368	-0.18338037716368	-0.18338037716368	-0.18338037716368	-0.18338037716368	-0.18338037716368	-0.18338037716368	-0.18338037716368	-0.18338037716368	-0.18338037716368	-0.18338037716368	-0.18338037716368	-0.18338037716368	-0.18338037716368	-0.18338037716368	-0.18338037716368	-0.18338037716368	-0.18338037716368	-0.18338037716368	-0.18338037716368	-0.18338037716368	-0.18338037716368	-0.18338037716368	-0.18338037716368	-0.18338037716368	-0.18338037716368	-0.18338037716368	-0.18338037716368	-0.18338037716368	-0.18338037716368	-0.18338037716368	-0.18338037716368	-0.18338037716368	-0.18338037716368
"Gpr141"	0.636940082779102	0.69154117045179	0.575794456166186	0.725950135162252	0.556725655781849	0.409494467963966	0.374575989231209	0.90300293686007	0.314431204913322	0.784775201387408	0.666125004351488	0.450457396732064	0.229978942178282	0.749040334086624	-1.85727912201544	0.701239928330377	0.688564002826752	0.749218242881002	-1.85727912201544	0.447002478919549	-1.85727912201544	0.301755898830616	0.578955358121902	0.117694597610136	0.525270802098871	0.313707329818996	-1.85727912201544	0.274882853661001	0.344249937236232	0.768402969166477	0.709218441207658	-1.85727912201544	0.203232948666548	0.574192031685923	0.294970675503934	0.395696656556197	0.322006287582839	0.314914677162668	-1.85727912201544	0.415464864535796	0.66018773508167	0.682379522595601	-1.85727912201544	-1.85727912201544	-1.85727912201544	0.457851940642745	0.647957978219964	0.67747900412812	-1.85727912201544	0.611387619155262	0.479888553422157	0.32003462155682	0.475519145492153	-1.85727912201544	0.108031165022952	0.606648318064325	0.774618950003147	-1.85727912201544	0.533170072366781	-1.85727912201544
"Tyrobp"	-0.619437886790218	-0.619437886790218	-0.619437886790218	1.34612597983089	-0.619437886790218	1.43126160358007	-0.619437886790218	-0.619437886790218	1.71709952280238	-0.619437886790218	1.74861264249593	-0.619437886790218	-0.619437886790218	1.18397173836576	-0.619437886790218	1.3983188867488	1.27247088612791	-0.619437886790218	1.39926672041955	1.85973260664969	-0.619437886790218	-0.619437886790218	-0.619437886790218	-0.619437886790218	1.69886647624328	1.7163207074987	-0.619437886790218	-0.619437886790218	-0.619437886790218	-0.619437886790218	-0.619437886790218	1.69420802828851	-0.619437886790218	-0.619437886790218	-0.619437886790218	-0.619437886790218	1.33735218336521	1.71761968931956	-0.619437886790218	-0.619437886790218	-0.619437886790218	1.72445254824789	-0.619437886790218	-0.619437886790218	-0.619437886790218	-0.619437886790218	-0.619437886790218	-0.619437886790218	-0.619437886790218	-0.619437886790218	1.8951146474206	-0.619437886790218	-0.619437886790218	-0.619437886790218	1.49503426457465	-0.619437886790218	-0.619437886790218	-0.619437886790218	-0.619437886790218	-0.619437886790218
"Arhgef10l"	-0.722132048221883	-0.722132048221883	1.0218791619085	-0.722132048221883	1.71896184512041	1.07991278081655	-0.722132048221883	-0.722132048221883	-0.722132048221883	-0.722132048221883	1.01786785988898	1.45969656023612	1.16195493589784	-0.722132048221883	-0.722132048221883	1.26602528167208	1.43975058647259	1.49008440505029	-0.722132048221883	-0.722132048221883	-0.722132048221883	1.10396570482023	1.49177257078981	-0.722132048221883	-0.722132048221883	-0.722132048221883	-0.722132048221883	1.50904398417798	1.35928367874937	1.47547202363855	1.20428457019294	-0.722132048221883	-0.722132048221883	-0.722132048221883	-0.722132048221883	-0.722132048221883	0.99739021430164	-0.722132048221883	-0.722132048221883	-0.722132048221883	-0.722132048221883	-0.722132048221883	-0.722132048221883	-0.722132048221883	-0.722132048221883	1.46668766486169	-0.722132048221883	-0.722132048221883	-0.722132048221883	1.61184658273479	-0.722132048221883	-0.722132048221883	1.48339096381233	-0.722132048221883	-0.722132048221883	-0.722132048221883	1.48134588423574	-0.722132048221883	1.322532621275	-0.722132048221883
"Gm42941"	-0.297651936092109	-0.297651936092109	-0.297651936092109	-0.297651936092109	-0.297651936092109	-0.297651936092109	-0.297651936092109	-0.297651936092109	-0.297651936092109	-0.297651936092109	-0.297651936092109	-0.297651936092109	2.69651276963769	-0.297651936092109	-0.297651936092109	-0.297651936092109	-0.297651936092109	3.57513998198035	3.14273000110411	-0.297651936092109	-0.297651936092109	-0.297651936092109	-0.297651936092109	-0.297651936092109	-0.297651936092109	-0.297651936092109	3.5043195225347	-0.297651936092109	-0.297651936092109	-0.297651936092109	-0.297651936092109	-0.297651936092109	-0.297651936092109	-0.297651936092109	-0.297651936092109	-0.297651936092109	-0.297651936092109	-0.297651936092109	-0.297651936092109	3.45215420980912	-0.297651936092109	-0.297651936092109	-0.297651936092109	-0.297651936092109	-0.297651936092109	-0.297651936092109	-0.297651936092109	-0.297651936092109	-0.297651936092109	-0.297651936092109	-0.297651936092109	-0.297651936092109	-0.297651936092109	-0.297651936092109	-0.297651936092109	-0.297651936092109	-0.297651936092109	-0.297651936092109	-0.297651936092109	-0.297651936092109
"F630028O10Rik"	-0.953141746227332	-0.953141746227332	-0.953141746227332	1.08016521228548	-0.953141746227332	0.818572509465214	-0.953141746227332	-0.953141746227332	-0.953141746227332	1.01098058321872	0.546754133524642	0.980286025775191	1.05514926540434	1.19834138310838	-0.953141746227332	1.00155251396615	0.892606698037212	0.798681650120975	0.79093033621121	1.18875262988464	-0.953141746227332	1.17758226351848	1.01179526778962	-0.953141746227332	1.26150523146662	1.06485105027491	-0.953141746227332	1.02876261077839	-0.953141746227332	-0.953141746227332	0.940850972627372	-0.953141746227332	1.17382329022542	-0.953141746227332	-0.953141746227332	-0.953141746227332	1.07256516427676	-0.953141746227332	0.85702863188576	-0.953141746227332	1.05126763822595	-0.953141746227332	-0.953141746227332	-0.953141746227332	-0.953141746227332	1.19883750885053	-0.953141746227332	-0.953141746227332	-0.953141746227332	-0.953141746227332	1.2193211584885	1.07073244540638	1.21525967126905	0.965216486484856	0.873669286510375	-0.953141746227332	1.00155251396615	-0.953141746227332	-0.953141746227332	-0.953141746227332
"Hba-a1"	-0.297316348979885	-0.297316348979885	-0.297316348979885	-0.297316348979885	2.82717389113837	-0.297316348979885	-0.297316348979885	-0.297316348979885	-0.297316348979885	-0.297316348979885	3.19624755329722	-0.297316348979885	-0.297316348979885	-0.297316348979885	-0.297316348979885	-0.297316348979885	-0.297316348979885	-0.297316348979885	-0.297316348979885	-0.297316348979885	3.86254648033705	-0.297316348979885	-0.297316348979885	-0.297316348979885	-0.297316348979885	3.00669659560397	-0.297316348979885	-0.297316348979885	-0.297316348979885	-0.297316348979885	-0.297316348979885	-0.297316348979885	-0.297316348979885	-0.297316348979885	-0.297316348979885	-0.297316348979885	-0.297316348979885	-0.297316348979885	-0.297316348979885	-0.297316348979885	-0.297316348979885	-0.297316348979885	-0.297316348979885	-0.297316348979885	-0.297316348979885	-0.297316348979885	-0.297316348979885	-0.297316348979885	-0.297316348979885	3.45973467351708	-0.297316348979885	-0.297316348979885	-0.297316348979885	-0.297316348979885	-0.297316348979885	-0.297316348979885	-0.297316348979885	-0.297316348979885	-0.297316348979885	-0.297316348979885
"Tmem38b"	-0.385191224998268	-0.385191224998268	-0.385191224998268	-0.385191224998268	-0.385191224998268	2.24060710659029	-0.385191224998268	-0.385191224998268	-0.385191224998268	-0.385191224998268	1.83775419972531	-0.385191224998268	-0.385191224998268	-0.385191224998268	-0.385191224998268	-0.385191224998268	-0.385191224998268	-0.385191224998268	2.19963956784716	-0.385191224998268	2.43872269234809	-0.385191224998268	-0.385191224998268	-0.385191224998268	-0.385191224998268	2.60560827959908	-0.385191224998268	-0.385191224998268	2.96153109982795	-0.385191224998268	-0.385191224998268	-0.385191224998268	-0.385191224998268	-0.385191224998268	-0.385191224998268	-0.385191224998268	-0.385191224998268	-0.385191224998268	-0.385191224998268	-0.385191224998268	-0.385191224998268	-0.385191224998268	-0.385191224998268	2.74533922445665	3.0007415295154	-0.385191224998268	-0.385191224998268	-0.385191224998268	-0.385191224998268	-0.385191224998268	-0.385191224998268	-0.385191224998268	-0.385191224998268	-0.385191224998268	-0.385191224998268	-0.385191224998268	-0.385191224998268	-0.385191224998268	-0.385191224998268	-0.385191224998268
"Msrb1"	-0.385644376974095	-0.385644376974095	-0.385644376974095	2.24384785833519	-0.385644376974095	-0.385644376974095	-0.385644376974095	-0.385644376974095	-0.385644376974095	-0.385644376974095	-0.385644376974095	-0.385644376974095	-0.385644376974095	2.02692114020825	2.67073685478937	-0.385644376974095	-0.385644376974095	2.32694089229092	-0.385644376974095	-0.385644376974095	-0.385644376974095	-0.385644376974095	2.13828771111145	2.78457288591616	-0.385644376974095	-0.385644376974095	-0.385644376974095	-0.385644376974095	-0.385644376974095	-0.385644376974095	-0.385644376974095	-0.385644376974095	-0.385644376974095	3.11400630000914	-0.385644376974095	-0.385644376974095	-0.385644376974095	-0.385644376974095	-0.385644376974095	-0.385644376974095	-0.385644376974095	-0.385644376974095	-0.385644376974095	-0.385644376974095	-0.385644376974095	-0.385644376974095	-0.385644376974095	-0.385644376974095	-0.385644376974095	-0.385644376974095	-0.385644376974095	2.74819395999244	-0.385644376974095	-0.385644376974095	-0.385644376974095	-0.385644376974095	-0.385644376974095	-0.385644376974095	-0.385644376974095	-0.385644376974095
"AB124611"	-0.618195465684427	-0.618195465684427	-0.618195465684427	1.53835161446032	1.53702477104087	1.38271793122157	1.72475500697155	-0.618195465684427	1.66161638738317	1.36120519803547	1.07573556756038	-0.618195465684427	-0.618195465684427	-0.618195465684427	-0.618195465684427	-0.618195465684427	-0.618195465684427	-0.618195465684427	-0.618195465684427	1.56172801577333	-0.618195465684427	-0.618195465684427	1.2226579204268	1.45508679469278	-0.618195465684427	1.89999334990358	-0.618195465684427	-0.618195465684427	-0.618195465684427	1.5828527092237	-0.618195465684427	-0.618195465684427	-0.618195465684427	1.93430736485635	-0.618195465684427	-0.618195465684427	1.2910884077902	1.66212392549772	-0.618195465684427	-0.618195465684427	-0.618195465684427	-0.618195465684427	-0.618195465684427	-0.618195465684427	1.72278082728938	-0.618195465684427	-0.618195465684427	-0.618195465684427	-0.618195465684427	-0.618195465684427	-0.618195465684427	-0.618195465684427	-0.618195465684427	-0.618195465684427	-0.618195465684427	1.96837923230319	-0.618195465684427	-0.618195465684427	-0.618195465684427	-0.618195465684427
"Xdh"	0.52985844469661	1.00181289024998	-1.28892413264099	0.946124448457095	-1.28892413264099	0.685431631305836	0.899711754517767	-1.28892413264099	-1.28892413264099	0.789704803177539	0.537213547168108	0.635880574762598	0.555189837742328	0.682806421361469	-1.28892413264099	0.867804549700064	0.827091742725755	0.455086152438624	0.93650012295567	0.843417420326119	-1.28892413264099	0.498430913094288	0.754701973824011	0.538681714954565	-1.28892413264099	-1.28892413264099	0.840585076572007	1.01826856358475	0.748332030495546	0.651307832962067	-1.28892413264099	-1.28892413264099	0.828554665342141	-1.28892413264099	0.57951777354478	1.13016315100539	0.394116540869265	-1.28892413264099	0.513172907366805	-1.28892413264099	0.706545610075921	0.727062659497338	-1.28892413264099	-1.28892413264099	0.774654977587399	0.853457320853168	-1.28892413264099	-1.28892413264099	0.470157034697672	-1.28892413264099	-1.28892413264099	0.725923604450538	-1.28892413264099	-1.28892413264099	0.863661320575419	-1.28892413264099	0.657052214672114	1.13917833760209	0.923155391567201	0.826014961321691
"Spata13"	-0.619515293555831	-0.619515293555831	-0.619515293555831	1.21550615658658	-0.619515293555831	1.29498751987576	-0.619515293555831	1.4664485253812	-0.619515293555831	1.27440382631208	1.36263749287875	1.46973408577972	1.61079739710331	-0.619515293555831	1.51341556084502	1.62650669409845	-0.619515293555831	-0.619515293555831	-0.619515293555831	-0.619515293555831	-0.619515293555831	1.68293110726632	-0.619515293555831	-0.619515293555831	-0.619515293555831	-0.619515293555831	-0.619515293555831	1.884791190139	-0.619515293555831	-0.619515293555831	1.42712082579339	-0.619515293555831	-0.619515293555831	1.82275624998965	-0.619515293555831	-0.619515293555831	-0.619515293555831	-0.619515293555831	-0.619515293555831	-0.619515293555831	-0.619515293555831	-0.619515293555831	-0.619515293555831	1.89186340797298	-0.619515293555831	-0.619515293555831	-0.619515293555831	1.56378837535197	-0.619515293555831	-0.619515293555831	-0.619515293555831	-0.619515293555831	-0.619515293555831	-0.619515293555831	-0.619515293555831	1.85535670445544	-0.619515293555831	-0.619515293555831	-0.619515293555831	1.67611250307109
"Hes1"	-0.297892355608829	-0.297892355608829	-0.297892355608829	-0.297892355608829	-0.297892355608829	-0.297892355608829	-0.297892355608829	3.41720595547396	-0.297892355608829	-0.297892355608829	-0.297892355608829	-0.297892355608829	-0.297892355608829	-0.297892355608829	-0.297892355608829	-0.297892355608829	2.8478106402898	-0.297892355608829	3.05863583519783	-0.297892355608829	3.36909687177892	-0.297892355608829	-0.297892355608829	-0.297892355608829	-0.297892355608829	-0.297892355608829	-0.297892355608829	-0.297892355608829	-0.297892355608829	-0.297892355608829	-0.297892355608829	-0.297892355608829	-0.297892355608829	-0.297892355608829	-0.297892355608829	-0.297892355608829	-0.297892355608829	-0.297892355608829	-0.297892355608829	-0.297892355608829	-0.297892355608829	-0.297892355608829	-0.297892355608829	-0.297892355608829	3.69133025574507	-0.297892355608829	-0.297892355608829	-0.297892355608829	-0.297892355608829	-0.297892355608829	-0.297892355608829	-0.297892355608829	-0.297892355608829	-0.297892355608829	-0.297892355608829	-0.297892355608829	-0.297892355608829	-0.297892355608829	-0.297892355608829	-0.297892355608829
"Gm5150"	-1.01683999275961	1.0105000470938	0.852168611890468	-1.01683999275961	-1.01683999275961	0.907628574962145	0.790953585126285	1.06178564793681	1.14751718842759	1.09454977665848	0.914436747265148	0.859329553804866	0.45607467826518	-1.01683999275961	-1.01683999275961	-1.01683999275961	-1.01683999275961	1.09373037725219	0.675581609675204	1.06162244509853	1.03750525550091	0.725352912737975	0.889905653496234	-1.01683999275961	-1.01683999275961	0.94139019551507	-1.01683999275961	0.906370510711281	-1.01683999275961	0.874367002492257	-1.01683999275961	-1.01683999275961	-1.01683999275961	1.1763474456391	0.5993554656988	-1.01683999275961	-1.01683999275961	0.942479223046363	-1.01683999275961	-1.01683999275961	-1.01683999275961	-1.01683999275961	-1.01683999275961	1.0328792284762	0.994597463022406	-1.01683999275961	-1.01683999275961	1.1492666103869	1.17462223498846	-1.01683999275961	-1.01683999275961	-1.01683999275961	1.29289660034408	0.844706297065361	0.961168277427093	-1.01683999275961	1.08539337068051	-1.01683999275961	0.933877199342916	-1.01683999275961
"Cyrib"	0.485331942794242	0.0813034827865105	0.450396169116534	0.52363143561849	0.124956695724002	0.582578315231698	-0.239479059004563	0.156237623142358	0.457193405465637	0.300783760339466	0.320128473520269	-2.88087265629071	0.770858726463124	0.645646248783213	0.693993618174516	0.629082062133672	0.132748204100036	0.299586329087591	-0.108258377966244	-0.144123149810955	-0.179327838828796	0.140161329561773	0.380939094977134	-0.278004137673625	0.735250199349337	0.280546566403628	0.151965353096253	0.229341805186904	0.496526324622707	0.18254316821087	0.104586135474333	0.253440497524022	-2.88087265629071	0.323625538801566	0.0802016138472035	-2.88087265629071	0.467185745244173	0.457831162967014	0.528321221641966	0.853178138261206	0.261273996764324	0.290514410347016	0.108413359199319	-2.88087265629071	0.0580679849618067	0.170297948960652	0.721252401787395	0.459750088855848	0.321104808325298	-2.88087265629071	0.199340566130952	0.464584927843805	0.669647432893073	0.314820567031366	0.706557985126885	-2.88087265629071	0.190731211605391	0.40150468664197	0.445251080323458	0.13121465657842
"Ppp2r5c"	-1.20244460976139	0.668645564994924	0.716937354298281	0.489838634735441	-1.20244460976139	0.563137494175805	0.65407246538965	0.932203970699075	1.02024614030689	0.544154915130221	0.712999944409854	-1.20244460976139	0.643519601460702	0.560513669383853	0.764574983547857	0.745484179194102	0.636915440028105	0.754038816745646	0.535590994363891	-1.20244460976139	-1.20244460976139	0.797492890545173	-1.20244460976139	-1.20244460976139	0.582752586595112	0.808563630382742	0.929201183723897	0.772600098041472	-1.20244460976139	0.950692958345985	-1.20244460976139	-1.20244460976139	0.917158702113066	1.04985342813493	0.791207664762375	-1.20244460976139	1.07421232582193	-1.20244460976139	-1.20244460976139	-1.20244460976139	0.795027232429744	-1.20244460976139	1.10965504102599	1.11358504583396	0.86320493559471	0.942086343015973	0.907114762585208	-1.20244460976139	0.558401483100748	-1.20244460976139	-1.20244460976139	-1.20244460976139	0.958451666024992	-1.20244460976139	-1.20244460976139	1.07991803738033	-1.20244460976139	-1.20244460976139	-1.20244460976139	0.914616449950705
"Ms4a4c"	1.45210402253996	-0.776047470584559	0.990788880820012	1.40967852909329	-0.776047470584559	-0.776047470584559	1.14360969470711	1.21308362590215	-0.776047470584559	-0.776047470584559	0.986725079977807	-0.776047470584559	1.22315882554282	1.44090769228584	-0.776047470584559	1.02025486611891	1.12586915942671	1.02908586744476	-0.776047470584559	-0.776047470584559	-0.776047470584559	-0.776047470584559	1.40943579775031	-0.776047470584559	1.06986422897013	1.30335509959606	-0.776047470584559	-0.776047470584559	-0.776047470584559	-0.776047470584559	-0.776047470584559	-0.776047470584559	-0.776047470584559	-0.776047470584559	1.15787849526662	-0.776047470584559	0.965979428571019	1.52270031658208	-0.776047470584559	1.52847230209458	-0.776047470584559	1.52878733807078	-0.776047470584559	-0.776047470584559	-0.776047470584559	-0.776047470584559	-0.776047470584559	-0.776047470584559	1.04468494517501	-0.776047470584559	-0.776047470584559	1.30941547214735	-0.776047470584559	-0.776047470584559	1.3243570199052	-0.776047470584559	-0.776047470584559	-0.776047470584559	1.51355972364019	-0.776047470584559
"E2f2"	-0.441081777019327	-0.441081777019327	-0.441081777019327	-0.441081777019327	2.48816829281112	-0.441081777019327	-0.441081777019327	-0.441081777019327	-0.441081777019327	1.98061430093069	1.92264814885353	-0.441081777019327	-0.441081777019327	2.00329604935188	2.2862312483655	-0.441081777019327	-0.441081777019327	-0.441081777019327	-0.441081777019327	-0.441081777019327	-0.441081777019327	-0.441081777019327	1.81110875061677	-0.441081777019327	-0.441081777019327	2.34722240976008	-0.441081777019327	-0.441081777019327	-0.441081777019327	-0.441081777019327	2.17588882707094	-0.441081777019327	-0.441081777019327	-0.441081777019327	-0.441081777019327	-0.441081777019327	-0.441081777019327	-0.441081777019327	-0.441081777019327	-0.441081777019327	-0.441081777019327	-0.441081777019327	-0.441081777019327	-0.441081777019327	-0.441081777019327	-0.441081777019327	2.48386557662861	-0.441081777019327	-0.441081777019327	-0.441081777019327	-0.441081777019327	-0.441081777019327	2.55504524657724	-0.441081777019327	-0.441081777019327	-0.441081777019327	-0.441081777019327	-0.441081777019327	-0.441081777019327	-0.441081777019327
"Smpdl3a"	-0.442101217845823	-0.442101217845823	2.29488295748789	-0.442101217845823	-0.442101217845823	2.07556872446602	-0.442101217845823	-0.442101217845823	-0.442101217845823	-0.442101217845823	-0.442101217845823	2.30536947138163	-0.442101217845823	2.07182722482244	-0.442101217845823	-0.442101217845823	-0.442101217845823	-0.442101217845823	2.0362881979826	-0.442101217845823	-0.442101217845823	-0.442101217845823	1.87417156316598	2.16662759418146	-0.442101217845823	-0.442101217845823	-0.442101217845823	-0.442101217845823	-0.442101217845823	2.32739037540122	-0.442101217845823	-0.442101217845823	-0.442101217845823	-0.442101217845823	-0.442101217845823	-0.442101217845823	-0.442101217845823	-0.442101217845823	-0.442101217845823	-0.442101217845823	2.40623690615556	-0.442101217845823	-0.442101217845823	-0.442101217845823	-0.442101217845823	-0.442101217845823	-0.442101217845823	-0.442101217845823	-0.442101217845823	-0.442101217845823	-0.442101217845823	-0.442101217845823	-0.442101217845823	-0.442101217845823	-0.442101217845823	-0.442101217845823	-0.442101217845823	2.54669787724635	-0.442101217845823	-0.442101217845823
"Sirpb1a"	-0.833523877903072	1.27450811982265	0.89657965086577	0.879934450258597	-0.833523877903072	0.9541504785513	-0.833523877903072	-0.833523877903072	-0.833523877903072	-0.833523877903072	-0.833523877903072	1.11732075573937	1.19285838450549	1.0762789091359	-0.833523877903072	-0.833523877903072	1.24234445038267	1.14744049786578	-0.833523877903072	1.11408330632623	1.30258818646582	0.978011591630305	-0.833523877903072	1.23228757353948	0.974011009329949	-0.833523877903072	-0.833523877903072	1.37985955939197	-0.833523877903072	1.13295672325051	-0.833523877903072	-0.833523877903072	1.09903347829445	-0.833523877903072	1.18507442964969	-0.833523877903072	-0.833523877903072	-0.833523877903072	0.992953024548203	-0.833523877903072	1.40258409650328	-0.833523877903072	-0.833523877903072	1.29777803483919	-0.833523877903072	-0.833523877903072	1.30243184171615	1.41879785409804	-0.833523877903072	-0.833523877903072	-0.833523877903072	-0.833523877903072	-0.833523877903072	1.44069050145413	-0.833523877903072	-0.833523877903072	1.13877881844258	-0.833523877903072	-0.833523877903072	-0.833523877903072
"Trps1"	0.482074536741701	-0.246357268504507	0.14468316344272	0.629495309749051	0.0291838786019317	0.246619011012461	0.482261507631507	0.666730206539262	0.00517964309277693	0.836213189236468	0.243347315315441	-0.146785465751828	0.364074139710151	0.98708342897988	0.146014874128088	0.38999283949062	-1.05635216548608	0.94625138245367	-0.861202597820117	0.445614879186869	-0.196780940654996	-0.172405781616275	0.1874815672507	-0.320899101724443	0.418622255984176	0.00398016470032285	-0.157574707435603	-0.0603556619600096	0.652814119631554	0.379699812371092	0.281696300561221	-0.0300770461418557	0.0415952300631126	0.813015590608009	0.434259612660717	-0.237463638437047	0.479076525648237	0.00598076720611861	0.315294716149315	0.477303763901584	0.20050647692677	0.614713492832163	0.385787797107234	-3.96816059484829	0.322486411188826	0.242800469385496	0.180255253129531	0.00839124269586554	0.432350883310232	0.119698487027035	-3.96816059484829	0.0144645784823085	-3.96816059484829	-0.550722455504645	0.345005596274934	0.111850690204877	1.08762866092526	0.155957060440086	0.367568543373679	-0.183646759770776
"Gm34983"	-0.297589925599243	-0.297589925599243	-0.297589925599243	3.218975688783	-0.297589925599243	-0.297589925599243	-0.297589925599243	-0.297589925599243	-0.297589925599243	2.93011253228338	-0.297589925599243	-0.297589925599243	-0.297589925599243	-0.297589925599243	-0.297589925599243	-0.297589925599243	-0.297589925599243	-0.297589925599243	-0.297589925599243	-0.297589925599243	-0.297589925599243	-0.297589925599243	-0.297589925599243	-0.297589925599243	3.0014407316103	-0.297589925599243	-0.297589925599243	3.35227746927421	-0.297589925599243	-0.297589925599243	-0.297589925599243	-0.297589925599243	-0.297589925599243	3.86463948600747	-0.297589925599243	-0.297589925599243	-0.297589925599243	-0.297589925599243	-0.297589925599243	-0.297589925599243	-0.297589925599243	-0.297589925599243	-0.297589925599243	-0.297589925599243	-0.297589925599243	-0.297589925599243	-0.297589925599243	-0.297589925599243	-0.297589925599243	-0.297589925599243	-0.297589925599243	-0.297589925599243	-0.297589925599243	-0.297589925599243	-0.297589925599243	-0.297589925599243	-0.297589925599243	-0.297589925599243	-0.297589925599243	-0.297589925599243
"Dck"	-0.493545910941875	-0.493545910941875	1.74401587683692	1.72248845711364	1.99677158308859	-0.493545910941875	1.9375516354029	-0.493545910941875	-0.493545910941875	-0.493545910941875	-0.493545910941875	-0.493545910941875	-0.493545910941875	-0.493545910941875	-0.493545910941875	1.78133227158488	-0.493545910941875	-0.493545910941875	-0.493545910941875	2.02531572974621	1.99291388203255	-0.493545910941875	-0.493545910941875	2.17819059941195	-0.493545910941875	-0.493545910941875	-0.493545910941875	-0.493545910941875	-0.493545910941875	-0.493545910941875	-0.493545910941875	-0.493545910941875	-0.493545910941875	-0.493545910941875	-0.493545910941875	-0.493545910941875	-0.493545910941875	-0.493545910941875	1.86865661348959	-0.493545910941875	-0.493545910941875	-0.493545910941875	-0.493545910941875	-0.493545910941875	-0.493545910941875	-0.493545910941875	-0.493545910941875	-0.493545910941875	1.81227107999512	2.50094252341314	-0.493545910941875	-0.493545910941875	-0.493545910941875	-0.493545910941875	-0.493545910941875	-0.493545910941875	-0.493545910941875	-0.493545910941875	2.12975347309452	-0.493545910941875
"Slc16a3"	-0.295563405947445	-0.295563405947445	-0.295563405947445	-0.295563405947445	-0.295563405947445	-0.295563405947445	-0.295563405947445	3.45884047969714	-0.295563405947445	-0.295563405947445	2.62157920265576	-0.295563405947445	2.65652940282092	-0.295563405947445	-0.295563405947445	-0.295563405947445	-0.295563405947445	-0.295563405947445	-0.295563405947445	-0.295563405947445	-0.295563405947445	-0.295563405947445	-0.295563405947445	-0.295563405947445	-0.295563405947445	3.62922420764643	-0.295563405947445	-0.295563405947445	-0.295563405947445	-0.295563405947445	-0.295563405947445	-0.295563405947445	-0.295563405947445	-0.295563405947445	-0.295563405947445	-0.295563405947445	-0.295563405947445	-0.295563405947445	-0.295563405947445	-0.295563405947445	-0.295563405947445	-0.295563405947445	-0.295563405947445	-0.295563405947445	-0.295563405947445	3.88981403428921	-0.295563405947445	-0.295563405947445	-0.295563405947445	-0.295563405947445	-0.295563405947445	-0.295563405947445	-0.295563405947445	-0.295563405947445	-0.295563405947445	-0.295563405947445	-0.295563405947445	-0.295563405947445	-0.295563405947445	-0.295563405947445
"Cd300e"	-0.439796415869579	-0.439796415869579	-0.439796415869579	-0.439796415869579	-0.439796415869579	-0.439796415869579	-0.439796415869579	-0.439796415869579	2.27464943580743	-0.439796415869579	1.57707355523412	-0.439796415869579	-0.439796415869579	-0.439796415869579	2.49907241028998	-0.439796415869579	-0.439796415869579	-0.439796415869579	-0.439796415869579	-0.439796415869579	2.12232999422252	2.25880642415513	1.75200587288142	-0.439796415869579	-0.439796415869579	-0.439796415869579	2.15189572375106	-0.439796415869579	-0.439796415869579	-0.439796415869579	2.39159204275653	-0.439796415869579	-0.439796415869579	-0.439796415869579	-0.439796415869579	-0.439796415869579	-0.439796415869579	-0.439796415869579	-0.439796415869579	-0.439796415869579	-0.439796415869579	-0.439796415869579	-0.439796415869579	2.68532334672951	-0.439796415869579	-0.439796415869579	-0.439796415869579	2.27707198765128	-0.439796415869579	-0.439796415869579	-0.439796415869579	-0.439796415869579	-0.439796415869579	-0.439796415869579	-0.439796415869579	-0.439796415869579	-0.439796415869579	-0.439796415869579	-0.439796415869579	-0.439796415869579
"Fcer1g"	-0.947498081636557	-0.947498081636557	-0.947498081636557	0.729452692623696	-0.947498081636557	-0.947498081636557	1.10116241981146	-0.947498081636557	1.04595442562794	0.992092343020684	1.01786085834024	1.37998499241382	0.55140984622698	0.591108329770717	1.00169986776807	-0.947498081636557	0.666612726692822	0.782445025423376	0.774790525491016	-0.947498081636557	1.35225782124418	-0.947498081636557	1.0796441471293	1.1966097164165	0.821524822993919	-0.947498081636557	1.16483451721076	-0.947498081636557	-0.947498081636557	-0.947498081636557	1.13183550256478	1.02642419814417	-0.947498081636557	1.28439362490699	-0.947498081636557	-0.947498081636557	0.930672310548027	1.25549867516791	-0.947498081636557	-0.947498081636557	-0.947498081636557	1.0522277713703	-0.947498081636557	-0.947498081636557	-0.947498081636557	-0.947498081636557	-0.947498081636557	1.25683488070327	0.797394346023376	-0.947498081636557	1.19783074271334	1.26020152970279	-0.947498081636557	0.946899840248655	-0.947498081636557	-0.947498081636557	0.982782030434167	-0.947498081636557	-0.947498081636557	-0.947498081636557
"Dipk1a"	0.819427164307928	1.07001746468354	1.03241599091554	0.814475305115686	0.89723365053159	0.766643437538405	0.853867287577645	1.18560431139917	0.800498561455872	0.74843090753134	-1.12654157956629	-1.12654157956629	0.641756212714056	-1.12654157956629	-1.12654157956629	0.941518545122567	0.433794725599435	-1.12654157956629	0.74021379539463	-1.12654157956629	1.01266983869307	-1.12654157956629	0.996267812614182	-1.12654157956629	0.785461005254859	0.799856239896428	-1.12654157956629	0.765405823980959	-1.12654157956629	-1.12654157956629	-1.12654157956629	0.781618988359757	0.701828172158491	-1.12654157956629	-1.12654157956629	-1.12654157956629	0.689057098721561	-1.12654157956629	1.07063972737707	-1.12654157956629	0.786889367369756	1.00870092387533	0.886095295435222	-1.12654157956629	-1.12654157956629	-1.12654157956629	-1.12654157956629	1.12264450952347	0.762099714201611	-1.12654157956629	0.947315081251367	1.00760796995466	-1.12654157956629	0.906800919819737	0.819312815582274	-1.12654157956629	-1.12654157956629	-1.12654157956629	0.79246537260701	0.901447032159394
"Gm21188"	-0.921953169072677	-0.921953169072677	1.22492780307142	0.995750741568391	-0.921953169072677	0.857353891473003	0.948995756198806	1.0167068971535	-0.921953169072677	-0.921953169072677	0.796091838443873	-0.921953169072677	1.02652645466638	0.978910694057307	-0.921953169072677	1.16546229604797	1.31589570853079	0.837377788465528	-0.921953169072677	-0.921953169072677	-0.921953169072677	0.881103321463238	1.26401693361569	1.2585782079532	-0.921953169072677	1.1046878761241	-0.921953169072677	-0.921953169072677	1.13319975456848	1.0353232249337	-0.921953169072677	-0.921953169072677	1.00155875935919	-0.921953169072677	0.750704148123673	1.18122586404809	0.775872574866312	1.10581494887963	-0.921953169072677	0.987125435735321	1.09104625141663	-0.921953169072677	-0.921953169072677	-0.921953169072677	-0.921953169072677	-0.921953169072677	-0.921953169072677	-0.921953169072677	-0.921953169072677	-0.921953169072677	1.25981997674619	-0.921953169072677	1.25574108374036	-0.921953169072677	-0.921953169072677	-0.921953169072677	1.04111806952886	-0.921953169072677	-0.921953169072677	1.21156510954601
"Asap1"	0.456465180425374	-2.03834367493792	0.183833576333329	0.164764681298443	0.550537693716473	0.00577076402577279	0.111051332542217	0.67744005288749	0.29069082209833	0.550682218230096	0.0780006326061477	0.579512286200957	0.278721078211362	0.688313887463283	0.483249037681973	0.216883852967869	-2.03834367493792	-2.03834367493792	0.60502430522113	0.432865893353436	0.404191509535681	0.600062906019423	0.574377771726347	0.323806344624689	0.714126690611008	0.534214500713181	0.185366330234951	0.248277488595503	0.954432009719094	0.4544656836463	-2.03834367493792	0.267872835023684	0.171437083882115	0.569269377916879	0.127027773148303	-2.03834367493792	0.298814662850221	-2.03834367493792	0.0501394960906768	-2.03834367493792	1.00742364725837	1.07277685940726	0.638505093498354	0.398691346512081	0.841955037514282	0.444501317431072	0.791367997479501	0.537071336723735	0.387146315871246	-2.03834367493792	-2.03834367493792	0.296700164367485	0.463448379131823	0.562104462251408	0.557745349643184	0.604076879490023	0.216883852967869	-2.03834367493792	0.769692625167704	-2.03834367493792
"Rrp9"	-0.29598509936853	-0.29598509936853	-0.29598509936853	2.97075826310002	-0.29598509936853	-0.29598509936853	-0.29598509936853	-0.29598509936853	-0.29598509936853	-0.29598509936853	-0.29598509936853	3.42334011176526	-0.29598509936853	2.70125987589526	-0.29598509936853	-0.29598509936853	-0.29598509936853	3.07398869424458	-0.29598509936853	-0.29598509936853	-0.29598509936853	-0.29598509936853	-0.29598509936853	-0.29598509936853	-0.29598509936853	-0.29598509936853	-0.29598509936853	-0.29598509936853	-0.29598509936853	-0.29598509936853	-0.29598509936853	-0.29598509936853	-0.29598509936853	-0.29598509936853	-0.29598509936853	-0.29598509936853	-0.29598509936853	-0.29598509936853	-0.29598509936853	-0.29598509936853	-0.29598509936853	-0.29598509936853	-0.29598509936853	-0.29598509936853	-0.29598509936853	-0.29598509936853	-0.29598509936853	-0.29598509936853	-0.29598509936853	-0.29598509936853	-0.29598509936853	-0.29598509936853	-0.29598509936853	-0.29598509936853	-0.29598509936853	4.10983352026404	-0.29598509936853	-0.29598509936853	-0.29598509936853	-0.29598509936853
"H3f3a"	1.03437140878144	-0.832939218270821	0.919616621293403	1.11878672268747	1.11758589811694	0.977934570809764	-0.832939218270821	1.14011466192317	-0.832939218270821	0.958465040185193	1.04192275723794	-0.832939218270821	-0.832939218270821	0.975243438218257	1.18453944567149	0.948844446815012	-0.832939218270821	0.957604071287599	-0.832939218270821	-0.832939218270821	-0.832939218270821	-0.832939218270821	-0.832939218270821	1.3862770173535	-0.832939218270821	1.22965651351715	-0.832939218270821	1.40916826473429	-0.832939218270821	1.37543182132885	1.10291570882226	1.4265406546736	-0.832939218270821	-0.832939218270821	-0.832939218270821	-0.832939218270821	1.11102378181234	-0.832939218270821	1.01724067443076	-0.832939218270821	-0.832939218270821	-0.832939218270821	-0.832939218270821	-0.832939218270821	1.28569950760327	-0.832939218270821	1.33073573367445	-0.832939218270821	-0.832939218270821	-0.832939218270821	-0.832939218270821	-0.832939218270821	1.38338955965307	-0.832939218270821	-0.832939218270821	-0.832939218270821	1.38133446038909	-0.832939218270821	-0.832939218270821	1.33842985845843
"Gpr35"	2.66138773427544	-0.359207857990729	-0.359207857990729	2.44848330147055	2.79599700391596	-0.359207857990729	-0.359207857990729	-0.359207857990729	-0.359207857990729	-0.359207857990729	-0.359207857990729	-0.359207857990729	2.49905647094116	-0.359207857990729	-0.359207857990729	-0.359207857990729	-0.359207857990729	-0.359207857990729	-0.359207857990729	-0.359207857990729	-0.359207857990729	-0.359207857990729	-0.359207857990729	-0.359207857990729	-0.359207857990729	-0.359207857990729	-0.359207857990729	2.91761686013598	-0.359207857990729	-0.359207857990729	-0.359207857990729	-0.359207857990729	-0.359207857990729	-0.359207857990729	-0.359207857990729	-0.359207857990729	-0.359207857990729	-0.359207857990729	-0.359207857990729	-0.359207857990729	-0.359207857990729	-0.359207857990729	-0.359207857990729	-0.359207857990729	-0.359207857990729	-0.359207857990729	-0.359207857990729	-0.359207857990729	2.56223689670867	-0.359207857990729	-0.359207857990729	-0.359207857990729	-0.359207857990729	-0.359207857990729	-0.359207857990729	-0.359207857990729	-0.359207857990729	-0.359207857990729	-0.359207857990729	3.15323820606087
"Sgk3"	0.600138770062844	0.651249142083396	0.486863163738172	0.470219290925553	0.68228063046635	1.09642627708792	0.849990916293794	0.704519000086981	-1.24310235395473	0.525210829234752	0.696154933441879	0.921154524798967	0.625810813534291	0.328874419650043	0.748371151488145	-1.24310235395473	0.406016408261689	-1.24310235395473	-1.24310235395473	-1.24310235395473	0.679298058167807	0.568288608643023	1.0004939692637	-1.24310235395473	-1.24310235395473	0.792906663493177	1.04004096311604	0.756496033897319	-1.24310235395473	0.723221380225826	-1.24310235395473	0.773631720276888	1.02784497076895	1.0371961667557	-1.24310235395473	-1.24310235395473	0.800689647504121	0.794038946044655	-1.24310235395473	0.674800800932059	0.779201981560053	1.01363451914747	0.884052683779966	-1.24310235395473	-1.24310235395473	0.928089325368237	-1.24310235395473	-1.24310235395473	0.753001807909614	-1.24310235395473	-1.24310235395473	1.01247937662412	-1.24310235395473	0.905936449185452	-1.24310235395473	1.06763453807002	-1.24310235395473	-1.24310235395473	0.785095259069862	-1.24310235395473
"Lrrc8d"	-1.0469874683302	1.2637103473358	-1.0469874683302	-1.0469874683302	-1.0469874683302	-1.0469874683302	-1.0469874683302	0.792465167234409	1.28022437082114	0.623115572269279	0.986262295530571	1.19890625025963	1.06846248633394	0.638757855935368	-1.0469874683302	0.933608277013092	0.510541076539653	1.09050973694607	0.93439032891193	-1.0469874683302	-1.0469874683302	0.663800859839359	0.707479384095744	0.702327397801881	0.660022766823552	-1.0469874683302	-1.0469874683302	1.04330036426938	1.10478407543168	-1.0469874683302	0.959455580677151	-1.0469874683302	-1.0469874683302	-1.0469874683302	1.00802363929296	1.15037871422456	0.563955106815236	0.87701327520505	0.997501080997741	-1.0469874683302	0.863000339185252	-1.0469874683302	1.28194284005766	0.965783740098925	-1.0469874683302	-1.0469874683302	-1.0469874683302	-1.0469874683302	-1.0469874683302	-1.0469874683302	-1.0469874683302	1.0833217678232	1.01926721064945	0.781002793213384	0.693768100979526	-1.0469874683302	-1.0469874683302	-1.0469874683302	0.868566310632955	-1.0469874683302
"Bcl6"	-0.749504204289273	1.51003143446068	1.2169690462565	1.41619245033272	1.19889487666924	-0.749504204289273	-0.749504204289273	-0.749504204289273	-0.749504204289273	1.25584220711265	1.58050932554089	1.44062427801356	1.01552844346788	0.841264035464649	-0.749504204289273	1.03033735035287	-0.749504204289273	-0.749504204289273	-0.749504204289273	-0.749504204289273	1.19587665059558	-0.749504204289273	-0.749504204289273	-0.749504204289273	-0.749504204289273	-0.749504204289273	1.56093188903416	-0.749504204289273	1.33982941682157	-0.749504204289273	-0.749504204289273	-0.749504204289273	-0.749504204289273	-0.749504204289273	-0.749504204289273	-0.749504204289273	-0.749504204289273	-0.749504204289273	-0.749504204289273	1.1913256329872	-0.749504204289273	-0.749504204289273	1.40307892027009	1.40710331996789	1.36682524550571	-0.749504204289273	-0.749504204289273	1.31336972598689	1.05454355940732	-0.749504204289273	1.46855554920092	-0.749504204289273	1.46440881724926	1.20911758829413	-0.749504204289273	-0.749504204289273	-0.749504204289273	-0.749504204289273	-0.749504204289273	-0.749504204289273
"Cx3cr1"	-0.771842601831364	-0.771842601831364	0.982541103618639	0.965662305192078	1.18071685676628	1.38400405304295	-0.771842601831364	-0.771842601831364	1.2935928101402	1.5241584960765	1.44817680553529	-0.771842601831364	0.781190391035159	0.822322373569983	-0.771842601831364	1.01179941293082	-0.771842601831364	-0.771842601831364	1.01263727207238	-0.771842601831364	1.52100170530545	-0.771842601831364	1.11201565811369	-0.771842601831364	1.06105912946018	-0.771842601831364	-0.771842601831364	-0.771842601831364	-0.771842601831364	1.43883170594117	1.50932528467881	-0.771842601831364	-0.771842601831364	-0.771842601831364	0.932264852105934	-0.771842601831364	-0.771842601831364	-0.771842601831364	-0.771842601831364	1.17313145062939	-0.771842601831364	1.51674775281264	-0.771842601831364	-0.771842601831364	1.56569100831641	1.42999510224767	-0.771842601831364	1.63887448580318	1.25243625236566	-0.771842601831364	-0.771842601831364	-0.771842601831364	-0.771842601831364	-0.771842601831364	-0.771842601831364	-0.771842601831364	-0.771842601831364	-0.771842601831364	-0.771842601831364	-0.771842601831364
"Fyb"	-0.158973346101553	0.703867144048888	0.10720357090525	0.1513210886794	-4.09121869242901	0.125582591575134	0.190546452659604	0.574631788830509	0.190137613827769	0.250747355257483	0.375945816884622	-0.575267731366873	0.556560642916518	0.0724240260619202	0.493854216569501	0.652606302445019	0.346204999801807	0.700017824245749	-0.150130137818477	0.69838352617877	0.267826012250244	0.598497393154758	0.507678974442119	0.0170268939392809	0.321369390828572	-0.0364271228810455	0.409220103113593	0.594215583325026	0.524547312801722	0.673875406071905	0.12304144262484	-0.0711929833489097	0.00197062260528714	0.404091025665119	-0.068120874786818	0.102247300653277	-0.022389522361118	-0.034384892591241	-0.0296590633450338	-0.0241984832556914	-0.0611458480459976	0.871018652129433	-0.257202739224785	-4.09121869242901	0.572675966854762	-0.177830439895456	0.754236536677159	0.353325019046709	-0.493410791696314	0.0816990227457541	0.470018057986472	-0.0257245533629203	0.622560417664808	0.167415604164835	-0.159191269650221	0.0736879319208588	0.233581124308151	-0.266438653095527	-0.0505162257476002	-4.09121869242901
"Arl5c"	-0.41588917761481	-0.41588917761481	-0.41588917761481	-0.41588917761481	-0.41588917761481	2.2304732931601	-0.41588917761481	-0.41588917761481	-0.41588917761481	-0.41588917761481	2.32398391557761	-0.41588917761481	-0.41588917761481	-0.41588917761481	-0.41588917761481	2.18796176481721	-0.41588917761481	2.20076284549004	-0.41588917761481	-0.41588917761481	-0.41588917761481	-0.41588917761481	-0.41588917761481	2.64221023353158	2.25987359367486	-0.41588917761481	-0.41588917761481	-0.41588917761481	-0.41588917761481	2.49516699075875	-0.41588917761481	-0.41588917761481	2.44494911857498	-0.41588917761481	-0.41588917761481	-0.41588917761481	2.42496630277016	-0.41588917761481	-0.41588917761481	-0.41588917761481	-0.41588917761481	-0.41588917761481	-0.41588917761481	-0.41588917761481	-0.41588917761481	-0.41588917761481	-0.41588917761481	-0.41588917761481	-0.41588917761481	-0.41588917761481	-0.41588917761481	-0.41588917761481	-0.41588917761481	-0.41588917761481	-0.41588917761481	-0.41588917761481	-0.41588917761481	-0.41588917761481	-0.41588917761481	-0.41588917761481
"Dgkg"	-0.695280121358451	-0.695280121358451	1.35644171852001	-0.695280121358451	-0.695280121358451	-0.695280121358451	1.64660780118565	-0.695280121358451	-0.695280121358451	1.62251793031081	0.902483109137379	-0.695280121358451	-0.695280121358451	0.964449518382289	-0.695280121358451	-0.695280121358451	1.40271688100236	1.39610129760331	1.38783060152936	-0.695280121358451	-0.695280121358451	1.21722858758884	1.04106439051236	-0.695280121358451	-0.695280121358451	1.67994615292806	-0.695280121358451	1.41594236463628	-0.695280121358451	-0.695280121358451	-0.695280121358451	-0.695280121358451	-0.695280121358451	-0.695280121358451	-0.695280121358451	-0.695280121358451	-0.695280121358451	-0.695280121358451	-0.695280121358451	-0.695280121358451	1.43991583228989	-0.695280121358451	1.55061964238688	-0.695280121358451	1.51279433443047	-0.695280121358451	-0.695280121358451	-0.695280121358451	1.54415905195812	-0.695280121358451	-0.695280121358451	-0.695280121358451	-0.695280121358451	1.34824989197377	1.2507292894115	1.7444496340254	1.38695682452531	-0.695280121358451	-0.695280121358451	-0.695280121358451
"Gm38125"	-0.264968087347905	-0.264968087347905	-0.264968087347905	-0.264968087347905	-0.264968087347905	-0.264968087347905	-0.264968087347905	-0.264968087347905	-0.264968087347905	-0.264968087347905	-0.264968087347905	-0.264968087347905	-0.264968087347905	-0.264968087347905	-0.264968087347905	3.6332516413675	-0.264968087347905	-0.264968087347905	3.63508281545315	-0.264968087347905	-0.264968087347905	3.74977682264633	-0.264968087347905	-0.264968087347905	-0.264968087347905	-0.264968087347905	-0.264968087347905	-0.264968087347905	-0.264968087347905	-0.264968087347905	-0.264968087347905	-0.264968087347905	-0.264968087347905	-0.264968087347905	-0.264968087347905	-0.264968087347905	-0.264968087347905	-0.264968087347905	-0.264968087347905	-0.264968087347905	-0.264968087347905	-0.264968087347905	-0.264968087347905	-0.264968087347905	-0.264968087347905	-0.264968087347905	-0.264968087347905	-0.264968087347905	-0.264968087347905	-0.264968087347905	-0.264968087347905	-0.264968087347905	-0.264968087347905	-0.264968087347905	3.82010161201567	-0.264968087347905	-0.264968087347905	-0.264968087347905	-0.264968087347905	-0.264968087347905
"Trem3"	-0.264037869441334	-0.264037869441334	-0.264037869441334	-0.264037869441334	-0.264037869441334	3.55885490172964	-0.264037869441334	-0.264037869441334	-0.264037869441334	-0.264037869441334	-0.264037869441334	-0.264037869441334	-0.264037869441334	-0.264037869441334	-0.264037869441334	-0.264037869441334	-0.264037869441334	-0.264037869441334	-0.264037869441334	-0.264037869441334	-0.264037869441334	-0.264037869441334	3.25304843395996	-0.264037869441334	-0.264037869441334	-0.264037869441334	-0.264037869441334	-0.264037869441334	4.15151773062984	-0.264037869441334	3.82269962239527	-0.264037869441334	-0.264037869441334	-0.264037869441334	-0.264037869441334	-0.264037869441334	-0.264037869441334	-0.264037869441334	-0.264037869441334	-0.264037869441334	-0.264037869441334	-0.264037869441334	-0.264037869441334	-0.264037869441334	-0.264037869441334	-0.264037869441334	-0.264037869441334	-0.264037869441334	-0.264037869441334	-0.264037869441334	-0.264037869441334	-0.264037869441334	-0.264037869441334	-0.264037869441334	-0.264037869441334	-0.264037869441334	-0.264037869441334	-0.264037869441334	-0.264037869441334	-0.264037869441334
"Ier5"	-0.467273441736558	2.13900856203825	-0.467273441736558	-0.467273441736558	-0.467273441736558	-0.467273441736558	-0.467273441736558	-0.467273441736558	-0.467273441736558	-0.467273441736558	1.61473285004727	-0.467273441736558	-0.467273441736558	-0.467273441736558	-0.467273441736558	-0.467273441736558	2.09481098418003	-0.467273441736558	1.95367397066784	-0.467273441736558	2.17759875259638	2.02487000550246	-0.467273441736558	-0.467273441736558	-0.467273441736558	-0.467273441736558	-0.467273441736558	-0.467273441736558	2.37331193016386	-0.467273441736558	-0.467273441736558	-0.467273441736558	-0.467273441736558	-0.467273441736558	1.84463525020259	-0.467273441736558	1.87942247407118	-0.467273441736558	-0.467273441736558	-0.467273441736558	-0.467273441736558	-0.467273441736558	-0.467273441736558	-0.467273441736558	-0.467273441736558	-0.467273441736558	2.47117746897782	-0.467273441736558	-0.467273441736558	-0.467273441736558	-0.467273441736558	-0.467273441736558	-0.467273441736558	-0.467273441736558	-0.467273441736558	-0.467273441736558	-0.467273441736558	-0.467273441736558	2.32315639664367	-0.467273441736558
"Sirpb1b"	1.16080729304818	-0.985033634063287	-0.985033634063287	-0.985033634063287	0.908743277856833	0.773154939541506	0.863709112566217	-0.985033634063287	-0.985033634063287	0.96409412494107	0.989989348942578	1.14369594421353	1.06317975103696	0.770542102246619	-0.985033634063287	-0.985033634063287	-0.985033634063287	0.753415931681827	0.745723793120101	0.930449845810618	0.90580966589349	1.00652895207845	-0.985033634063287	0.836744952500888	-0.985033634063287	1.01755333221935	-0.985033634063287	-0.985033634063287	1.04572680491806	0.949011965841788	1.22745882380496	-0.985033634063287	-0.985033634063287	-0.985033634063287	0.877450806663704	-0.985033634063287	0.692640719710206	1.01866702781711	1.02124418913793	-0.985033634063287	-0.985033634063287	-0.985033634063287	-0.985033634063287	1.11111472559526	1.07196582216037	-0.985033634063287	-0.985033634063287	1.35310789685456	-0.985033634063287	-0.985033634063287	-0.985033634063287	-0.985033634063287	1.16681369853061	1.25167000341802	0.827831094870734	-0.985033634063287	-0.985033634063287	1.1021630748771	-0.985033634063287	-0.985033634063287
"Sirpa"	-1.62433161107612	0.799586576769524	0.253674473792816	0.235606313417246	0.697632717821557	0.31616689861395	0.647876625170783	0.489956053332868	0.586644391229728	0.295303713454852	0.480876237641108	0.725130008794393	0.575281392303988	0.448735806751253	0.537560821360735	0.516578689000741	0.165909314791712	0.661594863390798	0.517477087327419	0.72161262423408	0.462576847270136	-1.62433161107612	-1.62433161107612	0.386350681645741	-1.62433161107612	-1.62433161107612	0.486658785923614	0.546380984795913	0.617002262059753	0.510258876333134	0.681896723285576	-1.62433161107612	0.705261025060404	-1.62433161107612	0.431277403684808	1.03708248550036	0.690593947684765	0.587136604913951	-1.62433161107612	0.68950479304323	0.571029977759771	-1.62433161107612	0.916827996626526	0.68917038129948	0.877915947314853	-1.62433161107612	0.694222031381343	0.820535905488418	-1.62433161107612	-1.62433161107612	-1.62433161107612	0.592349120620233	-1.62433161107612	0.708609657197854	0.840161955035743	-1.62433161107612	0.516578689000741	0.679290516796522	0.577427568295566	-1.62433161107612
"Dock4"	1.32310285885325	-0.859288339963046	0.754746278729379	-0.859288339963046	-0.859288339963046	0.808454803893388	-0.859288339963046	-0.859288339963046	-0.859288339963046	0.989571620442119	-0.859288339963046	-0.859288339963046	1.23046040187083	1.20434116687854	0.998729722894177	0.980696827113981	-0.859288339963046	-0.859288339963046	0.782434781320596	1.15691130913279	1.3970901490108	1.14639646349011	1.13718725375074	-0.859288339963046	-0.859288339963046	-0.859288339963046	1.15423323418968	1.00631012917806	-0.859288339963046	1.29116054920615	-0.859288339963046	-0.859288339963046	1.14285808143031	-0.859288339963046	1.22319348570417	1.31138140583633	-0.859288339963046	-0.859288339963046	-0.859288339963046	-0.859288339963046	-0.859288339963046	-0.859288339963046	-0.859288339963046	1.12902912939633	1.60735828112075	-0.859288339963046	1.33274329382119	-0.859288339963046	-0.859288339963046	-0.859288339963046	-0.859288339963046	-0.859288339963046	-0.859288339963046	0.946493139633228	0.860318286884744	-0.859288339963046	0.980696827113981	1.31990407784794	-0.859288339963046	-0.859288339963046
"Stat1"	-0.59304722014519	-0.59304722014519	1.37734843072225	1.35839139703102	-0.59304722014519	1.4429152055436	-0.59304722014519	-0.59304722014519	-0.59304722014519	1.80630677853577	-0.59304722014519	-0.59304722014519	-0.59304722014519	1.19740245431203	1.91848927601473	1.7954665715575	1.28526561534334	-0.59304722014519	-0.59304722014519	1.62506092285966	-0.59304722014519	-0.59304722014519	-0.59304722014519	-0.59304722014519	1.46553414297679	-0.59304722014519	-0.59304722014519	-0.59304722014519	-0.59304722014519	1.64655564731183	-0.59304722014519	-0.59304722014519	-0.59304722014519	2.00416656356034	-0.59304722014519	1.81350394849748	-0.59304722014519	-0.59304722014519	-0.59304722014519	1.59140558918804	-0.59304722014519	1.97733032462973	-0.59304722014519	-0.59304722014519	1.78893481830424	-0.59304722014519	-0.59304722014519	-0.59304722014519	-0.59304722014519	-0.59304722014519	-0.59304722014519	-0.59304722014519	-0.59304722014519	-0.59304722014519	-0.59304722014519	-0.59304722014519	-0.59304722014519	-0.59304722014519	-0.59304722014519	-0.59304722014519
"Gm34923"	-0.129099444873581	-0.129099444873581	-0.129099444873581	-0.129099444873581	-0.129099444873581	-0.129099444873581	-0.129099444873581	-0.129099444873581	-0.129099444873581	-0.129099444873581	-0.129099444873581	-0.129099444873581	7.61686724754125	-0.129099444873581	-0.129099444873581	-0.129099444873581	-0.129099444873581	-0.129099444873581	-0.129099444873581	-0.129099444873581	-0.129099444873581	-0.129099444873581	-0.129099444873581	-0.129099444873581	-0.129099444873581	-0.129099444873581	-0.129099444873581	-0.129099444873581	-0.129099444873581	-0.129099444873581	-0.129099444873581	-0.129099444873581	-0.129099444873581	-0.129099444873581	-0.129099444873581	-0.129099444873581	-0.129099444873581	-0.129099444873581	-0.129099444873581	-0.129099444873581	-0.129099444873581	-0.129099444873581	-0.129099444873581	-0.129099444873581	-0.129099444873581	-0.129099444873581	-0.129099444873581	-0.129099444873581	-0.129099444873581	-0.129099444873581	-0.129099444873581	-0.129099444873581	-0.129099444873581	-0.129099444873581	-0.129099444873581	-0.129099444873581	-0.129099444873581	-0.129099444873581	-0.129099444873581	-0.129099444873581
"B130046B21Rik"	-0.129099444873581	-0.129099444873581	-0.129099444873581	-0.129099444873581	-0.129099444873581	-0.129099444873581	-0.129099444873581	-0.129099444873581	-0.129099444873581	-0.129099444873581	-0.129099444873581	-0.129099444873581	-0.129099444873581	7.61686724754125	-0.129099444873581	-0.129099444873581	-0.129099444873581	-0.129099444873581	-0.129099444873581	-0.129099444873581	-0.129099444873581	-0.129099444873581	-0.129099444873581	-0.129099444873581	-0.129099444873581	-0.129099444873581	-0.129099444873581	-0.129099444873581	-0.129099444873581	-0.129099444873581	-0.129099444873581	-0.129099444873581	-0.129099444873581	-0.129099444873581	-0.129099444873581	-0.129099444873581	-0.129099444873581	-0.129099444873581	-0.129099444873581	-0.129099444873581	-0.129099444873581	-0.129099444873581	-0.129099444873581	-0.129099444873581	-0.129099444873581	-0.129099444873581	-0.129099444873581	-0.129099444873581	-0.129099444873581	-0.129099444873581	-0.129099444873581	-0.129099444873581	-0.129099444873581	-0.129099444873581	-0.129099444873581	-0.129099444873581	-0.129099444873581	-0.129099444873581	-0.129099444873581	-0.129099444873581
"Cbs"	-0.129099444873581	-0.129099444873581	-0.129099444873581	-0.129099444873581	-0.129099444873581	-0.129099444873581	-0.129099444873581	-0.129099444873581	-0.129099444873581	-0.129099444873581	-0.129099444873581	-0.129099444873581	-0.129099444873581	-0.129099444873581	-0.129099444873581	-0.129099444873581	-0.129099444873581	-0.129099444873581	7.61686724754125	-0.129099444873581	-0.129099444873581	-0.129099444873581	-0.129099444873581	-0.129099444873581	-0.129099444873581	-0.129099444873581	-0.129099444873581	-0.129099444873581	-0.129099444873581	-0.129099444873581	-0.129099444873581	-0.129099444873581	-0.129099444873581	-0.129099444873581	-0.129099444873581	-0.129099444873581	-0.129099444873581	-0.129099444873581	-0.129099444873581	-0.129099444873581	-0.129099444873581	-0.129099444873581	-0.129099444873581	-0.129099444873581	-0.129099444873581	-0.129099444873581	-0.129099444873581	-0.129099444873581	-0.129099444873581	-0.129099444873581	-0.129099444873581	-0.129099444873581	-0.129099444873581	-0.129099444873581	-0.129099444873581	-0.129099444873581	-0.129099444873581	-0.129099444873581	-0.129099444873581	-0.129099444873581
"A130071D04Rik"	0.751038968965412	-1.08855912297925	0.850843844245334	1.04732475793118	0.83301848195377	-1.08855912297925	-1.08855912297925	0.855212899053636	0.944103398309949	0.676259117764899	-1.08855912297925	-1.08855912297925	0.776660273509366	0.817317033039095	-1.08855912297925	0.666781302477627	0.769987224310071	1.10150379484425	-1.08855912297925	0.855043702874676	1.0431610094308	-1.08855912297925	0.890002214240212	0.973004937380278	-1.08855912297925	-1.08855912297925	-1.08855912297925	1.12027350931937	0.972012930660356	1.08703774446133	1.03167370447039	1.13738807768411	-1.08855912297925	1.18723255348898	0.588508740673512	-1.08855912297925	0.61374353278235	0.944555915346472	0.734162469807435	0.82555343575875	-1.08855912297925	-1.08855912297925	1.0343917474734	-1.08855912297925	-1.08855912297925	-1.08855912297925	-1.08855912297925	-1.08855912297925	0.690654291165595	-1.08855912297925	-1.08855912297925	0.949348045748042	-1.08855912297925	0.843100468704863	0.750918506072932	-1.08855912297925	-1.08855912297925	1.02927768649122	-1.08855912297925	-1.08855912297925
"Plekhm3"	-1.44112091753855	-1.44112091753855	0.690170437082961	0.324512695528185	0.543048794832149	-1.44112091753855	-1.44112091753855	-1.44112091753855	0.87791019769295	0.729780094888556	0.337564262185275	0.569127480346598	0.356315939854306	0.618136404515343	0.83128120622417	0.371396723253186	0.826741881186406	0.380307442435534	0.592091793950246	0.785877060026803	-1.44112091753855	0.645501925331856	0.693223460670692	0.816374565565873	0.770132649171208	-1.44112091753855	0.562836070874971	0.968489991745044	0.686570750231335	0.805342300820323	0.528125559530693	0.637189060462794	-1.44112091753855	-1.44112091753855	-1.44112091753855	0.736291990825994	-1.44112091753855	-1.44112091753855	0.440972716987067	0.884201861476369	0.863077169551384	0.664357214069088	-1.44112091753855	0.755079734022383	-1.44112091753855	0.796362640133603	0.759875250619216	0.659625286303569	0.396047333760319	-1.44112091753855	-1.44112091753855	0.663167595416284	-1.44112091753855	0.902343925181515	0.458274552505984	0.940168515011245	-1.44112091753855	0.745700807645729	-1.44112091753855	0.767702091315247
"Sh3bp2"	1.16388377477587	-0.74833955635787	-0.74833955635787	1.02910213609717	1.60030432427639	1.10608951347762	1.2016004804882	-0.74833955635787	-0.74833955635787	1.08615170015018	1.17161674886751	-0.74833955635787	-0.74833955635787	1.10333365355046	-0.74833955635787	1.2976121805527	1.31309760116573	1.52818455314795	-0.74833955635787	1.27199449722145	-0.74833955635787	-0.74833955635787	0.957747292672386	-0.74833955635787	-0.74833955635787	-0.74833955635787	-0.74833955635787	-0.74833955635787	-0.74833955635787	-0.74833955635787	-0.74833955635787	-0.74833955635787	-0.74833955635787	-0.74833955635787	0.994937038032022	1.4436352997929	-0.74833955635787	1.36504054997585	-0.74833955635787	1.59253435159729	1.57126838345427	-0.74833955635787	-0.74833955635787	-0.74833955635787	-0.74833955635787	1.72581497317794	-0.74833955635787	-0.74833955635787	-0.74833955635787	-0.74833955635787	-0.74833955635787	-0.74833955635787	-0.74833955635787	1.25957975775814	-0.74833955635787	-0.74833955635787	1.2976121805527	-0.74833955635787	1.35576215081433	-0.74833955635787
"Gk"	-0.466181881112849	1.93419459885082	-0.466181881112849	-0.466181881112849	-0.466181881112849	-0.466181881112849	-0.466181881112849	-0.466181881112849	-0.466181881112849	-0.466181881112849	2.30770297886477	2.00558116741261	1.74391216041725	-0.466181881112849	-0.466181881112849	1.76245520374831	-0.466181881112849	-0.466181881112849	1.76350209765376	-0.466181881112849	-0.466181881112849	-0.466181881112849	-0.466181881112849	-0.466181881112849	-0.466181881112849	-0.466181881112849	-0.466181881112849	-0.466181881112849	2.57913745204284	-0.466181881112849	-0.466181881112849	-0.466181881112849	-0.466181881112849	-0.466181881112849	1.93320214172459	-0.466181881112849	1.96530748455859	-0.466181881112849	-0.466181881112849	-0.466181881112849	-0.466181881112849	2.3933814697175	-0.466181881112849	-0.466181881112849	2.45453541953859	-0.466181881112849	-0.466181881112849	-0.466181881112849	-0.466181881112849	-0.466181881112849	-0.466181881112849	-0.466181881112849	-0.466181881112849	-0.466181881112849	-0.466181881112849	-0.466181881112849	-0.466181881112849	-0.466181881112849	-0.466181881112849	-0.466181881112849
"Traf3"	-0.919444114219726	1.18517926818298	0.711178378869722	1.09777382221892	-0.919444114219726	-0.919444114219726	-0.919444114219726	-0.919444114219726	1.40312056785558	1.26757490671754	1.25082524205746	1.12053062008929	-0.919444114219726	-0.919444114219726	1.36045581084809	-0.919444114219726	-0.919444114219726	1.26677166665844	0.940231137980099	-0.919444114219726	0.892562726767435	0.989082642294367	0.94919184181449	-0.919444114219726	-0.919444114219726	1.20101423306483	-0.919444114219726	0.965327619684718	-0.919444114219726	0.933963758283101	0.881724508322373	-0.919444114219726	-0.919444114219726	1.43138375248237	-0.919444114219726	-0.919444114219726	0.688281605862829	-0.919444114219726	0.802010278954522	0.888323723890893	0.986729681521848	-0.919444114219726	1.08555934703103	-0.919444114219726	1.05179120002833	-0.919444114219726	-0.919444114219726	-0.919444114219726	-0.919444114219726	-0.919444114219726	1.1465469419534	-0.919444114219726	-0.919444114219726	0.904895874608698	-0.919444114219726	-0.919444114219726	0.93945108272307	1.0807294142648	-0.919444114219726	-0.919444114219726
"Pik3ap1"	-1.1601399475224	-1.1601399475224	-1.1601399475224	1.02459957164416	0.696930849483487	0.563970550984205	-1.1601399475224	0.718380206380091	0.804286677123918	0.545433852097055	0.876598423123006	0.721339026360312	0.727895147659233	-1.1601399475224	0.966700108942229	0.742034110479315	-1.1601399475224	0.750387808888834	0.53707108852538	1.13032698835766	0.900018952709066	-1.1601399475224	0.903813691750042	0.626328031057378	-1.1601399475224	0.803631893891283	-1.1601399475224	-1.1601399475224	1.24349767357497	0.736419029965516	0.682963544014406	-1.1601399475224	0.909676185368191	-1.1601399475224	0.460629229944753	-1.1601399475224	-1.1601399475224	0.80472400329358	-1.1601399475224	-1.1601399475224	-1.1601399475224	-1.1601399475224	0.891544072355245	0.89537983435457	-1.1601399475224	1.34633758747202	0.899868167067751	0.806039861973308	0.55934578366393	-1.1601399475224	0.953951582532272	-1.1601399475224	0.949999222419964	-1.1601399475224	0.823465946378352	-1.1601399475224	-1.1601399475224	0.886601688930437	-1.1601399475224	1.11330829529414
"Mmp23"	-0.264041648304978	-0.264041648304978	3.55455046144643	-0.264041648304978	-0.264041648304978	-0.264041648304978	-0.264041648304978	-0.264041648304978	-0.264041648304978	-0.264041648304978	-0.264041648304978	-0.264041648304978	-0.264041648304978	-0.264041648304978	-0.264041648304978	-0.264041648304978	-0.264041648304978	-0.264041648304978	3.62005779090589	-0.264041648304978	-0.264041648304978	-0.264041648304978	3.3659907236579	-0.264041648304978	-0.264041648304978	-0.264041648304978	-0.264041648304978	-0.264041648304978	-0.264041648304978	-0.264041648304978	-0.264041648304978	-0.264041648304978	-0.264041648304978	-0.264041648304978	-0.264041648304978	-0.264041648304978	-0.264041648304978	-0.264041648304978	-0.264041648304978	-0.264041648304978	-0.264041648304978	4.24573332906854	-0.264041648304978	-0.264041648304978	-0.264041648304978	-0.264041648304978	-0.264041648304978	-0.264041648304978	-0.264041648304978	-0.264041648304978	-0.264041648304978	-0.264041648304978	-0.264041648304978	-0.264041648304978	-0.264041648304978	-0.264041648304978	-0.264041648304978	-0.264041648304978	-0.264041648304978	-0.264041648304978
"Vegfc"	-0.517871826962858	-0.517871826962858	-0.517871826962858	1.90908442861933	-0.517871826962858	1.50924544768267	-0.517871826962858	-0.517871826962858	-0.517871826962858	-0.517871826962858	-0.517871826962858	1.69427091745149	-0.517871826962858	-0.517871826962858	-0.517871826962858	-0.517871826962858	-0.517871826962858	1.72842492841656	1.47761849275363	1.69059984077722	-0.517871826962858	2.16235062430507	-0.517871826962858	-0.517871826962858	-0.517871826962858	-0.517871826962858	-0.517871826962858	2.37615978976378	-0.517871826962858	-0.517871826962858	-0.517871826962858	-0.517871826962858	-0.517871826962858	-0.517871826962858	-0.517871826962858	1.87822418380883	-0.517871826962858	1.79231053111533	-0.517871826962858	-0.517871826962858	-0.517871826962858	-0.517871826962858	-0.517871826962858	2.14123063730616	-0.517871826962858	1.94432788082353	-0.517871826962858	2.03612816443072	-0.517871826962858	-0.517871826962858	-0.517871826962858	-0.517871826962858	-0.517871826962858	-0.517871826962858	-0.517871826962858	-0.517871826962858	-0.517871826962858	-0.517871826962858	-0.517871826962858	-0.517871826962858
"Arhgef37"	-0.776440515628747	1.09596424320907	1.14428996119119	1.50940069157208	-0.776440515628747	-0.776440515628747	1.08138090488574	1.1486169509231	-0.776440515628747	1.46137419309395	-0.776440515628747	-0.776440515628747	0.947535133767176	1.6734229643089	-0.776440515628747	1.29632860822728	1.18761070436996	-0.776440515628747	1.29714705542075	-0.776440515628747	-0.776440515628747	-0.776440515628747	1.18307131604257	1.05428433114833	-0.776440515628747	-0.776440515628747	-0.776440515628747	-0.776440515628747	-0.776440515628747	1.37820979644496	-0.776440515628747	-0.776440515628747	-0.776440515628747	-0.776440515628747	0.884480608990814	1.31198157122311	1.3312976159514	1.23709977640328	-0.776440515628747	1.11924304769651	1.2224347034399	-0.776440515628747	1.32607067290736	-0.776440515628747	-0.776440515628747	-0.776440515628747	-0.776440515628747	-0.776440515628747	-0.776440515628747	-0.776440515628747	-0.776440515628747	1.24184576837438	-0.776440515628747	-0.776440515628747	-0.776440515628747	-0.776440515628747	1.59520845867182	-0.776440515628747	-0.776440515628747	-0.776440515628747
"Lyz2"	1.0084183924104	-1.11719912023821	0.502488609476952	-1.11719912023821	0.685449061459695	-1.11719912023821	1.15958098803197	0.906221080024869	-1.11719912023821	0.938115038514302	0.932374289883597	-1.11719912023821	1.00738046295307	1.01806796050309	-1.11719912023821	0.729230543325579	0.426795483519637	0.537596082374402	0.730005367623456	-1.11719912023821	-1.11719912023821	-1.11719912023821	1.05592440170478	1.17837256599495	1.20890481614828	1.18915447201739	0.703426100901916	-1.11719912023821	-1.11719912023821	0.72378001624034	0.671891076568838	0.770976916060842	-1.11719912023821	-1.11719912023821	0.456072407925243	-1.11719912023821	1.14380491392433	0.790083269820806	-1.11719912023821	0.678446038571003	0.776192097380572	-1.11719912023821	-1.11719912023821	-1.11719912023821	-1.11719912023821	-1.11719912023821	0.882439174670099	-1.11719912023821	0.551896011609208	1.25053326750274	-1.11719912023821	1.11165193620901	-1.11719912023821	0.894847793141834	0.808275968600907	-1.11719912023821	0.729230543325579	-1.11719912023821	-1.11719912023821	0.889549977773873
"Tlr7"	1.05891568316939	-0.834565022018196	-0.834565022018196	1.27280969397589	-0.834565022018196	1.22087832277216	1.09626270920279	-0.834565022018196	-0.834565022018196	0.981945498211605	1.15754887357265	-0.834565022018196	0.738592736326495	1.12713506002689	1.21118830255467	1.31965715486441	1.0784189410001	-0.834565022018196	-0.834565022018196	-0.834565022018196	1.14023254546706	-0.834565022018196	-0.834565022018196	-0.834565022018196	-0.834565022018196	1.25693767933364	-0.834565022018196	1.43896526079749	-0.834565022018196	1.18535304638303	1.3477703298506	-0.834565022018196	1.15050796558979	-0.834565022018196	1.11061454051397	-0.834565022018196	-0.834565022018196	-0.834565022018196	1.04154486414828	-0.834565022018196	-0.834565022018196	1.26421915394128	-0.834565022018196	-0.834565022018196	1.31376610756923	-0.834565022018196	-0.834565022018196	1.25950227041398	0.996762312384984	-0.834565022018196	-0.834565022018196	-0.834565022018196	-0.834565022018196	-0.834565022018196	-0.834565022018196	-0.834565022018196	1.1913333521473	-0.834565022018196	1.24891336641915	-0.834565022018196
"Tm9sf4"	1.25681888818969	-0.696873461987974	1.13675554831808	1.11911433655927	-0.696873461987974	-0.696873461987974	1.29535352910968	-0.696873461987974	1.46185742370106	1.17740109368468	-0.696873461987974	-0.696873461987974	-0.696873461987974	-0.696873461987974	1.41393369311983	-0.696873461987974	-0.696873461987974	1.17650029639654	1.16821115714778	1.36727413051166	1.56705871626659	-0.696873461987974	-0.696873461987974	1.26629663216047	-0.696873461987974	-0.696873461987974	-0.696873461987974	-0.696873461987974	-0.696873461987974	-0.696873461987974	1.32853404511	-0.696873461987974	-0.696873461987974	1.72006576423934	-0.696873461987974	1.54263718434668	-0.696873461987974	-0.696873461987974	-0.696873461987974	-0.696873461987974	-0.696873461987974	-0.696873461987974	-0.696873461987974	-0.696873461987974	-0.696873461987974	-0.696873461987974	1.56689301620076	1.46378401858387	-0.696873461987974	1.75703904860686	-0.696873461987974	1.46742735097161	1.62198260629451	-0.696873461987974	-0.696873461987974	-0.696873461987974	-0.696873461987974	-0.696873461987974	-0.696873461987974	-0.696873461987974
"AW011738"	-0.413784133589679	-0.413784133589679	2.10689494819868	2.08264367751748	-0.413784133589679	-0.413784133589679	2.32491866529101	2.42403451433597	-0.413784133589679	-0.413784133589679	-0.413784133589679	-0.413784133589679	-0.413784133589679	-0.413784133589679	-0.413784133589679	2.14893296304265	-0.413784133589679	-0.413784133589679	-0.413784133589679	-0.413784133589679	-0.413784133589679	-0.413784133589679	1.98242536018029	-0.413784133589679	-0.413784133589679	-0.413784133589679	-0.413784133589679	-0.413784133589679	-0.413784133589679	-0.413784133589679	-0.413784133589679	-0.413784133589679	2.40186060738707	-0.413784133589679	-0.413784133589679	-0.413784133589679	-0.413784133589679	-0.413784133589679	-0.413784133589679	-0.413784133589679	-0.413784133589679	-0.413784133589679	-0.413784133589679	-0.413784133589679	-0.413784133589679	-0.413784133589679	-0.413784133589679	-0.413784133589679	-0.413784133589679	-0.413784133589679	-0.413784133589679	-0.413784133589679	-0.413784133589679	-0.413784133589679	-0.413784133589679	2.9531188986807	-0.413784133589679	2.6781611784398	-0.413784133589679	-0.413784133589679
"Trim30b"	-0.46720823032482	-0.46720823032482	1.88975922275828	-0.46720823032482	-0.46720823032482	-0.46720823032482	-0.46720823032482	-0.46720823032482	-0.46720823032482	1.94200546613872	-0.46720823032482	-0.46720823032482	-0.46720823032482	1.67450965624334	2.24604714268742	1.92906697656768	1.77961068546283	-0.46720823032482	-0.46720823032482	-0.46720823032482	-0.46720823032482	-0.46720823032482	-0.46720823032482	-0.46720823032482	-0.46720823032482	-0.46720823032482	-0.46720823032482	-0.46720823032482	2.345749104072	-0.46720823032482	-0.46720823032482	-0.46720823032482	-0.46720823032482	-0.46720823032482	-0.46720823032482	-0.46720823032482	-0.46720823032482	-0.46720823032482	-0.46720823032482	-0.46720823032482	-0.46720823032482	-0.46720823032482	-0.46720823032482	2.43632277663288	-0.46720823032482	-0.46720823032482	-0.46720823032482	2.31012531443533	-0.46720823032482	-0.46720823032482	-0.46720823032482	-0.46720823032482	-0.46720823032482	-0.46720823032482	2.04392554874477	-0.46720823032482	-0.46720823032482	-0.46720823032482	2.29608139217296	-0.46720823032482
"Ptpn1"	0.745614070705083	-1.08593213572987	-1.08593213572987	-1.08593213572987	-1.08593213572987	0.690258162056192	0.781739500272809	0.849332033502495	1.15011326620661	0.671161529476751	0.909312693513366	-1.08593213572987	0.435768675123906	0.899635386904676	-1.08593213572987	1.08593177239794	0.88853253280227	0.670317050633541	-1.08593213572987	-1.08593213572987	-1.08593213572987	0.926021642178035	0.883969076524803	0.96660849834017	0.922041112555116	0.937158898635808	1.05852128179283	-1.08593213572987	-1.08593213572987	0.867915751578373	0.812845548368055	0.918006250256254	-1.08593213572987	-1.08593213572987	0.583795234100205	-1.08593213572987	0.82079832821697	-1.08593213572987	0.728811439659722	0.819802389108691	1.13581103276313	-1.08593213572987	-1.08593213572987	-1.08593213572987	-1.08593213572987	1.28383726773121	-1.08593213572987	0.939639603641883	-1.08593213572987	1.21456013435274	-1.08593213572987	-1.08593213572987	-1.08593213572987	0.837272619028678	0.745494135076369	1.21014369152412	-1.08593213572987	-1.08593213572987	0.929397055677755	-1.08593213572987
"Serpinb10"	-0.329573324531753	-0.329573324531753	-0.329573324531753	-0.329573324531753	-0.329573324531753	-0.329573324531753	-0.329573324531753	-0.329573324531753	-0.329573324531753	3.20760716046992	3.13637108263374	-0.329573324531753	-0.329573324531753	-0.329573324531753	-0.329573324531753	-0.329573324531753	-0.329573324531753	2.63819020445838	2.62505870571764	-0.329573324531753	-0.329573324531753	-0.329573324531753	-0.329573324531753	-0.329573324531753	-0.329573324531753	-0.329573324531753	-0.329573324531753	-0.329573324531753	-0.329573324531753	-0.329573324531753	-0.329573324531753	-0.329573324531753	-0.329573324531753	-0.329573324531753	-0.329573324531753	-0.329573324531753	-0.329573324531753	-0.329573324531753	-0.329573324531753	-0.329573324531753	3.06609605672321	-0.329573324531753	-0.329573324531753	-0.329573324531753	-0.329573324531753	-0.329573324531753	-0.329573324531753	-0.329573324531753	-0.329573324531753	-0.329573324531753	-0.329573324531753	-0.329573324531753	-0.329573324531753	-0.329573324531753	3.12363631471175	-0.329573324531753	-0.329573324531753	-0.329573324531753	-0.329573324531753	-0.329573324531753
"Plcb1"	1.09514779863049	0.309230093744857	0.479214405338718	0.340740670592273	0.548444169490721	0.204752053434882	0.881391953152951	0.361332169726752	-1.54359342187916	0.81256854257817	0.26653076871026	-1.54359342187916	0.438208379409397	0.975269586611325	-1.54359342187916	0.594222802827238	0.277809736519225	0.879043837905831	0.662315981294143	-1.54359342187916	-1.54359342187916	0.228088221421526	1.03478482598688	0.476770125285538	0.22417565203315	0.656733702986688	0.358361406014704	0.412169762812085	-1.54359342187916	1.1027203043812	-1.54359342187916	-1.54359342187916	-1.54359342187916	-1.54359342187916	0.761811569350715	0.731985190120889	0.60937579040327	0.448889659102225	0.72769926953223	-1.54359342187916	0.434377950607237	-1.54359342187916	0.536930115350182	0.540819794777174	0.919946351374265	0.580001385520738	0.754379502062799	-1.54359342187916	0.617675263946433	0.720834695089588	-1.54359342187916	-1.54359342187916	0.596206940828003	0.558334144770532	0.744154847012339	0.716487487560066	0.97206299315048	-1.54359342187916	0.649088270497599	-1.54359342187916
"Ndrg1"	-0.327981418409099	-0.327981418409099	-0.327981418409099	-0.327981418409099	-0.327981418409099	-0.327981418409099	-0.327981418409099	-0.327981418409099	-0.327981418409099	-0.327981418409099	-0.327981418409099	-0.327981418409099	2.46686678818096	-0.327981418409099	-0.327981418409099	2.88187227372378	2.68167288659349	-0.327981418409099	-0.327981418409099	-0.327981418409099	-0.327981418409099	-0.327981418409099	-0.327981418409099	-0.327981418409099	-0.327981418409099	3.38775054994869	-0.327981418409099	-0.327981418409099	-0.327981418409099	-0.327981418409099	-0.327981418409099	-0.327981418409099	-0.327981418409099	-0.327981418409099	2.73874136426829	-0.327981418409099	-0.327981418409099	-0.327981418409099	-0.327981418409099	-0.327981418409099	-0.327981418409099	-0.327981418409099	3.55409273137613	-0.327981418409099	-0.327981418409099	-0.327981418409099	-0.327981418409099	-0.327981418409099	-0.327981418409099	-0.327981418409099	-0.327981418409099	-0.327981418409099	-0.327981418409099	-0.327981418409099	-0.327981418409099	-0.327981418409099	-0.327981418409099	-0.327981418409099	-0.327981418409099	-0.327981418409099
"Gm43010"	2.91007199209082	-0.329190350497749	-0.329190350497749	-0.329190350497749	-0.329190350497749	-0.329190350497749	-0.329190350497749	-0.329190350497749	-0.329190350497749	-0.329190350497749	2.70401190919113	-0.329190350497749	-0.329190350497749	-0.329190350497749	3.17057158969996	-0.329190350497749	2.56892657804631	-0.329190350497749	-0.329190350497749	-0.329190350497749	-0.329190350497749	-0.329190350497749	-0.329190350497749	-0.329190350497749	-0.329190350497749	-0.329190350497749	-0.329190350497749	-0.329190350497749	-0.329190350497749	-0.329190350497749	-0.329190350497749	-0.329190350497749	-0.329190350497749	-0.329190350497749	2.99851554543273	-0.329190350497749	-0.329190350497749	-0.329190350497749	-0.329190350497749	-0.329190350497749	-0.329190350497749	-0.329190350497749	-0.329190350497749	-0.329190350497749	-0.329190350497749	-0.329190350497749	3.42418131241749	-0.329190350497749	-0.329190350497749	-0.329190350497749	-0.329190350497749	-0.329190350497749	-0.329190350497749	-0.329190350497749	-0.329190350497749	-0.329190350497749	-0.329190350497749	-0.329190350497749	-0.329190350497749	-0.329190350497749
"Ifngr2"	-0.721631330137464	-0.721631330137464	-0.721631330137464	-0.721631330137464	1.46929710216518	-0.721631330137464	1.71169450789351	-0.721631330137464	-0.721631330137464	1.08967281429962	1.04631711312373	-0.721631330137464	1.19271857012178	1.10663759583949	-0.721631330137464	1.4264165416316	1.18586975057104	-0.721631330137464	1.0807916340659	-0.721631330137464	-0.721631330137464	-0.721631330137464	-0.721631330137464	1.17558170997118	-0.721631330137464	-0.721631330137464	1.48898352758236	1.32658098969232	-0.721631330137464	1.73018036512341	1.23572811897692	-0.721631330137464	-0.721631330137464	-0.721631330137464	-0.721631330137464	-0.721631330137464	-0.721631330137464	-0.721631330137464	1.14910136003315	-0.721631330137464	-0.721631330137464	-0.721631330137464	-0.721631330137464	-0.721631330137464	1.42054237891027	-0.721631330137464	-0.721631330137464	1.36643406957886	-0.721631330137464	1.64983654636649	-0.721631330137464	-0.721631330137464	-0.721631330137464	1.47965457763536	1.16629875590732	1.6452838458716	-0.721631330137464	-0.721631330137464	-0.721631330137464	-0.721631330137464
"Oas3"	-0.388539567241136	-0.388539567241136	-0.388539567241136	2.52296008613834	2.52116874840618	-0.388539567241136	2.45197565369183	2.55477617588173	-0.388539567241136	-0.388539567241136	-0.388539567241136	-0.388539567241136	-0.388539567241136	-0.388539567241136	-0.388539567241136	2.2694476093537	-0.388539567241136	-0.388539567241136	-0.388539567241136	-0.388539567241136	-0.388539567241136	-0.388539567241136	-0.388539567241136	-0.388539567241136	-0.388539567241136	-0.388539567241136	-0.388539567241136	-0.388539567241136	-0.388539567241136	-0.388539567241136	-0.388539567241136	-0.388539567241136	-0.388539567241136	-0.388539567241136	-0.388539567241136	-0.388539567241136	-0.388539567241136	-0.388539567241136	-0.388539567241136	2.50986495982404	-0.388539567241136	-0.388539567241136	-0.388539567241136	-0.388539567241136	-0.388539567241136	-0.388539567241136	-0.388539567241136	-0.388539567241136	-0.388539567241136	-0.388539567241136	-0.388539567241136	2.69731833417304	-0.388539567241136	-0.388539567241136	-0.388539567241136	-0.388539567241136	-0.388539567241136	-0.388539567241136	2.67654592907021	-0.388539567241136
"Il6ra"	0.914348094773851	0.87454937464048	0.793844110622027	0.549480122420896	-1.49530469469728	-1.49530469469728	0.499626814161044	0.571824984173442	0.66635674360796	0.381514254182993	0.468951260127082	0.80175351812619	0.130082143175705	0.758154924242796	-1.49530469469728	0.597853817073154	0.613696536810753	0.60704625393617	0.598732177135403	0.571645050292762	-1.49530469469728	0.653740088413227	0.476320141476537	0.470530471458798	-1.49530469469728	0.892379907303404	0.568601260441058	-1.49530469469728	-1.49530469469728	-1.49530469469728	0.532852373871359	-1.49530469469728	0.555673021402995	0.924915610991859	0.288194972517442	0.747246165601589	0.315031240925996	0.666837978745512	0.669618928302547	0.540283241550705	1.01051339702505	-1.49530469469728	-1.49530469469728	-1.49530469469728	-1.49530469469728	0.809113846171496	-1.49530469469728	0.668285953910651	0.39682298886575	-1.49530469469728	0.831048491637536	0.67193423224943	0.826699301732512	-1.49530469469728	0.987244946742509	-1.49530469469728	0.597853817073154	0.756936449962647	0.657345496674621	-1.49530469469728
"Smim22"	-0.22674983266002	-0.22674983266002	-0.22674983266002	-0.22674983266002	4.41569630395924	-0.22674983266002	-0.22674983266002	-0.22674983266002	4.6840725274594	-0.22674983266002	-0.22674983266002	-0.22674983266002	-0.22674983266002	-0.22674983266002	-0.22674983266002	-0.22674983266002	-0.22674983266002	-0.22674983266002	-0.22674983266002	-0.22674983266002	-0.22674983266002	-0.22674983266002	-0.22674983266002	-0.22674983266002	-0.22674983266002	-0.22674983266002	-0.22674983266002	-0.22674983266002	-0.22674983266002	-0.22674983266002	-0.22674983266002	-0.22674983266002	-0.22674983266002	-0.22674983266002	3.8249716302025	-0.22674983266002	-0.22674983266002	-0.22674983266002	-0.22674983266002	-0.22674983266002	-0.22674983266002	-0.22674983266002	-0.22674983266002	-0.22674983266002	-0.22674983266002	-0.22674983266002	-0.22674983266002	-0.22674983266002	-0.22674983266002	-0.22674983266002	-0.22674983266002	-0.22674983266002	-0.22674983266002	-0.22674983266002	-0.22674983266002	-0.22674983266002	-0.22674983266002	-0.22674983266002	-0.22674983266002	-0.22674983266002
"Abi3"	-0.671987251427678	-0.671987251427678	-0.671987251427678	1.37542224391876	-0.671987251427678	1.45442308195167	-0.671987251427678	-0.671987251427678	-0.671987251427678	-0.671987251427678	1.38890709702979	-0.671987251427678	0.955485926978627	-0.671987251427678	-0.671987251427678	-0.671987251427678	-0.671987251427678	-0.671987251427678	-0.671987251427678	1.39761562261006	1.59792821380715	-0.671987251427678	1.43484042730359	1.2963712534767	1.24876937127972	-0.671987251427678	1.39456792576096	-0.671987251427678	1.52216774137582	1.4176712468785	1.58569620887036	-0.671987251427678	-0.671987251427678	-0.671987251427678	-0.671987251427678	1.57344213886101	-0.671987251427678	-0.671987251427678	-0.671987251427678	-0.671987251427678	1.47716314909423	1.49926031450729	-0.671987251427678	1.59281676026989	1.55051794437531	-0.671987251427678	-0.671987251427678	-0.671987251427678	-0.671987251427678	1.78841064018535	-0.671987251427678	-0.671987251427678	-0.671987251427678	-0.671987251427678	-0.671987251427678	-0.671987251427678	-0.671987251427678	-0.671987251427678	-0.671987251427678	-0.671987251427678
"Ptprj"	0.43815750254332	-0.144422123868374	0.403046492517221	0.202885967468585	0.714558768792684	-3.12101756605435	0.233617871626113	-0.0691232185450654	0.535177355565525	-0.0210180391952991	0.432269725828734	0.33417168464081	0.218502699502641	0.141072469245992	0.471250469131574	0.478781773006504	0.288438822907	0.809393315444758	0.2685043780226	-3.12101756605435	0.294164104412482	0.216495620382289	0.827601841987511	0.0976704665047546	0.433297930664177	0.0557908367176045	0.77400232983535	0.306148353591964	0.398109275186398	-0.344296339405077	0.482596842852556	-0.273109963108437	-0.0906333493341329	-3.12101756605435	0.207501118810746	-0.137309244330676	0.493918945748705	-0.24429213622603	0.237641801075428	-3.12101756605435	0.778866091818863	0.766747568689544	-0.117180281796913	0.492065753026659	0.834933862536951	0.725289724573145	0.675252260164073	0.235866687413343	0.398389898724678	0.148339152846247	-3.12101756605435	-0.237511583660445	0.57208794354065	0.0902316765812946	-0.518276465160999	0.1420627018348	0.620525025479306	0.177337757796036	0.443763697955912	-0.0942679920923239
"Mycbp2"	0.209091663117449	0.000775595614317193	0.337553635796827	0.316135763079883	-2.43004205132688	0.572023559916044	0.690421098266263	0.343176209026108	-2.43004205132688	0.547297683013821	-0.215269078450547	0.347116160541989	0.303033223759329	0.408191603603523	0.399494543787662	0.596072011269405	0.119754055810005	0.111713820872424	-0.172081598902362	1.01754248758648	0.310782291452187	-0.105678739343199	-0.0463348932159823	-0.0533346416524888	0.437147523041321	0.45668405025	0.339275153017293	0.135827618663922	0.219304811237406	0.367196086877286	0.29601267672194	0.98052609843896	0.819306227059382	-2.43004205132688	-0.000229447684680188	0.555410475806391	0.19253653253877	0.618564533747185	0.187364588225674	0.305005721437054	0.164963720588264	0.191645088153755	-2.43004205132688	0.578816545450014	-2.43004205132688	0.356014844675877	0.745241843909699	0.185753013578589	0.56585501574363	-2.43004205132688	0.382533972680722	0.624731469537854	0.811976261854883	-2.43004205132688	-0.0649637340321093	0.80937171580637	0.737216118802195	-2.43004205132688	0.809230141560652	0.594541287977567
"Plekhg1"	-0.749570736552092	1.20131513237577	1.60032787235033	-0.749570736552092	1.2332727137986	-0.749570736552092	-0.749570736552092	-0.749570736552092	-0.749570736552092	-0.749570736552092	1.42510851898487	-0.749570736552092	1.26633411131316	1.21707065406313	-0.749570736552092	-0.749570736552092	-0.749570736552092	-0.749570736552092	-0.749570736552092	-0.749570736552092	1.57883534453359	1.11587875337957	0.944049255274203	-0.749570736552092	1.11175910773247	-0.749570736552092	1.25304676359746	1.5296863211023	-0.749570736552092	-0.749570736552092	-0.749570736552092	-0.749570736552092	1.46042651780638	-0.749570736552092	0.980967244688288	1.4263867418539	1.00700660012495	1.34836630601361	-0.749570736552092	-0.749570736552092	-0.749570736552092	1.35450004786015	1.44106638270184	-0.749570736552092	-0.749570736552092	1.48641723863817	-0.749570736552092	-0.749570736552092	-0.749570736552092	-0.749570736552092	-0.749570736552092	1.35331122437422	-0.749570736552092	-0.749570736552092	1.14855513641253	-0.749570736552092	-0.749570736552092	-0.749570736552092	-0.749570736552092	-0.749570736552092
"Skint3"	-0.751936561375881	-0.751936561375881	-0.751936561375881	-0.751936561375881	1.19627413056213	-0.751936561375881	1.14994552566182	-0.751936561375881	1.30889868509616	1.46934269878552	1.33669338143791	1.43798015929989	1.35514964878231	-0.751936561375881	1.26314823339374	-0.751936561375881	1.13236925898551	-0.751936561375881	-0.751936561375881	-0.751936561375881	-0.751936561375881	1.08093059760855	1.47017507670623	-0.751936561375881	-0.751936561375881	1.3082117669147	-0.751936561375881	-0.751936561375881	-0.751936561375881	-0.751936561375881	1.18162134839771	-0.751936561375881	-0.751936561375881	-0.751936561375881	-0.751936561375881	-0.751936561375881	0.973960028153129	-0.751936561375881	-0.751936561375881	1.18870561874371	1.29434459966135	-0.751936561375881	1.40043843178455	-0.751936561375881	-0.751936561375881	1.44499718018604	1.40917105002709	-0.751936561375881	-0.751936561375881	-0.751936561375881	-0.751936561375881	1.31421602340615	1.46176239882907	-0.751936561375881	-0.751936561375881	-0.751936561375881	-0.751936561375881	1.39525348986021	-0.751936561375881	-0.751936561375881
"B4galt3"	-0.493577598168976	-0.493577598168976	2.08288098464998	-0.493577598168976	2.05920034249149	-0.493577598168976	-0.493577598168976	-0.493577598168976	-0.493577598168976	-0.493577598168976	-0.493577598168976	-0.493577598168976	-0.493577598168976	1.59063508229962	-0.493577598168976	1.83835752896427	-0.493577598168976	-0.493577598168976	-0.493577598168976	2.08846041398729	-0.493577598168976	-0.493577598168976	1.68684453966095	-0.493577598168976	-0.493577598168976	-0.493577598168976	2.08465810523878	-0.493577598168976	-0.493577598168976	2.11348182503587	-0.493577598168976	-0.493577598168976	-0.493577598168976	-0.493577598168976	1.73437397471198	-0.493577598168976	-0.493577598168976	-0.493577598168976	1.92787208051499	-0.493577598168976	-0.493577598168976	-0.493577598168976	-0.493577598168976	2.33199349164991	-0.493577598168976	-0.493577598168976	-0.493577598168976	-0.493577598168976	2.15296634290568	-0.493577598168976	-0.493577598168976	-0.493577598168976	-0.493577598168976	-0.493577598168976	-0.493577598168976	-0.493577598168976	-0.493577598168976	-0.493577598168976	-0.493577598168976	-0.493577598168976
"Cd300a"	-1.43863236567793	-1.43863236567793	-1.43863236567793	0.817529906331549	0.691850248404571	0.341842160177667	0.927560119612069	-1.43863236567793	0.590014618447992	-1.43863236567793	0.705682951157091	0.717079964306282	0.76002055397581	0.551724409620045	-1.43863236567793	0.313240374101271	0.753350170232805	0.815624872381596	-1.43863236567793	0.838357004746576	0.6888765406561	0.365607172995768	0.961648100119085	0.900202450646927	-1.43863236567793	0.589338429267151	0.498274365976362	0.5530715498903	0.617869015347635	0.732666596929939	-1.43863236567793	0.570139584084306	-1.43863236567793	-1.43863236567793	0.235122440218661	0.878764171479672	0.472697193413648	0.803258379370848	0.717535651326161	0.471698852068239	-1.43863236567793	0.596398720338676	-1.43863236567793	-1.43863236567793	0.644440625745276	0.72398738608228	0.688720825582467	0.591825117813409	0.337066201555009	1.08032471967949	-1.43863236567793	0.932573176769692	-1.43863236567793	-1.43863236567793	-1.43863236567793	0.862981670247257	0.738470147981061	0.675020644305358	0.581557864494484	-1.43863236567793
"Ddit4"	-0.386237166339199	-0.386237166339199	-0.386237166339199	-0.386237166339199	-0.386237166339199	-0.386237166339199	-0.386237166339199	-0.386237166339199	-0.386237166339199	-0.386237166339199	1.8178423495503	-0.386237166339199	-0.386237166339199	-0.386237166339199	2.51431441910328	-0.386237166339199	-0.386237166339199	-0.386237166339199	-0.386237166339199	-0.386237166339199	-0.386237166339199	-0.386237166339199	2.31938498644996	-0.386237166339199	-0.386237166339199	2.57917973094481	-0.386237166339199	2.52614818967018	-0.386237166339199	-0.386237166339199	-0.386237166339199	-0.386237166339199	-0.386237166339199	-0.386237166339199	-0.386237166339199	3.00239489193495	-0.386237166339199	-0.386237166339199	-0.386237166339199	-0.386237166339199	-0.386237166339199	2.58950369936459	-0.386237166339199	-0.386237166339199	-0.386237166339199	-0.386237166339199	-0.386237166339199	-0.386237166339199	-0.386237166339199	-0.386237166339199	-0.386237166339199	-0.386237166339199	-0.386237166339199	-0.386237166339199	-0.386237166339199	-0.386237166339199	-0.386237166339199	-0.386237166339199	-0.386237166339199	2.73556438262028
"Rasa3"	-1.3399324607151	-1.3399324607151	-1.3399324607151	0.799241767195671	-1.3399324607151	0.873611355727277	0.877162019436387	0.820305306772723	-1.3399324607151	0.640855269712958	0.509950287555724	-1.3399324607151	0.741550358336997	0.657436289963614	0.650666860292844	0.418112081363053	0.73485911668996	0.640004390760844	0.914428743004252	0.820135696176134	0.581624087548144	0.808870550257894	0.730266692429084	0.724807456339002	-1.3399324607151	0.695182822827953	-1.3399324607151	0.872302896746115	-1.3399324607151	0.625528128865361	0.570130615694986	0.675916340610667	0.59162247986343	-1.3399324607151	0.339718940022174	-1.3399324607151	0.364992606539524	0.909856407376587	-1.3399324607151	-1.3399324607151	0.895015646662155	-1.3399324607151	0.99988357905146	0.7902639478002	0.750479142917446	0.830306144431319	-1.3399324607151	0.911220994196628	0.442021846589961	-1.3399324607151	0.850963595990728	-1.3399324607151	-1.3399324607151	0.59470286874202	-1.3399324607151	-1.3399324607151	-1.3399324607151	0.78116689409107	0.90091049153352	0.802506954901189
"Maf1"	-0.493081813172253	-0.493081813172253	-0.493081813172253	-0.493081813172253	-0.493081813172253	-0.493081813172253	-0.493081813172253	-0.493081813172253	-0.493081813172253	-0.493081813172253	1.44444325259626	-0.493081813172253	-0.493081813172253	-0.493081813172253	-0.493081813172253	-0.493081813172253	-0.493081813172253	-0.493081813172253	2.03299912506149	-0.493081813172253	1.96824896786186	1.8261188614709	-0.493081813172253	1.87834669782161	-0.493081813172253	2.11370688366045	1.99665156340348	-0.493081813172253	-0.493081813172253	-0.493081813172253	-0.493081813172253	-0.493081813172253	-0.493081813172253	-0.493081813172253	1.65839153158999	-0.493081813172253	-0.493081813172253	-0.493081813172253	-0.493081813172253	-0.493081813172253	-0.493081813172253	-0.493081813172253	2.23040499914459	2.23549674188818	-0.493081813172253	-0.493081813172253	-0.493081813172253	-0.493081813172253	-0.493081813172253	-0.493081813172253	-0.493081813172253	-0.493081813172253	-0.493081813172253	-0.493081813172253	-0.493081813172253	-0.493081813172253	2.03193954075331	-0.493081813172253	-0.493081813172253	2.25117886701602
"AU019990"	-0.298641440265697	-0.298641440265697	-0.298641440265697	-0.298641440265697	-0.298641440265697	-0.298641440265697	-0.298641440265697	-0.298641440265697	3.42012341079186	-0.298641440265697	-0.298641440265697	-0.298641440265697	-0.298641440265697	-0.298641440265697	-0.298641440265697	-0.298641440265697	-0.298641440265697	-0.298641440265697	-0.298641440265697	-0.298641440265697	3.23110261841958	3.5141592975617	-0.298641440265697	-0.298641440265697	-0.298641440265697	-0.298641440265697	-0.298641440265697	-0.298641440265697	-0.298641440265697	-0.298641440265697	-0.298641440265697	-0.298641440265697	-0.298641440265697	-0.298641440265697	-0.298641440265697	-0.298641440265697	-0.298641440265697	-0.298641440265697	-0.298641440265697	-0.298641440265697	3.04331158558344	-0.298641440265697	3.21658230225678	-0.298641440265697	-0.298641440265697	-0.298641440265697	-0.298641440265697	-0.298641440265697	-0.298641440265697	-0.298641440265697	-0.298641440265697	-0.298641440265697	-0.298641440265697	-0.298641440265697	-0.298641440265697	-0.298641440265697	-0.298641440265697	-0.298641440265697	-0.298641440265697	-0.298641440265697
"Padi4"	-0.298583311973159	-0.298583311973159	-0.298583311973159	-0.298583311973159	-0.298583311973159	-0.298583311973159	3.56406399806313	-0.298583311973159	-0.298583311973159	-0.298583311973159	-0.298583311973159	-0.298583311973159	-0.298583311973159	-0.298583311973159	-0.298583311973159	-0.298583311973159	-0.298583311973159	-0.298583311973159	-0.298583311973159	-0.298583311973159	-0.298583311973159	-0.298583311973159	3.08101383130824	-0.298583311973159	3.41567670787059	-0.298583311973159	-0.298583311973159	-0.298583311973159	-0.298583311973159	-0.298583311973159	-0.298583311973159	-0.298583311973159	-0.298583311973159	-0.298583311973159	3.15468320942239	-0.298583311973159	3.20664441185938	-0.298583311973159	-0.298583311973159	-0.298583311973159	-0.298583311973159	-0.298583311973159	-0.298583311973159	-0.298583311973159	-0.298583311973159	-0.298583311973159	-0.298583311973159	-0.298583311973159	-0.298583311973159	-0.298583311973159	-0.298583311973159	-0.298583311973159	-0.298583311973159	-0.298583311973159	-0.298583311973159	-0.298583311973159	-0.298583311973159	-0.298583311973159	-0.298583311973159	-0.298583311973159
"Dock8"	0.511871318711238	0.46767024545547	0.378037732775383	0.726020793978108	0.105246070022534	0.527159332246693	-2.16432628541898	0.131459861943132	0.740222926124494	-2.16432628541898	0.489052076963222	0.842173357035321	0.143088308056014	-0.0603793347863344	0.582295418951973	0.160367885766682	-0.220404279329532	0.625738756402626	0.161343406017743	0.13126002459624	0.101730320848655	0.222436041858539	0.277021834943164	-2.16432628541898	0.217713976048223	0.487473110416508	0.526961109277141	0.192728523818868	0.269412199735155	0.405267830505578	-2.16432628541898	0.464736531679204	0.698261295648005	-2.16432628541898	0.400494326071457	-2.16432628541898	0.601212796700143	0.236982761153361	0.786669478525986	0.600029554817763	0.471307273200478	0.495834140917338	-2.16432628541898	-2.16432628541898	0.3008580093193	0.394996536911707	0.752547577464982	0.637789079003991	-2.16432628541898	0.816699089836932	-2.16432628541898	0.494472500371641	0.414527215458246	0.620784530042939	0.659104565098342	0.559487425033581	0.412135963770157	0.337047514822712	0.730204549523005	0.614111290435671
"Gm7644"	-0.2270488205209	-0.2270488205209	-0.2270488205209	-0.2270488205209	-0.2270488205209	-0.2270488205209	-0.2270488205209	-0.2270488205209	4.44440206305987	-0.2270488205209	-0.2270488205209	-0.2270488205209	-0.2270488205209	-0.2270488205209	-0.2270488205209	-0.2270488205209	-0.2270488205209	-0.2270488205209	-0.2270488205209	-0.2270488205209	-0.2270488205209	3.92764958343041	-0.2270488205209	-0.2270488205209	-0.2270488205209	-0.2270488205209	-0.2270488205209	-0.2270488205209	-0.2270488205209	-0.2270488205209	-0.2270488205209	-0.2270488205209	-0.2270488205209	-0.2270488205209	-0.2270488205209	-0.2270488205209	-0.2270488205209	-0.2270488205209	-0.2270488205209	-0.2270488205209	-0.2270488205209	-0.2270488205209	-0.2270488205209	-0.2270488205209	4.56973112320101	-0.2270488205209	-0.2270488205209	-0.2270488205209	-0.2270488205209	-0.2270488205209	-0.2270488205209	-0.2270488205209	-0.2270488205209	-0.2270488205209	-0.2270488205209	-0.2270488205209	-0.2270488205209	-0.2270488205209	-0.2270488205209	-0.2270488205209
"Ogfrl1"	-0.594816246577292	1.60293119541775	-0.594816246577292	-0.594816246577292	-0.594816246577292	1.72655176659379	-0.594816246577292	-0.594816246577292	-0.594816246577292	-0.594816246577292	1.40760118768139	-0.594816246577292	-0.594816246577292	1.47592149797852	1.71560809206397	-0.594816246577292	1.31842242575315	-0.594816246577292	1.69414451356897	1.66453597549502	-0.594816246577292	-0.594816246577292	-0.594816246577292	-0.594816246577292	1.50204291322253	-0.594816246577292	-0.594816246577292	-0.594816246577292	-0.594816246577292	2.0792425001392	-0.594816246577292	-0.594816246577292	-0.594816246577292	-0.594816246577292	1.35470088413854	-0.594816246577292	-0.594816246577292	-0.594816246577292	-0.594816246577292	-0.594816246577292	1.7513767327132	-0.594816246577292	1.87302013578657	-0.594816246577292	-0.594816246577292	-0.594816246577292	-0.594816246577292	-0.594816246577292	1.47344056356749	-0.594816246577292	-0.594816246577292	1.77416059827689	-0.594816246577292	-0.594816246577292	-0.594816246577292	-0.594816246577292	-0.594816246577292	-0.594816246577292	1.75821386700388	-0.594816246577292
"Actb"	-1.43795816937152	-1.43795816937152	-1.43795816937152	0.20897567106666	-1.43795816937152	0.690749654169722	0.574031901650188	-1.43795816937152	0.725169442404127	0.672232121375061	0.957057853360035	-1.43795816937152	0.563750009418544	0.754319756970374	-1.43795816937152	0.457770487002688	0.677441062411117	0.586179097778731	0.4585659988243	0.434033770478629	0.886778702268161	-1.43795816937152	0.902189607832649	1.05290639477783	0.504534757342083	0.724516433933906	0.431277075458443	0.484159759903388	0.957534871176146	0.657480130077674	0.398900077575789	0.500631472533634	0.744994465421881	-1.43795816937152	0.382238088007195	-1.43795816937152	0.732002874135584	0.725605582675599	0.642877828197072	0.405630054652178	-1.43795816937152	0.731334640523703	-1.43795816937152	-1.43795816937152	0.983200999957969	-1.43795816937152	0.615069732446512	0.726917870518354	0.806297466145222	0.787514688103796	0.994610425895747	-1.43795816937152	-1.43795816937152	-1.43795816937152	0.659044671691291	-1.43795816937152	0.783242266166325	-1.43795816937152	0.511650822009397	0.827786631721239
"Fut4"	-0.226597159320662	-0.226597159320662	-0.226597159320662	-0.226597159320662	4.44946765887802	-0.226597159320662	-0.226597159320662	-0.226597159320662	-0.226597159320662	-0.226597159320662	-0.226597159320662	-0.226597159320662	-0.226597159320662	-0.226597159320662	-0.226597159320662	-0.226597159320662	-0.226597159320662	-0.226597159320662	-0.226597159320662	-0.226597159320662	-0.226597159320662	-0.226597159320662	3.76740290043	-0.226597159320662	-0.226597159320662	-0.226597159320662	-0.226597159320662	-0.226597159320662	-0.226597159320662	-0.226597159320662	-0.226597159320662	-0.226597159320662	-0.226597159320662	-0.226597159320662	-0.226597159320662	-0.226597159320662	-0.226597159320662	-0.226597159320662	-0.226597159320662	-0.226597159320662	-0.226597159320662	-0.226597159320662	-0.226597159320662	-0.226597159320662	-0.226597159320662	-0.226597159320662	-0.226597159320662	-0.226597159320662	-0.226597159320662	-0.226597159320662	-0.226597159320662	-0.226597159320662	-0.226597159320662	-0.226597159320662	-0.226597159320662	-0.226597159320662	-0.226597159320662	-0.226597159320662	4.69916752196973	-0.226597159320662
"Gm9733"	-0.492587302318737	2.12923943416612	1.92447970867274	1.63849555670502	-0.492587302318737	-0.492587302318737	-0.492587302318737	-0.492587302318737	-0.492587302318737	-0.492587302318737	-0.492587302318737	-0.492587302318737	1.83202514166748	-0.492587302318737	-0.492587302318737	-0.492587302318737	1.55863801031044	1.70583864978949	-0.492587302318737	-0.492587302318737	-0.492587302318737	-0.492587302318737	-0.492587302318737	-0.492587302318737	-0.492587302318737	2.03986416753018	-0.492587302318737	-0.492587302318737	-0.492587302318737	-0.492587302318737	-0.492587302318737	-0.492587302318737	-0.492587302318737	-0.492587302318737	-0.492587302318737	2.13550455756214	-0.492587302318737	-0.492587302318737	-0.492587302318737	1.89296041480732	-0.492587302318737	2.04868078586917	-0.492587302318737	-0.492587302318737	-0.492587302318737	-0.492587302318737	2.42976689821085	2.30869718600842	-0.492587302318737	-0.492587302318737	-0.492587302318737	-0.492587302318737	-0.492587302318737	-0.492587302318737	-0.492587302318737	-0.492587302318737	-0.492587302318737	-0.492587302318737	-0.492587302318737	-0.492587302318737
"Slfn3"	-0.359825584389589	-0.359825584389589	-0.359825584389589	-0.359825584389589	2.72495928689918	-0.359825584389589	-0.359825584389589	-0.359825584389589	-0.359825584389589	-0.359825584389589	-0.359825584389589	-0.359825584389589	-0.359825584389589	2.69975312715577	-0.359825584389589	-0.359825584389589	2.9657966150845	-0.359825584389589	-0.359825584389589	-0.359825584389589	-0.359825584389589	-0.359825584389589	-0.359825584389589	-0.359825584389589	2.53591595441508	-0.359825584389589	-0.359825584389589	-0.359825584389589	-0.359825584389589	-0.359825584389589	-0.359825584389589	-0.359825584389589	2.73620683633473	-0.359825584389589	-0.359825584389589	-0.359825584389589	-0.359825584389589	-0.359825584389589	-0.359825584389589	-0.359825584389589	-0.359825584389589	-0.359825584389589	-0.359825584389589	-0.359825584389589	-0.359825584389589	-0.359825584389589	-0.359825584389589	-0.359825584389589	2.49641639545976	-0.359825584389589	-0.359825584389589	2.91170775729921	-0.359825584389589	-0.359825584389589	-0.359825584389589	-0.359825584389589	-0.359825584389589	-0.359825584389589	-0.359825584389589	-0.359825584389589
"Megf9"	-0.542918529604333	-0.542918529604333	1.62401739671567	1.60316946328468	-0.542918529604333	-0.542918529604333	-0.542918529604333	-0.542918529604333	2.00821448866929	1.67205126398365	1.3526077980505	-0.542918529604333	1.6418255923242	-0.542918529604333	-0.542918529604333	-0.542918529604333	-0.542918529604333	-0.542918529604333	-0.542918529604333	-0.542918529604333	-0.542918529604333	-0.542918529604333	1.51701542888883	-0.542918529604333	-0.542918529604333	-0.542918529604333	1.8928461722414	-0.542918529604333	-0.542918529604333	-0.542918529604333	-0.542918529604333	-0.542918529604333	1.87758862224134	-0.542918529604333	1.56191842982197	-0.542918529604333	-0.542918529604333	2.00878242906329	-0.542918529604333	1.85942602988094	-0.542918529604333	-0.542918529604333	-0.542918529604333	-0.542918529604333	2.34429795734455	-0.542918529604333	-0.542918529604333	2.01049128928902	-0.542918529604333	-0.542918529604333	-0.542918529604333	-0.542918529604333	-0.542918529604333	-0.542918529604333	-0.542918529604333	-0.542918529604333	-0.542918529604333	-0.542918529604333	-0.542918529604333	-0.542918529604333
"Calhm6"	-0.226016453286908	-0.226016453286908	-0.226016453286908	-0.226016453286908	-0.226016453286908	-0.226016453286908	-0.226016453286908	-0.226016453286908	-0.226016453286908	-0.226016453286908	-0.226016453286908	-0.226016453286908	-0.226016453286908	-0.226016453286908	-0.226016453286908	4.08665607062168	-0.226016453286908	-0.226016453286908	-0.226016453286908	-0.226016453286908	-0.226016453286908	-0.226016453286908	3.80644848749437	-0.226016453286908	-0.226016453286908	-0.226016453286908	-0.226016453286908	-0.226016453286908	-0.226016453286908	-0.226016453286908	-0.226016453286908	-0.226016453286908	-0.226016453286908	-0.226016453286908	-0.226016453286908	-0.226016453286908	-0.226016453286908	-0.226016453286908	-0.226016453286908	-0.226016453286908	-0.226016453286908	-0.226016453286908	4.98983327923773	-0.226016453286908	-0.226016453286908	-0.226016453286908	-0.226016453286908	-0.226016453286908	-0.226016453286908	-0.226016453286908	-0.226016453286908	-0.226016453286908	-0.226016453286908	-0.226016453286908	-0.226016453286908	-0.226016453286908	-0.226016453286908	-0.226016453286908	-0.226016453286908	-0.226016453286908
"Zfp608"	-0.921170899673536	0.89325575579196	-0.921170899673536	0.924113325376395	1.24722991301491	-0.921170899673536	-0.921170899673536	0.944278098000738	-0.921170899673536	0.976878321880684	0.851441307270637	1.15177352394479	-0.921170899673536	-0.921170899673536	-0.921170899673536	0.763439229564276	-0.921170899673536	0.976062984574274	-0.921170899673536	0.944115719471324	1.32932995129807	0.81379542145556	-0.921170899673536	-0.921170899673536	0.809963933928677	-0.921170899673536	0.941368898705297	-0.921170899673536	1.05637174860345	-0.921170899673536	-0.921170899673536	1.01047487405131	0.929702010651896	-0.921170899673536	1.16288298505639	-0.921170899673536	-0.921170899673536	1.0300210957924	1.15221171500286	1.12034117718628	1.01581011968614	-0.921170899673536	-0.921170899673536	-0.921170899673536	-0.921170899673536	-0.921170899673536	-0.921170899673536	-0.921170899673536	1.195308883812	-0.921170899673536	1.17821031672669	-0.921170899673536	-0.921170899673536	-0.921170899673536	1.31916737597371	1.49681331011061	-0.921170899673536	1.11132905849158	-0.921170899673536	1.13177773413025
"Pld4"	0.669539504896413	0.649215515966282	0.356650404529216	0.337385384603112	0.191820246371084	0.525645621750901	0.529746926306989	0.608392155792179	-2.03117701289743	0.750158941475978	0.207839156758481	0.611938260504574	0.373104459125809	0.0295937282023215	0.761505721828008	-0.000492982829396682	-0.127147259711643	0.255810630818737	0.390995146114892	0.463876897893941	-2.03117701289743	0.060208014341347	0.113603639117107	0.498045281175468	0.446237387542296	-2.03117701289743	0.604881047983172	0.277507426406154	-2.03117701289743	0.630010788263391	0.565942341043042	0.543933413893557	0.693215905818427	-2.03117701289743	0.155087790050485	-2.03117701289743	-0.0618502844380534	0.567511596014693	0.570538823462432	0.183184229179146	0.876600778733522	-2.03117701289743	-2.03117701289743	0.429372605809558	0.383417929473951	0.969189316536069	0.681469575898698	-2.03117701289743	0.417716178843496	0.88867316201124	0.499485622437424	0.326397325549513	0.741505915864073	-2.03117701289743	0.343288447826879	1.13039001149931	0.492412290093548	0.418864770970536	0.310527350073384	-2.03117701289743
"Fcgr4"	-0.414561333030085	-0.414561333030085	-0.414561333030085	-0.414561333030085	-0.414561333030085	2.37981551881522	-0.414561333030085	-0.414561333030085	2.42978632131819	-0.414561333030085	1.69882743392215	-0.414561333030085	-0.414561333030085	-0.414561333030085	-0.414561333030085	-0.414561333030085	-0.414561333030085	-0.414561333030085	-0.414561333030085	2.30516320599276	2.56839973150604	-0.414561333030085	-0.414561333030085	-0.414561333030085	-0.414561333030085	-0.414561333030085	-0.414561333030085	-0.414561333030085	-0.414561333030085	-0.414561333030085	2.25411920056719	-0.414561333030085	-0.414561333030085	-0.414561333030085	-0.414561333030085	-0.414561333030085	-0.414561333030085	-0.414561333030085	-0.414561333030085	-0.414561333030085	-0.414561333030085	2.43873741304582	-0.414561333030085	2.56168262370252	2.50609653566446	-0.414561333030085	-0.414561333030085	-0.414561333030085	-0.414561333030085	-0.414561333030085	-0.414561333030085	-0.414561333030085	-0.414561333030085	-0.414561333030085	-0.414561333030085	-0.414561333030085	-0.414561333030085	-0.414561333030085	-0.414561333030085	-0.414561333030085
"Pparg"	-1.32096546278284	0.715408291102529	0.350326728839635	-1.32096546278284	0.539116437599267	0.612078429434333	-1.32096546278284	0.560600573046626	-1.32096546278284	-1.32096546278284	0.673183716923881	0.976346932914849	0.811537361685775	0.197696314153184	-1.32096546278284	0.37819929955585	0.890751656872138	-1.32096546278284	0.378997475825167	0.560436791605121	0.742533833210617	0.962322403543625	0.267799344829284	-1.32096546278284	-1.32096546278284	0.645990489883543	1.17696475335415	0.937951005590459	0.673662686280034	0.991471238905163	0.731414153221546	-1.32096546278284	-1.32096546278284	-1.32096546278284	0.781094154625674	-1.32096546278284	0.326858882601804	0.647084370060715	-1.32096546278284	0.531890293166054	-1.32096546278284	0.652838360466941	1.06128460626088	0.944330236502133	-1.32096546278284	1.31040294724861	-1.32096546278284	0.648402362308274	0.401308287739579	1.24302591893924	0.79655391081665	-1.32096546278284	0.792595142243825	0.548875773380167	-1.32096546278284	0.911400723154341	-1.32096546278284	0.729094814328021	0.638444016219893	-1.32096546278284
"Bcl11a"	1.70527232018904	-0.517878475962342	-0.517878475962342	-0.517878475962342	-0.517878475962342	-0.517878475962342	-0.517878475962342	-0.517878475962342	-0.517878475962342	-0.517878475962342	-0.517878475962342	-0.517878475962342	1.32917859377909	1.63487675079207	-0.517878475962342	-0.517878475962342	-0.517878475962342	-0.517878475962342	-0.517878475962342	2.23930568260066	-0.517878475962342	-0.517878475962342	-0.517878475962342	1.71605725982011	1.9194213911617	-0.517878475962342	-0.517878475962342	1.89385631554827	-0.517878475962342	1.85372343665492	-0.517878475962342	-0.517878475962342	1.8128115494119	-0.517878475962342	-0.517878475962342	-0.517878475962342	-0.517878475962342	-0.517878475962342	-0.517878475962342	-0.517878475962342	-0.517878475962342	1.94632076248301	-0.517878475962342	-0.517878475962342	-0.517878475962342	-0.517878475962342	-0.517878475962342	2.19845166444674	-0.517878475962342	2.27448417577176	-0.517878475962342	-0.517878475962342	-0.517878475962342	1.81652846757083	-0.517878475962342	-0.517878475962342	-0.517878475962342	-0.517878475962342	-0.517878475962342	-0.517878475962342
"Themis2"	-0.952612031295931	-0.952612031295931	0.809674686233312	1.137175596441	-0.952612031295931	-0.952612031295931	-0.952612031295931	-0.952612031295931	-0.952612031295931	-0.952612031295931	0.588947564158296	1.03452199199443	0.824157415603792	0.865610365081341	-0.952612031295931	0.839064796115232	-0.952612031295931	0.847873057461371	-0.952612031295931	-0.952612031295931	-0.952612031295931	0.892621414683769	0.939732487691353	0.934175624071155	1.10593747308663	1.12143604164095	1.24585526580738	1.08434514690495	-0.952612031295931	1.05044881799207	-0.952612031295931	1.10180098182976	1.01589453669764	1.3702896415702	-0.952612031295931	1.19976440015143	0.784929118748909	-0.952612031295931	0.907840786434779	1.00112358990413	1.10747531312254	1.12865674872794	-0.952612031295931	-0.952612031295931	1.1777902084292	-0.952612031295931	-0.952612031295931	1.12397922993548	1.08078563777994	-0.952612031295931	-0.952612031295931	-0.952612031295931	-0.952612031295931	-0.952612031295931	-0.952612031295931	-0.952612031295931	-0.952612031295931	1.20906503187489	-0.952612031295931	-0.952612031295931
"mt-Rnr1"	0.0164458745946193	-1.90749170846253	-0.101788898605648	-0.119161434414758	1.06627149781435	0.757585625312777	0.630768082918805	-1.90749170846253	0.844607561552205	0.455671846378673	0.541856595206824	0.481986826886251	0.461087896575112	1.14244991363956	0.39412142501021	-0.0716747273598971	0.0362628448070722	-0.0626494637041759	0.446598008988427	0.348133622891394	-1.90749170846253	0.652026726167164	0.326067316622211	0.543412729004992	0.33218682261996	0.735572603429043	0.475606833546959	-1.90749170846253	-1.90749170846253	0.367849083191349	0.309946784991071	-1.90749170846253	0.462876904872136	-1.90749170846253	0.881669648728173	1.12355932532098	0.318309166062199	0.441823402209326	0.798190227610941	0.317261943897993	-1.90749170846253	0.448044324592468	0.312789441280367	0.316940407013633	0.275395600471201	-1.90749170846253	-1.90749170846253	0.666346465984999	-0.0467072410606887	0.50904767361479	0.733923481267796	0.577334558688971	0.729643977098809	-1.90749170846253	0.723140135968908	0.727525376688289	0.504408445670908	-1.90749170846253	0.727410216791128	0.329725020712434
"Sirpb1c"	-0.775720089801467	-0.775720089801467	1.16004435617209	-0.775720089801467	-0.775720089801467	1.00493176962309	-0.775720089801467	1.50166514973595	-0.775720089801467	1.32275388263621	0.731742176555701	-0.775720089801467	1.17423219330687	1.21483492313785	-0.775720089801467	-0.775720089801467	-0.775720089801467	-0.775720089801467	-0.775720089801467	-0.775720089801467	1.13928134320485	1.02869914941386	1.35591990004834	-0.775720089801467	1.02471428254692	-0.775720089801467	-0.775720089801467	1.21618219758199	-0.775720089801467	1.18303561216624	-0.775720089801467	1.44605100288942	-0.775720089801467	-0.775720089801467	1.23494858528328	1.32904852438068	-0.775720089801467	-0.775720089801467	1.46900579708944	-0.775720089801467	-0.775720089801467	-0.775720089801467	-0.775720089801467	-0.775720089801467	-0.775720089801467	-0.775720089801467	-0.775720089801467	-0.775720089801467	-0.775720089801467	-0.775720089801467	-0.775720089801467	1.47118030570575	1.40362006261747	1.1523155080078	1.06030648830504	1.52612318469211	-0.775720089801467	1.55100692755336	-0.775720089801467	-0.775720089801467
"Spi1"	0.710962393827076	-1.05080744110038	-1.05080744110038	1.0604556864652	-1.05080744110038	0.861658882075214	1.06922204108234	1.01485453072765	-1.05080744110038	-1.05080744110038	1.04155372600078	-1.05080744110038	0.616282283804987	0.77443641813364	1.05680385873288	-1.05080744110038	0.525420243725347	0.638533962507191	-1.05080744110038	1.13416529592909	-1.05080744110038	1.00392039095596	0.994485997510817	-1.05080744110038	0.676696558612863	-1.05080744110038	1.13142090245145	-1.05080744110038	-1.05080744110038	-1.05080744110038	0.979724257524634	0.876786952685366	-1.05080744110038	-1.05080744110038	0.555308365524704	0.968703103306724	0.783282358499812	1.10048505984662	-1.05080744110038	-1.05080744110038	-1.05080744110038	0.901984916961785	-1.05080744110038	-1.05080744110038	-1.05080744110038	-1.05080744110038	0.990576144309166	0.897596140730538	1.06123329675218	1.16204303063532	1.0441705917243	0.900881567475827	-1.05080744110038	0.799129028653105	-1.05080744110038	-1.05080744110038	-1.05080744110038	-1.05080744110038	0.887743802868354	1.20208656076971
"Csf3r"	-0.745831461666406	-0.745831461666406	-0.745831461666406	0.964792490674308	1.17651993126781	-0.745831461666406	-0.745831461666406	-0.745831461666406	-0.745831461666406	1.35743347537133	-0.745831461666406	1.53981972675744	-0.745831461666406	1.03623349057503	-0.745831461666406	-0.745831461666406	-0.745831461666406	1.56992396317027	-0.745831461666406	1.19855402138641	-0.745831461666406	1.0627073943811	0.896120024626009	-0.745831461666406	1.39652881507442	1.83853271807885	-0.745831461666406	-0.745831461666406	-0.745831461666406	1.21739621820122	1.1620616407345	-0.745831461666406	-0.745831461666406	1.74428979387859	-0.745831461666406	-0.745831461666406	0.957156683646095	-0.745831461666406	-0.745831461666406	1.16905187902028	-0.745831461666406	-0.745831461666406	1.37797428652132	-0.745831461666406	-0.745831461666406	-0.745831461666406	-0.745831461666406	1.28946439330967	-0.745831461666406	-0.745831461666406	-0.745831461666406	1.29289633908254	1.43848427856484	-0.745831461666406	1.094386895064	-0.745831461666406	1.56126708393743	-0.745831461666406	-0.745831461666406	-0.745831461666406
"Alcam"	0.621829665739941	0.732682229008378	0.714352341061103	0.107311947109869	-1.47527729413213	0.633809573179639	0.655472185910325	0.323733773130117	-1.47527729413213	1.0109292292024	0.475255343112579	0.880659096855321	0.448225490300564	0.82878977076913	-1.47527729413213	-1.47527729413213	0.870397085967721	-1.47527729413213	0.544440677452221	-1.47527729413213	0.695072012028835	0.197898234617172	0.0437793946813338	0.432753338276128	0.194203205445358	0.997620761362767	-1.47527729413213	-1.47527729413213	0.890197478690855	0.538293638087235	0.602502020369135	-1.47527729413213	-1.47527729413213	-1.47527729413213	0.701946379075882	0.673778356887896	1.07774157282859	0.406423035693586	0.803611212911012	0.296283175986139	0.590043095858144	0.609262702404951	0.802449959435462	-1.47527729413213	0.76933443327044	0.843152067200894	0.810427046041568	-1.47527729413213	0.171430543405552	-1.47527729413213	-1.47527729413213	0.410858275799147	0.545549425402194	0.995368239896869	1.10737534411986	-1.47527729413213	-1.47527729413213	0.995192322500928	-1.47527729413213	0.504555613301128
"Plb1"	5.5892426723267	-0.183938264794347	-0.183938264794347	-0.183938264794347	-0.183938264794347	-0.183938264794347	-0.183938264794347	-0.183938264794347	-0.183938264794347	-0.183938264794347	-0.183938264794347	-0.183938264794347	-0.183938264794347	-0.183938264794347	-0.183938264794347	-0.183938264794347	-0.183938264794347	-0.183938264794347	-0.183938264794347	-0.183938264794347	-0.183938264794347	-0.183938264794347	-0.183938264794347	-0.183938264794347	-0.183938264794347	-0.183938264794347	-0.183938264794347	-0.183938264794347	-0.183938264794347	-0.183938264794347	-0.183938264794347	-0.183938264794347	-0.183938264794347	-0.183938264794347	5.07917668574545	-0.183938264794347	-0.183938264794347	-0.183938264794347	-0.183938264794347	-0.183938264794347	-0.183938264794347	-0.183938264794347	-0.183938264794347	-0.183938264794347	-0.183938264794347	-0.183938264794347	-0.183938264794347	-0.183938264794347	-0.183938264794347	-0.183938264794347	-0.183938264794347	-0.183938264794347	-0.183938264794347	-0.183938264794347	-0.183938264794347	-0.183938264794347	-0.183938264794347	-0.183938264794347	-0.183938264794347	-0.183938264794347
"Ubald2"	-0.411593417590695	-0.411593417590695	-0.411593417590695	-0.411593417590695	-0.411593417590695	-0.411593417590695	-0.411593417590695	-0.411593417590695	-0.411593417590695	-0.411593417590695	1.8670293304607	-0.411593417590695	1.89432944287564	1.95540166687797	-0.411593417590695	-0.411593417590695	-0.411593417590695	-0.411593417590695	-0.411593417590695	-0.411593417590695	2.48305006714734	-0.411593417590695	2.06466465850436	-0.411593417590695	-0.411593417590695	-0.411593417590695	-0.411593417590695	-0.411593417590695	-0.411593417590695	-0.411593417590695	-0.411593417590695	-0.411593417590695	-0.411593417590695	-0.411593417590695	-0.411593417590695	-0.411593417590695	-0.411593417590695	2.65582050634999	2.33839440296346	-0.411593417590695	-0.411593417590695	2.66478870928659	-0.411593417590695	-0.411593417590695	-0.411593417590695	-0.411593417590695	-0.411593417590695	-0.411593417590695	-0.411593417590695	-0.411593417590695	-0.411593417590695	-0.411593417590695	-0.411593417590695	-0.411593417590695	-0.411593417590695	3.06778551265939	-0.411593417590695	-0.411593417590695	-0.411593417590695	-0.411593417590695
"Grk5"	0.457721053798479	1.11194076595958	0.872300086787756	0.536491797712068	-1.28472875068126	0.808693949851257	0.693910892271728	-1.28472875068126	0.640589843800192	1.02685377435813	0.464767468814259	-1.28472875068126	0.481989309614038	0.840502633635649	0.597847855803152	-1.28472875068126	1.19973426073654	0.952784154917345	-1.28472875068126	-1.28472875068126	0.53255178770735	0.427612509226919	0.269886051950444	0.466174018835317	-1.28472875068126	-1.28472875068126	-1.28472875068126	0.807456496265051	-1.28472875068126	0.894143916447064	-1.28472875068126	0.621727137017894	-1.28472875068126	-1.28472875068126	0.707132575869082	-1.28472875068126	0.529247938755719	0.842972112018648	0.845450683106409	-1.28472875068126	0.626992807665799	0.646648773803973	-1.28472875068126	-1.28472875068126	-1.28472875068126	0.767738757681617	1.05447940912028	-1.28472875068126	-1.28472875068126	-1.28472875068126	-1.28472875068126	0.847514228397216	0.783401527060802	0.948811077139266	0.659387289966336	0.899653418992083	0.983513123423625	0.721266118926826	0.952694776684133	0.741448130865694
"Rab44"	-0.184123481593685	5.41529666778168	-0.184123481593685	-0.184123481593685	-0.184123481593685	-0.184123481593685	-0.184123481593685	-0.184123481593685	-0.184123481593685	-0.184123481593685	-0.184123481593685	-0.184123481593685	-0.184123481593685	-0.184123481593685	-0.184123481593685	-0.184123481593685	-0.184123481593685	-0.184123481593685	-0.184123481593685	-0.184123481593685	-0.184123481593685	-0.184123481593685	-0.184123481593685	-0.184123481593685	-0.184123481593685	-0.184123481593685	-0.184123481593685	-0.184123481593685	-0.184123481593685	-0.184123481593685	-0.184123481593685	-0.184123481593685	-0.184123481593685	-0.184123481593685	-0.184123481593685	-0.184123481593685	-0.184123481593685	-0.184123481593685	-0.184123481593685	-0.184123481593685	-0.184123481593685	-0.184123481593685	-0.184123481593685	-0.184123481593685	-0.184123481593685	-0.184123481593685	-0.184123481593685	-0.184123481593685	-0.184123481593685	-0.184123481593685	-0.184123481593685	-0.184123481593685	-0.184123481593685	-0.184123481593685	5.26386526465203	-0.184123481593685	-0.184123481593685	-0.184123481593685	-0.184123481593685	-0.184123481593685
"Apobec1"	-1.24207114443253	0.907094743184564	0.74856857943973	0.612296950770807	-1.24207114443253	0.804101421726753	0.567086137631215	-1.24207114443253	0.718289657480119	1.03698643703137	0.539267186596829	-1.24207114443253	0.436746348877178	0.475914028653314	0.674769734021536	0.450831896794325	0.345245105671947	0.459154565365278	-1.24207114443253	0.837959175923198	0.813823793589077	-1.24207114443253	0.751420122950417	0.746163170035703	-1.24207114443253	-1.24207114443253	-1.24207114443253	-1.24207114443253	0.745206448952591	0.976458599808395	-1.24207114443253	-1.24207114443253	1.09538466425788	-1.24207114443253	0.700723014928584	0.791646404913242	0.604921248280157	1.25045513542464	0.926879113985626	0.809490782944112	-1.24207114443253	0.93009206961681	-1.24207114443253	-1.24207114443253	0.770883633733794	-1.24207114443253	0.813673320032562	-1.24207114443253	0.884827536735276	0.986346454529889	0.867644797704471	-1.24207114443253	-1.24207114443253	0.94673997109187	0.857706446833999	-1.24207114443253	0.65616593652388	-1.24207114443253	-1.24207114443253	1.02667168590716
"Trpc5"	-0.18413667098563	-0.18413667098563	-0.18413667098563	-0.18413667098563	-0.18413667098563	-0.18413667098563	-0.18413667098563	-0.18413667098563	-0.18413667098563	-0.18413667098563	-0.18413667098563	-0.18413667098563	-0.18413667098563	-0.18413667098563	-0.18413667098563	-0.18413667098563	-0.18413667098563	-0.18413667098563	-0.18413667098563	-0.18413667098563	-0.18413667098563	-0.18413667098563	-0.18413667098563	5.37878570152277	-0.18413667098563	-0.18413667098563	-0.18413667098563	-0.18413667098563	-0.18413667098563	-0.18413667098563	-0.18413667098563	-0.18413667098563	-0.18413667098563	-0.18413667098563	-0.18413667098563	-0.18413667098563	-0.18413667098563	-0.18413667098563	5.30114121564379	-0.18413667098563	-0.18413667098563	-0.18413667098563	-0.18413667098563	-0.18413667098563	-0.18413667098563	-0.18413667098563	-0.18413667098563	-0.18413667098563	-0.18413667098563	-0.18413667098563	-0.18413667098563	-0.18413667098563	-0.18413667098563	-0.18413667098563	-0.18413667098563	-0.18413667098563	-0.18413667098563	-0.18413667098563	-0.18413667098563	-0.18413667098563
"Fry"	0.495784041185672	0.908340713957484	0.375736949908201	-1.68050818721962	0.80892058357049	0.210970259176732	0.308389426312093	-1.68050818721962	1.05917102104732	0.190634111091819	0.670279818034785	-1.68050818721962	0.72068327186566	0.792248185209419	-1.68050818721962	0.406319330576361	0.588666442217942	-1.68050818721962	0.181459532628413	0.380189835166785	0.353681660828569	0.236216904872025	0.511037049671814	-1.68050818721962	0.457797671564542	-1.68050818721962	0.829266985473613	0.435368773216076	0.956462446154006	0.758433168302848	0.341514491570056	0.453500916266426	0.364266115479638	-1.68050818721962	0.455303168401655	0.555259825098973	0.12435218320603	0.475094841872063	-1.68050818721962	0.707133710036429	0.459395093609365	-1.68050818721962	0.570342965172179	0.932978893471718	-1.68050818721962	0.616940379891879	0.579475120998678	0.834889976976042	0.431671354620994	-1.68050818721962	-1.68050818721962	0.932408859731443	-1.68050818721962	-1.68050818721962	0.269791463505808	0.764600281144331	0.858469420119551	0.791032771604832	0.465631070883709	0.587511722599816
"Mefv"	-0.388163037552318	-0.388163037552318	-0.388163037552318	-0.388163037552318	-0.388163037552318	-0.388163037552318	2.53062118917969	-0.388163037552318	-0.388163037552318	-0.388163037552318	-0.388163037552318	-0.388163037552318	-0.388163037552318	-0.388163037552318	-0.388163037552318	2.34306367397109	-0.388163037552318	-0.388163037552318	-0.388163037552318	-0.388163037552318	-0.388163037552318	-0.388163037552318	-0.388163037552318	2.48805033110371	2.41849330193093	-0.388163037552318	-0.388163037552318	-0.388163037552318	-0.388163037552318	-0.388163037552318	-0.388163037552318	2.74357791712517	-0.388163037552318	-0.388163037552318	-0.388163037552318	-0.388163037552318	2.26053941189033	-0.388163037552318	-0.388163037552318	-0.388163037552318	-0.388163037552318	-0.388163037552318	-0.388163037552318	-0.388163037552318	-0.388163037552318	-0.388163037552318	-0.388163037552318	-0.388163037552318	-0.388163037552318	-0.388163037552318	-0.388163037552318	2.78272416706745	-0.388163037552318	2.61740796045217	-0.388163037552318	-0.388163037552318	-0.388163037552318	-0.388163037552318	-0.388163037552318	-0.388163037552318
"ENSMUSG00000117546"	-0.184093323209912	-0.184093323209912	-0.184093323209912	-0.184093323209912	-0.184093323209912	-0.184093323209912	-0.184093323209912	5.21463355538872	-0.184093323209912	-0.184093323209912	-0.184093323209912	-0.184093323209912	-0.184093323209912	-0.184093323209912	-0.184093323209912	-0.184093323209912	-0.184093323209912	-0.184093323209912	-0.184093323209912	-0.184093323209912	-0.184093323209912	-0.184093323209912	-0.184093323209912	-0.184093323209912	-0.184093323209912	-0.184093323209912	-0.184093323209912	-0.184093323209912	-0.184093323209912	-0.184093323209912	-0.184093323209912	-0.184093323209912	-0.184093323209912	-0.184093323209912	-0.184093323209912	-0.184093323209912	-0.184093323209912	5.4627791907862	-0.184093323209912	-0.184093323209912	-0.184093323209912	-0.184093323209912	-0.184093323209912	-0.184093323209912	-0.184093323209912	-0.184093323209912	-0.184093323209912	-0.184093323209912	-0.184093323209912	-0.184093323209912	-0.184093323209912	-0.184093323209912	-0.184093323209912	-0.184093323209912	-0.184093323209912	-0.184093323209912	-0.184093323209912	-0.184093323209912	-0.184093323209912	-0.184093323209912
"5033403F01Rik"	-0.184057630074987	-0.184057630074987	-0.184057630074987	-0.184057630074987	5.17388401465487	-0.184057630074987	-0.184057630074987	-0.184057630074987	-0.184057630074987	-0.184057630074987	-0.184057630074987	-0.184057630074987	-0.184057630074987	-0.184057630074987	-0.184057630074987	-0.184057630074987	-0.184057630074987	-0.184057630074987	-0.184057630074987	-0.184057630074987	-0.184057630074987	-0.184057630074987	-0.184057630074987	-0.184057630074987	-0.184057630074987	-0.184057630074987	-0.184057630074987	-0.184057630074987	-0.184057630074987	-0.184057630074987	-0.184057630074987	-0.184057630074987	-0.184057630074987	-0.184057630074987	-0.184057630074987	-0.184057630074987	-0.184057630074987	-0.184057630074987	-0.184057630074987	-0.184057630074987	-0.184057630074987	5.50145852969439	-0.184057630074987	-0.184057630074987	-0.184057630074987	-0.184057630074987	-0.184057630074987	-0.184057630074987	-0.184057630074987	-0.184057630074987	-0.184057630074987	-0.184057630074987	-0.184057630074987	-0.184057630074987	-0.184057630074987	-0.184057630074987	-0.184057630074987	-0.184057630074987	-0.184057630074987	-0.184057630074987
"Gm52981"	-0.227267268174921	-0.227267268174921	-0.227267268174921	-0.227267268174921	-0.227267268174921	-0.227267268174921	-0.227267268174921	-0.227267268174921	-0.227267268174921	-0.227267268174921	-0.227267268174921	-0.227267268174921	-0.227267268174921	-0.227267268174921	-0.227267268174921	-0.227267268174921	-0.227267268174921	-0.227267268174921	-0.227267268174921	-0.227267268174921	-0.227267268174921	-0.227267268174921	-0.227267268174921	-0.227267268174921	-0.227267268174921	-0.227267268174921	-0.227267268174921	-0.227267268174921	-0.227267268174921	-0.227267268174921	4.07507766219474	-0.227267268174921	-0.227267268174921	-0.227267268174921	4.3171907413581	-0.227267268174921	-0.227267268174921	-0.227267268174921	-0.227267268174921	-0.227267268174921	-0.227267268174921	-0.227267268174921	4.56196588241768	-0.227267268174921	-0.227267268174921	-0.227267268174921	-0.227267268174921	-0.227267268174921	-0.227267268174921	-0.227267268174921	-0.227267268174921	-0.227267268174921	-0.227267268174921	-0.227267268174921	-0.227267268174921	-0.227267268174921	-0.227267268174921	-0.227267268174921	-0.227267268174921	-0.227267268174921
"Sult5a1"	-0.298016016634998	-0.298016016634998	-0.298016016634998	-0.298016016634998	-0.298016016634998	-0.298016016634998	-0.298016016634998	-0.298016016634998	-0.298016016634998	-0.298016016634998	-0.298016016634998	-0.298016016634998	-0.298016016634998	-0.298016016634998	-0.298016016634998	-0.298016016634998	2.74511665432621	-0.298016016634998	-0.298016016634998	-0.298016016634998	-0.298016016634998	-0.298016016634998	-0.298016016634998	-0.298016016634998	-0.298016016634998	-0.298016016634998	-0.298016016634998	-0.298016016634998	-0.298016016634998	-0.298016016634998	-0.298016016634998	-0.298016016634998	3.26786379251291	-0.298016016634998	-0.298016016634998	-0.298016016634998	-0.298016016634998	3.4611378947914	-0.298016016634998	-0.298016016634998	-0.298016016634998	3.47212853902251	-0.298016016634998	-0.298016016634998	-0.298016016634998	-0.298016016634998	-0.298016016634998	-0.298016016634998	-0.298016016634998	-0.298016016634998	-0.298016016634998	-0.298016016634998	-0.298016016634998	-0.298016016634998	-0.298016016634998	-0.298016016634998	-0.298016016634998	-0.298016016634998	3.44463403427182	-0.298016016634998
"Gm47320"	-0.184074543536569	-0.184074543536569	-0.184074543536569	-0.184074543536569	-0.184074543536569	-0.184074543536569	-0.184074543536569	-0.184074543536569	-0.184074543536569	-0.184074543536569	-0.184074543536569	-0.184074543536569	-0.184074543536569	-0.184074543536569	-0.184074543536569	-0.184074543536569	-0.184074543536569	-0.184074543536569	-0.184074543536569	-0.184074543536569	-0.184074543536569	-0.184074543536569	-0.184074543536569	-0.184074543536569	-0.184074543536569	-0.184074543536569	-0.184074543536569	-0.184074543536569	-0.184074543536569	-0.184074543536569	-0.184074543536569	-0.184074543536569	-0.184074543536569	-0.184074543536569	-0.184074543536569	-0.184074543536569	-0.184074543536569	-0.184074543536569	-0.184074543536569	5.19184256706948	5.48448095805155	-0.184074543536569	-0.184074543536569	-0.184074543536569	-0.184074543536569	-0.184074543536569	-0.184074543536569	-0.184074543536569	-0.184074543536569	-0.184074543536569	-0.184074543536569	-0.184074543536569	-0.184074543536569	-0.184074543536569	-0.184074543536569	-0.184074543536569	-0.184074543536569	-0.184074543536569	-0.184074543536569	-0.184074543536569
"Rfx2"	-0.413423617645634	-0.413423617645634	-0.413423617645634	-0.413423617645634	-0.413423617645634	-0.413423617645634	-0.413423617645634	-0.413423617645634	-0.413423617645634	2.12582160166789	-0.413423617645634	-0.413423617645634	1.78564612217475	-0.413423617645634	-0.413423617645634	-0.413423617645634	2.26067891499654	-0.413423617645634	-0.413423617645634	-0.413423617645634	-0.413423617645634	-0.413423617645634	-0.413423617645634	-0.413423617645634	-0.413423617645634	-0.413423617645634	-0.413423617645634	-0.413423617645634	-0.413423617645634	2.41015887277891	-0.413423617645634	2.4825466241091	-0.413423617645634	2.86101734245505	-0.413423617645634	-0.413423617645634	2.03587330181771	-0.413423617645634	-0.413423617645634	-0.413423617645634	-0.413423617645634	-0.413423617645634	-0.413423617645634	-0.413423617645634	-0.413423617645634	2.70434315825438	-0.413423617645634	-0.413423617645634	-0.413423617645634	-0.413423617645634	-0.413423617645634	-0.413423617645634	-0.413423617645634	-0.413423617645634	-0.413423617645634	-0.413423617645634	2.41851856167299	-0.413423617645634	-0.413423617645634	-0.413423617645634
"Zeb2"	0.365522961598239	-0.192222643872036	-0.149296043115914	-0.544108281728584	0.230567561508571	-0.642203089496028	0.365728320714064	0.00343149675236002	0.256236451403515	0.149390891293441	-0.519472511074245	-0.0828017354998246	0.447757464619323	0.424120939576845	-1.07469383132715	-0.213178720152073	0.159904793527241	-0.133355666920687	0.168786241587497	0.787968148099343	0.224773888873644	0.233158517838766	0.0989458373514617	-0.274147048261452	0.261641824225676	0.589649570185342	0.3677835347484	-0.230314459003991	-4.93626383938529	0.362130094305678	-0.0678871110037868	0.632099376465682	0.601796815915155	0.142321355300346	0.583359211935434	0.32430286008692	0.590345726534252	0.447595166799783	0.730412901577649	0.401550376731519	0.0562496711596402	-0.0124277146334431	0.150716568263919	0.267483009925561	-0.224307040926049	0.517297713762855	0.639073093472008	-0.569244031189098	0.628304234114722	-4.93626383938529	-0.0292506688443443	-0.0146684921577808	0.549449481817286	0.787297903991575	0.709447023735553	-0.0411365637843775	0.264383923206382	0.00731372655420591	0.310202353739672	0.0487422984619028
"Gm3055"	-0.129099444873581	-0.129099444873581	-0.129099444873581	-0.129099444873581	-0.129099444873581	-0.129099444873581	-0.129099444873581	-0.129099444873581	-0.129099444873581	-0.129099444873581	-0.129099444873581	-0.129099444873581	-0.129099444873581	-0.129099444873581	-0.129099444873581	-0.129099444873581	-0.129099444873581	-0.129099444873581	-0.129099444873581	-0.129099444873581	-0.129099444873581	-0.129099444873581	-0.129099444873581	-0.129099444873581	-0.129099444873581	-0.129099444873581	-0.129099444873581	-0.129099444873581	-0.129099444873581	-0.129099444873581	-0.129099444873581	-0.129099444873581	-0.129099444873581	-0.129099444873581	-0.129099444873581	-0.129099444873581	7.61686724754125	-0.129099444873581	-0.129099444873581	-0.129099444873581	-0.129099444873581	-0.129099444873581	-0.129099444873581	-0.129099444873581	-0.129099444873581	-0.129099444873581	-0.129099444873581	-0.129099444873581	-0.129099444873581	-0.129099444873581	-0.129099444873581	-0.129099444873581	-0.129099444873581	-0.129099444873581	-0.129099444873581	-0.129099444873581	-0.129099444873581	-0.129099444873581	-0.129099444873581	-0.129099444873581
"Tmem30b"	-0.129099444873581	-0.129099444873581	-0.129099444873581	-0.129099444873581	-0.129099444873581	-0.129099444873581	-0.129099444873581	-0.129099444873581	-0.129099444873581	-0.129099444873581	-0.129099444873581	-0.129099444873581	-0.129099444873581	-0.129099444873581	-0.129099444873581	-0.129099444873581	-0.129099444873581	-0.129099444873581	-0.129099444873581	-0.129099444873581	-0.129099444873581	-0.129099444873581	-0.129099444873581	-0.129099444873581	-0.129099444873581	-0.129099444873581	-0.129099444873581	-0.129099444873581	-0.129099444873581	-0.129099444873581	-0.129099444873581	-0.129099444873581	-0.129099444873581	-0.129099444873581	-0.129099444873581	-0.129099444873581	7.61686724754125	-0.129099444873581	-0.129099444873581	-0.129099444873581	-0.129099444873581	-0.129099444873581	-0.129099444873581	-0.129099444873581	-0.129099444873581	-0.129099444873581	-0.129099444873581	-0.129099444873581	-0.129099444873581	-0.129099444873581	-0.129099444873581	-0.129099444873581	-0.129099444873581	-0.129099444873581	-0.129099444873581	-0.129099444873581	-0.129099444873581	-0.129099444873581	-0.129099444873581	-0.129099444873581
"Gm45449"	-0.129099444873581	-0.129099444873581	-0.129099444873581	-0.129099444873581	-0.129099444873581	-0.129099444873581	-0.129099444873581	-0.129099444873581	-0.129099444873581	-0.129099444873581	-0.129099444873581	-0.129099444873581	-0.129099444873581	-0.129099444873581	-0.129099444873581	-0.129099444873581	-0.129099444873581	-0.129099444873581	-0.129099444873581	-0.129099444873581	-0.129099444873581	-0.129099444873581	-0.129099444873581	-0.129099444873581	-0.129099444873581	-0.129099444873581	-0.129099444873581	-0.129099444873581	-0.129099444873581	-0.129099444873581	7.61686724754125	-0.129099444873581	-0.129099444873581	-0.129099444873581	-0.129099444873581	-0.129099444873581	-0.129099444873581	-0.129099444873581	-0.129099444873581	-0.129099444873581	-0.129099444873581	-0.129099444873581	-0.129099444873581	-0.129099444873581	-0.129099444873581	-0.129099444873581	-0.129099444873581	-0.129099444873581	-0.129099444873581	-0.129099444873581	-0.129099444873581	-0.129099444873581	-0.129099444873581	-0.129099444873581	-0.129099444873581	-0.129099444873581	-0.129099444873581	-0.129099444873581	-0.129099444873581	-0.129099444873581
"Mx2"	-0.384885585480666	-0.384885585480666	-0.384885585480666	2.26718013912826	-0.384885585480666	-0.384885585480666	-0.384885585480666	-0.384885585480666	-0.384885585480666	-0.384885585480666	-0.384885585480666	-0.384885585480666	1.98560876703546	2.04839116300158	-0.384885585480666	-0.384885585480666	-0.384885585480666	-0.384885585480666	-0.384885585480666	-0.384885585480666	-0.384885585480666	-0.384885585480666	-0.384885585480666	-0.384885585480666	-0.384885585480666	-0.384885585480666	-0.384885585480666	-0.384885585480666	-0.384885585480666	-0.384885585480666	-0.384885585480666	-0.384885585480666	-0.384885585480666	-0.384885585480666	2.21620345396267	-0.384885585480666	-0.384885585480666	-0.384885585480666	-0.384885585480666	-0.384885585480666	-0.384885585480666	-0.384885585480666	-0.384885585480666	-0.384885585480666	-0.384885585480666	-0.384885585480666	2.92111541856013	-0.384885585480666	-0.384885585480666	-0.384885585480666	3.00791110861654	-0.384885585480666	-0.384885585480666	-0.384885585480666	-0.384885585480666	-0.384885585480666	2.66781566412833	2.89982473056166	-0.384885585480666	-0.384885585480666
"Ggta1"	1.42273751825515	-0.619604175615427	-0.619604175615427	-0.619604175615427	1.5137520600469	-0.619604175615427	-0.619604175615427	-0.619604175615427	-0.619604175615427	-0.619604175615427	1.29281747651745	-0.619604175615427	-0.619604175615427	1.12217212521463	-0.619604175615427	-0.619604175615427	-0.619604175615427	-0.619604175615427	-0.619604175615427	1.53820469847942	1.98382987979577	1.76235074140571	-0.619604175615427	-0.619604175615427	-0.619604175615427	-0.619604175615427	-0.619604175615427	-0.619604175615427	-0.619604175615427	-0.619604175615427	1.49770677073111	-0.619604175615427	-0.619604175615427	-0.619604175615427	1.24229470131139	-0.619604175615427	-0.619604175615427	1.6375821246913	-0.619604175615427	-0.619604175615427	-0.619604175615427	1.64418146384435	-0.619604175615427	1.74172526387853	-0.619604175615427	-0.619604175615427	-0.619604175615427	1.63909375005539	-0.619604175615427	-0.619604175615427	1.80901101540184	1.64290239968205	-0.619604175615427	1.52494519075788	-0.619604175615427	-0.619604175615427	-0.619604175615427	-0.619604175615427	1.6276723713945	-0.619604175615427
"Niban1"	0.832725697056934	0.675540911289123	0.516377101902743	1.08053542905958	1.11925277735677	-1.15863134270335	0.661255349154661	1.05492613436964	-1.15863134270335	1.17381255423443	0.306581618709404	-1.15863134270335	0.650910700628485	0.569542533777859	0.769577575168423	-1.15863134270335	-1.15863134270335	-1.15863134270335	-1.15863134270335	-1.15863134270335	0.909456310403164	0.595215845465286	0.433666211597923	-1.15863134270335	-1.15863134270335	-1.15863134270335	-1.15863134270335	0.777444348527552	-1.15863134270335	0.952023311856904	0.691565539593699	1.0008706726735	0.712383794535281	1.0492272760664	0.881511278738531	0.887147396241055	0.820234031461679	1.02064346815434	1.08979760919259	0.905097602353494	-1.15863134270335	-1.15863134270335	-1.15863134270335	-1.15863134270335	-1.15863134270335	-1.15863134270335	0.909304944446376	1.02196528538187	0.567472022410741	-1.15863134270335	-1.15863134270335	-1.15863134270335	0.959628934794627	0.715367636257484	0.953599214635766	-1.15863134270335	-1.15863134270335	0.895987408778179	0.805135041309155	-1.15863134270335
"Stk38"	0.656030582046587	-1.43556962796958	0.757840917599005	0.306830918950136	0.739659912393401	0.599296652303825	-1.43556962796958	0.545107218444693	-1.43556962796958	0.579721141799035	0.711929574825924	0.548226943412965	0.555139596243482	0.16308710893602	-1.43556962796958	0.570047456684516	0.585227591965451	0.705899443055656	-1.43556962796958	-1.43556962796958	-1.43556962796958	0.840849178876567	-1.43556962796958	-1.43556962796958	0.619522480036993	0.634995018274988	0.542018319368242	0.815200319744049	-1.43556962796958	0.908458524520744	0.507764545820577	-1.43556962796958	-1.43556962796958	0.883430661029679	0.273339364314637	-1.43556962796958	0.515903944648813	0.636146518194959	-1.43556962796958	-1.43556962796958	0.621057737223884	0.642203597965256	1.07216460206696	1.07621167396251	1.0357050398522	0.989808500453128	0.736464761716305	0.637533935207587	0.377424269607345	0.918905718161073	-1.43556962796958	0.641029632893492	-1.43556962796958	0.532764819195355	0.438832672332198	-1.43556962796958	0.787258978472243	0.722476832960017	0.84430622586145	-1.43556962796958
"Nfe2"	-0.226888683934105	-0.226888683934105	-0.226888683934105	-0.226888683934105	-0.226888683934105	-0.226888683934105	-0.226888683934105	-0.226888683934105	-0.226888683934105	-0.226888683934105	-0.226888683934105	-0.226888683934105	-0.226888683934105	3.90659498425454	-0.226888683934105	-0.226888683934105	-0.226888683934105	-0.226888683934105	-0.226888683934105	-0.226888683934105	-0.226888683934105	-0.226888683934105	-0.226888683934105	-0.226888683934105	-0.226888683934105	-0.226888683934105	-0.226888683934105	-0.226888683934105	-0.226888683934105	4.32680030560688	-0.226888683934105	-0.226888683934105	-0.226888683934105	-0.226888683934105	-0.226888683934105	-0.226888683934105	-0.226888683934105	-0.226888683934105	-0.226888683934105	-0.226888683934105	-0.226888683934105	-0.226888683934105	4.69925969438257	-0.226888683934105	-0.226888683934105	-0.226888683934105	-0.226888683934105	-0.226888683934105	-0.226888683934105	-0.226888683934105	-0.226888683934105	-0.226888683934105	-0.226888683934105	-0.226888683934105	-0.226888683934105	-0.226888683934105	-0.226888683934105	-0.226888683934105	-0.226888683934105	-0.226888683934105
"Krt80"	-0.356081735920391	-0.356081735920391	-0.356081735920391	-0.356081735920391	-0.356081735920391	-0.356081735920391	-0.356081735920391	-0.356081735920391	-0.356081735920391	-0.356081735920391	2.09775373258138	-0.356081735920391	-0.356081735920391	-0.356081735920391	-0.356081735920391	-0.356081735920391	2.31800921710234	-0.356081735920391	2.49722694589233	-0.356081735920391	-0.356081735920391	-0.356081735920391	-0.356081735920391	-0.356081735920391	-0.356081735920391	-0.356081735920391	-0.356081735920391	-0.356081735920391	-0.356081735920391	-0.356081735920391	3.08874193859804	-0.356081735920391	-0.356081735920391	-0.356081735920391	-0.356081735920391	3.07004440583059	2.40971474352424	-0.356081735920391	-0.356081735920391	-0.356081735920391	-0.356081735920391	-0.356081735920391	-0.356081735920391	-0.356081735920391	-0.356081735920391	-0.356081735920391	-0.356081735920391	-0.356081735920391	-0.356081735920391	-0.356081735920391	-0.356081735920391	-0.356081735920391	-0.356081735920391	-0.356081735920391	-0.356081735920391	3.39084102025182	-0.356081735920391	-0.356081735920391	-0.356081735920391	-0.356081735920391
"Fkbpl"	-0.226907212544249	-0.226907212544249	-0.226907212544249	-0.226907212544249	-0.226907212544249	-0.226907212544249	-0.226907212544249	-0.226907212544249	-0.226907212544249	-0.226907212544249	-0.226907212544249	-0.226907212544249	-0.226907212544249	-0.226907212544249	-0.226907212544249	-0.226907212544249	-0.226907212544249	-0.226907212544249	-0.226907212544249	-0.226907212544249	-0.226907212544249	-0.226907212544249	-0.226907212544249	-0.226907212544249	4.22291113528281	-0.226907212544249	-0.226907212544249	-0.226907212544249	-0.226907212544249	-0.226907212544249	-0.226907212544249	4.73831712387419	-0.226907212544249	-0.226907212544249	-0.226907212544249	-0.226907212544249	3.97248285586519	-0.226907212544249	-0.226907212544249	-0.226907212544249	-0.226907212544249	-0.226907212544249	-0.226907212544249	-0.226907212544249	-0.226907212544249	-0.226907212544249	-0.226907212544249	-0.226907212544249	-0.226907212544249	-0.226907212544249	-0.226907212544249	-0.226907212544249	-0.226907212544249	-0.226907212544249	-0.226907212544249	-0.226907212544249	-0.226907212544249	-0.226907212544249	-0.226907212544249	-0.226907212544249
"Lrmda"	0.674120803285881	-2.82303061632244	0.436473766721005	-0.0447936220392975	0.073660935793051	0.598483492558376	-2.82303061632244	0.56256532468037	0.972901190153207	-2.82303061632244	-0.0275984106807496	0.566726028008185	0.117177854066522	0.305388580774535	0.332542167270151	-0.15220716615609	0.277392024556358	-2.82303061632244	0.231330911053422	0.562335385633517	0.238888292113453	0.0883135089211157	-0.0181843312916843	0.602436787067853	0.695230499474463	0.746816043366622	0.622833239056539	0.343556873623424	0.43173934910422	0.29844526530179	-0.235147554006205	-0.0918218758518152	0.711287212048973	0.55459185750964	-0.547324926679291	0.61729021195878	-0.513082448349305	0.683958950567857	0.321862371611347	0.586640761741608	-2.82303061632244	0.615876675466441	0.347110921426285	0.0631040213695228	0.29856745195355	0.117355906409031	0.648305911283369	0.396298411183687	-0.408718007147564	0.312357497091455	0.434776733014872	-0.0576822131063058	-2.82303061632244	0.0873548617348409	0.251468679103129	0.595825831331373	0.137047263553275	0.340167824652079	0.382325843013217	0.75181073263454
"Nfam1"	-1.05085740078041	0.79463421658627	-1.05085740078041	1.10106623719765	-1.05085740078041	-1.05085740078041	-1.05085740078041	-1.05085740078041	-1.05085740078041	0.67184673479333	1.08180024661768	0.849518654495511	0.441060948179919	0.895848941878452	-1.05085740078041	0.662595089941392	0.763338194387934	0.671018783942211	0.87122782821958	1.05442154691852	-1.05085740078041	-1.05085740078041	1.03382604757018	-1.05085740078041	-1.05085740078041	0.932638050006544	-1.05085740078041	0.897166538070806	-1.05085740078041	0.864750117702174	-1.05085740078041	0.913860253908367	0.831704471052503	1.37886333307605	-1.05085740078041	1.00754660434548	0.940220292151329	0.933741128269271	0.728368331025925	0.817578421540414	-1.05085740078041	1.14767280368413	-1.05085740078041	1.02530748272282	-1.05085740078041	-1.05085740078041	1.0298408950727	-1.05085740078041	1.01547201175728	-1.05085740078041	-1.05085740078041	1.14654745506316	-1.05085740078041	0.834706727178604	0.952671310515286	-1.05085740078041	-1.05085740078041	-1.05085740078041	1.13314752397997	-1.05085740078041
"Map3k14"	0.965488654392319	0.806137260586459	0.854128731091767	0.960351449124474	-1.05331690812349	0.701285327331715	0.791654788721851	-1.05331690812349	-1.05331690812349	-1.05331690812349	0.640873868524532	0.861436941119964	0.781167551340538	0.698677819680195	-1.05331690812349	-1.05331690812349	-1.05331690812349	1.10065832693952	-1.05331690812349	-1.05331690812349	-1.05331690812349	0.934183305536025	0.979637883974179	-1.05331690812349	-1.05331690812349	0.945185198239754	-1.05331690812349	-1.05331690812349	0.973301202927666	-1.05331690812349	1.03197889124688	0.926265333795308	1.05310493484818	-1.05331690812349	-1.05331690812349	1.02066049291289	0.620935339723569	0.946296622130678	-1.05331690812349	0.829255055946914	-1.05331690812349	0.9521428953689	1.03465214655323	-1.05331690812349	0.99948669804501	-1.05331690812349	1.04312345694972	-1.05331690812349	0.696578768740695	1.21921486100373	-1.05331690812349	1.16071299105972	-1.05331690812349	1.17882432023694	0.755849954702752	-1.05331690812349	-1.05331690812349	1.02962235466161	-1.05331690812349	-1.05331690812349
"mt-Rnr2"	-0.167972308455354	-0.230919693683221	0.000175285760189735	-0.535408500226183	1.16242926702632	0.0970953959141439	0.18286732741705	0.00753419641890988	0.367157817505069	-0.0841758044973864	-0.00652589661091107	-3.97918387244379	0.0850910519293277	0.885617893755749	0.0812419936485036	0.213624089230044	-0.136041924476437	0.228182912092834	0.165669937825535	0.217160819340464	-0.183769388259472	0.34717971502632	-0.143759242124645	0.26686868045352	-0.377142943306891	0.445834595932983	0.11794679860051	-0.263884672672253	-0.513261832894795	0.248887516857149	0.0613171745182448	0.333622243406345	0.0974683430184459	0.207562296427569	0.665804227479322	1.03453312779962	-0.757926982067498	0.72684148272142	0.610271788411763	0.431965881494062	0.882272601971069	0.642439440347361	0.519173687721562	-3.97918387244379	-3.97918387244379	0.024337424268835	-0.0351266984026037	0.160280930504547	-0.41861140375634	0.476079753159493	0.627873339115097	0.281588242704572	0.700813947424605	-0.161776223428109	0.4005749204071	0.73313329890382	-0.100161525437036	0.510564410098916	0.617396705370486	0.187536095621618
"Slfn1"	-0.467750358721877	-0.467750358721877	1.93367379937352	1.91056987166646	-0.467750358721877	-0.467750358721877	-0.467750358721877	2.23580929179394	-0.467750358721877	-0.467750358721877	-0.467750358721877	-0.467750358721877	-0.467750358721877	1.71436423344278	-0.467750358721877	-0.467750358721877	1.82144765976597	-0.467750358721877	-0.467750358721877	-0.467750358721877	-0.467750358721877	-0.467750358721877	-0.467750358721877	-0.467750358721877	-0.467750358721877	-0.467750358721877	-0.467750358721877	-0.467750358721877	-0.467750358721877	-0.467750358721877	-0.467750358721877	2.33174701667823	2.21468444642543	-0.467750358721877	-0.467750358721877	2.46523932359245	-0.467750358721877	-0.467750358721877	-0.467750358721877	2.19455644562109	-0.467750358721877	-0.467750358721877	-0.467750358721877	-0.467750358721877	-0.467750358721877	-0.467750358721877	-0.467750358721877	-0.467750358721877	2.00692750556169	-0.467750358721877	-0.467750358721877	-0.467750358721877	-0.467750358721877	-0.467750358721877	2.09074798345039	-0.467750358721877	-0.467750358721877	-0.467750358721877	-0.467750358721877	-0.467750358721877
"Gm35154"	1.14954388508899	-0.888858444873026	-0.888858444873026	0.809225786310324	-0.888858444873026	1.3741464197167	0.974022594981481	-0.888858444873026	1.34145147857614	0.863728257770019	0.945377547398066	-0.888858444873026	0.628939188407873	-0.888858444873026	-0.888858444873026	1.1895556901938	-0.888858444873026	-0.888858444873026	-0.888858444873026	1.04127372917722	1.01644511304342	-0.888858444873026	0.952258660503896	-0.888858444873026	1.11396433224592	-0.888858444873026	-0.888858444873026	-0.888858444873026	-0.888858444873026	1.27165987489484	1.00504885575688	1.32166124185866	-0.888858444873026	-0.888858444873026	0.776586057801919	-0.888858444873026	0.801645953531047	-0.888858444873026	-0.888858444873026	1.01198785213247	1.32718593050236	-0.888858444873026	-0.888858444873026	1.22332024686174	-0.888858444873026	-0.888858444873026	1.22793229720627	1.13151768302965	-0.888858444873026	1.40573303987049	-0.888858444873026	-0.888858444873026	-0.888858444873026	1.24106789716444	-0.888858444873026	-0.888858444873026	1.06574765948328	-0.888858444873026	1.12130140730197	-0.888858444873026
"Hbb-bt"	-0.181491454535316	-0.181491454535316	-0.181491454535316	-0.181491454535316	-0.181491454535316	-0.181491454535316	-0.181491454535316	-0.181491454535316	-0.181491454535316	-0.181491454535316	4.34513389956366	-0.181491454535316	-0.181491454535316	-0.181491454535316	-0.181491454535316	-0.181491454535316	-0.181491454535316	-0.181491454535316	-0.181491454535316	-0.181491454535316	-0.181491454535316	-0.181491454535316	-0.181491454535316	-0.181491454535316	-0.181491454535316	-0.181491454535316	-0.181491454535316	-0.181491454535316	-0.181491454535316	-0.181491454535316	-0.181491454535316	-0.181491454535316	-0.181491454535316	-0.181491454535316	-0.181491454535316	-0.181491454535316	-0.181491454535316	-0.181491454535316	-0.181491454535316	-0.181491454535316	-0.181491454535316	-0.181491454535316	6.18137046348467	-0.181491454535316	-0.181491454535316	-0.181491454535316	-0.181491454535316	-0.181491454535316	-0.181491454535316	-0.181491454535316	-0.181491454535316	-0.181491454535316	-0.181491454535316	-0.181491454535316	-0.181491454535316	-0.181491454535316	-0.181491454535316	-0.181491454535316	-0.181491454535316	-0.181491454535316
"L1cam"	-0.440383613993647	-0.440383613993647	-0.440383613993647	-0.440383613993647	-0.440383613993647	-0.440383613993647	-0.440383613993647	-0.440383613993647	-0.440383613993647	-0.440383613993647	1.89271913720076	-0.440383613993647	-0.440383613993647	1.68453641862554	-0.440383613993647	-0.440383613993647	-0.440383613993647	-0.440383613993647	1.93821401572105	-0.440383613993647	-0.440383613993647	-0.440383613993647	2.07067905325919	-0.440383613993647	-0.440383613993647	-0.440383613993647	-0.440383613993647	2.26257405235679	-0.440383613993647	-0.440383613993647	-0.440383613993647	-0.440383613993647	-0.440383613993647	-0.440383613993647	-0.440383613993647	2.4157306129098	-0.440383613993647	-0.440383613993647	-0.440383613993647	-0.440383613993647	2.29326682330499	2.32137370957959	-0.440383613993647	-0.440383613993647	-0.440383613993647	-0.440383613993647	-0.440383613993647	-0.440383613993647	-0.440383613993647	-0.440383613993647	-0.440383613993647	-0.440383613993647	-0.440383613993647	-0.440383613993647	-0.440383613993647	2.68315561026342	-0.440383613993647	-0.440383613993647	-0.440383613993647	2.45693126646118
"Zfp93"	-0.181748062327241	-0.181748062327241	-0.181748062327241	-0.181748062327241	-0.181748062327241	-0.181748062327241	-0.181748062327241	-0.181748062327241	-0.181748062327241	-0.181748062327241	-0.181748062327241	-0.181748062327241	-0.181748062327241	4.3978545318755	-0.181748062327241	-0.181748062327241	-0.181748062327241	-0.181748062327241	-0.181748062327241	-0.181748062327241	-0.181748062327241	-0.181748062327241	-0.181748062327241	-0.181748062327241	-0.181748062327241	-0.181748062327241	-0.181748062327241	-0.181748062327241	-0.181748062327241	-0.181748062327241	-0.181748062327241	-0.181748062327241	-0.181748062327241	-0.181748062327241	-0.181748062327241	-0.181748062327241	-0.181748062327241	-0.181748062327241	-0.181748062327241	-0.181748062327241	-0.181748062327241	-0.181748062327241	-0.181748062327241	-0.181748062327241	-0.181748062327241	6.14353308310447	-0.181748062327241	-0.181748062327241	-0.181748062327241	-0.181748062327241	-0.181748062327241	-0.181748062327241	-0.181748062327241	-0.181748062327241	-0.181748062327241	-0.181748062327241	-0.181748062327241	-0.181748062327241	-0.181748062327241	-0.181748062327241
"Ly6i"	-0.263817468611131	-0.263817468611131	-0.263817468611131	3.23865467450389	-0.263817468611131	-0.263817468611131	-0.263817468611131	-0.263817468611131	-0.263817468611131	-0.263817468611131	-0.263817468611131	-0.263817468611131	-0.263817468611131	-0.263817468611131	-0.263817468611131	-0.263817468611131	-0.263817468611131	-0.263817468611131	-0.263817468611131	-0.263817468611131	-0.263817468611131	-0.263817468611131	-0.263817468611131	-0.263817468611131	3.43095612826673	-0.263817468611131	-0.263817468611131	-0.263817468611131	-0.263817468611131	-0.263817468611131	-0.263817468611131	-0.263817468611131	-0.263817468611131	-0.263817468611131	-0.263817468611131	-0.263817468611131	-0.263817468611131	-0.263817468611131	-0.263817468611131	-0.263817468611131	-0.263817468611131	-0.263817468611131	-0.263817468611131	4.09276678865317	4.01140065079955	-0.263817468611131	-0.263817468611131	-0.263817468611131	-0.263817468611131	-0.263817468611131	-0.263817468611131	-0.263817468611131	-0.263817468611131	-0.263817468611131	-0.263817468611131	-0.263817468611131	-0.263817468611131	-0.263817468611131	-0.263817468611131	-0.263817468611131
"Magohb"	-0.264058562283236	-0.264058562283236	-0.264058562283236	-0.264058562283236	-0.264058562283236	-0.264058562283236	-0.264058562283236	-0.264058562283236	-0.264058562283236	-0.264058562283236	-0.264058562283236	-0.264058562283236	3.4988573615038	-0.264058562283236	-0.264058562283236	-0.264058562283236	-0.264058562283236	-0.264058562283236	-0.264058562283236	-0.264058562283236	-0.264058562283236	-0.264058562283236	3.2838893262417	-0.264058562283236	-0.264058562283236	-0.264058562283236	-0.264058562283236	-0.264058562283236	-0.264058562283236	-0.264058562283236	-0.264058562283236	-0.264058562283236	-0.264058562283236	-0.264058562283236	-0.264058562283236	-0.264058562283236	-0.264058562283236	4.13088914520265	-0.264058562283236	3.87364365491308	-0.264058562283236	-0.264058562283236	-0.264058562283236	-0.264058562283236	-0.264058562283236	-0.264058562283236	-0.264058562283236	-0.264058562283236	-0.264058562283236	-0.264058562283236	-0.264058562283236	-0.264058562283236	-0.264058562283236	-0.264058562283236	-0.264058562283236	-0.264058562283236	-0.264058562283236	-0.264058562283236	-0.264058562283236	-0.264058562283236
"Lmntd1"	-0.183353888431771	-0.183353888431771	-0.183353888431771	-0.183353888431771	-0.183353888431771	-0.183353888431771	-0.183353888431771	-0.183353888431771	-0.183353888431771	-0.183353888431771	-0.183353888431771	-0.183353888431771	-0.183353888431771	-0.183353888431771	-0.183353888431771	-0.183353888431771	-0.183353888431771	-0.183353888431771	4.81549001780615	-0.183353888431771	-0.183353888431771	-0.183353888431771	-0.183353888431771	-0.183353888431771	-0.183353888431771	-0.183353888431771	-0.183353888431771	-0.183353888431771	-0.183353888431771	-0.183353888431771	-0.183353888431771	-0.183353888431771	-0.183353888431771	-0.183353888431771	-0.183353888431771	5.81903551123658	-0.183353888431771	-0.183353888431771	-0.183353888431771	-0.183353888431771	-0.183353888431771	-0.183353888431771	-0.183353888431771	-0.183353888431771	-0.183353888431771	-0.183353888431771	-0.183353888431771	-0.183353888431771	-0.183353888431771	-0.183353888431771	-0.183353888431771	-0.183353888431771	-0.183353888431771	-0.183353888431771	-0.183353888431771	-0.183353888431771	-0.183353888431771	-0.183353888431771	-0.183353888431771	-0.183353888431771
"Cmip"	0.409094231510687	0.463289361277336	0.515123288180824	0.723772591190079	0.722515342802711	0.649108163286134	-1.76917574467352	0.652150866573746	0.387906014889252	0.555843192765475	0.643281513401094	0.655403775346981	-1.76917574467352	0.25335905836173	0.34001889483539	-1.76917574467352	0.502061041226655	0.781293541544286	-1.76917574467352	0.745921732768813	0.26686271285889	0.149291208526755	0.650648342341808	-1.76917574467352	0.597325403673799	-1.76917574467352	0.516544182186422	0.933663946454929	-1.76917574467352	0.313382455743241	0.613210850409809	0.36677268098145	0.636013132217454	-1.76917574467352	-1.76917574467352	0.921335510665044	0.395430072057919	0.614650357609606	0.165114605732348	0.714581627255782	0.372672214772386	0.39469429784205	-1.76917574467352	-1.76917574467352	-1.76917574467352	0.756702925990888	-1.76917574467352	0.616096243366524	0.477240194564109	0.909257922920477	0.552248848290411	0.393471687107616	0.774258630753031	0.280720697685021	0.182896278691986	0.678154763441984	0.319548218110146	0.478293819797977	-1.76917574467352	0.727233983418273
"Gm7043"	-0.183830774622146	-0.183830774622146	-0.183830774622146	-0.183830774622146	-0.183830774622146	-0.183830774622146	-0.183830774622146	-0.183830774622146	-0.183830774622146	-0.183830774622146	-0.183830774622146	-0.183830774622146	-0.183830774622146	-0.183830774622146	-0.183830774622146	5.0157604444426	-0.183830774622146	-0.183830774622146	-0.183830774622146	-0.183830774622146	-0.183830774622146	-0.183830774622146	-0.183830774622146	-0.183830774622146	-0.183830774622146	-0.183830774622146	-0.183830774622146	-0.183830774622146	-0.183830774622146	-0.183830774622146	-0.183830774622146	-0.183830774622146	-0.183830774622146	-0.183830774622146	-0.183830774622146	-0.183830774622146	-0.183830774622146	-0.183830774622146	-0.183830774622146	-0.183830774622146	-0.183830774622146	-0.183830774622146	-0.183830774622146	-0.183830774622146	-0.183830774622146	-0.183830774622146	-0.183830774622146	-0.183830774622146	-0.183830774622146	-0.183830774622146	-0.183830774622146	-0.183830774622146	-0.183830774622146	-0.183830774622146	-0.183830774622146	-0.183830774622146	5.64642448364189	-0.183830774622146	-0.183830774622146	-0.183830774622146
"St6galnac2"	-0.183836065209134	5.01860875039203	-0.183836065209134	-0.183836065209134	-0.183836065209134	-0.183836065209134	-0.183836065209134	-0.183836065209134	-0.183836065209134	-0.183836065209134	-0.183836065209134	-0.183836065209134	-0.183836065209134	-0.183836065209134	-0.183836065209134	-0.183836065209134	-0.183836065209134	-0.183836065209134	-0.183836065209134	-0.183836065209134	-0.183836065209134	-0.183836065209134	-0.183836065209134	-0.183836065209134	-0.183836065209134	-0.183836065209134	-0.183836065209134	-0.183836065209134	-0.183836065209134	-0.183836065209134	-0.183836065209134	-0.183836065209134	-0.183836065209134	-0.183836065209134	-0.183836065209134	-0.183836065209134	-0.183836065209134	-0.183836065209134	-0.183836065209134	-0.183836065209134	-0.183836065209134	-0.183836065209134	-0.183836065209134	-0.183836065209134	-0.183836065209134	-0.183836065209134	-0.183836065209134	-0.183836065209134	-0.183836065209134	-0.183836065209134	-0.183836065209134	-0.183836065209134	-0.183836065209134	-0.183836065209134	-0.183836065209134	-0.183836065209134	-0.183836065209134	5.64388303173773	-0.183836065209134	-0.183836065209134
"Mcemp1"	-0.183849005308664	-0.183849005308664	-0.183849005308664	-0.183849005308664	-0.183849005308664	-0.183849005308664	-0.183849005308664	-0.183849005308664	-0.183849005308664	-0.183849005308664	-0.183849005308664	-0.183849005308664	-0.183849005308664	-0.183849005308664	-0.183849005308664	-0.183849005308664	-0.183849005308664	-0.183849005308664	5.02567569328411	-0.183849005308664	-0.183849005308664	-0.183849005308664	-0.183849005308664	-0.183849005308664	-0.183849005308664	-0.183849005308664	-0.183849005308664	-0.183849005308664	-0.183849005308664	5.63756661461841	-0.183849005308664	-0.183849005308664	-0.183849005308664	-0.183849005308664	-0.183849005308664	-0.183849005308664	-0.183849005308664	-0.183849005308664	-0.183849005308664	-0.183849005308664	-0.183849005308664	-0.183849005308664	-0.183849005308664	-0.183849005308664	-0.183849005308664	-0.183849005308664	-0.183849005308664	-0.183849005308664	-0.183849005308664	-0.183849005308664	-0.183849005308664	-0.183849005308664	-0.183849005308664	-0.183849005308664	-0.183849005308664	-0.183849005308664	-0.183849005308664	-0.183849005308664	-0.183849005308664	-0.183849005308664
"Ltf"	-0.264517941876068	-0.264517941876068	3.408876163715	-0.264517941876068	-0.264517941876068	-0.264517941876068	3.72660286007725	-0.264517941876068	-0.264517941876068	-0.264517941876068	-0.264517941876068	-0.264517941876068	-0.264517941876068	-0.264517941876068	-0.264517941876068	-0.264517941876068	-0.264517941876068	-0.264517941876068	-0.264517941876068	-0.264517941876068	-0.264517941876068	-0.264517941876068	-0.264517941876068	-0.264517941876068	-0.264517941876068	-0.264517941876068	-0.264517941876068	-0.264517941876068	-0.264517941876068	-0.264517941876068	-0.264517941876068	-0.264517941876068	-0.264517941876068	-0.264517941876068	-0.264517941876068	-0.264517941876068	-0.264517941876068	-0.264517941876068	3.6134982438011	-0.264517941876068	-0.264517941876068	-0.264517941876068	-0.264517941876068	-0.264517941876068	-0.264517941876068	-0.264517941876068	-0.264517941876068	4.06402747746647	-0.264517941876068	-0.264517941876068	-0.264517941876068	-0.264517941876068	-0.264517941876068	-0.264517941876068	-0.264517941876068	-0.264517941876068	-0.264517941876068	-0.264517941876068	-0.264517941876068	-0.264517941876068
