"ND_AACAGGGGTTTACACG_1"	"ND_ACTATTCGTTCCATTT_1"	"ND_CATCCGTAGTAGACAT_1"	"ND_GCAACCGCAATTCGTG_1"	"ND_GCCTGTTAGCCAAGTG_1"	"ND_GGTCACGCAAGACTGG_1"	"ND_GGTGGCTAGTTCTACG_1"	"ND_GTCATCCGTTATGGTC_1"	"ND_TGAGACTAGCTGTTAC_1"	"HFD_ACTATGGAGGCGTTAG_1"	"HFD_AGCCAGCGTGAGCGAT_1"	"HFD_AGGGCCTGTGCTCCGA_1"	"HFD_ATGGAGGAGAGCATTA_1"	"HFD_CAACCTCCAGAACTTC_1"	"HFD_CACAGGCAGCACTCCG_1"	"HFD_CTGTCGTAGAGTTGTA_1"	"HFD_GTGGTTACAAGATTGA_1"	"HFD_TTTCCTCGTAGACAGC_1"	"ND_AGACAAATCAAGAGGC_1"	"ND_AGTTAGCCAGTCACGC_1"	"ND_CTAACCCCATCTATCT_1"	"ND_CTTCTAAGTCCCACGA_1"	"ND_GGTGAAGAGTCATCCA_1"	"ND_GTGTGATCAAACTAAG_1"	"ND_TCATGAGGTTGTGGAG_1"	"ND_TGCATCCGTGTGACCC_1"	"HFD_AGGCCACGTGAGCGAT_1"	"HFD_CACACAAGTCTGTAGT_1"	"HFD_CTTACCGCACAGCTTA_1"	"HFD_GACCGTGCAACCGACC_1"	"ND_ATTCCATGTAACATCC_1"	"ND_CACCAAATCTCGAACA_1"	"ND_CATGCCTAGGATACAT_1"	"ND_CCGCAAGGTTCTAAGC_1"	"ND_CCTAAGACAAGTATCC_1"	"ND_CTCATCGTCAGCGCGT_1"	"ND_CTGTACCTCGAGCCAC_1"	"ND_GACTGATTCAGTCTTT_1"	"ND_GGCACGTAGTATGACA_1"	"ND_GGCAGTCCAAAGACTA_1"	"ND_GGGTTTAGTTCGTGCG_1"	"ND_GTCATTTCAGACTGCC_1"	"ND_TCAGGTATCGTTCCCA_1"	"HFD_AATAGAGGTTCCTAGA_1"	"HFD_ACATGCATCATGCTAG_1"	"HFD_ATGGTTGCAAATCGGG_1"	"HFD_CAGATACAGTAGGGTC_1"	"HFD_CGTAATGTCCATGAGT_1"	"HFD_CTGTAGAAGCGCCTTG_1"	"HFD_GCATCTCAGAACCCGA_1"	"HFD_TCGGGACGTTACAGCT_1"	"HFD_TGACTCCGTTCCACGG_1"	"HFD_TGTAAGCGTATGAGAT_1"
"Cacnb3"	1.73558775195163	1.89309928205599	1.76000877045071	-0.510700118430219	1.74561799069048	-0.510700118430219	2.11533452867467	2.10824316196923	-0.510700118430219	1.57778737609755	2.24209012544455	1.63012164326431	1.82448475030096	2.11572199811951	1.87239399400499	1.70580587057269	2.10484185373745	2.08974286920244	-0.510700118430219	-0.510700118430219	-0.510700118430219	-0.510700118430219	-0.510700118430219	-0.510700118430219	-0.510700118430219	-0.510700118430219	-0.510700118430219	-0.510700118430219	-0.510700118430219	-0.510700118430219	-0.510700118430219	-0.510700118430219	-0.510700118430219	-0.510700118430219	-0.510700118430219	-0.510700118430219	-0.510700118430219	-0.510700118430219	-0.510700118430219	-0.510700118430219	-0.510700118430219	-0.510700118430219	-0.510700118430219	-0.510700118430219	-0.510700118430219	-0.510700118430219	-0.510700118430219	-0.510700118430219	-0.510700118430219	-0.510700118430219	-0.510700118430219	-0.510700118430219	-0.510700118430219
"Tmem123"	1.57299006778523	1.81789573932635	1.81910142490985	1.33738316291541	1.93532476537638	1.35919435224131	1.77681689474352	-0.602737355364379	-0.602737355364379	1.64247898390614	1.76940345995213	2.07160318155013	1.43674727375857	1.89831200115498	2.01224468647039	1.76657084849953	1.35576228526593	1.69351858155036	-0.602737355364379	-0.602737355364379	-0.602737355364379	-0.602737355364379	0.997713413304251	-0.602737355364379	1.18037964879127	-0.602737355364379	-0.602737355364379	-0.602737355364379	0.632313925726297	-0.602737355364379	-0.602737355364379	1.21140463525014	-0.602737355364379	-0.602737355364379	-0.602737355364379	-0.602737355364379	-0.602737355364379	-0.602737355364379	-0.602737355364379	-0.602737355364379	-0.602737355364379	-0.602737355364379	-0.602737355364379	-0.602737355364379	-0.602737355364379	-0.602737355364379	-0.602737355364379	-0.602737355364379	-0.602737355364379	-0.602737355364379	-0.602737355364379	-0.602737355364379	-0.602737355364379
"Slco5a1"	1.92654424751304	1.84551111414728	-0.448645888625889	1.95488926805722	2.58635949177064	1.82930400861822	-0.448645888625889	-0.448645888625889	-0.448645888625889	1.90007404923906	2.04733089834385	2.30027999063878	-0.448645888625889	2.45526004377711	2.4065571417735	2.19509429478735	2.34166554619576	2.47582088856922	-0.448645888625889	-0.448645888625889	-0.448645888625889	-0.448645888625889	-0.448645888625889	-0.448645888625889	-0.448645888625889	-0.448645888625889	-0.448645888625889	-0.448645888625889	-0.448645888625889	-0.448645888625889	-0.448645888625889	-0.448645888625889	-0.448645888625889	-0.448645888625889	-0.448645888625889	-0.448645888625889	-0.448645888625889	-0.448645888625889	-0.448645888625889	-0.448645888625889	-0.448645888625889	-0.448645888625889	-0.448645888625889	-0.448645888625889	-0.448645888625889	-0.448645888625889	-0.448645888625889	-0.448645888625889	-0.448645888625889	-0.448645888625889	-0.448645888625889	-0.448645888625889	-0.448645888625889
"Mreg"	1.87960176039283	2.14633663632521	1.90536401141549	-0.49005501653917	1.89018287224192	2.13110889046837	2.3978705475885	1.88867537938159	-0.49005501653917	1.95528443978342	1.851267391821	1.76834332264635	-0.49005501653917	1.93771882166138	2.54200078854566	1.60614981139319	2.0267954803084	-0.49005501653917	-0.49005501653917	-0.49005501653917	-0.49005501653917	-0.49005501653917	-0.49005501653917	-0.49005501653917	-0.49005501653917	-0.49005501653917	-0.49005501653917	-0.49005501653917	-0.49005501653917	-0.49005501653917	-0.49005501653917	-0.49005501653917	-0.49005501653917	-0.49005501653917	-0.49005501653917	-0.49005501653917	-0.49005501653917	-0.49005501653917	-0.49005501653917	-0.49005501653917	-0.49005501653917	-0.49005501653917	-0.49005501653917	-0.49005501653917	-0.49005501653917	-0.49005501653917	-0.49005501653917	-0.49005501653917	-0.49005501653917	-0.49005501653917	-0.49005501653917	-0.49005501653917	-0.49005501653917
"Il4i1"	-0.449590286289665	2.44102674297274	-0.449590286289665	-0.449590286289665	1.80937129540803	2.3140628648531	1.97106978382183	2.15851939384911	-0.449590286289665	2.3170664121517	2.53855402325046	-0.449590286289665	1.98587546553875	2.05696367756281	1.95580389632775	-0.449590286289665	2.15458821856364	2.29250083414868	-0.449590286289665	-0.449590286289665	-0.449590286289665	-0.449590286289665	-0.449590286289665	-0.449590286289665	-0.449590286289665	-0.449590286289665	-0.449590286289665	-0.449590286289665	-0.449590286289665	-0.449590286289665	-0.449590286289665	-0.449590286289665	-0.449590286289665	-0.449590286289665	-0.449590286289665	-0.449590286289665	-0.449590286289665	-0.449590286289665	-0.449590286289665	-0.449590286289665	-0.449590286289665	-0.449590286289665	-0.449590286289665	-0.449590286289665	-0.449590286289665	-0.449590286289665	-0.449590286289665	-0.449590286289665	-0.449590286289665	-0.449590286289665	-0.449590286289665	-0.449590286289665	-0.449590286289665
"Etv3"	1.33247092069555	1.69956137699072	1.48294809539256	1.44670883829136	1.52657461635418	1.46808736095299	1.31426508502338	-0.670323782034706	-0.670323782034706	1.52782218767427	1.4343199730151	1.57749208382686	1.76191269838986	1.3846855737865	1.58952095574591	1.64931249899022	1.2471164291508	1.79562893499628	-0.670323782034706	-0.670323782034706	-0.670323782034706	1.19679884127131	-0.670323782034706	-0.670323782034706	-0.670323782034706	-0.670323782034706	-0.670323782034706	-0.670323782034706	-0.670323782034706	-0.670323782034706	-0.670323782034706	-0.670323782034706	-0.670323782034706	-0.670323782034706	-0.670323782034706	1.29372871146508	-0.670323782034706	-0.670323782034706	-0.670323782034706	-0.670323782034706	-0.670323782034706	1.06257353601342	0.981921669915174	1.34052887519976	-0.670323782034706	-0.670323782034706	-0.670323782034706	-0.670323782034706	-0.670323782034706	-0.670323782034706	-0.670323782034706	-0.670323782034706	-0.670323782034706
"Stx11"	2.50969644500333	2.26137499363258	2.2628712185839	1.66548936444821	1.88081626091253	2.24402449588747	2.48658020175844	-0.467957336957953	-0.467957336957953	1.76803605797986	-0.467957336957953	2.1066647239272	2.5019928301677	-0.467957336957953	2.03307074354489	-0.467957336957953	1.96378411526674	-0.467957336957953	-0.467957336957953	1.71551931864547	-0.467957336957953	-0.467957336957953	-0.467957336957953	-0.467957336957953	-0.467957336957953	-0.467957336957953	-0.467957336957953	-0.467957336957953	-0.467957336957953	-0.467957336957953	-0.467957336957953	-0.467957336957953	-0.467957336957953	-0.467957336957953	-0.467957336957953	-0.467957336957953	-0.467957336957953	1.61343412163474	-0.467957336957953	-0.467957336957953	-0.467957336957953	-0.467957336957953	-0.467957336957953	-0.467957336957953	-0.467957336957953	-0.467957336957953	-0.467957336957953	-0.467957336957953	-0.467957336957953	-0.467957336957953	-0.467957336957953	-0.467957336957953	-0.467957336957953
"Tmem150c"	2.41376524571126	2.31830626106392	3.10630915971284	-0.384265995618218	2.81121984986259	-0.384265995618218	-0.384265995618218	2.9072933885552	2.41619918897924	2.38258271400238	-0.384265995618218	2.14810038088635	-0.384265995618218	2.18284466638281	2.67493485564582	-0.384265995618218	-0.384265995618218	-0.384265995618218	-0.384265995618218	-0.384265995618218	-0.384265995618218	-0.384265995618218	-0.384265995618218	-0.384265995618218	-0.384265995618218	-0.384265995618218	-0.384265995618218	-0.384265995618218	-0.384265995618218	-0.384265995618218	-0.384265995618218	-0.384265995618218	-0.384265995618218	-0.384265995618218	-0.384265995618218	-0.384265995618218	-0.384265995618218	-0.384265995618218	-0.384265995618218	-0.384265995618218	-0.384265995618218	-0.384265995618218	-0.384265995618218	-0.384265995618218	-0.384265995618218	-0.384265995618218	-0.384265995618218	-0.384265995618218	-0.384265995618218	-0.384265995618218	-0.384265995618218	-0.384265995618218	-0.384265995618218
"Relb"	-0.680370489549126	1.76874763309368	-0.680370489549126	1.44455654411828	1.76859982858965	1.68461251606972	1.74873573394685	1.46587337801737	-0.680370489549126	1.52597236513124	1.7786083059335	1.48511098561755	1.54230033085515	1.60084632840789	1.58790120787113	1.21096060237634	1.24421985500658	1.9227107025526	-0.680370489549126	0.83027788819983	0.976515455049664	-0.680370489549126	0.892370210737694	-0.680370489549126	-0.680370489549126	-0.680370489549126	-0.680370489549126	1.08079571135445	0.533297218785649	-0.680370489549126	-0.680370489549126	-0.680370489549126	-0.680370489549126	-0.680370489549126	-0.680370489549126	-0.680370489549126	-0.680370489549126	0.96693699899307	-0.680370489549126	-0.680370489549126	-0.680370489549126	-0.680370489549126	0.978036184676597	-0.680370489549126	-0.680370489549126	-0.680370489549126	-0.680370489549126	-0.680370489549126	1.30005652103951	-0.680370489549126	-0.680370489549126	-0.680370489549126	-0.680370489549126
"Poglut1"	1.59665507439434	2.18485545930695	-0.528708753887214	-0.528708753887214	1.41756143274691	1.75787278560566	1.83380868532396	2.27601467116963	-0.528708753887214	1.57013167608362	1.97672582612372	1.62910961364994	2.10739893866806	-0.528708753887214	1.56014877333051	2.12504912986681	1.75387279877748	-0.528708753887214	-0.528708753887214	-0.528708753887214	-0.528708753887214	-0.528708753887214	-0.528708753887214	-0.528708753887214	1.54946879360445	1.5720082767398	-0.528708753887214	-0.528708753887214	-0.528708753887214	-0.528708753887214	-0.528708753887214	-0.528708753887214	-0.528708753887214	-0.528708753887214	-0.528708753887214	-0.528708753887214	-0.528708753887214	-0.528708753887214	-0.528708753887214	-0.528708753887214	-0.528708753887214	-0.528708753887214	-0.528708753887214	-0.528708753887214	-0.528708753887214	-0.528708753887214	-0.528708753887214	-0.528708753887214	-0.528708753887214	-0.528708753887214	-0.528708753887214	-0.528708753887214	-0.528708753887214
"Ccr7"	2.73699300840144	-0.361622946536029	-0.361622946536029	2.241037722842	-0.361622946536029	3.28375759629734	3.04560107277956	-0.361622946536029	-0.361622946536029	2.36613775269214	-0.361622946536029	2.442788506088	-0.361622946536029	2.48126527353506	3.02621934309507	-0.361622946536029	2.60493714218329	-0.361622946536029	-0.361622946536029	-0.361622946536029	-0.361622946536029	-0.361622946536029	-0.361622946536029	-0.361622946536029	-0.361622946536029	-0.361622946536029	-0.361622946536029	-0.361622946536029	-0.361622946536029	-0.361622946536029	-0.361622946536029	-0.361622946536029	-0.361622946536029	-0.361622946536029	-0.361622946536029	-0.361622946536029	-0.361622946536029	-0.361622946536029	-0.361622946536029	-0.361622946536029	-0.361622946536029	-0.361622946536029	-0.361622946536029	-0.361622946536029	-0.361622946536029	-0.361622946536029	-0.361622946536029	-0.361622946536029	-0.361622946536029	-0.361622946536029	-0.361622946536029	-0.361622946536029	-0.361622946536029
"Gm16685"	1.87120361558627	-0.406082349791524	2.34046838146523	-0.406082349791524	2.76340730841957	-0.406082349791524	-0.406082349791524	2.3213334518427	-0.406082349791524	-0.406082349791524	2.556207548681	2.55049904590181	-0.406082349791524	2.71718638558916	2.10934487813116	1.99739396722574	2.75756348410054	-0.406082349791524	-0.406082349791524	-0.406082349791524	-0.406082349791524	-0.406082349791524	-0.406082349791524	-0.406082349791524	-0.406082349791524	-0.406082349791524	-0.406082349791524	-0.406082349791524	-0.406082349791524	-0.406082349791524	-0.406082349791524	-0.406082349791524	-0.406082349791524	-0.406082349791524	-0.406082349791524	-0.406082349791524	-0.406082349791524	-0.406082349791524	-0.406082349791524	-0.406082349791524	-0.406082349791524	-0.406082349791524	-0.406082349791524	-0.406082349791524	-0.406082349791524	-0.406082349791524	-0.406082349791524	-0.406082349791524	-0.406082349791524	-0.406082349791524	-0.406082349791524	-0.406082349791524	-0.406082349791524
"5430437J10Rik"	1.69547206282317	1.45941680544501	1.6710437389204	1.00532174173589	1.62584746912171	2.25855617291126	-0.620472820756081	-0.620472820756081	1.31681205898265	1.62705355541486	1.90236867109912	1.46458180428726	1.64277979736768	2.17785672123528	1.28543739075341	-0.620472820756081	-0.620472820756081	1.88592889230281	-0.620472820756081	-0.620472820756081	1.0975647001039	-0.620472820756081	-0.620472820756081	-0.620472820756081	-0.620472820756081	0.875451368506014	-0.620472820756081	1.40838702959036	0.877625416586212	-0.620472820756081	-0.620472820756081	-0.620472820756081	1.32418803102841	-0.620472820756081	-0.620472820756081	-0.620472820756081	-0.620472820756081	-0.620472820756081	-0.620472820756081	-0.620472820756081	1.53458332630317	1.26431920245087	-0.620472820756081	-0.620472820756081	-0.620472820756081	-0.620472820756081	-0.620472820756081	-0.620472820756081	-0.620472820756081	-0.620472820756081	-0.620472820756081	-0.620472820756081	-0.620472820756081
"Bcl2l14"	2.01207584565494	2.68662786925628	2.51433031204632	2.70487294039342	2.10306233985552	2.79136228689444	2.28404514771636	-0.425305203440138	-0.425305203440138	2.57559218834692	-0.425305203440138	-0.425305203440138	-0.425305203440138	2.08324664970883	-0.425305203440138	2.14713748320983	-0.425305203440138	-0.425305203440138	-0.425305203440138	1.62936221467106	-0.425305203440138	-0.425305203440138	-0.425305203440138	-0.425305203440138	-0.425305203440138	1.68781774241492	-0.425305203440138	-0.425305203440138	-0.425305203440138	-0.425305203440138	-0.425305203440138	-0.425305203440138	-0.425305203440138	-0.425305203440138	-0.425305203440138	-0.425305203440138	-0.425305203440138	-0.425305203440138	-0.425305203440138	-0.425305203440138	-0.425305203440138	-0.425305203440138	-0.425305203440138	-0.425305203440138	-0.425305203440138	-0.425305203440138	-0.425305203440138	-0.425305203440138	-0.425305203440138	-0.425305203440138	-0.425305203440138	-0.425305203440138	-0.425305203440138
"Sinhcaf"	-0.526612422413601	2.13761828396999	-0.526612422413601	1.82484987702583	2.03542708129272	2.12068164040135	-0.526612422413601	-0.526612422413601	1.95494900209322	-0.526612422413601	2.34846654490954	1.71738002113294	1.94528103496863	1.74816779135208	1.64566517853753	2.07544750379698	1.84712571654036	-0.526612422413601	-0.526612422413601	-0.526612422413601	1.24915526294147	-0.526612422413601	-0.526612422413601	-0.526612422413601	-0.526612422413601	-0.526612422413601	-0.526612422413601	-0.526612422413601	0.970292794554101	-0.526612422413601	-0.526612422413601	-0.526612422413601	-0.526612422413601	-0.526612422413601	-0.526612422413601	-0.526612422413601	-0.526612422413601	-0.526612422413601	-0.526612422413601	-0.526612422413601	2.03526371006158	-0.526612422413601	1.51882191307568	-0.526612422413601	-0.526612422413601	-0.526612422413601	-0.526612422413601	-0.526612422413601	-0.526612422413601	-0.526612422413601	-0.526612422413601	1.89553956574848	-0.526612422413601
"Adcy6"	1.7261420599642	2.43086747936066	1.89663394253763	-0.543040890633491	1.8811723290377	2.27094057910399	1.70551469768271	-0.543040890633491	-0.543040890633491	1.45455679879166	2.23265185072785	2.003753062807	1.7192677226425	2.11144311096936	2.01738187410573	-0.543040890633491	-0.543040890633491	-0.543040890633491	-0.543040890633491	1.40763925539103	-0.543040890633491	-0.543040890633491	-0.543040890633491	-0.543040890633491	-0.543040890633491	1.21069110887458	1.58223156452004	-0.543040890633491	0.826945973278563	-0.543040890633491	-0.543040890633491	-0.543040890633491	-0.543040890633491	1.59819215443631	-0.543040890633491	-0.543040890633491	-0.543040890633491	-0.543040890633491	-0.543040890633491	-0.543040890633491	-0.543040890633491	1.42034609251098	-0.543040890633491	-0.543040890633491	-0.543040890633491	-0.543040890633491	-0.543040890633491	-0.543040890633491	-0.543040890633491	-0.543040890633491	-0.543040890633491	-0.543040890633491	-0.543040890633491
"Dusp5"	2.36817697019804	-0.383894899642131	-0.383894899642131	2.20919270349555	-0.383894899642131	-0.383894899642131	2.67526029060917	2.91215329946487	-0.383894899642131	2.33383259234978	-0.383894899642131	2.94169704463003	-0.383894899642131	2.44853665292526	2.99148628085089	2.52067644644832	-0.383894899642131	-0.383894899642131	-0.383894899642131	1.93605109540872	-0.383894899642131	-0.383894899642131	-0.383894899642131	-0.383894899642131	-0.383894899642131	-0.383894899642131	-0.383894899642131	-0.383894899642131	-0.383894899642131	-0.383894899642131	-0.383894899642131	-0.383894899642131	-0.383894899642131	-0.383894899642131	-0.383894899642131	-0.383894899642131	-0.383894899642131	-0.383894899642131	-0.383894899642131	-0.383894899642131	-0.383894899642131	-0.383894899642131	-0.383894899642131	-0.383894899642131	-0.383894899642131	-0.383894899642131	-0.383894899642131	-0.383894899642131	-0.383894899642131	-0.383894899642131	-0.383894899642131	-0.383894899642131	-0.383894899642131
"Cxcl16"	2.29778612904276	1.94148985826208	2.2140572433836	-0.468287229284809	1.99724996096636	2.19554513197694	2.00392774453116	-0.468287229284809	-0.468287229284809	-0.468287229284809	2.42475306492211	2.21924501086807	-0.468287229284809	2.09165099526254	1.71756112520611	1.87900289748112	-0.468287229284809	-0.468287229284809	-0.468287229284809	-0.468287229284809	-0.468287229284809	-0.468287229284809	-0.468287229284809	-0.468287229284809	-0.468287229284809	-0.468287229284809	-0.468287229284809	-0.468287229284809	1.30527459729104	-0.468287229284809	-0.468287229284809	-0.468287229284809	-0.468287229284809	-0.468287229284809	-0.468287229284809	-0.468287229284809	-0.468287229284809	-0.468287229284809	-0.468287229284809	-0.468287229284809	-0.468287229284809	-0.468287229284809	-0.468287229284809	-0.468287229284809	-0.468287229284809	-0.468287229284809	-0.468287229284809	-0.468287229284809	-0.468287229284809	-0.468287229284809	-0.468287229284809	-0.468287229284809	-0.468287229284809
"Adam23"	1.55173823437092	-0.485654248410928	-0.485654248410928	1.68191474545671	1.77295843535972	-0.485654248410928	1.77907577429849	-0.485654248410928	2.37887780024689	2.38556892510836	-0.485654248410928	2.07945944412208	-0.485654248410928	2.10790384072235	1.76479325931094	2.58420881940683	-0.485654248410928	2.57704527167706	-0.485654248410928	-0.485654248410928	-0.485654248410928	-0.485654248410928	-0.485654248410928	-0.485654248410928	-0.485654248410928	1.52811159708755	-0.485654248410928	1.51664856239873	1.63359369067294	-0.485654248410928	-0.485654248410928	-0.485654248410928	-0.485654248410928	-0.485654248410928	-0.485654248410928	-0.485654248410928	-0.485654248410928	-0.485654248410928	-0.485654248410928	-0.485654248410928	-0.485654248410928	-0.485654248410928	-0.485654248410928	-0.485654248410928	-0.485654248410928	-0.485654248410928	-0.485654248410928	-0.485654248410928	-0.485654248410928	-0.485654248410928	-0.485654248410928	-0.485654248410928	-0.485654248410928
"Net1"	1.61784992078992	1.87287435897998	1.64248113397717	1.37250844637642	1.78502230738989	1.39522080852423	-0.64777202357688	1.85816522574074	-0.64777202357688	1.22747969174372	1.82237852429332	1.28017473087485	-0.64777202357688	1.30662632693147	1.4497552806835	1.35640330859928	-0.64777202357688	1.74335831067494	-0.64777202357688	-0.64777202357688	-0.64777202357688	-0.64777202357688	1.24948281515918	1.44450646484414	-0.64777202357688	-0.64777202357688	-0.64777202357688	-0.64777202357688	0.866539659661873	-0.64777202357688	-0.64777202357688	-0.64777202357688	1.49240184689819	1.72920633571199	-0.64777202357688	-0.64777202357688	-0.64777202357688	1.09782029875112	-0.64777202357688	-0.64777202357688	-0.64777202357688	-0.64777202357688	-0.64777202357688	-0.64777202357688	-0.64777202357688	-0.64777202357688	-0.64777202357688	-0.64777202357688	1.45081503965189	-0.64777202357688	-0.64777202357688	-0.64777202357688	-0.64777202357688
"Cd83"	1.71890173330572	1.4194628794822	1.64853422286626	1.15539560217387	1.69420760136079	1.99439953403196	1.92786219994638	-0.605764293073269	-0.605764293073269	1.69551370590101	-0.605764293073269	1.29191566123039	2.07402000683592	2.13511763975547	1.59210735371395	-0.605764293073269	-0.605764293073269	1.74782773064809	-0.605764293073269	0.969884690277276	-0.605764293073269	-0.605764293073269	-0.605764293073269	-0.605764293073269	-0.605764293073269	-0.605764293073269	-0.605764293073269	1.45874719190513	-0.605764293073269	-0.605764293073269	-0.605764293073269	-0.605764293073269	1.50081102771663	-0.605764293073269	-0.605764293073269	-0.605764293073269	1.43394016567934	1.11242400793624	-0.605764293073269	-0.605764293073269	-0.605764293073269	-0.605764293073269	-0.605764293073269	-0.605764293073269	-0.605764293073269	1.30625093120086	-0.605764293073269	-0.605764293073269	-0.605764293073269	-0.605764293073269	-0.605764293073269	-0.605764293073269	-0.605764293073269
"Rogdi"	1.48394335832754	1.90147259657212	-0.548794847887108	-0.548794847887108	1.80748832695528	1.63813502976606	-0.548794847887108	1.88573572425194	2.30919338336549	-0.548794847887108	1.84745022139939	1.76258092224803	-0.548794847887108	1.79093890724794	2.02415451576028	-0.548794847887108	1.63430936662933	2.25881904168507	-0.548794847887108	-0.548794847887108	-0.548794847887108	1.5770202070909	-0.548794847887108	-0.548794847887108	1.43881350597264	-0.548794847887108	-0.548794847887108	1.44893384618679	-0.548794847887108	-0.548794847887108	-0.548794847887108	-0.548794847887108	-0.548794847887108	-0.548794847887108	-0.548794847887108	-0.548794847887108	-0.548794847887108	-0.548794847887108	-0.548794847887108	-0.548794847887108	1.41500600934626	-0.548794847887108	-0.548794847887108	-0.548794847887108	-0.548794847887108	-0.548794847887108	1.56143627524022	-0.548794847887108	-0.548794847887108	-0.548794847887108	-0.548794847887108	-0.548794847887108	-0.548794847887108
"Traf1"	1.29968954258801	1.72875898969819	1.7861574601003	1.66183376377381	1.36519467252103	1.646499910574	1.28182328338355	-0.665748899053944	-0.665748899053944	1.4913971046362	1.73839979006836	1.32648777774706	1.72112134344949	1.63341560775659	1.4831445317861	-0.665748899053944	1.21592708874281	-0.665748899053944	-0.665748899053944	1.23706855744858	0.741912442609688	-0.665748899053944	-0.665748899053944	-0.665748899053944	1.04742397090478	-0.665748899053944	-0.665748899053944	-0.665748899053944	0.731435291583225	1.44649126749628	-0.665748899053944	-0.665748899053944	-0.665748899053944	-0.665748899053944	-0.665748899053944	-0.665748899053944	-0.665748899053944	-0.665748899053944	-0.665748899053944	-0.665748899053944	-0.665748899053944	-0.665748899053944	-0.665748899053944	-0.665748899053944	-0.665748899053944	-0.665748899053944	-0.665748899053944	-0.665748899053944	-0.665748899053944	-0.665748899053944	-0.665748899053944	-0.665748899053944	-0.665748899053944
"Plxnc1"	1.11778487375533	1.50309194238386	1.34113550367277	0.702621152367864	1.60689264894137	0.92376128907287	-0.856728192876748	1.5291800131336	-0.856728192876748	1.0970830029324	1.41415869999323	1.38990797774996	1.19592636538673	1.31499378367622	1.37495344797368	1.52973226432549	0.92064662451685	1.22716673969996	-0.856728192876748	0.739188354289851	0.874692393847845	-0.856728192876748	0.595710619822938	1.16847346582631	0.962956542776456	-0.856728192876748	0.882028150816655	0.971211814750602	-0.856728192876748	-0.856728192876748	-0.856728192876748	-0.856728192876748	-0.856728192876748	-0.856728192876748	-0.856728192876748	1.16561042153831	0.94924741492124	0.664573654511819	-0.856728192876748	-0.856728192876748	1.1452707346817	-0.856728192876748	-0.856728192876748	-0.856728192876748	-0.856728192876748	0.836190034545873	-0.856728192876748	0.849767362513629	-0.856728192876748	-0.856728192876748	-0.856728192876748	-0.856728192876748	-0.856728192876748
"Arl5a"	1.0419894112671	1.19493618146726	1.4193958547979	0.936185113235375	0.887657471175779	1.40415110173565	1.24635387969687	1.40400657722765	-0.789519066651587	1.0191331697978	1.36951112530893	1.29304341272522	1.61281674707493	1.09546891585806	1.45680281034183	1.3666680062777	1.17747002463559	-0.789519066651587	-0.789519066651587	-0.789519066651587	0.681964079881565	-0.789519066651587	-0.789519066651587	1.22845224698119	1.00132716221678	0.798333842787804	1.13473164680607	-0.789519066651587	0.450885754818677	-0.789519066651587	-0.789519066651587	-0.789519066651587	-0.789519066651587	-0.789519066651587	-0.789519066651587	-0.789519066651587	-0.789519066651587	-0.789519066651587	-0.789519066651587	-0.789519066651587	-0.789519066651587	-0.789519066651587	0.905422325082821	-0.789519066651587	-0.789519066651587	-0.789519066651587	-0.789519066651587	-0.789519066651587	-0.789519066651587	-0.789519066651587	1.24423668445695	-0.789519066651587	-0.789519066651587
"Rgs1"	-0.315522844740793	3.02484826199679	-0.315522844740793	-0.315522844740793	2.88248201127591	3.59697228988572	-0.315522844740793	-0.315522844740793	-0.315522844740793	3.32412136526507	-0.315522844740793	-0.315522844740793	-0.315522844740793	2.85741814210765	3.0897861870594	-0.315522844740793	2.99544802952415	-0.315522844740793	-0.315522844740793	-0.315522844740793	-0.315522844740793	-0.315522844740793	-0.315522844740793	-0.315522844740793	-0.315522844740793	-0.315522844740793	-0.315522844740793	-0.315522844740793	-0.315522844740793	-0.315522844740793	-0.315522844740793	-0.315522844740793	-0.315522844740793	-0.315522844740793	-0.315522844740793	-0.315522844740793	-0.315522844740793	-0.315522844740793	-0.315522844740793	-0.315522844740793	-0.315522844740793	-0.315522844740793	-0.315522844740793	-0.315522844740793	-0.315522844740793	-0.315522844740793	-0.315522844740793	-0.315522844740793	-0.315522844740793	-0.315522844740793	-0.315522844740793	-0.315522844740793	-0.315522844740793
"Fscn1"	-0.363411742240793	2.79350903354228	2.61872065433672	-0.363411742240793	2.98079950677631	-0.363411742240793	2.86301640288392	2.59794445206811	-0.363411742240793	-0.363411742240793	2.55137407323528	-0.363411742240793	-0.363411742240793	2.78417817356794	2.36777284585125	-0.363411742240793	-0.363411742240793	-0.363411742240793	-0.363411742240793	-0.363411742240793	-0.363411742240793	-0.363411742240793	-0.363411742240793	-0.363411742240793	-0.363411742240793	-0.363411742240793	-0.363411742240793	-0.363411742240793	-0.363411742240793	-0.363411742240793	-0.363411742240793	-0.363411742240793	-0.363411742240793	-0.363411742240793	-0.363411742240793	-0.363411742240793	-0.363411742240793	-0.363411742240793	-0.363411742240793	-0.363411742240793	-0.363411742240793	-0.363411742240793	-0.363411742240793	-0.363411742240793	-0.363411742240793	-0.363411742240793	-0.363411742240793	-0.363411742240793	-0.363411742240793	-0.363411742240793	-0.363411742240793	-0.363411742240793	-0.363411742240793
"Papss2"	2.26367018686242	2.46393883409285	-0.422893693044325	1.83366673512465	2.23205793888131	3.37197347753457	-0.422893693044325	-0.422893693044325	-0.422893693044325	-0.422893693044325	-0.422893693044325	2.59234341821457	-0.422893693044325	-0.422893693044325	2.22245994643602	-0.422893693044325	2.14917502984041	2.59274539748724	-0.422893693044325	1.59597305159874	-0.422893693044325	-0.422893693044325	1.67895472153317	-0.422893693044325	-0.422893693044325	-0.422893693044325	-0.422893693044325	-0.422893693044325	2.06823761723087	-0.422893693044325	-0.422893693044325	-0.422893693044325	-0.422893693044325	-0.422893693044325	-0.422893693044325	-0.422893693044325	-0.422893693044325	-0.422893693044325	-0.422893693044325	-0.422893693044325	-0.422893693044325	-0.422893693044325	-0.422893693044325	-0.422893693044325	-0.422893693044325	-0.422893693044325	-0.422893693044325	-0.422893693044325	-0.422893693044325	-0.422893693044325	-0.422893693044325	-0.422893693044325	-0.422893693044325
"Socs2"	2.03448181040634	1.94974888217774	-0.449154289734519	-0.449154289734519	2.27518693362807	-0.449154289734519	2.01190502275706	2.20248304487452	-0.449154289734519	1.73722990361908	-0.449154289734519	2.06834553406765	-0.449154289734519	2.09923242972655	-0.449154289734519	2.31529326291146	-0.449154289734519	2.60883721628929	-0.449154289734519	-0.449154289734519	-0.449154289734519	-0.449154289734519	-0.449154289734519	-0.449154289734519	-0.449154289734519	-0.449154289734519	-0.449154289734519	-0.449154289734519	-0.449154289734519	-0.449154289734519	-0.449154289734519	-0.449154289734519	-0.449154289734519	-0.449154289734519	-0.449154289734519	-0.449154289734519	-0.449154289734519	-0.449154289734519	-0.449154289734519	-0.449154289734519	-0.449154289734519	-0.449154289734519	-0.449154289734519	-0.449154289734519	-0.449154289734519	-0.449154289734519	-0.449154289734519	-0.449154289734519	-0.449154289734519	-0.449154289734519	-0.449154289734519	-0.449154289734519	-0.449154289734519
"Cblb"	0.832046418555899	1.13963469944075	0.923384154722101	1.09723768409477	0.946348997760127	1.14822241821847	1.08116841511707	0.79603038129142	0.871127182822813	0.768756489592287	1.02343427743523	0.856488211806897	0.926842111598268	1.17383042925667	1.12636273695824	1.25506246393831	0.855846060828533	0.699531145501487	0.832483279154597	0.42316524723436	0.278957554931761	-1.31029770319795	0.478785899937078	0.448335695118076	0.444711544188469	0.380968499271113	-1.31029770319795	-1.31029770319795	0.382989358059718	0.613948923096824	0.562250029592934	0.729207545532642	-1.31029770319795	0.687635914556035	-1.31029770319795	-1.31029770319795	-1.31029770319795	0.464760678871132	-1.31029770319795	0.620074315612403	0.73443313403633	0.238922951371877	0.360942538655372	0.682040007697593	0.659932663769752	0.436153725599633	-1.31029770319795	0.530000277165856	0.453638273342767	-1.31029770319795	-1.31029770319795	0.747338256600654	0.546178427431052
"Ankrd33b"	2.90815311835907	-0.336308807470055	-0.336308807470055	-0.336308807470055	3.5083958551134	-0.336308807470055	-0.336308807470055	3.25229431942996	-0.336308807470055	2.34912721897338	-0.336308807470055	-0.336308807470055	-0.336308807470055	-0.336308807470055	2.99896680488782	-0.336308807470055	2.91566737364786	3.08788619049255	-0.336308807470055	-0.336308807470055	1.84850802705968	-0.336308807470055	-0.336308807470055	-0.336308807470055	-0.336308807470055	-0.336308807470055	-0.336308807470055	-0.336308807470055	-0.336308807470055	-0.336308807470055	-0.336308807470055	-0.336308807470055	-0.336308807470055	-0.336308807470055	-0.336308807470055	-0.336308807470055	-0.336308807470055	-0.336308807470055	-0.336308807470055	-0.336308807470055	-0.336308807470055	-0.336308807470055	-0.336308807470055	-0.336308807470055	-0.336308807470055	-0.336308807470055	-0.336308807470055	-0.336308807470055	-0.336308807470055	-0.336308807470055	-0.336308807470055	-0.336308807470055	-0.336308807470055
"Rel"	1.3306825745394	0.933080092743813	1.14350976719123	1.1760673306671	0.645008039480102	1.46122879636385	1.31315303671114	-0.927335480444666	1.00046831044951	0.977327166523385	1.4287285507911	1.14751486935112	1.41179568520814	1.17148057490961	1.48431853628756	1.21656984196384	1.24848755075882	-0.927335480444666	-0.927335480444666	0.520088268469932	-0.927335480444666	-0.927335480444666	0.579581863134557	-0.927335480444666	0.751572732038757	0.769781822684906	-0.927335480444666	-0.927335480444666	-0.927335480444666	-0.927335480444666	0.877813290555219	0.78078455854066	-0.927335480444666	-0.927335480444666	-0.927335480444666	0.96153364700199	0.946379227311852	0.98217026777918	0.834585970162397	0.93994545790522	1.06286088189945	-0.927335480444666	0.661662489559241	-0.927335480444666	-0.927335480444666	0.620370963906082	-0.927335480444666	1.05235127659219	-0.927335480444666	-0.927335480444666	-0.927335480444666	0.954316022833638	-0.927335480444666
"Hivep1"	1.1463054216034	1.67723349443893	1.29343985036295	1.50713507937697	1.28009648388898	1.06613249279648	1.34134359946914	-0.811998587640545	1.14800890539212	-0.811998587640545	1.58342317524795	0.96037019607151	1.14037287115196	1.47882007968797	1.24073906632329	-0.811998587640545	1.40017127363659	1.38617662255611	-0.811998587640545	0.659604179646357	-0.811998587640545	-0.811998587640545	-0.811998587640545	1.111440984094	-0.811998587640545	0.701471450053629	-0.811998587640545	-0.811998587640545	0.703670997767012	-0.811998587640545	-0.811998587640545	0.924655366057523	-0.811998587640545	1.03588470259013	-0.811998587640545	-0.811998587640545	-0.811998587640545	0.79273107309192	0.979355522999028	1.29927368360386	-0.811998587640545	-0.811998587640545	1.01585798447617	-0.811998587640545	-0.811998587640545	0.761562083974991	-0.811998587640545	-0.811998587640545	-0.811998587640545	-0.811998587640545	-0.811998587640545	-0.811998587640545	-0.811998587640545
"N4bp2l1"	0.883409819254658	1.28458024151275	1.22131254013219	1.05254028925817	1.17840363005469	1.27201922865151	1.38322814280912	1.20754048746821	1.08474974038799	1.17954867694747	0.976860252532295	1.17256236124675	-0.954231557604598	1.42283113375999	1.45470614831181	1.17412418622894	1.12163350243443	-0.954231557604598	-0.954231557604598	0.824860586211381	0.560377218617533	0.758925454234796	0.799108663331778	-0.954231557604598	0.647547101470994	0.465984686030276	-0.954231557604598	1.05486004252665	0.813955982677377	-0.954231557604598	-0.954231557604598	0.874895508816761	0.892011019318714	-0.954231557604598	0.999057196592444	-0.954231557604598	-0.954231557604598	1.18417491311617	-0.954231557604598	-0.954231557604598	0.628361058129961	0.83517212103527	-0.954231557604598	0.890803303264572	1.06786032875833	0.721494859553285	-0.954231557604598	-0.954231557604598	-0.954231557604598	-0.954231557604598	1.06453514745103	-0.954231557604598	0.95111178899548
"Gpr132"	1.00488044640676	-0.812179071372103	-0.812179071372103	1.52135839118747	0.85176604698072	1.76485432886114	1.20763266237145	1.36404162143744	1.22793472459655	1.42498001774484	1.32981830771289	1.38354792282859	1.21998660253312	-0.812179071372103	0.973669732775399	1.32699761834226	1.13929223917961	1.69753985096538	-0.812179071372103	0.940059862899179	0.64769539216175	-0.812179071372103	-0.812179071372103	-0.812179071372103	-0.812179071372103	-0.812179071372103	-0.812179071372103	1.19481036461275	0.636829621552433	-0.812179071372103	-0.812179071372103	1.21671741180973	-0.812179071372103	-0.812179071372103	1.13297749451252	-0.812179071372103	-0.812179071372103	0.858136542878372	1.05238840991152	1.16388593133751	0.943257525307566	-0.812179071372103	-0.812179071372103	-0.812179071372103	1.43075702214868	0.825693664506792	1.07415116794194	-0.812179071372103	1.19590878209659	-0.812179071372103	-0.812179071372103	-0.812179071372103	-0.812179071372103
"Birc2"	1.64511947013939	1.80421559293366	1.66978616822376	-0.62376643694805	1.71625485703868	1.78963806298979	-0.62376643694805	1.65380722882677	-0.62376643694805	1.71758370477098	-0.62376643694805	1.67422199581797	-0.62376643694805	1.5651220685423	1.70862642391049	-0.62376643694805	1.78605370161936	2.00283744789647	-0.62376643694805	0.97931931458287	0.904098657096816	-0.62376643694805	1.0452110992007	-0.62376643694805	-0.62376643694805	1.02492729123076	-0.62376643694805	-0.62376643694805	-0.62376643694805	-0.62376643694805	-0.62376643694805	-0.62376643694805	1.5194906697864	-0.62376643694805	-0.62376643694805	-0.62376643694805	-0.62376643694805	1.12434066869572	-0.62376643694805	-0.62376643694805	-0.62376643694805	-0.62376643694805	-0.62376643694805	-0.62376643694805	-0.62376643694805	1.09038683043603	-0.62376643694805	-0.62376643694805	-0.62376643694805	-0.62376643694805	1.48791552777754	-0.62376643694805	-0.62376643694805
"1810064F22Rik"	3.5115798190648	3.55080785743896	3.55291360001568	-0.290373436508021	3.0152207949957	-0.290373436508021	-0.290373436508021	-0.290373436508021	-0.290373436508021	-0.290373436508021	3.46611925030862	-0.290373436508021	-0.290373436508021	-0.290373436508021	3.22949923373768	-0.290373436508021	-0.290373436508021	-0.290373436508021	-0.290373436508021	-0.290373436508021	-0.290373436508021	-0.290373436508021	-0.290373436508021	-0.290373436508021	-0.290373436508021	-0.290373436508021	-0.290373436508021	-0.290373436508021	-0.290373436508021	-0.290373436508021	-0.290373436508021	-0.290373436508021	-0.290373436508021	-0.290373436508021	-0.290373436508021	-0.290373436508021	-0.290373436508021	-0.290373436508021	-0.290373436508021	-0.290373436508021	-0.290373436508021	-0.290373436508021	-0.290373436508021	-0.290373436508021	-0.290373436508021	-0.290373436508021	-0.290373436508021	-0.290373436508021	-0.290373436508021	-0.290373436508021	-0.290373436508021	-0.290373436508021	-0.290373436508021
"Arhgef40"	2.01753166634382	-0.426928716844608	-0.426928716844608	-0.426928716844608	2.10878242935484	2.20295418218809	2.58832290889798	-0.426928716844608	-0.426928716844608	-0.426928716844608	2.75282139378064	2.0548588450646	-0.426928716844608	2.08890918485452	-0.426928716844608	-0.426928716844608	2.19835364782092	2.65110106211449	-0.426928716844608	-0.426928716844608	-0.426928716844608	-0.426928716844608	-0.426928716844608	-0.426928716844608	-0.426928716844608	-0.426928716844608	-0.426928716844608	-0.426928716844608	1.81848960804014	-0.426928716844608	-0.426928716844608	-0.426928716844608	-0.426928716844608	-0.426928716844608	-0.426928716844608	-0.426928716844608	-0.426928716844608	-0.426928716844608	-0.426928716844608	-0.426928716844608	-0.426928716844608	-0.426928716844608	-0.426928716844608	-0.426928716844608	-0.426928716844608	-0.426928716844608	-0.426928716844608	2.09366099957555	-0.426928716844608	-0.426928716844608	-0.426928716844608	-0.426928716844608	-0.426928716844608
"Gm10432"	-0.289848418162114	-0.289848418162114	-0.289848418162114	-0.289848418162114	-0.289848418162114	3.19350341150581	-0.289848418162114	3.58788292087077	-0.289848418162114	3.3017221878628	3.5269015982532	-0.289848418162114	-0.289848418162114	-0.289848418162114	2.89229294162654	-0.289848418162114	-0.289848418162114	3.78708621122886	-0.289848418162114	-0.289848418162114	-0.289848418162114	-0.289848418162114	-0.289848418162114	-0.289848418162114	-0.289848418162114	-0.289848418162114	-0.289848418162114	-0.289848418162114	-0.289848418162114	-0.289848418162114	-0.289848418162114	-0.289848418162114	-0.289848418162114	-0.289848418162114	-0.289848418162114	-0.289848418162114	-0.289848418162114	-0.289848418162114	-0.289848418162114	-0.289848418162114	-0.289848418162114	-0.289848418162114	-0.289848418162114	-0.289848418162114	-0.289848418162114	-0.289848418162114	-0.289848418162114	-0.289848418162114	-0.289848418162114	-0.289848418162114	-0.289848418162114	-0.289848418162114	-0.289848418162114
"Oprd1"	2.92923952290089	3.59037755586034	-0.289506414098639	-0.289506414098639	3.67115627915381	-0.289506414098639	3.2883955466682	-0.289506414098639	-0.289506414098639	-0.289506414098639	-0.289506414098639	2.97839012712972	-0.289506414098639	3.8078899551918	-0.289506414098639	-0.289506414098639	-0.289506414098639	-0.289506414098639	-0.289506414098639	-0.289506414098639	-0.289506414098639	-0.289506414098639	-0.289506414098639	-0.289506414098639	-0.289506414098639	-0.289506414098639	-0.289506414098639	-0.289506414098639	-0.289506414098639	-0.289506414098639	-0.289506414098639	-0.289506414098639	-0.289506414098639	-0.289506414098639	-0.289506414098639	-0.289506414098639	-0.289506414098639	-0.289506414098639	-0.289506414098639	-0.289506414098639	-0.289506414098639	-0.289506414098639	-0.289506414098639	-0.289506414098639	-0.289506414098639	-0.289506414098639	-0.289506414098639	-0.289506414098639	-0.289506414098639	-0.289506414098639	-0.289506414098639	-0.289506414098639	-0.289506414098639
"Gm20465"	-0.289322301823378	3.19345374817921	-0.289322301823378	-0.289322301823378	3.43664642389115	-0.289322301823378	-0.289322301823378	-0.289322301823378	-0.289322301823378	-0.289322301823378	3.89189906525887	3.75760210886201	-0.289322301823378	-0.289322301823378	2.86981649873193	3.10314328271331	-0.289322301823378	-0.289322301823378	-0.289322301823378	-0.289322301823378	-0.289322301823378	-0.289322301823378	-0.289322301823378	-0.289322301823378	-0.289322301823378	-0.289322301823378	-0.289322301823378	-0.289322301823378	-0.289322301823378	-0.289322301823378	-0.289322301823378	-0.289322301823378	-0.289322301823378	-0.289322301823378	-0.289322301823378	-0.289322301823378	-0.289322301823378	-0.289322301823378	-0.289322301823378	-0.289322301823378	-0.289322301823378	-0.289322301823378	-0.289322301823378	-0.289322301823378	-0.289322301823378	-0.289322301823378	-0.289322301823378	-0.289322301823378	-0.289322301823378	-0.289322301823378	-0.289322301823378	-0.289322301823378	-0.289322301823378
"Slc4a8"	2.71127585461038	-0.288769144422198	-0.288769144422198	-0.288769144422198	3.81106233555783	-0.288769144422198	-0.288769144422198	3.30426671509391	-0.288769144422198	-0.288769144422198	3.97977025171592	-0.288769144422198	-0.288769144422198	3.16435951213606	-0.288769144422198	3.24310544043974	-0.288769144422198	-0.288769144422198	-0.288769144422198	-0.288769144422198	-0.288769144422198	-0.288769144422198	-0.288769144422198	-0.288769144422198	-0.288769144422198	-0.288769144422198	-0.288769144422198	-0.288769144422198	-0.288769144422198	-0.288769144422198	-0.288769144422198	-0.288769144422198	-0.288769144422198	-0.288769144422198	-0.288769144422198	-0.288769144422198	-0.288769144422198	-0.288769144422198	-0.288769144422198	-0.288769144422198	-0.288769144422198	-0.288769144422198	-0.288769144422198	-0.288769144422198	-0.288769144422198	-0.288769144422198	-0.288769144422198	-0.288769144422198	-0.288769144422198	-0.288769144422198	-0.288769144422198	-0.288769144422198	-0.288769144422198
"Slc33a1"	1.78167899822136	1.70751263276008	1.70879198996897	-0.626221335193127	1.14669872001041	1.45669926702601	1.90007586079673	-0.626221335193127	-0.626221335193127	-0.626221335193127	2.12845661556576	1.81131572379112	1.77509387165907	1.74033090327624	1.74833436382895	1.41712312703673	-0.626221335193127	-0.626221335193127	1.59862409779386	-0.626221335193127	-0.626221335193127	-0.626221335193127	-0.626221335193127	-0.626221335193127	-0.626221335193127	1.28738931325813	-0.626221335193127	1.27649639574583	0.917685698467492	-0.626221335193127	1.40920185202797	-0.626221335193127	1.55577958869605	-0.626221335193127	-0.626221335193127	-0.626221335193127	-0.626221335193127	-0.626221335193127	-0.626221335193127	-0.626221335193127	1.24418214961202	-0.626221335193127	-0.626221335193127	-0.626221335193127	-0.626221335193127	1.11891880752104	-0.626221335193127	1.37013684942578	-0.626221335193127	1.71542527393926	-0.626221335193127	-0.626221335193127	-0.626221335193127
"Tmtc2"	1.03190610760669	0.776204076047322	-0.95321311807835	1.13410847911109	0.81622125475706	1.07241102413396	1.43824272854009	1.34788492263989	-0.95321311807835	1.16914228134352	0.928343011823023	1.17024974990006	1.02647720294608	1.27337823778425	1.28862788934285	1.18324167474247	1.26415442136914	1.25135401573894	-0.95321311807835	1.20260884746791	-0.95321311807835	-0.95321311807835	0.992974250709285	0.805412726650139	0.80178859128679	-0.95321311807835	-0.95321311807835	-0.95321311807835	0.512947857363739	1.16573285877049	-0.95321311807835	0.634632204023004	-0.95321311807835	-0.95321311807835	-0.95321311807835	-0.95321311807835	-0.95321311807835	0.708107759404964	0.684645269742185	0.782586026792735	0.588783394796363	0.904083790034692	0.523897937300426	1.15302193704491	1.0170087864619	-0.95321311807835	-0.95321311807835	-0.95321311807835	0.810715282099482	-0.95321311807835	1.01376890152275	-0.95321311807835	-0.95321311807835
"Arhgap28"	2.0875984359106	-0.447016611464508	-0.447016611464508	-0.447016611464508	2.49447638345344	-0.447016611464508	2.06455823863935	-0.447016611464508	-0.447016611464508	-0.447016611464508	2.21649239604446	2.55893276527175	-0.447016611464508	1.87841750666681	2.20982304238419	2.21298495405624	-0.447016611464508	2.39806154710108	-0.447016611464508	-0.447016611464508	-0.447016611464508	-0.447016611464508	-0.447016611464508	-0.447016611464508	-0.447016611464508	-0.447016611464508	-0.447016611464508	1.77352770573645	1.35478190764104	-0.447016611464508	-0.447016611464508	-0.447016611464508	-0.447016611464508	-0.447016611464508	-0.447016611464508	-0.447016611464508	-0.447016611464508	-0.447016611464508	-0.447016611464508	-0.447016611464508	-0.447016611464508	-0.447016611464508	-0.447016611464508	-0.447016611464508	-0.447016611464508	-0.447016611464508	-0.447016611464508	-0.447016611464508	-0.447016611464508	-0.447016611464508	-0.447016611464508	-0.447016611464508	-0.447016611464508
"Gm35330"	2.41501099441034	-0.356424320566531	-0.356424320566531	-0.356424320566531	-0.356424320566531	-0.356424320566531	3.16881103962856	-0.356424320566531	-0.356424320566531	-0.356424320566531	3.4603074699981	3.05550681443541	-0.356424320566531	2.66348507356105	2.84999179431281	2.25104617453549	-0.356424320566531	-0.356424320566531	-0.356424320566531	-0.356424320566531	-0.356424320566531	-0.356424320566531	-0.356424320566531	-0.356424320566531	-0.356424320566531	-0.356424320566531	-0.356424320566531	-0.356424320566531	1.31679024977043	-0.356424320566531	-0.356424320566531	-0.356424320566531	-0.356424320566531	-0.356424320566531	-0.356424320566531	-0.356424320566531	-0.356424320566531	-0.356424320566531	-0.356424320566531	-0.356424320566531	-0.356424320566531	-0.356424320566531	-0.356424320566531	-0.356424320566531	-0.356424320566531	-0.356424320566531	-0.356424320566531	-0.356424320566531	-0.356424320566531	-0.356424320566531	-0.356424320566531	-0.356424320566531	-0.356424320566531
"Laptm4b"	2.59206151924902	-0.312297916481467	-0.312297916481467	-0.312297916481467	3.65677063003189	3.37358750413017	3.27024102362789	-0.312297916481467	-0.312297916481467	-0.312297916481467	-0.312297916481467	-0.312297916481467	-0.312297916481467	3.38489100119057	3.24986202860797	-0.312297916481467	-0.312297916481467	-0.312297916481467	-0.312297916481467	-0.312297916481467	2.02114253038372	-0.312297916481467	-0.312297916481467	-0.312297916481467	-0.312297916481467	-0.312297916481467	-0.312297916481467	-0.312297916481467	-0.312297916481467	-0.312297916481467	-0.312297916481467	-0.312297916481467	-0.312297916481467	-0.312297916481467	-0.312297916481467	-0.312297916481467	-0.312297916481467	-0.312297916481467	-0.312297916481467	-0.312297916481467	-0.312297916481467	-0.312297916481467	-0.312297916481467	-0.312297916481467	-0.312297916481467	-0.312297916481467	-0.312297916481467	-0.312297916481467	-0.312297916481467	-0.312297916481467	-0.312297916481467	-0.312297916481467	-0.312297916481467
"Map3k14"	1.20944334560449	-0.900799756834952	1.47366290872199	1.17773911149365	0.652957375780477	1.50558010656122	1.1921261189137	1.13130958757982	-0.900799756834952	1.39521436005249	1.09935257336418	1.30205346345927	1.65294587796993	1.05218242447941	1.45387442432558	1.2177628499571	0.921443317423209	-0.900799756834952	1.04901712877388	0.529514258705765	0.462400468593324	-0.900799756834952	0.794418123199426	-0.900799756834952	0.75826238645391	0.776256230745168	-0.900799756834952	-0.900799756834952	-0.900799756834952	-0.900799756834952	-0.900799756834952	0.787128905257783	-0.900799756834952	0.895237480831607	-0.900799756834952	-0.900799756834952	0.950766109511113	-0.900799756834952	-0.900799756834952	-0.900799756834952	0.738390203736119	1.07356427068341	-0.900799756834952	1.21710772176533	-0.900799756834952	0.628611530604259	-0.900799756834952	-0.900799756834952	-0.900799756834952	-0.900799756834952	0.983296778629338	0.958609085613863	-0.900799756834952
"Nr4a3"	-0.313480510690691	-0.313480510690691	-0.313480510690691	-0.313480510690691	-0.313480510690691	3.59624090988924	3.48661841693223	-0.313480510690691	-0.313480510690691	3.47951266653779	-0.313480510690691	-0.313480510690691	3.13195641581907	-0.313480510690691	2.71433828084946	2.93796606858208	-0.313480510690691	-0.313480510690691	-0.313480510690691	2.2835224790478	-0.313480510690691	-0.313480510690691	-0.313480510690691	-0.313480510690691	-0.313480510690691	-0.313480510690691	-0.313480510690691	-0.313480510690691	-0.313480510690691	-0.313480510690691	-0.313480510690691	-0.313480510690691	-0.313480510690691	-0.313480510690691	-0.313480510690691	-0.313480510690691	-0.313480510690691	-0.313480510690691	-0.313480510690691	-0.313480510690691	-0.313480510690691	-0.313480510690691	-0.313480510690691	-0.313480510690691	-0.313480510690691	-0.313480510690691	-0.313480510690691	-0.313480510690691	-0.313480510690691	-0.313480510690691	-0.313480510690691	-0.313480510690691	-0.313480510690691
"Dpp10"	-0.312261440422048	-0.312261440422048	3.33517981455165	-0.312261440422048	2.4571539121309	2.94139473939496	-0.312261440422048	-0.312261440422048	-0.312261440422048	-0.312261440422048	-0.312261440422048	-0.312261440422048	-0.312261440422048	3.83546432562793	3.24388148428178	-0.312261440422048	-0.312261440422048	3.49583610477839	-0.312261440422048	2.23712900835573	-0.312261440422048	-0.312261440422048	-0.312261440422048	-0.312261440422048	-0.312261440422048	-0.312261440422048	-0.312261440422048	-0.312261440422048	-0.312261440422048	-0.312261440422048	-0.312261440422048	-0.312261440422048	-0.312261440422048	-0.312261440422048	-0.312261440422048	-0.312261440422048	-0.312261440422048	-0.312261440422048	-0.312261440422048	-0.312261440422048	-0.312261440422048	-0.312261440422048	-0.312261440422048	-0.312261440422048	-0.312261440422048	-0.312261440422048	-0.312261440422048	-0.312261440422048	-0.312261440422048	-0.312261440422048	-0.312261440422048	-0.312261440422048	-0.312261440422048
"Il15ra"	1.85841060281938	1.78314412289411	-0.585206270945609	-0.585206270945609	1.69230192423325	1.76808840479508	1.83835762063002	-0.585206270945609	-0.585206270945609	1.5942812709157	1.7309278173615	1.64889585855449	-0.585206270945609	2.05614465643067	2.10501125374284	1.48844725097516	-0.585206270945609	-0.585206270945609	1.67264043729277	1.54862078942572	0.99335075375262	-0.585206270945609	-0.585206270945609	1.5796046548741	-0.585206270945609	-0.585206270945609	-0.585206270945609	-0.585206270945609	0.745457793413298	-0.585206270945609	-0.585206270945609	-0.585206270945609	-0.585206270945609	-0.585206270945609	-0.585206270945609	-0.585206270945609	-0.585206270945609	1.2209000157249	-0.585206270945609	-0.585206270945609	-0.585206270945609	-0.585206270945609	-0.585206270945609	-0.585206270945609	-0.585206270945609	-0.585206270945609	-0.585206270945609	-0.585206270945609	-0.585206270945609	-0.585206270945609	1.5965376620356	-0.585206270945609	-0.585206270945609
"Serpinb9"	-0.379474684531491	2.51757210843886	-0.379474684531491	2.65569414177083	2.82481711541543	-0.379474684531491	3.34986704794873	-0.379474684531491	-0.379474684531491	-0.379474684531491	-0.379474684531491	2.3351183745585	-0.379474684531491	3.02417154602985	2.76453656120493	-0.379474684531491	-0.379474684531491	-0.379474684531491	-0.379474684531491	-0.379474684531491	-0.379474684531491	-0.379474684531491	-0.379474684531491	-0.379474684531491	-0.379474684531491	1.93858423030705	-0.379474684531491	-0.379474684531491	1.43135517088189	-0.379474684531491	-0.379474684531491	-0.379474684531491	-0.379474684531491	-0.379474684531491	-0.379474684531491	-0.379474684531491	-0.379474684531491	-0.379474684531491	-0.379474684531491	-0.379474684531491	2.20361288252234	-0.379474684531491	-0.379474684531491	-0.379474684531491	-0.379474684531491	-0.379474684531491	-0.379474684531491	-0.379474684531491	-0.379474684531491	-0.379474684531491	-0.379474684531491	-0.379474684531491	-0.379474684531491
"Stap2"	3.62520409681243	-0.263282264987028	-0.263282264987028	3.87365381490138	-0.263282264987028	-0.263282264987028	4.05909149504529	-0.263282264987028	-0.263282264987028	3.57667787686484	-0.263282264987028	-0.263282264987028	-0.263282264987028	-0.263282264987028	3.55841353045502	-0.263282264987028	-0.263282264987028	-0.263282264987028	-0.263282264987028	-0.263282264987028	-0.263282264987028	-0.263282264987028	-0.263282264987028	-0.263282264987028	-0.263282264987028	-0.263282264987028	-0.263282264987028	-0.263282264987028	-0.263282264987028	-0.263282264987028	-0.263282264987028	-0.263282264987028	-0.263282264987028	-0.263282264987028	-0.263282264987028	-0.263282264987028	-0.263282264987028	-0.263282264987028	-0.263282264987028	-0.263282264987028	-0.263282264987028	-0.263282264987028	-0.263282264987028	-0.263282264987028	-0.263282264987028	-0.263282264987028	-0.263282264987028	-0.263282264987028	-0.263282264987028	-0.263282264987028	-0.263282264987028	-0.263282264987028	-0.263282264987028
"Gm33843"	-0.263098197614421	-0.263098197614421	3.70938133527494	-0.263098197614421	-0.263098197614421	3.91696724277166	-0.263098197614421	-0.263098197614421	-0.263098197614421	-0.263098197614421	-0.263098197614421	-0.263098197614421	-0.263098197614421	3.92978624065843	-0.263098197614421	3.84953166859265	3.2743055433262	-0.263098197614421	-0.263098197614421	-0.263098197614421	-0.263098197614421	-0.263098197614421	-0.263098197614421	-0.263098197614421	-0.263098197614421	-0.263098197614421	-0.263098197614421	-0.263098197614421	-0.263098197614421	-0.263098197614421	-0.263098197614421	-0.263098197614421	-0.263098197614421	-0.263098197614421	-0.263098197614421	-0.263098197614421	-0.263098197614421	-0.263098197614421	-0.263098197614421	-0.263098197614421	-0.263098197614421	-0.263098197614421	-0.263098197614421	-0.263098197614421	-0.263098197614421	-0.263098197614421	-0.263098197614421	-0.263098197614421	-0.263098197614421	-0.263098197614421	-0.263098197614421	-0.263098197614421	-0.263098197614421
"Gm48718"	3.58401737782943	3.9052530435024	-0.262718609598991	3.36179552858866	-0.262718609598991	-0.262718609598991	-0.262718609598991	-0.262718609598991	-0.262718609598991	3.53601218011546	-0.262718609598991	-0.262718609598991	-0.262718609598991	-0.262718609598991	-0.262718609598991	4.26594315149238	-0.262718609598991	-0.262718609598991	-0.262718609598991	-0.262718609598991	-0.262718609598991	-0.262718609598991	-0.262718609598991	-0.262718609598991	-0.262718609598991	-0.262718609598991	-0.262718609598991	-0.262718609598991	-0.262718609598991	-0.262718609598991	-0.262718609598991	-0.262718609598991	-0.262718609598991	-0.262718609598991	-0.262718609598991	-0.262718609598991	-0.262718609598991	-0.262718609598991	-0.262718609598991	-0.262718609598991	-0.262718609598991	-0.262718609598991	-0.262718609598991	-0.262718609598991	-0.262718609598991	-0.262718609598991	-0.262718609598991	-0.262718609598991	-0.262718609598991	-0.262718609598991	-0.262718609598991	-0.262718609598991	-0.262718609598991
"Gadd45b"	3.27892021956033	-0.262492997390375	-0.262492997390375	-0.262492997390375	3.41111980864205	4.23186923069138	-0.262492997390375	-0.262492997390375	-0.262492997390375	-0.262492997390375	-0.262492997390375	4.01693567403971	3.69815788178318	-0.262492997390375	-0.262492997390375	-0.262492997390375	-0.262492997390375	-0.262492997390375	-0.262492997390375	-0.262492997390375	-0.262492997390375	-0.262492997390375	-0.262492997390375	-0.262492997390375	-0.262492997390375	-0.262492997390375	-0.262492997390375	-0.262492997390375	-0.262492997390375	-0.262492997390375	-0.262492997390375	-0.262492997390375	-0.262492997390375	-0.262492997390375	-0.262492997390375	-0.262492997390375	-0.262492997390375	-0.262492997390375	-0.262492997390375	-0.262492997390375	-0.262492997390375	-0.262492997390375	-0.262492997390375	-0.262492997390375	-0.262492997390375	-0.262492997390375	-0.262492997390375	-0.262492997390375	-0.262492997390375	-0.262492997390375	-0.262492997390375	-0.262492997390375	-0.262492997390375
"Il12b"	3.36827978332326	3.63892914651937	-0.262427336028337	-0.262427336028337	-0.262427336028337	4.1360721105485	-0.262427336028337	-0.262427336028337	-0.262427336028337	-0.262427336028337	-0.262427336028337	-0.262427336028337	-0.262427336028337	4.17647285233376	3.31258696528704	-0.262427336028337	-0.262427336028337	-0.262427336028337	-0.262427336028337	-0.262427336028337	-0.262427336028337	-0.262427336028337	-0.262427336028337	-0.262427336028337	-0.262427336028337	-0.262427336028337	-0.262427336028337	-0.262427336028337	-0.262427336028337	-0.262427336028337	-0.262427336028337	-0.262427336028337	-0.262427336028337	-0.262427336028337	-0.262427336028337	-0.262427336028337	-0.262427336028337	-0.262427336028337	-0.262427336028337	-0.262427336028337	-0.262427336028337	-0.262427336028337	-0.262427336028337	-0.262427336028337	-0.262427336028337	-0.262427336028337	-0.262427336028337	-0.262427336028337	-0.262427336028337	-0.262427336028337	-0.262427336028337	-0.262427336028337	-0.262427336028337
"Tspoap1"	-0.262241025989843	-0.262241025989843	-0.262241025989843	-0.262241025989843	3.06949542792764	3.65205983639876	4.22564018092776	-0.262241025989843	-0.262241025989843	-0.262241025989843	4.0267049695114	-0.262241025989843	-0.262241025989843	-0.262241025989843	-0.262241025989843	-0.262241025989843	3.64521243051331	-0.262241025989843	-0.262241025989843	-0.262241025989843	-0.262241025989843	-0.262241025989843	-0.262241025989843	-0.262241025989843	-0.262241025989843	-0.262241025989843	-0.262241025989843	-0.262241025989843	-0.262241025989843	-0.262241025989843	-0.262241025989843	-0.262241025989843	-0.262241025989843	-0.262241025989843	-0.262241025989843	-0.262241025989843	-0.262241025989843	-0.262241025989843	-0.262241025989843	-0.262241025989843	-0.262241025989843	-0.262241025989843	-0.262241025989843	-0.262241025989843	-0.262241025989843	-0.262241025989843	-0.262241025989843	-0.262241025989843	-0.262241025989843	-0.262241025989843	-0.262241025989843	-0.262241025989843	-0.262241025989843
"Mab21l3"	3.28935760163549	-0.261824939852276	-0.261824939852276	4.45583123116634	3.42192187583309	-0.261824939852276	-0.261824939852276	-0.261824939852276	-0.261824939852276	-0.261824939852276	-0.261824939852276	4.02940894180414	-0.261824939852276	3.39305107907254	-0.261824939852276	-0.261824939852276	-0.261824939852276	-0.261824939852276	-0.261824939852276	-0.261824939852276	-0.261824939852276	-0.261824939852276	-0.261824939852276	-0.261824939852276	-0.261824939852276	-0.261824939852276	-0.261824939852276	-0.261824939852276	-0.261824939852276	-0.261824939852276	-0.261824939852276	-0.261824939852276	-0.261824939852276	-0.261824939852276	-0.261824939852276	-0.261824939852276	-0.261824939852276	-0.261824939852276	-0.261824939852276	-0.261824939852276	-0.261824939852276	-0.261824939852276	-0.261824939852276	-0.261824939852276	-0.261824939852276	-0.261824939852276	-0.261824939852276	-0.261824939852276	-0.261824939852276	-0.261824939852276	-0.261824939852276	-0.261824939852276	-0.261824939852276
"Gca"	3.10062303417136	-0.315696609777526	-0.315696609777526	2.90326587959746	2.81274708656893	3.35976512854351	3.48182484483139	-0.315696609777526	-0.315696609777526	-0.315696609777526	-0.315696609777526	-0.315696609777526	-0.315696609777526	-0.315696609777526	3.04194263705878	-0.315696609777526	-0.315696609777526	-0.315696609777526	-0.315696609777526	-0.315696609777526	-0.315696609777526	-0.315696609777526	-0.315696609777526	-0.315696609777526	-0.315696609777526	-0.315696609777526	-0.315696609777526	-0.315696609777526	-0.315696609777526	-0.315696609777526	-0.315696609777526	3.08289746387782	-0.315696609777526	-0.315696609777526	-0.315696609777526	-0.315696609777526	-0.315696609777526	-0.315696609777526	-0.315696609777526	-0.315696609777526	-0.315696609777526	-0.315696609777526	-0.315696609777526	-0.315696609777526	-0.315696609777526	-0.315696609777526	-0.315696609777526	-0.315696609777526	-0.315696609777526	-0.315696609777526	-0.315696609777526	-0.315696609777526	-0.315696609777526
"Rabgap1l"	0.551557810675376	1.10500085128106	0.865703419587419	0.713537954283987	0.852563739270039	0.595159317245065	0.83993330279087	0.804637862854133	0.620708855754661	0.929774361019566	0.955580481669255	0.823091615702846	0.822803442741762	0.724458658633199	1.15554021354537	0.952911376980392	0.801534565530482	0.700757172087422	-1.79401063794551	0.31616764047555	0.358788303712006	0.00209439745097814	0.436738519619835	-1.79401063794551	0.580774805320981	0.112654208748941	0.219702930094143	0.225431903663383	0.336562652429	0.276508142786541	0.552940808025837	0.333082837620576	-1.79401063794551	0.0239720720896264	0.253852892805716	0.427266012023071	0.289541193835835	0.50860140871342	-1.79401063794551	0.560079149399721	-0.134791695106066	0.358834123578312	0.51929043264232	0.472340208087131	0.325987350581718	0.294564867520926	0.530222181747395	0.308682649963682	0.590394829962634	-1.79401063794551	0.322501169894032	0.297487993742685	0.413051391238502
"Strip2"	0.907351091576277	1.0434713246964	1.12693621572917	0.895429831179045	1.16671384190496	1.17729947730916	1.28775519424307	0.91478420633135	0.991298330344658	0.770981240217025	1.082594768293	0.61802509607683	0.785792740142155	1.26960125858926	1.29926222117879	-1.03387332779606	1.22645760004805	-1.03387332779606	0.835871218555951	-1.03387332779606	0.27334490684574	0.667680791281881	-1.03387332779606	0.957185116164235	-1.03387332779606	0.376724056236869	0.873833932533861	-1.03387332779606	-1.03387332779606	-1.03387332779606	-1.03387332779606	0.981245272555905	-1.03387332779606	0.886687808851549	0.906186166157774	-1.03387332779606	-1.03387332779606	0.857880910557833	-1.03387332779606	-1.03387332779606	-1.03387332779606	0.74341105363595	0.931868974444275	0.798665456248942	-1.03387332779606	0.892565185456398	0.853444819373651	0.643852132549765	0.962595556643339	-1.03387332779606	-1.03387332779606	-1.03387332779606	-1.03387332779606
"Ggta1"	-0.549107906726162	1.65335617494309	-0.549107906726162	1.86121481889294	-0.549107906726162	2.13351234038313	1.95825395392305	-0.549107906726162	-0.549107906726162	1.45823974739034	1.84710962125294	-0.549107906726162	1.97208642376558	2.11833221983938	2.08904045617631	-0.549107906726162	1.63397121622305	-0.549107906726162	-0.549107906726162	-0.549107906726162	1.33031184875257	-0.549107906726162	1.23486518568863	-0.549107906726162	-0.549107906726162	-0.549107906726162	-0.549107906726162	1.69607843754012	-0.549107906726162	1.90146670875256	-0.549107906726162	-0.549107906726162	-0.549107906726162	-0.549107906726162	-0.549107906726162	1.93485055012749	-0.549107906726162	-0.549107906726162	-0.549107906726162	1.66148377847074	-0.549107906726162	-0.549107906726162	-0.549107906726162	-0.549107906726162	-0.549107906726162	-0.549107906726162	1.56109896240278	-0.549107906726162	-0.549107906726162	-0.549107906726162	-0.549107906726162	-0.549107906726162	-0.549107906726162
"Phlpp1"	0.626016168533221	0.878849443324787	0.763521663994595	0.846800175525894	0.977436157045344	1.06540829190117	0.609379742049066	0.749813239662021	0.942961196383294	0.920947218328408	1.23363985144023	0.452249120765849	1.01843850456237	1.2325176450707	1.15662272088149	-1.20413035342832	1.14496885180693	0.850189454228439	-1.20413035342832	0.72824935623811	0.862150756026172	0.817213374960169	0.68857760611591	-1.20413035342832	0.391115421277556	0.408417126456267	0.50994915302814	0.399237962085891	0.212349114051024	-1.20413035342832	-1.20413035342832	0.816454592626883	-1.20413035342832	-1.20413035342832	-1.20413035342832	0.590613678512857	-1.20413035342832	0.493973963561901	0.46999198902363	-1.20413035342832	0.686891629940411	-1.20413035342832	0.504105616223533	0.633379498079625	-1.20413035342832	0.46476158203851	-1.20413035342832	0.478146217388011	-1.20413035342832	0.769111351404777	-1.20413035342832	1.04576137211753	-1.20413035342832
"Zc3h12c"	-0.503637131333616	2.29781441311909	-0.503637131333616	1.58656577714423	2.20689801842861	2.32893992968977	1.68025888017825	-0.503637131333616	-0.503637131333616	-0.503637131333616	-0.503637131333616	2.16344849777109	-0.503637131333616	2.34723483317486	2.14569528433235	1.94947968450824	-0.503637131333616	-0.503637131333616	-0.503637131333616	1.5307688120894	1.0748337553121	-0.503637131333616	-0.503637131333616	-0.503637131333616	-0.503637131333616	-0.503637131333616	-0.503637131333616	-0.503637131333616	1.06308527762022	-0.503637131333616	1.56186490317848	-0.503637131333616	-0.503637131333616	-0.503637131333616	-0.503637131333616	-0.503637131333616	-0.503637131333616	-0.503637131333616	-0.503637131333616	-0.503637131333616	-0.503637131333616	-0.503637131333616	-0.503637131333616	-0.503637131333616	-0.503637131333616	-0.503637131333616	-0.503637131333616	-0.503637131333616	-0.503637131333616	-0.503637131333616	-0.503637131333616	-0.503637131333616	2.02110515649666
"Rgs12"	-0.289029765831983	-0.289029765831983	-0.289029765831983	-0.289029765831983	2.97053654106799	3.54048177644782	3.66765738747333	-0.289029765831983	-0.289029765831983	-0.289029765831983	-0.289029765831983	-0.289029765831983	-0.289029765831983	3.80805515340032	-0.289029765831983	-0.289029765831983	3.53378269510613	-0.289029765831983	-0.289029765831983	2.71157005474324	-0.289029765831983	-0.289029765831983	-0.289029765831983	-0.289029765831983	-0.289029765831983	-0.289029765831983	-0.289029765831983	-0.289029765831983	-0.289029765831983	-0.289029765831983	-0.289029765831983	-0.289029765831983	-0.289029765831983	-0.289029765831983	-0.289029765831983	-0.289029765831983	-0.289029765831983	-0.289029765831983	-0.289029765831983	-0.289029765831983	-0.289029765831983	-0.289029765831983	-0.289029765831983	-0.289029765831983	-0.289029765831983	-0.289029765831983	-0.289029765831983	-0.289029765831983	-0.289029765831983	-0.289029765831983	-0.289029765831983	-0.289029765831983	-0.289029765831983
"Sh2d5"	-0.233816818584659	-0.233816818584659	-0.233816818584659	-0.233816818584659	3.88387815308068	-0.233816818584659	-0.233816818584659	4.52031454977091	-0.233816818584659	-0.233816818584659	-0.233816818584659	4.27981886075765	-0.233816818584659	-0.233816818584659	4.15079937448625	-0.233816818584659	-0.233816818584659	-0.233816818584659	-0.233816818584659	-0.233816818584659	-0.233816818584659	-0.233816818584659	-0.233816818584659	-0.233816818584659	-0.233816818584659	-0.233816818584659	-0.233816818584659	-0.233816818584659	-0.233816818584659	-0.233816818584659	-0.233816818584659	-0.233816818584659	-0.233816818584659	-0.233816818584659	-0.233816818584659	-0.233816818584659	-0.233816818584659	-0.233816818584659	-0.233816818584659	-0.233816818584659	-0.233816818584659	-0.233816818584659	-0.233816818584659	-0.233816818584659	-0.233816818584659	-0.233816818584659	-0.233816818584659	-0.233816818584659	-0.233816818584659	-0.233816818584659	-0.233816818584659	-0.233816818584659	-0.233816818584659
"Fcrl5"	-0.23372781057029	-0.23372781057029	-0.23372781057029	-0.23372781057029	-0.23372781057029	-0.23372781057029	-0.23372781057029	-0.23372781057029	-0.23372781057029	-0.23372781057029	-0.23372781057029	-0.23372781057029	-0.23372781057029	4.63869896794415	4.16921172676185	3.97325571324885	4.04723595310602	-0.23372781057029	-0.23372781057029	-0.23372781057029	-0.23372781057029	-0.23372781057029	-0.23372781057029	-0.23372781057029	-0.23372781057029	-0.23372781057029	-0.23372781057029	-0.23372781057029	-0.23372781057029	-0.23372781057029	-0.23372781057029	-0.23372781057029	-0.23372781057029	-0.23372781057029	-0.23372781057029	-0.23372781057029	-0.23372781057029	-0.23372781057029	-0.23372781057029	-0.23372781057029	-0.23372781057029	-0.23372781057029	-0.23372781057029	-0.23372781057029	-0.23372781057029	-0.23372781057029	-0.23372781057029	-0.23372781057029	-0.23372781057029	-0.23372781057029	-0.23372781057029	-0.23372781057029	-0.23372781057029
"Dscaml1"	3.69780689371198	-0.233538565501302	-0.233538565501302	-0.233538565501302	4.38995499344764	4.51717358934155	-0.233538565501302	-0.233538565501302	-0.233538565501302	-0.233538565501302	-0.233538565501302	-0.233538565501302	-0.233538565501302	-0.233538565501302	4.20984123959257	-0.233538565501302	-0.233538565501302	-0.233538565501302	-0.233538565501302	-0.233538565501302	-0.233538565501302	-0.233538565501302	-0.233538565501302	-0.233538565501302	-0.233538565501302	-0.233538565501302	-0.233538565501302	-0.233538565501302	-0.233538565501302	-0.233538565501302	-0.233538565501302	-0.233538565501302	-0.233538565501302	-0.233538565501302	-0.233538565501302	-0.233538565501302	-0.233538565501302	-0.233538565501302	-0.233538565501302	-0.233538565501302	-0.233538565501302	-0.233538565501302	-0.233538565501302	-0.233538565501302	-0.233538565501302	-0.233538565501302	-0.233538565501302	-0.233538565501302	-0.233538565501302	-0.233538565501302	-0.233538565501302	-0.233538565501302	-0.233538565501302
"Eno2"	-0.232882098278198	-0.232882098278198	-0.232882098278198	-0.232882098278198	3.70915198176544	-0.232882098278198	-0.232882098278198	4.92277841127256	-0.232882098278198	-0.232882098278198	-0.232882098278198	4.13762801989106	-0.232882098278198	-0.232882098278198	3.99795266310117	-0.232882098278198	-0.232882098278198	-0.232882098278198	-0.232882098278198	-0.232882098278198	-0.232882098278198	-0.232882098278198	-0.232882098278198	-0.232882098278198	-0.232882098278198	-0.232882098278198	-0.232882098278198	-0.232882098278198	-0.232882098278198	-0.232882098278198	-0.232882098278198	-0.232882098278198	-0.232882098278198	-0.232882098278198	-0.232882098278198	-0.232882098278198	-0.232882098278198	-0.232882098278198	-0.232882098278198	-0.232882098278198	-0.232882098278198	-0.232882098278198	-0.232882098278198	-0.232882098278198	-0.232882098278198	-0.232882098278198	-0.232882098278198	-0.232882098278198	-0.232882098278198	-0.232882098278198	-0.232882098278198	-0.232882098278198	-0.232882098278198
"Map4k4"	0.835300544553368	0.982598572737596	1.19856224085924	0.66419811511338	0.790673433856622	1.11474570392739	1.08858557410853	0.899827298232684	0.767901297698426	0.315283133675897	1.15058052720859	0.966492806061303	0.885794099923263	1.06894804019353	0.8614603867157	0.434774613730727	0.896648291876154	-1.42277392991126	-1.42277392991126	0.274461416597772	0.329662569201903	-1.42277392991126	0.335676494076948	0.731000241465096	-1.42277392991126	0.103102028756362	0.42636957995623	0.306934699934951	0.319062804851575	-1.42277392991126	-1.42277392991126	-1.42277392991126	0.560823409312036	-1.42277392991126	0.461323274838092	0.513390213021826	-1.42277392991126	0.195109707351276	0.383263918746618	0.491261481585293	0.277558702909342	0.285517300437192	-1.42277392991126	0.559525842902575	0.749755365853714	0.661099361289103	0.404343533771908	0.392060674323695	-1.42277392991126	-1.42277392991126	0.531600425528353	0.505991868208587	0.624321094254524
"Mir155hg"	-0.232202676480874	-0.232202676480874	-0.232202676480874	-0.232202676480874	-0.232202676480874	4.28043902192462	-0.232202676480874	-0.232202676480874	-0.232202676480874	-0.232202676480874	-0.232202676480874	-0.232202676480874	5.04850736560017	3.64544287545732	-0.232202676480874	3.74420344364082	-0.232202676480874	-0.232202676480874	-0.232202676480874	-0.232202676480874	-0.232202676480874	-0.232202676480874	-0.232202676480874	-0.232202676480874	-0.232202676480874	-0.232202676480874	-0.232202676480874	-0.232202676480874	-0.232202676480874	-0.232202676480874	-0.232202676480874	-0.232202676480874	-0.232202676480874	-0.232202676480874	-0.232202676480874	-0.232202676480874	-0.232202676480874	-0.232202676480874	-0.232202676480874	-0.232202676480874	-0.232202676480874	-0.232202676480874	-0.232202676480874	-0.232202676480874	-0.232202676480874	-0.232202676480874	-0.232202676480874	-0.232202676480874	-0.232202676480874	-0.232202676480874	-0.232202676480874	-0.232202676480874	-0.232202676480874
"Gm26535"	-0.23129173369682	-0.23129173369682	-0.23129173369682	-0.23129173369682	3.40623275894776	-0.23129173369682	-0.23129173369682	-0.23129173369682	4.2285692429466	-0.23129173369682	-0.23129173369682	3.80161038672717	-0.23129173369682	5.21659243754951	-0.23129173369682	-0.23129173369682	-0.23129173369682	-0.23129173369682	-0.23129173369682	-0.23129173369682	-0.23129173369682	-0.23129173369682	-0.23129173369682	-0.23129173369682	-0.23129173369682	-0.23129173369682	-0.23129173369682	-0.23129173369682	-0.23129173369682	-0.23129173369682	-0.23129173369682	-0.23129173369682	-0.23129173369682	-0.23129173369682	-0.23129173369682	-0.23129173369682	-0.23129173369682	-0.23129173369682	-0.23129173369682	-0.23129173369682	-0.23129173369682	-0.23129173369682	-0.23129173369682	-0.23129173369682	-0.23129173369682	-0.23129173369682	-0.23129173369682	-0.23129173369682	-0.23129173369682	-0.23129173369682	-0.23129173369682	-0.23129173369682	-0.23129173369682
"Basp1"	1.25009126413235	1.63555963965957	2.09474439457919	1.50375224312324	1.62245554041255	1.39244300304079	1.68829654659944	1.62103115625409	1.48046062374352	1.58898269938452	-0.626558853871271	1.73617731722327	-0.626558853871271	-0.626558853871271	-0.626558853871271	-0.626558853871271	-0.626558853871271	-0.626558853871271	-0.626558853871271	1.64031271830924	-0.626558853871271	-0.626558853871271	1.47695164617335	-0.626558853871271	-0.626558853871271	-0.626558853871271	-0.626558853871271	-0.626558853871271	0.644418530426582	-0.626558853871271	-0.626558853871271	-0.626558853871271	-0.626558853871271	-0.626558853871271	-0.626558853871271	-0.626558853871271	-0.626558853871271	1.09853488351941	-0.626558853871271	-0.626558853871271	-0.626558853871271	-0.626558853871271	-0.626558853871271	-0.626558853871271	-0.626558853871271	1.29314080143019	-0.626558853871271	-0.626558853871271	-0.626558853871271	-0.626558853871271	-0.626558853871271	1.43001785077957	-0.626558853871271
"Mllt6"	1.68428506655306	2.13459371313995	-0.508039462273731	1.82436075680042	-0.508039462273731	-0.508039462273731	1.92891032620153	2.11762136958431	-0.508039462273731	-0.508039462273731	-0.508039462273731	-0.508039462273731	2.21112018376704	1.74830029286394	-0.508039462273731	-0.508039462273731	1.84645601768389	2.25250443169993	-0.508039462273731	1.34004981411528	-0.508039462273731	-0.508039462273731	-0.508039462273731	-0.508039462273731	1.63561215727361	1.39262816962762	-0.508039462273731	-0.508039462273731	1.66163408360957	-0.508039462273731	-0.508039462273731	-0.508039462273731	-0.508039462273731	-0.508039462273731	-0.508039462273731	-0.508039462273731	-0.508039462273731	-0.508039462273731	-0.508039462273731	-0.508039462273731	-0.508039462273731	-0.508039462273731	-0.508039462273731	-0.508039462273731	-0.508039462273731	-0.508039462273731	-0.508039462273731	-0.508039462273731	-0.508039462273731	-0.508039462273731	-0.508039462273731	-0.508039462273731	-0.508039462273731
"Sh3bp4"	2.05900643583669	2.26839789558657	-0.448416461906056	2.2192149216357	2.45810557231496	-0.448416461906056	2.3387911891173	-0.448416461906056	-0.448416461906056	2.02771514567483	-0.448416461906056	-0.448416461906056	-0.448416461906056	-0.448416461906056	2.01593769909557	2.1979492748062	-0.448416461906056	-0.448416461906056	-0.448416461906056	-0.448416461906056	1.56611449972653	-0.448416461906056	-0.448416461906056	-0.448416461906056	-0.448416461906056	-0.448416461906056	-0.448416461906056	2.01582150817994	2.03309987294325	-0.448416461906056	-0.448416461906056	-0.448416461906056	-0.448416461906056	-0.448416461906056	-0.448416461906056	-0.448416461906056	-0.448416461906056	-0.448416461906056	-0.448416461906056	-0.448416461906056	-0.448416461906056	-0.448416461906056	-0.448416461906056	-0.448416461906056	-0.448416461906056	-0.448416461906056	-0.448416461906056	-0.448416461906056	-0.448416461906056	-0.448416461906056	-0.448416461906056	2.2994092892742	-0.448416461906056
"Asap2"	-0.589516498192903	1.66981166144434	-0.589516498192903	1.9649005206134	1.72209050950671	-0.589516498192903	1.72835138090842	-0.589516498192903	1.75164934334963	1.46965764175034	-0.589516498192903	1.93022580556166	-0.589516498192903	2.14679263949268	1.45986340732584	1.61122593132342	-0.589516498192903	-0.589516498192903	-0.589516498192903	1.56969079210687	1.33842685065545	-0.589516498192903	1.49381880495042	-0.589516498192903	1.70323553159409	-0.589516498192903	-0.589516498192903	-0.589516498192903	1.07331704701256	-0.589516498192903	1.60269448382161	-0.589516498192903	-0.589516498192903	-0.589516498192903	1.64267962611154	-0.589516498192903	-0.589516498192903	-0.589516498192903	-0.589516498192903	-0.589516498192903	-0.589516498192903	-0.589516498192903	-0.589516498192903	-0.589516498192903	-0.589516498192903	1.54351326577514	-0.589516498192903	-0.589516498192903	-0.589516498192903	-0.589516498192903	1.72594092653836	-0.589516498192903	-0.589516498192903
"Foxp4"	1.517619217387	-0.549091850404521	1.94349225226769	1.39822751573866	1.74202283213792	-0.549091850404521	1.74822820110686	-0.549091850404521	-0.549091850404521	1.49182777400455	2.13928256205735	1.54917812254342	-0.549091850404521	1.57796656787469	1.98570301458034	-0.549091850404521	-0.549091850404521	-0.549091850404521	-0.549091850404521	-0.549091850404521	-0.549091850404521	-0.549091850404521	-0.549091850404521	-0.549091850404521	-0.549091850404521	-0.549091850404521	-0.549091850404521	1.48202459630001	-0.549091850404521	-0.549091850404521	-0.549091850404521	1.50689608953992	-0.549091850404521	-0.549091850404521	-0.549091850404521	-0.549091850404521	-0.549091850404521	-0.549091850404521	-0.549091850404521	-0.549091850404521	-0.549091850404521	-0.549091850404521	1.76214108940855	-0.549091850404521	-0.549091850404521	-0.549091850404521	-0.549091850404521	-0.549091850404521	-0.549091850404521	-0.549091850404521	1.74583911534079	-0.549091850404521	1.85471668694423
"Sbno2"	1.14613394959577	1.52751279460019	1.528739735571	1.6235173712712	1.34773892188878	-0.710606317365776	-0.710606317365776	1.5131384475133	-0.710606317365776	1.12296282895992	1.47816776876585	1.40064659821798	1.36593757068979	-0.710606317365776	-0.710606317365776	1.24902076783169	1.64225936507809	-0.710606317365776	1.42308550574532	-0.710606317365776	0.781148726775864	-0.710606317365776	-0.710606317365776	-0.710606317365776	-0.710606317365776	-0.710606317365776	-0.710606317365776	-0.710606317365776	0.994947451744121	1.52781909763209	-0.710606317365776	1.13650025499194	-0.710606317365776	-0.710606317365776	-0.710606317365776	-0.710606317365776	-0.710606317365776	-0.710606317365776	-0.710606317365776	-0.710606317365776	-0.710606317365776	1.09156126304785	-0.710606317365776	-0.710606317365776	1.5813107719281	1.32099462757515	1.21691739765425	1.43016384905911	1.56769920952308	-0.710606317365776	-0.710606317365776	-0.710606317365776	-0.710606317365776
"Ly75"	1.64275524181952	1.97023118309404	-0.608128401129856	1.62893233202934	1.34889407804276	2.15100848311604	1.48897949571339	1.65137406829388	-0.608128401129856	-0.608128401129856	-0.608128401129856	1.84122419139328	-0.608128401129856	2.02366722024672	1.61027230410972	-0.608128401129856	-0.608128401129856	-0.608128401129856	-0.608128401129856	-0.608128401129856	-0.608128401129856	-0.608128401129856	1.27678443423336	-0.608128401129856	-0.608128401129856	-0.608128401129856	-0.608128401129856	1.2459756175897	-0.608128401129856	-0.608128401129856	1.37529050008533	-0.608128401129856	-0.608128401129856	-0.608128401129856	1.41146734968434	-0.608128401129856	-0.608128401129856	-0.608128401129856	-0.608128401129856	-0.608128401129856	-0.608128401129856	1.45266390248653	1.13779340782586	-0.608128401129856	-0.608128401129856	-0.608128401129856	-0.608128401129856	-0.608128401129856	1.47680695433475	-0.608128401129856	-0.608128401129856	-0.608128401129856	1.58618747699816
"Adam8"	1.2631319674205	1.42099634452945	-0.627263917749363	1.8840791937775	1.33369971648323	1.40652638010173	-0.627263917749363	1.86738549296065	-0.627263917749363	-0.627263917749363	2.06243884095826	1.52225795948316	1.486919789689	-0.627263917749363	1.23066159204498	-0.627263917749363	1.40296860870273	-0.627263917749363	-0.627263917749363	-0.627263917749363	-0.627263917749363	1.34969111771782	-0.627263917749363	-0.627263917749363	1.22116232916153	-0.627263917749363	-0.627263917749363	-0.627263917749363	-0.627263917749363	-0.627263917749363	1.36014929703236	-0.627263917749363	-0.627263917749363	-0.627263917749363	-0.627263917749363	-0.627263917749363	-0.627263917749363	-0.627263917749363	1.31255734828638	1.42855490018164	-0.627263917749363	-0.627263917749363	-0.627263917749363	-0.627263917749363	-0.627263917749363	-0.627263917749363	1.33519844937753	-0.627263917749363	1.46187019047019	-0.627263917749363	-0.627263917749363	-0.627263917749363	-0.627263917749363
"Birc3"	1.20462360889767	0.932447633413081	1.46919000765252	0.692422773989482	1.22826497416054	0.919443012226525	-0.908389566668693	-0.908389566668693	1.20628288914544	0.976229066218765	-0.908389566668693	1.39798451036283	1.40612538776407	1.16833927096592	0.968234120701952	1.36570917149372	0.916245528947046	-0.908389566668693	1.04398680384071	1.10393132030206	-0.908389566668693	-0.908389566668693	0.582669497492349	-0.908389566668693	0.959680465120114	-0.908389566668693	-0.908389566668693	-0.908389566668693	0.652230782238196	1.13982041382295	-0.908389566668693	-0.908389566668693	1.00638931237977	-0.908389566668693	0.910341212200429	0.960601752260426	-0.908389566668693	0.98102120034402	-0.908389566668693	-0.908389566668693	-0.908389566668693	0.740634608981658	1.07753407019836	-0.908389566668693	1.18876650799799	0.829543243864007	1.06233705550915	-0.908389566668693	-0.908389566668693	-0.908389566668693	-0.908389566668693	1.16057421741917	-0.908389566668693
"Zfp366"	1.15683209515258	0.887905601251605	1.29841292205554	0.974623078873453	1.2544424476714	1.35037409153333	1.13969915651275	1.07952982811883	1.15847156542043	-0.930954028732535	1.2526646247285	0.773355248906555	-0.930954028732535	1.00124472771856	1.33271559855291	1.16506306424087	-0.930954028732535	-0.930954028732535	-0.930954028732535	0.484138739959499	0.621126093475002	1.02913118138981	-0.930954028732535	-0.930954028732535	-0.930954028732535	0.998515331164652	-0.930954028732535	1.04287988446501	0.526513378719369	-0.930954028732535	-0.930954028732535	1.21402165526987	1.16565353496095	1.05054199799499	0.866063106377353	-0.930954028732535	0.900907674190651	-0.930954028732535	-0.930954028732535	-0.930954028732535	1.09974070980783	0.902719408146235	0.826712289181023	-0.930954028732535	-0.930954028732535	-0.930954028732535	-0.930954028732535	0.800001716533509	-0.930954028732535	0.89475908904884	1.2575460059702	0.90866718619112	-0.930954028732535
"Slc22a23"	1.17886691027148	1.32166963254035	1.40923202778571	0.750664672827932	1.03461065727505	0.978749874996353	1.36965286786963	-0.857657163093507	-0.857657163093507	1.41203132457613	-0.857657163093507	1.53506010887082	-0.857657163093507	1.43705242038612	1.5659616162943	0.943857569481059	1.30536774236426	-0.857657163093507	-0.857657163093507	0.581252882785368	-0.857657163093507	-0.857657163093507	0.847748790446572	1.0230518053412	-0.857657163093507	-0.857657163093507	1.26547249800355	0.819874005819995	-0.857657163093507	-0.857657163093507	-0.857657163093507	-0.857657163093507	-0.857657163093507	-0.857657163093507	1.17764479569535	-0.857657163093507	-0.857657163093507	0.711422265864628	-0.857657163093507	0.998640484837593	-0.857657163093507	-0.857657163093507	0.929592251293941	1.27297870713382	1.24933678151523	0.680945718417708	-0.857657163093507	0.902432115814477	1.02872246213218	-0.857657163093507	-0.857657163093507	1.01292652253454	1.12768629274111
"Pdcd1lg2"	-0.26156650922879	-0.26156650922879	-0.26156650922879	3.34160856901635	-0.26156650922879	-0.26156650922879	3.98922383378167	-0.26156650922879	4.03195049419655	-0.26156650922879	4.24636936501852	-0.26156650922879	-0.26156650922879	-0.26156650922879	-0.26156650922879	-0.26156650922879	-0.26156650922879	-0.26156650922879	-0.26156650922879	2.96206989323102	-0.26156650922879	-0.26156650922879	-0.26156650922879	-0.26156650922879	-0.26156650922879	-0.26156650922879	-0.26156650922879	-0.26156650922879	-0.26156650922879	-0.26156650922879	-0.26156650922879	-0.26156650922879	-0.26156650922879	-0.26156650922879	-0.26156650922879	-0.26156650922879	-0.26156650922879	-0.26156650922879	-0.26156650922879	-0.26156650922879	-0.26156650922879	-0.26156650922879	-0.26156650922879	-0.26156650922879	-0.26156650922879	-0.26156650922879	-0.26156650922879	-0.26156650922879	-0.26156650922879	-0.26156650922879	-0.26156650922879	-0.26156650922879	-0.26156650922879
"Gm2396"	4.15899084800995	-0.262630926964515	-0.262630926964515	-0.262630926964515	3.58173181258861	-0.262630926964515	3.85691473244724	-0.262630926964515	-0.262630926964515	-0.262630926964515	-0.262630926964515	-0.262630926964515	3.88211144742787	-0.262630926964515	-0.262630926964515	-0.262630926964515	-0.262630926964515	-0.262630926964515	-0.262630926964515	-0.262630926964515	-0.262630926964515	-0.262630926964515	-0.262630926964515	-0.262630926964515	-0.262630926964515	-0.262630926964515	-0.262630926964515	-0.262630926964515	-0.262630926964515	-0.262630926964515	-0.262630926964515	-0.262630926964515	-0.262630926964515	-0.262630926964515	-0.262630926964515	-0.262630926964515	-0.262630926964515	-0.262630926964515	-0.262630926964515	-0.262630926964515	-0.262630926964515	-0.262630926964515	3.16704697400687	-0.262630926964515	-0.262630926964515	-0.262630926964515	-0.262630926964515	-0.262630926964515	-0.262630926964515	-0.262630926964515	-0.262630926964515	-0.262630926964515	-0.262630926964515
"Dscam"	-0.261565184794333	-0.261565184794333	4.057157464764	-0.261565184794333	-0.261565184794333	-0.261565184794333	-0.261565184794333	-0.261565184794333	-0.261565184794333	3.34572465034791	-0.261565184794333	-0.261565184794333	-0.261565184794333	-0.261565184794333	-0.261565184794333	3.56684151843565	-0.261565184794333	4.46214226622555	-0.261565184794333	-0.261565184794333	-0.261565184794333	3.1392622206245	-0.261565184794333	-0.261565184794333	-0.261565184794333	-0.261565184794333	-0.261565184794333	-0.261565184794333	-0.261565184794333	-0.261565184794333	-0.261565184794333	-0.261565184794333	-0.261565184794333	-0.261565184794333	-0.261565184794333	-0.261565184794333	-0.261565184794333	-0.261565184794333	-0.261565184794333	-0.261565184794333	-0.261565184794333	-0.261565184794333	-0.261565184794333	-0.261565184794333	-0.261565184794333	-0.261565184794333	-0.261565184794333	-0.261565184794333	-0.261565184794333	-0.261565184794333	-0.261565184794333	-0.261565184794333	-0.261565184794333
"Mxd1"	2.63896086507315	3.18906552771001	-0.362334007573727	-0.362334007573727	-0.362334007573727	2.51608791020125	2.93787619202733	-0.362334007573727	-0.362334007573727	-0.362334007573727	-0.362334007573727	2.35399671425739	-0.362334007573727	2.3912650064673	-0.362334007573727	-0.362334007573727	-0.362334007573727	-0.362334007573727	-0.362334007573727	-0.362334007573727	-0.362334007573727	-0.362334007573727	-0.362334007573727	-0.362334007573727	-0.362334007573727	-0.362334007573727	-0.362334007573727	-0.362334007573727	-0.362334007573727	-0.362334007573727	-0.362334007573727	-0.362334007573727	-0.362334007573727	-0.362334007573727	-0.362334007573727	-0.362334007573727	-0.362334007573727	2.42242214098856	-0.362334007573727	-0.362334007573727	-0.362334007573727	-0.362334007573727	-0.362334007573727	-0.362334007573727	-0.362334007573727	-0.362334007573727	-0.362334007573727	-0.362334007573727	-0.362334007573727	-0.362334007573727	-0.362334007573727	-0.362334007573727	-0.362334007573727
"Extl1"	-0.20135959561882	-0.20135959561882	-0.20135959561882	-0.20135959561882	4.79180035422607	-0.20135959561882	-0.20135959561882	4.95761309461855	-0.20135959561882	-0.20135959561882	-0.20135959561882	-0.20135959561882	-0.20135959561882	-0.20135959561882	-0.20135959561882	-0.20135959561882	4.94983703132922	-0.20135959561882	-0.20135959561882	-0.20135959561882	-0.20135959561882	-0.20135959561882	-0.20135959561882	-0.20135959561882	-0.20135959561882	-0.20135959561882	-0.20135959561882	-0.20135959561882	-0.20135959561882	-0.20135959561882	-0.20135959561882	-0.20135959561882	-0.20135959561882	-0.20135959561882	-0.20135959561882	-0.20135959561882	-0.20135959561882	-0.20135959561882	-0.20135959561882	-0.20135959561882	-0.20135959561882	-0.20135959561882	-0.20135959561882	-0.20135959561882	-0.20135959561882	-0.20135959561882	-0.20135959561882	-0.20135959561882	-0.20135959561882	-0.20135959561882	-0.20135959561882	-0.20135959561882	-0.20135959561882
"Colq"	-0.201326558665228	-0.201326558665228	-0.201326558665228	-0.201326558665228	4.87515745178872	-0.201326558665228	-0.201326558665228	-0.201326558665228	-0.201326558665228	-0.201326558665228	-0.201326558665228	4.76720264240672	-0.201326558665228	-0.201326558665228	-0.201326558665228	-0.201326558665228	5.05447868836624	-0.201326558665228	-0.201326558665228	-0.201326558665228	-0.201326558665228	-0.201326558665228	-0.201326558665228	-0.201326558665228	-0.201326558665228	-0.201326558665228	-0.201326558665228	-0.201326558665228	-0.201326558665228	-0.201326558665228	-0.201326558665228	-0.201326558665228	-0.201326558665228	-0.201326558665228	-0.201326558665228	-0.201326558665228	-0.201326558665228	-0.201326558665228	-0.201326558665228	-0.201326558665228	-0.201326558665228	-0.201326558665228	-0.201326558665228	-0.201326558665228	-0.201326558665228	-0.201326558665228	-0.201326558665228	-0.201326558665228	-0.201326558665228	-0.201326558665228	-0.201326558665228	-0.201326558665228	-0.201326558665228
"Scin"	-0.20114473523386	-0.20114473523386	-0.20114473523386	-0.20114473523386	4.58027522309462	-0.20114473523386	-0.20114473523386	-0.20114473523386	-0.20114473523386	-0.20114473523386	-0.20114473523386	-0.20114473523386	-0.20114473523386	5.17271958822989	4.9305708607473	-0.20114473523386	-0.20114473523386	-0.20114473523386	-0.20114473523386	-0.20114473523386	-0.20114473523386	-0.20114473523386	-0.20114473523386	-0.20114473523386	-0.20114473523386	-0.20114473523386	-0.20114473523386	-0.20114473523386	-0.20114473523386	-0.20114473523386	-0.20114473523386	-0.20114473523386	-0.20114473523386	-0.20114473523386	-0.20114473523386	-0.20114473523386	-0.20114473523386	-0.20114473523386	-0.20114473523386	-0.20114473523386	-0.20114473523386	-0.20114473523386	-0.20114473523386	-0.20114473523386	-0.20114473523386	-0.20114473523386	-0.20114473523386	-0.20114473523386	-0.20114473523386	-0.20114473523386	-0.20114473523386	-0.20114473523386	-0.20114473523386
"Nudt17"	-0.201106823661403	-0.201106823661403	-0.201106823661403	-0.201106823661403	-0.201106823661403	4.96694562294341	-0.201106823661403	-0.201106823661403	-0.201106823661403	4.54261966577292	-0.201106823661403	-0.201106823661403	5.17123283856609	-0.201106823661403	-0.201106823661403	-0.201106823661403	-0.201106823661403	-0.201106823661403	-0.201106823661403	-0.201106823661403	-0.201106823661403	-0.201106823661403	-0.201106823661403	-0.201106823661403	-0.201106823661403	-0.201106823661403	-0.201106823661403	-0.201106823661403	-0.201106823661403	-0.201106823661403	-0.201106823661403	-0.201106823661403	-0.201106823661403	-0.201106823661403	-0.201106823661403	-0.201106823661403	-0.201106823661403	-0.201106823661403	-0.201106823661403	-0.201106823661403	-0.201106823661403	-0.201106823661403	-0.201106823661403	-0.201106823661403	-0.201106823661403	-0.201106823661403	-0.201106823661403	-0.201106823661403	-0.201106823661403	-0.201106823661403	-0.201106823661403	-0.201106823661403	-0.201106823661403
"Csrnp1"	-0.200929946101485	-0.200929946101485	-0.200929946101485	-0.200929946101485	4.44973435131145	5.26291736650295	-0.200929946101485	-0.200929946101485	-0.200929946101485	-0.200929946101485	-0.200929946101485	4.955234347594	-0.200929946101485	-0.200929946101485	-0.200929946101485	-0.200929946101485	-0.200929946101485	-0.200929946101485	-0.200929946101485	-0.200929946101485	-0.200929946101485	-0.200929946101485	-0.200929946101485	-0.200929946101485	-0.200929946101485	-0.200929946101485	-0.200929946101485	-0.200929946101485	-0.200929946101485	-0.200929946101485	-0.200929946101485	-0.200929946101485	-0.200929946101485	-0.200929946101485	-0.200929946101485	-0.200929946101485	-0.200929946101485	-0.200929946101485	-0.200929946101485	-0.200929946101485	-0.200929946101485	-0.200929946101485	-0.200929946101485	-0.200929946101485	-0.200929946101485	-0.200929946101485	-0.200929946101485	-0.200929946101485	-0.200929946101485	-0.200929946101485	-0.200929946101485	-0.200929946101485	-0.200929946101485
"Nfe2l3"	5.18883736992455	-0.200751752359401	-0.200751752359401	4.32619570956289	-0.200751752359401	-0.200751752359401	5.13984484274887	-0.200751752359401	-0.200751752359401	-0.200751752359401	-0.200751752359401	-0.200751752359401	-0.200751752359401	-0.200751752359401	-0.200751752359401	-0.200751752359401	-0.200751752359401	-0.200751752359401	-0.200751752359401	-0.200751752359401	-0.200751752359401	-0.200751752359401	-0.200751752359401	-0.200751752359401	-0.200751752359401	-0.200751752359401	-0.200751752359401	-0.200751752359401	-0.200751752359401	-0.200751752359401	-0.200751752359401	-0.200751752359401	-0.200751752359401	-0.200751752359401	-0.200751752359401	-0.200751752359401	-0.200751752359401	-0.200751752359401	-0.200751752359401	-0.200751752359401	-0.200751752359401	-0.200751752359401	-0.200751752359401	-0.200751752359401	-0.200751752359401	-0.200751752359401	-0.200751752359401	-0.200751752359401	-0.200751752359401	-0.200751752359401	-0.200751752359401	-0.200751752359401	-0.200751752359401
"Ccdc88a"	0.783017517269403	0.756413757887843	0.885752012240042	0.6789441451155	0.582465788995167	0.81317162400853	-1.62663976831523	1.0321311695288	0.389035413686841	0.492852799758915	0.489698528826234	0.889942618338826	1.1917042191574	0.786861311789478	0.831512548462193	0.882750308067363	1.0590177835539	0.633967516420151	0.436439170785497	-1.62663976831523	0.251603673858094	-1.62663976831523	0.294895519653851	0.859844169682895	0.475354836950528	0.147833985197763	0.478327286374194	0.575180711427561	0.240781835590244	0.537706685286686	0.260789644736352	0.505973683286039	0.396709847091697	-1.62663976831523	-1.62663976831523	0.348326065981717	0.89849434042859	0.369903326353052	0.56234873771253	0.544596379875128	0.107768375239012	0.11588646701537	0.542363238734	0.395386276806723	0.808456906886167	0.428532946082937	0.237094037102248	0.571339213111724	0.357393111377547	-1.62663976831523	0.585783933383571	0.559637259612591	0.680437530474094
"Tmem131l"	1.05212151890823	0.715363259608684	-1.11386111043385	0.802574895272886	0.909360835243006	0.908212673116104	1.24088262301999	-1.11386111043385	-1.11386111043385	0.879248539508395	1.28821148014834	0.926202883189375	0.774237014406256	1.36175648688154	1.12302339518699	0.994100099594269	0.699263365313887	1.21793479183377	-1.11386111043385	0.309295539859721	0.242517590621197	-1.11386111043385	0.693095225645999	-1.11386111043385	0.742424294349594	-1.11386111043385	-1.11386111043385	-1.11386111043385	0.232422133653375	-1.11386111043385	0.661023045048755	1.04333768030519	-1.11386111043385	0.67318866408281	0.693396295656189	0.743339769595742	-1.11386111043385	0.643337005714922	0.824184496046706	0.927906709112591	1.04886482136456	0.850623097462921	0.859534425814194	-1.11386111043385	0.97006515930506	0.407896923888651	0.844433280737282	-1.11386111043385	0.751866157443053	-1.11386111043385	-1.11386111043385	-1.11386111043385	-1.11386111043385
"Spint2"	2.4042552438287	-0.384004543802171	2.97881289550037	-0.384004543802171	-0.384004543802171	-0.384004543802171	-0.384004543802171	-0.384004543802171	-0.384004543802171	2.70895122994498	-0.384004543802171	2.44683227724214	-0.384004543802171	2.48567160302723	-0.384004543802171	-0.384004543802171	-0.384004543802171	3.12693255987369	-0.384004543802171	-0.384004543802171	-0.384004543802171	-0.384004543802171	-0.384004543802171	2.68812334107062	-0.384004543802171	-0.384004543802171	-0.384004543802171	-0.384004543802171	-0.384004543802171	-0.384004543802171	-0.384004543802171	-0.384004543802171	-0.384004543802171	-0.384004543802171	-0.384004543802171	-0.384004543802171	-0.384004543802171	2.17907818095058	-0.384004543802171	-0.384004543802171	-0.384004543802171	-0.384004543802171	2.19634765327566	-0.384004543802171	-0.384004543802171	2.12929490622932	-0.384004543802171	-0.384004543802171	-0.384004543802171	-0.384004543802171	-0.384004543802171	-0.384004543802171	-0.384004543802171
"4933406J09Rik"	-0.315855206551765	2.79406890946084	-0.315855206551765	3.08756954582599	-0.315855206551765	-0.315855206551765	3.22459077978792	3.1217120076541	-0.315855206551765	-0.315855206551765	3.41774149251438	-0.315855206551765	-0.315855206551765	-0.315855206551765	-0.315855206551765	-0.315855206551765	-0.315855206551765	-0.315855206551765	-0.315855206551765	2.91392282855982	-0.315855206551765	-0.315855206551765	-0.315855206551765	-0.315855206551765	-0.315855206551765	-0.315855206551765	-0.315855206551765	-0.315855206551765	-0.315855206551765	-0.315855206551765	-0.315855206551765	-0.315855206551765	-0.315855206551765	-0.315855206551765	-0.315855206551765	-0.315855206551765	-0.315855206551765	-0.315855206551765	-0.315855206551765	-0.315855206551765	-0.315855206551765	-0.315855206551765	-0.315855206551765	-0.315855206551765	-0.315855206551765	-0.315855206551765	-0.315855206551765	-0.315855206551765	-0.315855206551765	-0.315855206551765	-0.315855206551765	-0.315855206551765	-0.315855206551765
"Lrrk1"	0.549922749544977	0.344047452489913	0.93757608291401	0.721159496258099	0.849400567902685	0.558653776724645	0.759908421197994	0.558505527864651	0.417781007954496	0.526421963647574	0.75227098157753	0.444682876837795	0.409563234369736	0.604895947568439	0.686435527710799	0.883447826215694	0.858081353765673	0.674093160741587	0.696499439217736	0.422497573850093	0.576631768503206	-1.6915465952997	0.185482611165567	0.378427216674646	-1.6915465952997	0.299133640581477	0.282291465539624	-1.6915465952997	-0.193378189507511	-1.6915465952997	0.283576676391938	0.540152470452423	0.788963936038604	-1.6915465952997	0.319602216682854	0.375180220093626	-1.6915465952997	0.492801124074898	0.465145697622735	0.580569657087901	0.48604852242822	0.360626465318999	0.409437425523674	0.424426945257723	0.856689687737269	0.459113677070738	-1.6915465952997	0.608555017446977	0.613711754919328	-1.6915465952997	0.757734025804142	0.825499923686576	0.493591578828697
"Tbc1d8"	0.571515488911903	0.500019332540712	0.728925606198141	0.795648098816942	0.889002445423948	0.618878068801578	0.853485832605873	0.485570525978372	0.706527078010131	0.320617186842327	0.678062470239549	0.733281328027675	0.565167446433437	0.809993277929619	0.539371360238044	0.220084710146538	0.615360293107809	0.600398467485418	-1.74969329209462	0.0500857024423787	0.503577633209322	0.429537113360153	0.247904555391302	-1.74969329209462	0.302438048809614	0.896758115689839	0.438597333533503	0.311747849575597	0.147882977648545	0.500327222229936	-1.74969329209462	0.894149721312871	0.71451426290722	0.453341743031695	0.47570789605508	0.303450110553785	0.51449016172995	0.686614340590883	-1.74969329209462	0.279984404340948	0.413589738977669	0.78288587063997	0.204486997037749	-1.74969329209462	-1.74969329209462	0.292431396273693	0.642830138469674	0.535291068904757	0.312876068265397	0.280141695364148	0.322760548568591	0.295604772182417	0.648707962829065
"Mtmr4"	1.88939185301341	2.37758880735682	-0.487391639859394	1.75208759694872	1.68911235004931	-0.487391639859394	2.15459952251084	-0.487391639859394	-0.487391639859394	-0.487391639859394	2.31442302970588	1.92568559818073	-0.487391639859394	-0.487391639859394	1.84856704335034	-0.487391639859394	-0.487391639859394	-0.487391639859394	-0.487391639859394	-0.487391639859394	-0.487391639859394	-0.487391639859394	1.59854668672189	-0.487391639859394	-0.487391639859394	1.57319537339556	-0.487391639859394	-0.487391639859394	1.4079672675814	-0.487391639859394	-0.487391639859394	-0.487391639859394	-0.487391639859394	-0.487391639859394	-0.487391639859394	-0.487391639859394	-0.487391639859394	-0.487391639859394	-0.487391639859394	2.09737712160912	-0.487391639859394	-0.487391639859394	-0.487391639859394	-0.487391639859394	-0.487391639859394	-0.487391639859394	-0.487391639859394	-0.487391639859394	-0.487391639859394	-0.487391639859394	-0.487391639859394	-0.487391639859394	-0.487391639859394
"Col27a1"	-0.33572150768688	-0.33572150768688	-0.33572150768688	3.20337933494432	2.51925844746352	-0.33572150768688	-0.33572150768688	-0.33572150768688	3.16468480347925	2.74306344096857	-0.33572150768688	-0.33572150768688	3.75366350279858	-0.33572150768688	-0.33572150768688	-0.33572150768688	-0.33572150768688	-0.33572150768688	-0.33572150768688	-0.33572150768688	2.16911611252923	-0.33572150768688	-0.33572150768688	-0.33572150768688	-0.33572150768688	3.12542414567916	-0.33572150768688	-0.33572150768688	2.15047273484525	-0.33572150768688	-0.33572150768688	-0.33572150768688	-0.33572150768688	-0.33572150768688	-0.33572150768688	-0.33572150768688	-0.33572150768688	-0.33572150768688	-0.33572150768688	-0.33572150768688	-0.33572150768688	-0.33572150768688	-0.33572150768688	-0.33572150768688	-0.33572150768688	-0.33572150768688	-0.33572150768688	-0.33572150768688	-0.33572150768688	-0.33572150768688	-0.33572150768688	-0.33572150768688	-0.33572150768688
"Tuba1a"	-0.339182150740317	2.98568925130006	-0.339182150740317	-0.339182150740317	-0.339182150740317	-0.339182150740317	3.07183744464654	-0.339182150740317	-0.339182150740317	-0.339182150740317	3.2781822358822	-0.339182150740317	3.09270054355211	-0.339182150740317	-0.339182150740317	-0.339182150740317	2.95642543927497	-0.339182150740317	-0.339182150740317	-0.339182150740317	-0.339182150740317	-0.339182150740317	2.35392924496698	-0.339182150740317	-0.339182150740317	-0.339182150740317	-0.339182150740317	-0.339182150740317	-0.339182150740317	-0.339182150740317	-0.339182150740317	-0.339182150740317	-0.339182150740317	-0.339182150740317	-0.339182150740317	-0.339182150740317	-0.339182150740317	-0.339182150740317	-0.339182150740317	-0.339182150740317	-0.339182150740317	-0.339182150740317	2.50062094729092	-0.339182150740317	-0.339182150740317	-0.339182150740317	-0.339182150740317	2.82500114342777	-0.339182150740317	-0.339182150740317	-0.339182150740317	-0.339182150740317	-0.339182150740317
"Apobec3"	0.565914874385966	0.706919816908165	0.913854054846752	1.15186426752046	1.10691825976439	0.693995200602732	0.960188073706655	0.899666346296833	-1.12259248879584	-1.12259248879584	1.19433508388887	1.1237720442202	0.765802838941517	1.14735153430588	0.862880192316439	1.13751591496157	1.01708805784603	-1.12259248879584	-1.12259248879584	0.625845997804305	-1.12259248879584	0.643229771109124	-1.12259248879584	-1.12259248879584	0.733985111288879	0.666553039616894	0.651415951489059	0.948261872586206	0.548469304179326	0.913016832771951	-1.12259248879584	-1.12259248879584	-1.12259248879584	0.664738582737924	1.09670812663752	0.734900730638712	-1.12259248879584	-1.12259248879584	0.610061775135601	0.713671141841669	0.714169499291492	0.72182038513304	0.645368108566114	-1.12259248879584	0.96166180887598	0.876608107235037	-1.12259248879584	-1.12259248879584	0.949283543722663	0.713813444132242	0.752371019187747	-1.12259248879584	-1.12259248879584
"Klri1"	-0.338325638519137	-0.338325638519137	-0.338325638519137	3.11498087811057	-0.338325638519137	-0.338325638519137	-0.338325638519137	-0.338325638519137	3.17040776067201	2.4454639400769	-0.338325638519137	-0.338325638519137	3.15806647295464	-0.338325638519137	-0.338325638519137	3.18147674160473	-0.338325638519137	-0.338325638519137	-0.338325638519137	2.38008112097202	-0.338325638519137	-0.338325638519137	-0.338325638519137	-0.338325638519137	-0.338325638519137	-0.338325638519137	-0.338325638519137	-0.338325638519137	-0.338325638519137	-0.338325638519137	-0.338325638519137	-0.338325638519137	-0.338325638519137	-0.338325638519137	-0.338325638519137	-0.338325638519137	-0.338325638519137	-0.338325638519137	-0.338325638519137	-0.338325638519137	-0.338325638519137	2.3977889712257	3.15787753368472	-0.338325638519137	-0.338325638519137	-0.338325638519137	-0.338325638519137	-0.338325638519137	-0.338325638519137	-0.338325638519137	-0.338325638519137	-0.338325638519137	-0.338325638519137
"Apol7c"	-0.26156901259448	-0.26156901259448	-0.26156901259448	-0.26156901259448	3.45440851171977	-0.26156901259448	-0.26156901259448	-0.26156901259448	-0.26156901259448	-0.26156901259448	3.99317712838233	3.86359697910819	-0.26156901259448	2.92970287451756	-0.26156901259448	-0.26156901259448	-0.26156901259448	-0.26156901259448	-0.26156901259448	-0.26156901259448	-0.26156901259448	-0.26156901259448	-0.26156901259448	-0.26156901259448	-0.26156901259448	-0.26156901259448	-0.26156901259448	-0.26156901259448	-0.26156901259448	-0.26156901259448	-0.26156901259448	-0.26156901259448	-0.26156901259448	-0.26156901259448	-0.26156901259448	-0.26156901259448	-0.26156901259448	-0.26156901259448	-0.26156901259448	-0.26156901259448	-0.26156901259448	-0.26156901259448	-0.26156901259448	-0.26156901259448	-0.26156901259448	-0.26156901259448	-0.26156901259448	-0.26156901259448	-0.26156901259448	-0.26156901259448	-0.26156901259448	-0.26156901259448	-0.26156901259448
"Pmaip1"	-0.339493972580072	-0.339493972580072	-0.339493972580072	2.95128268576319	-0.339493972580072	2.77933885575731	-0.339493972580072	-0.339493972580072	-0.339493972580072	2.52326526927341	-0.339493972580072	-0.339493972580072	-0.339493972580072	3.20403082786121	2.86259118017759	-0.339493972580072	-0.339493972580072	-0.339493972580072	2.99184807040689	-0.339493972580072	-0.339493972580072	-0.339493972580072	-0.339493972580072	-0.339493972580072	-0.339493972580072	-0.339493972580072	-0.339493972580072	2.50951453786902	-0.339493972580072	-0.339493972580072	-0.339493972580072	-0.339493972580072	-0.339493972580072	-0.339493972580072	-0.339493972580072	-0.339493972580072	-0.339493972580072	-0.339493972580072	-0.339493972580072	-0.339493972580072	-0.339493972580072	-0.339493972580072	-0.339493972580072	-0.339493972580072	-0.339493972580072	-0.339493972580072	-0.339493972580072	-0.339493972580072	-0.339493972580072	-0.339493972580072	-0.339493972580072	-0.339493972580072	-0.339493972580072
"Cd47"	0.436652064549878	-1.27967805389976	0.999695864834953	0.337501497919886	0.709835287372618	0.776038436272367	0.628164632761172	0.775903000499656	0.856615481251771	1.00251057854947	-1.27967805389976	0.671917993839776	0.849101483986506	0.695861885682365	0.9478520436154	0.863354834094232	0.982166438265229	0.881500442362717	-1.27967805389976	0.16715668472705	0.5832492469896	0.724373860869662	0.644132032522899	-1.27967805389976	-1.27967805389976	0.416748629394483	-1.27967805389976	0.892696290310304	0.296898570545926	-1.27967805389976	0.524736135262633	0.427746887829842	-1.27967805389976	0.868709444092381	-1.27967805389976	0.940131789793699	0.802497917336955	0.71587740099004	0.690612221538795	0.586843018734433	0.37844523398955	-1.27967805389976	0.793925215812857	-1.27967805389976	0.838920007089013	0.752464814180114	0.502082736761931	0.69920309533401	-1.27967805389976	0.586987665842619	0.6261805819087	-1.27967805389976	-1.27967805389976
"Arhgap31"	1.21597882427363	0.65560569658777	-1.13929318322974	-1.13929318322974	1.27799143907862	1.16515503070778	0.904082249056771	1.41217316561167	-1.13929318322974	-1.13929318322974	0.813505135964219	1.14846828940394	0.713374682321519	1.35496041391813	0.957508707821352	0.810933593386383	0.639807917644862	1.26700830718082	-1.13929318322974	0.724779624023761	0.1916330011155	0.593120633489911	0.717523305814834	-1.13929318322974	0.480490328224246	0.699759911756968	1.07012812308558	0.690422219552617	0.500152985547347	-1.13929318322974	-1.13929318322974	0.508673426356363	0.727702151800233	-1.13929318322974	0.634050943853742	0.683057225913179	0.668436486698716	0.383486235587807	0.762384896877136	-1.13929318322974	-1.13929318322974	-1.13929318322974	0.393746379272012	-1.13929318322974	-1.13929318322974	0.875219883448206	0.580420648703499	-1.13929318322974	-1.13929318322974	0.662368899952841	-1.13929318322974	-1.13929318322974	-1.13929318322974
"Lpar3"	-0.232408705432182	4.86427734196074	-0.232408705432182	-0.232408705432182	-0.232408705432182	-0.232408705432182	4.46758829024419	-0.232408705432182	-0.232408705432182	-0.232408705432182	-0.232408705432182	-0.232408705432182	-0.232408705432182	-0.232408705432182	3.92316870507671	-0.232408705432182	-0.232408705432182	-0.232408705432182	-0.232408705432182	-0.232408705432182	-0.232408705432182	-0.232408705432182	3.47839245383543	-0.232408705432182	-0.232408705432182	-0.232408705432182	-0.232408705432182	-0.232408705432182	-0.232408705432182	-0.232408705432182	-0.232408705432182	-0.232408705432182	-0.232408705432182	-0.232408705432182	-0.232408705432182	-0.232408705432182	-0.232408705432182	-0.232408705432182	-0.232408705432182	-0.232408705432182	-0.232408705432182	-0.232408705432182	-0.232408705432182	-0.232408705432182	-0.232408705432182	-0.232408705432182	-0.232408705432182	-0.232408705432182	-0.232408705432182	-0.232408705432182	-0.232408705432182	-0.232408705432182	-0.232408705432182
"Ltf"	-0.232873673094244	-0.232873673094244	-0.232873673094244	-0.232873673094244	-0.232873673094244	-0.232873673094244	4.57859187865953	-0.232873673094244	4.62695414500036	4.04159146304652	-0.232873673094244	-0.232873673094244	-0.232873673094244	-0.232873673094244	-0.232873673094244	-0.232873673094244	-0.232873673094244	-0.232873673094244	-0.232873673094244	-0.232873673094244	-0.232873673094244	-0.232873673094244	-0.232873673094244	-0.232873673094244	-0.232873673094244	3.51976697607915	-0.232873673094244	-0.232873673094244	-0.232873673094244	-0.232873673094244	-0.232873673094244	-0.232873673094244	-0.232873673094244	-0.232873673094244	-0.232873673094244	-0.232873673094244	-0.232873673094244	-0.232873673094244	-0.232873673094244	-0.232873673094244	-0.232873673094244	-0.232873673094244	-0.232873673094244	-0.232873673094244	-0.232873673094244	-0.232873673094244	-0.232873673094244	-0.232873673094244	-0.232873673094244	-0.232873673094244	-0.232873673094244	-0.232873673094244	-0.232873673094244
"Mmp25"	-0.233705585146772	4.40491306990319	-0.233705585146772	-0.233705585146772	-0.233705585146772	-0.233705585146772	-0.233705585146772	-0.233705585146772	-0.233705585146772	-0.233705585146772	4.30264292880778	-0.233705585146772	-0.233705585146772	-0.233705585146772	-0.233705585146772	-0.233705585146772	4.3681746506502	-0.233705585146772	-0.233705585146772	3.75107148120643	-0.233705585146772	-0.233705585146772	-0.233705585146772	-0.233705585146772	-0.233705585146772	-0.233705585146772	-0.233705585146772	-0.233705585146772	-0.233705585146772	-0.233705585146772	-0.233705585146772	-0.233705585146772	-0.233705585146772	-0.233705585146772	-0.233705585146772	-0.233705585146772	-0.233705585146772	-0.233705585146772	-0.233705585146772	-0.233705585146772	-0.233705585146772	-0.233705585146772	-0.233705585146772	-0.233705585146772	-0.233705585146772	-0.233705585146772	-0.233705585146772	-0.233705585146772	-0.233705585146772	-0.233705585146772	-0.233705585146772	-0.233705585146772	-0.233705585146772
"9430087J23Rik"	-0.233395743929271	-0.233395743929271	-0.233395743929271	4.0824372447792	-0.233395743929271	4.69448989355192	-0.233395743929271	-0.233395743929271	-0.233395743929271	4.28988297217197	-0.233395743929271	-0.233395743929271	-0.233395743929271	-0.233395743929271	-0.233395743929271	-0.233395743929271	-0.233395743929271	-0.233395743929271	-0.233395743929271	-0.233395743929271	-0.233395743929271	-0.233395743929271	-0.233395743929271	-0.233395743929271	-0.233395743929271	3.73768345240445	-0.233395743929271	-0.233395743929271	-0.233395743929271	-0.233395743929271	-0.233395743929271	-0.233395743929271	-0.233395743929271	-0.233395743929271	-0.233395743929271	-0.233395743929271	-0.233395743929271	-0.233395743929271	-0.233395743929271	-0.233395743929271	-0.233395743929271	-0.233395743929271	-0.233395743929271	-0.233395743929271	-0.233395743929271	-0.233395743929271	-0.233395743929271	-0.233395743929271	-0.233395743929271	-0.233395743929271	-0.233395743929271	-0.233395743929271	-0.233395743929271
"Tap2"	1.46217388979511	1.38953701908992	1.62213966278632	1.35230878367932	1.43712138908347	-0.66691049399943	1.80965823914324	1.83771046221482	-0.66691049399943	1.20735620826842	-0.66691049399943	-0.66691049399943	-0.66691049399943	-0.66691049399943	1.1984414656539	1.56749894813039	-0.66691049399943	-0.66691049399943	-0.66691049399943	1.16333533769296	-0.66691049399943	-0.66691049399943	-0.66691049399943	-0.66691049399943	1.55528131081033	0.978546701300729	-0.66691049399943	1.42942692758034	0.8466057670772	-0.66691049399943	-0.66691049399943	-0.66691049399943	-0.66691049399943	1.34212356697047	-0.66691049399943	-0.66691049399943	-0.66691049399943	-0.66691049399943	1.28066457340869	1.76390462595367	-0.66691049399943	-0.66691049399943	1.08952015021315	-0.66691049399943	-0.66691049399943	-0.66691049399943	-0.66691049399943	-0.66691049399943	-0.66691049399943	1.39728574125862	-0.66691049399943	-0.66691049399943	-0.66691049399943
"Tmem39a"	-0.545257608089323	2.3380318502096	-0.545257608089323	-0.545257608089323	1.34234817539133	-0.545257608089323	1.99736562724825	1.92348172746281	-0.545257608089323	1.99261121258654	-0.545257608089323	-0.545257608089323	1.76006342488539	1.57623296688971	-0.545257608089323	-0.545257608089323	-0.545257608089323	2.05030356107676	-0.545257608089323	-0.545257608089323	-0.545257608089323	-0.545257608089323	1.51420394316761	-0.545257608089323	-0.545257608089323	-0.545257608089323	-0.545257608089323	-0.545257608089323	0.850776298930166	-0.545257608089323	-0.545257608089323	-0.545257608089323	-0.545257608089323	1.88788661624859	-0.545257608089323	1.72233865444811	1.95542204778317	1.60023775730879	1.56993737192601	-0.545257608089323	-0.545257608089323	1.45545851063569	-0.545257608089323	-0.545257608089323	-0.545257608089323	-0.545257608089323	-0.545257608089323	-0.545257608089323	-0.545257608089323	-0.545257608089323	-0.545257608089323	-0.545257608089323	-0.545257608089323
"Gm7247"	-0.16330937559173	-0.16330937559173	-0.16330937559173	-0.16330937559173	-0.16330937559173	-0.16330937559173	-0.16330937559173	-0.16330937559173	-0.16330937559173	-0.16330937559173	-0.16330937559173	-0.16330937559173	6.08769364747296	5.99720014631507	-0.16330937559173	-0.16330937559173	-0.16330937559173	-0.16330937559173	-0.16330937559173	-0.16330937559173	-0.16330937559173	-0.16330937559173	-0.16330937559173	-0.16330937559173	-0.16330937559173	-0.16330937559173	-0.16330937559173	-0.16330937559173	-0.16330937559173	-0.16330937559173	-0.16330937559173	-0.16330937559173	-0.16330937559173	-0.16330937559173	-0.16330937559173	-0.16330937559173	-0.16330937559173	-0.16330937559173	-0.16330937559173	-0.16330937559173	-0.16330937559173	-0.16330937559173	-0.16330937559173	-0.16330937559173	-0.16330937559173	-0.16330937559173	-0.16330937559173	-0.16330937559173	-0.16330937559173	-0.16330937559173	-0.16330937559173	-0.16330937559173	-0.16330937559173
"Tvp23bos"	-0.163226513042327	-0.163226513042327	-0.163226513042327	-0.163226513042327	-0.163226513042327	-0.163226513042327	-0.163226513042327	6.23960647719804	5.83915548793415	-0.163226513042327	-0.163226513042327	-0.163226513042327	-0.163226513042327	-0.163226513042327	-0.163226513042327	-0.163226513042327	-0.163226513042327	-0.163226513042327	-0.163226513042327	-0.163226513042327	-0.163226513042327	-0.163226513042327	-0.163226513042327	-0.163226513042327	-0.163226513042327	-0.163226513042327	-0.163226513042327	-0.163226513042327	-0.163226513042327	-0.163226513042327	-0.163226513042327	-0.163226513042327	-0.163226513042327	-0.163226513042327	-0.163226513042327	-0.163226513042327	-0.163226513042327	-0.163226513042327	-0.163226513042327	-0.163226513042327	-0.163226513042327	-0.163226513042327	-0.163226513042327	-0.163226513042327	-0.163226513042327	-0.163226513042327	-0.163226513042327	-0.163226513042327	-0.163226513042327	-0.163226513042327	-0.163226513042327	-0.163226513042327	-0.163226513042327
"Fnbp1l"	1.34746743943809	-0.729337224626646	1.8614997380856	-0.729337224626646	1.32303010350137	1.26244309608181	1.68641930198923	-0.729337224626646	-0.729337224626646	1.09890681238693	-0.729337224626646	1.601542953864	1.5669060252267	1.40161159855934	1.76717826698131	-0.729337224626646	-0.729337224626646	-0.729337224626646	-0.729337224626646	1.35392188672106	0.982393154489881	1.43236651206665	0.895462625918189	-0.729337224626646	1.08090792541077	-0.729337224626646	-0.729337224626646	1.09012518229834	0.878048375002879	1.50258728472185	1.21702397814865	1.11240492259955	-0.729337224626646	1.23036495526115	1.25252490861523	-0.729337224626646	1.29095366265943	1.32954454984375	-0.729337224626646	-0.729337224626646	-0.729337224626646	1.42494187798631	-0.729337224626646	-0.729337224626646	-0.729337224626646	-0.729337224626646	-0.729337224626646	1.1796683039436	-0.729337224626646	-0.729337224626646	-0.729337224626646	-0.729337224626646	-0.729337224626646
"Zfp872"	-0.233968025387948	-0.233968025387948	-0.233968025387948	-0.233968025387948	-0.233968025387948	-0.233968025387948	-0.233968025387948	-0.233968025387948	-0.233968025387948	-0.233968025387948	-0.233968025387948	-0.233968025387948	-0.233968025387948	4.16664539207184	3.96835178526677	4.27872553855327	-0.233968025387948	-0.233968025387948	-0.233968025387948	-0.233968025387948	-0.233968025387948	-0.233968025387948	-0.233968025387948	-0.233968025387948	-0.233968025387948	-0.233968025387948	-0.233968025387948	-0.233968025387948	-0.233968025387948	-0.233968025387948	-0.233968025387948	-0.233968025387948	-0.233968025387948	-0.233968025387948	-0.233968025387948	-0.233968025387948	4.43197511204037	-0.233968025387948	-0.233968025387948	-0.233968025387948	-0.233968025387948	-0.233968025387948	-0.233968025387948	-0.233968025387948	-0.233968025387948	-0.233968025387948	-0.233968025387948	-0.233968025387948	-0.233968025387948	-0.233968025387948	-0.233968025387948	-0.233968025387948	-0.233968025387948
"Adam11"	-0.233220031007807	-0.233220031007807	-0.233220031007807	3.6847416858564	-0.233220031007807	-0.233220031007807	-0.233220031007807	-0.233220031007807	-0.233220031007807	-0.233220031007807	4.66854571554637	3.98845083027364	-0.233220031007807	-0.233220031007807	-0.233220031007807	-0.233220031007807	-0.233220031007807	-0.233220031007807	-0.233220031007807	-0.233220031007807	-0.233220031007807	-0.233220031007807	-0.233220031007807	-0.233220031007807	-0.233220031007807	-0.233220031007807	-0.233220031007807	-0.233220031007807	-0.233220031007807	-0.233220031007807	-0.233220031007807	-0.233220031007807	-0.233220031007807	-0.233220031007807	-0.233220031007807	-0.233220031007807	-0.233220031007807	-0.233220031007807	-0.233220031007807	-0.233220031007807	-0.233220031007807	-0.233220031007807	-0.233220031007807	4.4501040008857	-0.233220031007807	-0.233220031007807	-0.233220031007807	-0.233220031007807	-0.233220031007807	-0.233220031007807	-0.233220031007807	-0.233220031007807	-0.233220031007807
"Hmgn3"	-0.469078496914304	-0.469078496914304	-0.469078496914304	2.08413657461334	1.72857396489444	-0.469078496914304	2.19858414417437	-0.469078496914304	-0.469078496914304	1.90085033904346	-0.469078496914304	1.96744592817345	-0.469078496914304	2.00087525381519	-0.469078496914304	2.06378302414688	-0.469078496914304	-0.469078496914304	-0.469078496914304	-0.469078496914304	-0.469078496914304	2.04068730455794	-0.469078496914304	2.17512712201796	-0.469078496914304	-0.469078496914304	-0.469078496914304	1.88946682680312	-0.469078496914304	-0.469078496914304	2.34640382106381	-0.469078496914304	-0.469078496914304	-0.469078496914304	-0.469078496914304	-0.469078496914304	-0.469078496914304	-0.469078496914304	-0.469078496914304	-0.469078496914304	-0.469078496914304	1.86026311783156	-0.469078496914304	-0.469078496914304	-0.469078496914304	1.98585168481544	-0.469078496914304	-0.469078496914304	-0.469078496914304	-0.469078496914304	-0.469078496914304	-0.469078496914304	-0.469078496914304
"Gm43984"	2.49662541228365	-0.42839477047902	-0.42839477047902	2.0284553514868	1.95936752942413	2.37687514176157	-0.42839477047902	-0.42839477047902	-0.42839477047902	-0.42839477047902	-0.42839477047902	2.21890331969738	-0.42839477047902	-0.42839477047902	-0.42839477047902	-0.42839477047902	2.68977622351764	-0.42839477047902	-0.42839477047902	-0.42839477047902	-0.42839477047902	-0.42839477047902	-0.42839477047902	-0.42839477047902	-0.42839477047902	-0.42839477047902	-0.42839477047902	-0.42839477047902	1.96677060723027	-0.42839477047902	-0.42839477047902	-0.42839477047902	-0.42839477047902	-0.42839477047902	2.36290613494155	2.44004360498735	-0.42839477047902	-0.42839477047902	-0.42839477047902	-0.42839477047902	2.09065785883566	-0.42839477047902	-0.42839477047902	2.50839380747885	-0.42839477047902	-0.42839477047902	2.27849031901244	-0.42839477047902	-0.42839477047902	-0.42839477047902	-0.42839477047902	-0.42839477047902	-0.42839477047902
"Trim7"	-0.566708578173671	1.71171841915578	1.96942893190888	1.67047164962603	1.61461211007031	-0.566708578173671	-0.566708578173671	-0.566708578173671	1.79424790167319	-0.566708578173671	1.91215441562544	-0.566708578173671	-0.566708578173671	-0.566708578173671	-0.566708578173671	1.65263744475356	1.94796386891047	-0.566708578173671	-0.566708578173671	1.46109980892834	1.12275603956189	-0.566708578173671	-0.566708578173671	-0.566708578173671	-0.566708578173671	-0.566708578173671	1.64259535011014	-0.566708578173671	0.857446406190186	-0.566708578173671	-0.566708578173671	-0.566708578173671	-0.566708578173671	-0.566708578173671	-0.566708578173671	-0.566708578173671	-0.566708578173671	1.62200467814312	-0.566708578173671	-0.566708578173671	-0.566708578173671	-0.566708578173671	-0.566708578173671	2.20815848606913	-0.566708578173671	1.58435238196254	-0.566708578173671	-0.566708578173671	-0.566708578173671	-0.566708578173671	1.76832216323119	-0.566708578173671	-0.566708578173671
"Mx1"	1.58335292314082	-0.646588129774525	-0.646588129774525	-0.646588129774525	1.42539606669917	-0.646588129774525	1.65888429723916	1.81988354356765	1.90782052503779	-0.646588129774525	1.5566891580328	-0.646588129774525	-0.646588129774525	-0.646588129774525	1.19035161070119	1.55378777221088	1.7218680540941	-0.646588129774525	-0.646588129774525	-0.646588129774525	-0.646588129774525	1.30803666580473	0.993741828036872	-0.646588129774525	-0.646588129774525	0.973806186513279	-0.646588129774525	-0.646588129774525	-0.646588129774525	-0.646588129774525	-0.646588129774525	-0.646588129774525	-0.646588129774525	1.33184520955667	-0.646588129774525	1.77073286888933	1.39301303389956	-0.646588129774525	-0.646588129774525	1.74720188528566	-0.646588129774525	-0.646588129774525	1.31040363529518	-0.646588129774525	-0.646588129774525	1.03814212924304	-0.646588129774525	1.28066399121215	-0.646588129774525	-0.646588129774525	1.42884734678823	-0.646588129774525	-0.646588129774525
"Prpf38b"	0.451713026128502	0.729590148639446	-1.55971466160498	0.47571698196533	0.428044967707754	0.806638401444397	0.870798766519166	0.80649683144452	0.89085924211708	0.429296761890129	0.554001095657385	0.479138312537511	0.445619541061535	0.285710574094406	0.420858960371209	0.551217648942065	0.584535661648675	0.916867468813099	-1.55971466160498	0.515454137506781	-0.1191154865889	0.53393951006452	0.231753263572916	0.415902807391968	0.539675178304782	-0.00518813048257082	0.761341198370298	0.639377349809972	0.342493895022242	-1.55971466160498	0.762570185969297	0.224050182868139	0.461127644331182	0.338296881099784	-1.55971466160498	-1.55971466160498	0.743497556552556	0.525063168817921	0.280234212352911	0.390259588777266	0.609360687148338	-1.55971466160498	0.0996527435779939	-1.55971466160498	0.653607077113752	0.274485718829721	0.6480775919262	0.289196139994988	-1.55971466160498	0.39041070313675	-1.55971466160498	-1.55971466160498	-1.55971466160498
"Gm20708"	-0.382011812354229	2.6051450619079	-0.382011812354229	2.74756325907192	-0.382011812354229	2.58404224870265	-0.382011812354229	-0.382011812354229	-0.382011812354229	-0.382011812354229	2.86792888838365	-0.382011812354229	2.70128698098428	-0.382011812354229	-0.382011812354229	-0.382011812354229	-0.382011812354229	-0.382011812354229	-0.382011812354229	-0.382011812354229	-0.382011812354229	-0.382011812354229	-0.382011812354229	-0.382011812354229	2.31370966001538	-0.382011812354229	-0.382011812354229	-0.382011812354229	1.48514230605443	2.94165229161222	-0.382011812354229	-0.382011812354229	-0.382011812354229	-0.382011812354229	-0.382011812354229	-0.382011812354229	-0.382011812354229	-0.382011812354229	-0.382011812354229	-0.382011812354229	-0.382011812354229	-0.382011812354229	-0.382011812354229	-0.382011812354229	-0.382011812354229	2.10304690850918	-0.382011812354229	-0.382011812354229	-0.382011812354229	-0.382011812354229	-0.382011812354229	-0.382011812354229	-0.382011812354229
"Zmiz2"	-0.568890851645681	1.69893575780363	-0.568890851645681	1.40323619072296	-0.568890851645681	1.68291466372135	-0.568890851645681	-0.568890851645681	-0.568890851645681	-0.568890851645681	1.89843922524768	-0.568890851645681	1.77192596606607	1.84025149358459	1.89226109826068	-0.568890851645681	1.93408207495269	-0.568890851645681	-0.568890851645681	-0.568890851645681	1.11271352730287	1.6199868596903	1.52228090519737	-0.568890851645681	-0.568890851645681	1.4998769198463	1.6301342840271	-0.568890851645681	-0.568890851645681	-0.568890851645681	-0.568890851645681	-0.568890851645681	-0.568890851645681	-0.568890851645681	-0.568890851645681	-0.568890851645681	-0.568890851645681	1.35511708281094	-0.568890851645681	-0.568890851645681	-0.568890851645681	-0.568890851645681	-0.568890851645681	-0.568890851645681	-0.568890851645681	-0.568890851645681	1.60394062791531	1.84432605036514	-0.568890851645681	-0.568890851645681	-0.568890851645681	-0.568890851645681	1.8655407591133
"Uvrag"	0.799499441121663	0.904645247879846	0.858392839126788	0.99502015678508	0.651745886051144	0.506093488048825	0.850284430758297	-1.5860085547995	0.801206085113425	0.736574117927168	0.47305736142828	-1.5860085547995	0.367477997576097	0.850643903963129	0.624897335741895	0.752003676432439	0.502802460258837	0.826541872551873	0.421239308988376	0.435507029776798	0.603447520103849	0.240679950484496	0.283526114412033	-1.5860085547995	0.547504902132865	0.566081220757264	0.461993847721713	0.130616809008808	0.402678390808648	0.51976632038922	0.676233925526054	0.364335379728884	0.38258514088908	0.475793013939586	0.621345324734722	0.673091243702898	-1.5860085547995	0.444867620855685	-1.5860085547995	0.526469565952296	0.595569760546718	0.706935505482605	0.5803326575081	0.876015313698027	-1.5860085547995	0.695157998561063	0.227288856507569	0.709521805077442	-1.5860085547995	0.526616926610556	0.566542501227621	0.665739244687076	-1.5860085547995
"Gm37529"	-0.361319401031501	-0.361319401031501	-0.361319401031501	2.41864848008629	2.34047442925859	2.81289142451737	-0.361319401031501	-0.361319401031501	-0.361319401031501	2.55227099530775	-0.361319401031501	-0.361319401031501	-0.361319401031501	-0.361319401031501	2.8976219772504	-0.361319401031501	-0.361319401031501	-0.361319401031501	-0.361319401031501	-0.361319401031501	-0.361319401031501	-0.361319401031501	-0.361319401031501	-0.361319401031501	-0.361319401031501	-0.361319401031501	-0.361319401031501	2.53827610590988	2.20029882469763	-0.361319401031501	3.10003442456084	-0.361319401031501	-0.361319401031501	-0.361319401031501	-0.361319401031501	-0.361319401031501	-0.361319401031501	-0.361319401031501	-0.361319401031501	-0.361319401031501	-0.361319401031501	-0.361319401031501	-0.361319401031501	-0.361319401031501	-0.361319401031501	-0.361319401031501	-0.361319401031501	-0.361319401031501	-0.361319401031501	-0.361319401031501	-0.361319401031501	-0.361319401031501	-0.361319401031501
"Zeb1"	0.316912663413871	0.894884210963006	0.477084102520006	0.62564755498856	0.958177595807427	0.693082102467013	0.297533944311703	0.924841273152528	0.318767086285756	0.428662114077073	0.425323186900004	0.345979490757975	0.31045445270555	1.12558345024647	0.590522758228571	0.422373136939208	-1.81490905915874	0.809908932339435	0.368945937833348	0.480641527693544	0.636633496465883	0.172500115453309	0.502274909548491	0.278959023490259	0.274644028696305	0.430344182911677	0.548855620709038	0.0527530997346119	0.432753189676502	-1.81490905915874	-1.81490905915874	0.538742317173088	0.32689079373225	0.428299535020547	0.451073547181415	0.275674545944631	0.258901768578162	0.469250348743432	0.366678519448433	0.251780929635391	0.558614804659356	0.62821576767218	0.638253607284263	0.557212581824956	-1.81490905915874	0.754734406482725	0.756879081712671	0.144668326589274	0.516959515149355	0.790076557888251	0.527033590173284	0.49935624681658	0.859117348833637
"Eml6"	1.27121743257044	1.13818372460573	-0.928858091878463	-0.928858091878463	1.05889874049958	-0.928858091878463	0.977300191577632	-0.928858091878463	0.996459870390811	0.764556739623163	1.09261053268321	1.14331681842692	-0.928858091878463	1.25406534078372	1.24167800138841	1.2122827473162	1.45339287522374	-0.928858091878463	-0.928858091878463	0.516699259945098	0.656635722318672	-0.928858091878463	0.57611613991432	0.960539152756623	0.747885233227475	-0.928858091878463	0.872789915421014	0.756422736538392	0.76823932943059	-0.928858091878463	1.20525485238775	-0.928858091878463	-0.928858091878463	-0.928858091878463	-0.928858091878463	1.16662949495972	0.942440533039418	0.855998589137916	-0.928858091878463	-0.928858091878463	0.727801265992054	1.22066559552442	-0.928858091878463	-0.928858091878463	1.18786949342139	1.03418683615718	0.851329611228878	-0.928858091878463	0.966236006175185	0.93615957913187	-0.928858091878463	-0.928858091878463	1.2747992252151
"Tox3"	-0.262714640882205	-0.262714640882205	4.09080210695179	-0.262714640882205	-0.262714640882205	4.06075645551966	3.74975631593226	-0.262714640882205	-0.262714640882205	-0.262714640882205	-0.262714640882205	-0.262714640882205	-0.262714640882205	-0.262714640882205	-0.262714640882205	-0.262714640882205	-0.262714640882205	-0.262714640882205	-0.262714640882205	-0.262714640882205	-0.262714640882205	-0.262714640882205	-0.262714640882205	-0.262714640882205	3.26683689343299	-0.262714640882205	-0.262714640882205	-0.262714640882205	-0.262714640882205	-0.262714640882205	-0.262714640882205	-0.262714640882205	-0.262714640882205	-0.262714640882205	-0.262714640882205	-0.262714640882205	-0.262714640882205	-0.262714640882205	-0.262714640882205	-0.262714640882205	-0.262714640882205	-0.262714640882205	-0.262714640882205	-0.262714640882205	-0.262714640882205	-0.262714640882205	3.48458773079986	-0.262714640882205	-0.262714640882205	-0.262714640882205	-0.262714640882205	-0.262714640882205	-0.262714640882205
"Ddhd1"	0.745766963347804	-0.931333518392743	-0.931333518392743	1.32775791638082	1.07853666886799	-0.931333518392743	1.46170713193132	-0.931333518392743	0.951640482484736	1.1335083590349	-0.931333518392743	1.29985547292256	1.14878915155925	1.11867597091491	0.921145388459235	1.16271671716864	-0.931333518392743	1.18044757677509	-0.931333518392743	0.805293216029787	-0.931333518392743	-0.931333518392743	0.540541468488011	0.916509777466893	0.912701784848949	-0.931333518392743	1.03505385992829	-0.931333518392743	0.609207772549085	-0.931333518392743	0.83183772318477	0.737065329549845	-0.931333518392743	-0.931333518392743	-0.931333518392743	0.913611218640106	-0.931333518392743	1.13824315760756	-0.931333518392743	1.42126442057198	-0.931333518392743	0.696474189055164	0.824683443207432	0.957573239034327	-0.931333518392743	1.10815639606306	1.21857647121322	0.797997935187477	-0.931333518392743	-0.931333518392743	1.13543614093606	-0.931333518392743	1.22385825577004
"Jak2"	0.90021759313207	0.636346866548158	1.15671094360078	1.09802132153918	0.360004184235034	1.14299104728357	1.0009444580904	-1.14831854575887	0.700991251958379	0.997144205512595	0.994248489243352	-1.14831854575887	1.09557069401749	0.546893708681395	0.936528602733037	-1.14831854575887	0.938911943520906	-1.14831854575887	-1.14831854575887	0.841291827157932	0.574902552126201	0.574218056869526	0.497328387776913	-1.14831854575887	0.462229903973887	0.680249340111483	0.900414665844245	-1.14831854575887	0.629549879258971	-1.14831854575887	-1.14831854575887	0.490252318502976	-1.14831854575887	0.595199622314081	0.815664528386965	0.981974649087626	0.849891037192687	0.831418811103003	0.860000020363863	-1.14831854575887	0.64341883723641	0.450386874910898	-1.14831854575887	-1.14831854575887	-1.14831854575887	0.737228823516513	0.879764960981478	-1.14831854575887	1.07371503934882	0.961376693754685	-1.14831854575887	0.975041837406484	-1.14831854575887
"Jcad"	-0.314021091092009	3.09701486001086	-0.314021091092009	-0.314021091092009	-0.314021091092009	-0.314021091092009	-0.314021091092009	-0.314021091092009	-0.314021091092009	-0.314021091092009	-0.314021091092009	2.88219049224815	-0.314021091092009	2.92604279134239	-0.314021091092009	3.00856465820568	-0.314021091092009	-0.314021091092009	-0.314021091092009	-0.314021091092009	-0.314021091092009	-0.314021091092009	2.44888269683947	-0.314021091092009	-0.314021091092009	-0.314021091092009	-0.314021091092009	-0.314021091092009	-0.314021091092009	-0.314021091092009	-0.314021091092009	-0.314021091092009	-0.314021091092009	-0.314021091092009	-0.314021091092009	-0.314021091092009	-0.314021091092009	-0.314021091092009	-0.314021091092009	-0.314021091092009	-0.314021091092009	-0.314021091092009	-0.314021091092009	-0.314021091092009	-0.314021091092009	-0.314021091092009	-0.314021091092009	-0.314021091092009	-0.314021091092009	-0.314021091092009	-0.314021091092009	-0.314021091092009	-0.314021091092009
"Slc46a3"	-0.58864335886326	-0.58864335886326	1.80476967720664	1.76448887882128	1.22861820718769	1.78825161652601	-0.58864335886326	1.7880950207069	1.63944718985279	1.61270143682968	-0.58864335886326	-0.58864335886326	-0.58864335886326	-0.58864335886326	1.744860661937	-0.58864335886326	-0.58864335886326	-0.58864335886326	-0.58864335886326	-0.58864335886326	1.00574441545562	-0.58864335886326	-0.58864335886326	-0.58864335886326	-0.58864335886326	-0.58864335886326	-0.58864335886326	-0.58864335886326	1.51663208450033	-0.58864335886326	-0.58864335886326	-0.58864335886326	-0.58864335886326	-0.58864335886326	-0.58864335886326	-0.58864335886326	-0.58864335886326	1.47689718026827	-0.58864335886326	-0.58864335886326	1.32853974026635	-0.58864335886326	1.48922112237926	1.88844381294816	1.86095760027096	-0.58864335886326	1.47149396596541	-0.58864335886326	-0.58864335886326	-0.58864335886326	-0.58864335886326	-0.58864335886326	-0.58864335886326
"Exoc3l4"	-0.262893050078138	-0.262893050078138	-0.262893050078138	-0.262893050078138	-0.262893050078138	-0.262893050078138	3.79252614938012	4.10656724784819	-0.262893050078138	-0.262893050078138	-0.262893050078138	3.44114650172119	-0.262893050078138	-0.262893050078138	-0.262893050078138	-0.262893050078138	-0.262893050078138	-0.262893050078138	-0.262893050078138	-0.262893050078138	-0.262893050078138	-0.262893050078138	-0.262893050078138	-0.262893050078138	-0.262893050078138	-0.262893050078138	-0.262893050078138	-0.262893050078138	-0.262893050078138	-0.262893050078138	-0.262893050078138	3.36650676298661	-0.262893050078138	-0.262893050078138	-0.262893050078138	-0.262893050078138	-0.262893050078138	-0.262893050078138	-0.262893050078138	-0.262893050078138	-0.262893050078138	-0.262893050078138	-0.262893050078138	-0.262893050078138	-0.262893050078138	-0.262893050078138	-0.262893050078138	-0.262893050078138	-0.262893050078138	-0.262893050078138	-0.262893050078138	-0.262893050078138	-0.262893050078138
"Asap1"	0.276432281184154	0.535528062105694	0.772240685469782	0.825424980465222	0.757482310811027	0.0502490020140305	0.119178614114897	-2.02535922991488	0.513650117014321	0.661109924238697	0.795449847467558	0.403620530460649	0.878371385543059	0.56824774422884	-0.129231843274052	0.557009700177182	0.79254244740513	1.0125512394613	0.56464514763261	0.207434494417373	-0.00695313475411055	0.538404807215599	0.51003863418071	0.57088668693054	0.468802226665349	0.30632689056918	0.236689574781906	0.243125056977646	0.0213366000466765	-2.02535922991488	0.23801106552723	-0.106103816991925	-2.02535922991488	0.0168207908503302	0.785824201222274	0.469849756462357	0.0799594907010682	0.643125050303812	-0.0456521812045172	0.445560586021765	0.498476614703327	0.507231241860218	0.465074910606358	0.52048259369781	0.356081205318447	0.418451089970481	0.637859841734528	0.510087847838749	0.341937968964286	-2.02535922991488	0.116948413392712	0.559425756669651	0.218585132454137
"Hsh2d"	-0.261023525027227	-0.261023525027227	-0.261023525027227	-0.261023525027227	-0.261023525027227	-0.261023525027227	-0.261023525027227	-0.261023525027227	-0.261023525027227	-0.261023525027227	-0.261023525027227	-0.261023525027227	-0.261023525027227	3.72174492443712	3.54227959858498	-0.261023525027227	3.89500408146657	-0.261023525027227	-0.261023525027227	-0.261023525027227	2.84805552709919	-0.261023525027227	-0.261023525027227	-0.261023525027227	-0.261023525027227	-0.261023525027227	-0.261023525027227	-0.261023525027227	-0.261023525027227	-0.261023525027227	-0.261023525027227	-0.261023525027227	-0.261023525027227	-0.261023525027227	-0.261023525027227	-0.261023525027227	-0.261023525027227	-0.261023525027227	-0.261023525027227	-0.261023525027227	-0.261023525027227	-0.261023525027227	-0.261023525027227	-0.261023525027227	-0.261023525027227	-0.261023525027227	-0.261023525027227	-0.261023525027227	-0.261023525027227	-0.261023525027227	-0.261023525027227	-0.261023525027227	-0.261023525027227
"Mbp"	-0.904132172955596	0.956567261701957	-0.904132172955596	1.04527952895224	1.20899195538685	0.943422323470219	-0.904132172955596	1.15259948140747	1.02396576147514	0.791727785107792	1.12025525598628	1.04855626972345	-0.904132172955596	0.863303034624313	-0.904132172955596	1.11758944128519	1.27202284446161	-0.904132172955596	-0.904132172955596	-0.904132172955596	0.683650940334995	-0.904132172955596	0.81162602897967	-0.904132172955596	-0.904132172955596	0.584698080946044	-0.904132172955596	-0.904132172955596	0.258917763415657	-0.904132172955596	-0.904132172955596	1.13582328598272	1.36325731383088	1.24545787288636	-0.904132172955596	0.98502515739214	-0.904132172955596	0.674471967679917	-0.904132172955596	0.963433674378054	0.963940527172786	0.971721835292776	-0.904132172955596	-0.904132172955596	-0.904132172955596	1.27116886674015	-0.904132172955596	-0.904132172955596	-0.904132172955596	0.963578402451646	-0.904132172955596	1.18715528212637	1.30270701129704
"Synpo2"	-0.35862578152277	3.45472692797913	-0.35862578152277	-0.35862578152277	2.27211667057601	-0.35862578152277	-0.35862578152277	-0.35862578152277	2.86684957278462	-0.35862578152277	-0.35862578152277	-0.35862578152277	-0.35862578152277	-0.35862578152277	-0.35862578152277	-0.35862578152277	-0.35862578152277	3.25878894272828	-0.35862578152277	2.06310907106707	-0.35862578152277	-0.35862578152277	-0.35862578152277	-0.35862578152277	-0.35862578152277	2.13200771014412	-0.35862578152277	-0.35862578152277	2.13562738352056	-0.35862578152277	-0.35862578152277	-0.35862578152277	2.87913017038619	-0.35862578152277	-0.35862578152277	-0.35862578152277	-0.35862578152277	-0.35862578152277	-0.35862578152277	-0.35862578152277	-0.35862578152277	-0.35862578152277	-0.35862578152277	-0.35862578152277	-0.35862578152277	-0.35862578152277	-0.35862578152277	-0.35862578152277	-0.35862578152277	-0.35862578152277	-0.35862578152277	-0.35862578152277	-0.35862578152277
"Etv6"	0.647421559328394	0.29468820138702	0.650980368856945	0.736614388479688	0.566627556261623	0.43482570244994	0.813004875872916	0.277651023994454	0.467546159124454	0.169485224038161	0.66163101852265	0.412669877707975	0.639935540187808	0.778398583344523	0.732854794917249	0.501180570230699	0.665423032828543	-2.62490596266422	-2.62490596266422	0.543683317872854	0.235961800789095	0.47996557207167	-0.0732074099434646	0.223616573185348	0.518006284821358	-0.0968011401276508	-0.314029541493315	0.464301201071139	0.103649428400606	0.0267395859732275	0.310161456998786	0.453949047767972	0.476961159474682	0.128281550618132	0.266021356075828	0.331192618277449	-0.224692462706423	0.200679994211851	0.559980779555903	0.0351804841281937	0.390549938411582	0.437440473804638	0.402349470912013	0.277535294308311	-2.62490596266422	0.349180609659076	0.620091645438476	-0.356905413830603	0.230932892620686	0.390085357472389	0.44039014023801	0.0536077935531984	-0.0666493438580414
"P2ry10"	2.21813759727977	-0.469803597173739	-0.469803597173739	-0.469803597173739	-0.469803597173739	-0.469803597173739	2.19370363227279	-0.469803597173739	-0.469803597173739	1.89643360636983	-0.469803597173739	1.96292545971175	-0.469803597173739	2.28821463353613	1.88517886038894	-0.469803597173739	-0.469803597173739	-0.469803597173739	-0.469803597173739	-0.469803597173739	-0.469803597173739	-0.469803597173739	-0.469803597173739	-0.469803597173739	-0.469803597173739	-0.469803597173739	-0.469803597173739	-0.469803597173739	-0.469803597173739	-0.469803597173739	2.04930883874802	-0.469803597173739	-0.469803597173739	-0.469803597173739	2.095256546346	-0.469803597173739	-0.469803597173739	1.73282630129106	-0.469803597173739	2.13601521882963	-0.469803597173739	-0.469803597173739	1.7476671239093	-0.469803597173739	-0.469803597173739	-0.469803597173739	2.01768280841543	-0.469803597173739	-0.469803597173739	-0.469803597173739	-0.469803597173739	-0.469803597173739	2.31716612139966
"Rabgef1"	-0.625673441377894	1.56826189933679	1.81641564850911	-0.625673441377894	1.8009387344848	-0.625673441377894	-0.625673441377894	-0.625673441377894	-0.625673441377894	1.62044121899377	-0.625673441377894	1.43008957302961	-0.625673441377894	1.84940082904945	1.36439027826786	-0.625673441377894	1.54895200621838	-0.625673441377894	-0.625673441377894	1.08123234972503	1.00114020509028	-0.625673441377894	-0.625673441377894	-0.625673441377894	-0.625673441377894	1.12979401861044	1.50170214376172	1.36429644949543	0.98903191472137	-0.625673441377894	1.503087326388	-0.625673441377894	-0.625673441377894	-0.625673441377894	-0.625673441377894	-0.625673441377894	-0.625673441377894	-0.625673441377894	-0.625673441377894	1.57635802983129	-0.625673441377894	-0.625673441377894	1.24818681487695	-0.625673441377894	1.87374629383896	-0.625673441377894	-0.625673441377894	-0.625673441377894	-0.625673441377894	-0.625673441377894	-0.625673441377894	-0.625673441377894	-0.625673441377894
"Gm16048"	-0.114707866935281	-0.114707866935281	-0.114707866935281	-0.114707866935281	-0.114707866935281	8.60309002014607	-0.114707866935281	-0.114707866935281	-0.114707866935281	-0.114707866935281	-0.114707866935281	-0.114707866935281	-0.114707866935281	-0.114707866935281	-0.114707866935281	-0.114707866935281	-0.114707866935281	-0.114707866935281	-0.114707866935281	-0.114707866935281	-0.114707866935281	-0.114707866935281	-0.114707866935281	-0.114707866935281	-0.114707866935281	-0.114707866935281	-0.114707866935281	-0.114707866935281	-0.114707866935281	-0.114707866935281	-0.114707866935281	-0.114707866935281	-0.114707866935281	-0.114707866935281	-0.114707866935281	-0.114707866935281	-0.114707866935281	-0.114707866935281	-0.114707866935281	-0.114707866935281	-0.114707866935281	-0.114707866935281	-0.114707866935281	-0.114707866935281	-0.114707866935281	-0.114707866935281	-0.114707866935281	-0.114707866935281	-0.114707866935281	-0.114707866935281	-0.114707866935281	-0.114707866935281	-0.114707866935281
"Gm16170"	-0.200936637776464	-0.200936637776464	5.32113822110983	-0.200936637776464	-0.200936637776464	-0.200936637776464	-0.200936637776464	-0.200936637776464	-0.200936637776464	-0.200936637776464	-0.200936637776464	-0.200936637776464	-0.200936637776464	4.51135202777744	-0.200936637776464	-0.200936637776464	-0.200936637776464	-0.200936637776464	-0.200936637776464	-0.200936637776464	-0.200936637776464	-0.200936637776464	-0.200936637776464	-0.200936637776464	-0.200936637776464	-0.200936637776464	-0.200936637776464	-0.200936637776464	-0.200936637776464	-0.200936637776464	-0.200936637776464	-0.200936637776464	-0.200936637776464	-0.200936637776464	-0.200936637776464	4.83588430879462	-0.200936637776464	-0.200936637776464	-0.200936637776464	-0.200936637776464	-0.200936637776464	-0.200936637776464	-0.200936637776464	-0.200936637776464	-0.200936637776464	-0.200936637776464	-0.200936637776464	-0.200936637776464	-0.200936637776464	-0.200936637776464	-0.200936637776464	-0.200936637776464	-0.200936637776464
"Gm10634"	-0.201213551575889	-0.201213551575889	-0.201213551575889	-0.201213551575889	-0.201213551575889	-0.201213551575889	-0.201213551575889	-0.201213551575889	-0.201213551575889	-0.201213551575889	-0.201213551575889	4.61871178522046	5.10822585378483	-0.201213551575889	-0.201213551575889	-0.201213551575889	-0.201213551575889	-0.201213551575889	-0.201213551575889	-0.201213551575889	-0.201213551575889	-0.201213551575889	-0.201213551575889	-0.201213551575889	-0.201213551575889	-0.201213551575889	-0.201213551575889	-0.201213551575889	-0.201213551575889	-0.201213551575889	-0.201213551575889	-0.201213551575889	-0.201213551575889	-0.201213551575889	-0.201213551575889	-0.201213551575889	-0.201213551575889	-0.201213551575889	-0.201213551575889	4.96165162603459	-0.201213551575889	-0.201213551575889	-0.201213551575889	-0.201213551575889	-0.201213551575889	-0.201213551575889	-0.201213551575889	-0.201213551575889	-0.201213551575889	-0.201213551575889	-0.201213551575889	-0.201213551575889	-0.201213551575889
"Gm16201"	1.74969060242694	-0.469766942353454	-0.469766942353454	-0.469766942353454	-0.469766942353454	2.18856517277798	1.99734343440124	-0.469766942353454	-0.469766942353454	-0.469766942353454	-0.469766942353454	-0.469766942353454	2.44143025446792	1.81449810475988	-0.469766942353454	-0.469766942353454	1.91386864098775	-0.469766942353454	2.08074510249479	-0.469766942353454	-0.469766942353454	-0.469766942353454	-0.469766942353454	1.97564988819398	-0.469766942353454	-0.469766942353454	-0.469766942353454	-0.469766942353454	-0.469766942353454	2.20593857453891	-0.469766942353454	-0.469766942353454	-0.469766942353454	1.87958936975693	-0.469766942353454	-0.469766942353454	-0.469766942353454	-0.469766942353454	-0.469766942353454	-0.469766942353454	-0.469766942353454	1.95462051250349	-0.469766942353454	2.02999285129185	-0.469766942353454	-0.469766942353454	-0.469766942353454	-0.469766942353454	-0.469766942353454	-0.469766942353454	-0.469766942353454	-0.469766942353454	-0.469766942353454
"Crebl2"	-0.426957834554814	-0.426957834554814	-0.426957834554814	-0.426957834554814	2.05525370293988	-0.426957834554814	-0.426957834554814	-0.426957834554814	-0.426957834554814	2.24983697348963	-0.426957834554814	-0.426957834554814	-0.426957834554814	2.36281343441692	2.76039323885597	-0.426957834554814	2.48417459926999	-0.426957834554814	-0.426957834554814	-0.426957834554814	1.75082867817873	-0.426957834554814	-0.426957834554814	-0.426957834554814	-0.426957834554814	-0.426957834554814	-0.426957834554814	-0.426957834554814	1.73461952508063	-0.426957834554814	-0.426957834554814	-0.426957834554814	-0.426957834554814	-0.426957834554814	-0.426957834554814	-0.426957834554814	-0.426957834554814	2.06475697215369	-0.426957834554814	2.52086255595232	-0.426957834554814	-0.426957834554814	2.41121322735713	-0.426957834554814	-0.426957834554814	-0.426957834554814	2.38699956819025	-0.426957834554814	-0.426957834554814	-0.426957834554814	-0.426957834554814	2.54354893562293	-0.426957834554814
"A430018G15Rik"	-0.201153464372959	-0.201153464372959	-0.201153464372959	-0.201153464372959	-0.201153464372959	5.01267250341194	-0.201153464372959	-0.201153464372959	-0.201153464372959	-0.201153464372959	-0.201153464372959	-0.201153464372959	-0.201153464372959	-0.201153464372959	4.5618254324243	-0.201153464372959	-0.201153464372959	-0.201153464372959	-0.201153464372959	-0.201153464372959	-0.201153464372959	-0.201153464372959	-0.201153464372959	-0.201153464372959	-0.201153464372959	-0.201153464372959	-0.201153464372959	-0.201153464372959	-0.201153464372959	-0.201153464372959	-0.201153464372959	-0.201153464372959	-0.201153464372959	-0.201153464372959	-0.201153464372959	-0.201153464372959	-0.201153464372959	-0.201153464372959	-0.201153464372959	-0.201153464372959	-0.201153464372959	-0.201153464372959	-0.201153464372959	-0.201153464372959	-0.201153464372959	-0.201153464372959	-0.201153464372959	-0.201153464372959	-0.201153464372959	-0.201153464372959	-0.201153464372959	5.10970496338976	-0.201153464372959
"Lsp1"	0.417175061515938	1.15433056659658	0.984954958215247	0.909125420665492	1.00075698826362	0.548460972035128	0.94482306152803	0.97040424807652	-1.31359213077327	-1.31359213077327	0.726681593568745	0.777859584265632	0.833093838426102	0.678565250683343	0.877135791006184	-1.31359213077327	0.756155221923064	-1.31359213077327	0.886407219805931	0.355432813547586	0.409716446539945	-1.31359213077327	0.626400266949783	-1.31359213077327	-1.31359213077327	0.520331990808593	0.504816052833007	0.387366345939089	-0.141415208830899	0.984096325691501	-1.31359213077327	0.618951869730641	0.97159059986529	0.518472121845968	-1.31359213077327	0.924889854298306	-1.31359213077327	0.487868522015067	0.67327142849112	-1.31359213077327	0.950571353047094	0.576982563089193	0.621949904254009	0.846798812423245	-1.31359213077327	0.456878107962116	0.483156110043098	-1.31359213077327	-1.31359213077327	0.568775225000562	-1.31359213077327	-1.31359213077327	-1.31359213077327
"Vrk2"	-1.27576543309003	0.850983095369745	0.73323198450283	0.968034073521536	0.655114882170359	0.719366955462325	0.575851146636513	-1.27576543309003	0.916442000293688	0.840511642116808	-1.27576543309003	0.618315050688107	1.26225134569529	0.844697098941863	0.767253429311788	0.482286096482066	-1.27576543309003	1.02496244635476	-1.27576543309003	0.128429581989762	0.382804232983609	0.466255427291401	0.656713160336246	0.762644808893316	0.674553385405259	-1.27576543309003	-1.27576543309003	0.88603960507718	0.254347839583458	-1.27576543309003	0.678452337777614	0.787277169315118	-1.27576543309003	0.487474323094313	0.50741271534091	-1.27576543309003	0.541988942079223	0.458020397650893	0.433534500505692	0.942002506926719	0.33349123809807	0.910899875825417	0.736726593018737	-1.27576543309003	0.780395341029654	0.868777026944846	0.453485015158376	-1.27576543309003	-1.27576543309003	1.06104825456275	-1.27576543309003	0.871613075986291	-1.27576543309003
"Gnb4"	2.26068936421421	-0.445139318921809	-0.445139318921809	-0.445139318921809	1.96669883014081	-0.445139318921809	-0.445139318921809	-0.445139318921809	-0.445139318921809	-0.445139318921809	-0.445139318921809	-0.445139318921809	-0.445139318921809	2.324367106916	2.61061553067293	2.46696821791547	-0.445139318921809	-0.445139318921809	-0.445139318921809	-0.445139318921809	1.3028044447883	-0.445139318921809	-0.445139318921809	-0.445139318921809	-0.445139318921809	-0.445139318921809	-0.445139318921809	-0.445139318921809	1.28979458918162	2.1777053364667	-0.445139318921809	-0.445139318921809	-0.445139318921809	-0.445139318921809	-0.445139318921809	-0.445139318921809	-0.445139318921809	-0.445139318921809	-0.445139318921809	-0.445139318921809	-0.445139318921809	-0.445139318921809	-0.445139318921809	-0.445139318921809	-0.445139318921809	-0.445139318921809	-0.445139318921809	-0.445139318921809	-0.445139318921809	-0.445139318921809	-0.445139318921809	-0.445139318921809	-0.445139318921809
"Cytip"	0.861361956661149	-0.979678058988047	-0.979678058988047	1.23102459272833	-0.979678058988047	1.18622166825345	1.24494702052024	-0.979678058988047	-0.979678058988047	0.840844570072564	1.51715175361486	-0.979678058988047	0.855784649601361	1.02642109410375	1.19484774529779	1.3869164089954	1.24759581085199	-0.979678058988047	0.906297862575415	-0.979678058988047	0.338888223006597	1.13678930695952	0.46066998819865	-0.979678058988047	0.824858787987181	-0.979678058988047	0.744604081006032	-0.979678058988047	-0.979678058988047	-0.979678058988047	0.745726800322646	1.05293391828629	0.869979064275255	-0.979678058988047	-0.979678058988047	-0.979678058988047	-0.979678058988047	0.728533803182921	0.904339721360019	-0.979678058988047	0.922599764168291	0.813035044890973	0.938704184194795	0.868769114602149	1.24638009568	0.816059461717942	-0.979678058988047	-0.979678058988047	-0.979678058988047	0.805252542254489	-0.979678058988047	0.818849962326968	-0.979678058988047
"Eml5"	-0.667457322983126	1.6826103664018	-0.667457322983126	-0.667457322983126	-0.667457322983126	1.43004156679929	-0.667457322983126	-0.667457322983126	1.52148123589777	-0.667457322983126	1.63079714956935	1.3119261156084	-0.667457322983126	1.57659677492359	1.80027540537858	-0.667457322983126	1.42637234801731	-0.667457322983126	-0.667457322983126	0.976030292304496	-0.667457322983126	-0.667457322983126	1.28041535447043	1.48064214052078	-0.667457322983126	-0.667457322983126	1.38087800136014	1.24857746200189	0.652934554506573	-0.667457322983126	-0.667457322983126	-0.667457322983126	1.52981534813344	-0.667457322983126	-0.667457322983126	-0.667457322983126	1.46006540081446	1.12470655569782	1.33312894994058	-0.667457322983126	-0.667457322983126	-0.667457322983126	-0.667457322983126	-0.667457322983126	-0.667457322983126	-0.667457322983126	-0.667457322983126	-0.667457322983126	-0.667457322983126	1.45292443892442	1.49744443173489	-0.667457322983126	-0.667457322983126
"Myo1g"	0.893402477379647	1.03329877406456	-0.983278385071956	0.79656190888548	-0.983278385071956	0.816571198646406	0.876343043707127	1.02034728285127	-0.983278385071956	0.991777521234641	-0.983278385071956	0.918990526338562	1.21108014125065	0.738520635615069	1.06857279055501	-0.983278385071956	-0.983278385071956	1.12327571981611	0.939208301234319	-0.983278385071956	-0.983278385071956	-0.983278385071956	-0.983278385071956	0.859991208064375	0.652529010878285	-0.983278385071956	-0.983278385071956	-0.983278385071956	-0.983278385071956	1.23765377075397	0.775528730430945	0.884707286001729	0.902186404296834	-0.983278385071956	0.807608741593607	1.06105007077876	1.16564017577947	0.758002892629463	0.733411138843794	-0.983278385071956	-0.983278385071956	-0.983278385071956	-0.983278385071956	1.10494280148637	-0.983278385071956	0.524695445542564	-0.983278385071956	0.741772701230118	-0.983278385071956	-0.983278385071956	1.28247684717149	1.05401083305198	-0.983278385071956
"Gm13544"	-0.231545037217487	-0.231545037217487	-0.231545037217487	-0.231545037217487	-0.231545037217487	5.23381293173289	-0.231545037217487	-0.231545037217487	-0.231545037217487	-0.231545037217487	-0.231545037217487	-0.231545037217487	-0.231545037217487	-0.231545037217487	4.00101063126978	-0.231545037217487	-0.231545037217487	-0.231545037217487	-0.231545037217487	-0.231545037217487	-0.231545037217487	-0.231545037217487	-0.231545037217487	-0.231545037217487	-0.231545037217487	-0.231545037217487	-0.231545037217487	-0.231545037217487	3.50748701790868	-0.231545037217487	-0.231545037217487	-0.231545037217487	-0.231545037217487	-0.231545037217487	-0.231545037217487	-0.231545037217487	-0.231545037217487	-0.231545037217487	-0.231545037217487	-0.231545037217487	3.92893209874774	-0.231545037217487	-0.231545037217487	-0.231545037217487	-0.231545037217487	-0.231545037217487	-0.231545037217487	-0.231545037217487	-0.231545037217487	-0.231545037217487	-0.231545037217487	-0.231545037217487	-0.231545037217487
"Nedd4l"	1.09612114316799	-1.12116850297331	-1.12116850297331	0.507225445932837	0.6715778129304	-1.12116850297331	0.799904196052494	-1.12116850297331	1.0299392462026	0.795921651721481	0.916116763568996	0.967219792135239	0.811654210558057	0.657527440546145	0.78778895523311	-1.12116850297331	0.734904612655494	1.05499677308404	-1.12116850297331	0.54541176416857	0.897499742821718	0.686197423997621	0.395581147109483	-1.12116850297331	0.779087922240844	1.00815662327151	0.905170278906732	0.577298522437165	0.905497100300763	-1.12116850297331	1.11714414073106	0.598096646153427	1.03733323542921	-1.12116850297331	-1.12116850297331	0.990714874792896	-1.12116850297331	0.467493287472807	-1.12116850297331	1.09227651180809	0.758806117690435	0.889849699652205	-1.12116850297331	0.825327421546835	1.01212106205772	0.857235940635013	0.672947980040015	-1.12116850297331	-1.12116850297331	0.758441685789466	1.00861302435056	0.983443025152112	-1.12116850297331
"Arhgap22"	1.45340311620324	1.77016493655077	-0.723837744167121	1.44003245437509	1.74429950718116	-0.723837744167121	-0.723837744167121	-0.723837744167121	-0.723837744167121	-0.723837744167121	-0.723837744167121	1.57370916996548	-0.723837744167121	1.37663697695553	1.29186578657112	-0.723837744167121	-0.723837744167121	1.57401546967041	-0.723837744167121	1.16580570991061	0.742313683499128	1.18459340743865	-0.723837744167121	-0.723837744167121	1.06051959718073	0.858261796411016	-0.723837744167121	-0.723837744167121	0.512072639290168	-0.723837744167121	-0.723837744167121	1.09156616463766	1.55536421316225	-0.723837744167121	-0.723837744167121	-0.723837744167121	-0.723837744167121	-0.723837744167121	-0.723837744167121	-0.723837744167121	-0.723837744167121	1.04739847942991	0.964962258168505	1.33150334829979	-0.723837744167121	1.27289398304963	-0.723837744167121	-0.723837744167121	-0.723837744167121	1.26087746130448	1.3025489698346	-0.723837744167121	-0.723837744167121
"Gm42477"	-0.314665059229263	-0.314665059229263	-0.314665059229263	-0.314665059229263	-0.314665059229263	3.38671849046828	-0.314665059229263	-0.314665059229263	-0.314665059229263	-0.314665059229263	-0.314665059229263	3.17828424998654	-0.314665059229263	-0.314665059229263	3.06665450246909	-0.314665059229263	-0.314665059229263	-0.314665059229263	-0.314665059229263	-0.314665059229263	2.44945588410407	-0.314665059229263	-0.314665059229263	3.47601156809055	-0.314665059229263	-0.314665059229263	-0.314665059229263	-0.314665059229263	-0.314665059229263	-0.314665059229263	-0.314665059229263	-0.314665059229263	-0.314665059229263	-0.314665059229263	3.36828723298977	-0.314665059229263	-0.314665059229263	-0.314665059229263	-0.314665059229263	-0.314665059229263	-0.314665059229263	-0.314665059229263	-0.314665059229263	-0.314665059229263	-0.314665059229263	2.78647715871086	-0.314665059229263	-0.314665059229263	-0.314665059229263	-0.314665059229263	-0.314665059229263	-0.314665059229263	-0.314665059229263
"Ctnna1"	-1.21336724458281	-1.21336724458281	0.869455213525317	0.747020213775873	0.701105815638031	0.644589522519124	1.12753575597642	-1.21336724458281	0.725586443571464	0.492040899662201	1.03305910310829	-1.21336724458281	0.92859622428994	1.19573547906822	1.07481786442051	0.609287765442783	0.641339342078421	-1.21336724458281	-1.21336724458281	0.451986007204633	0.661097514521763	-1.21336724458281	0.635029742587321	-1.21336724458281	0.475251320254285	0.771599681883806	0.601040617893958	0.483849288931012	0.372973414626305	0.868598925426195	0.602222020118204	-1.21336724458281	0.732968769398416	0.948325620170738	0.84581842013829	0.686426592529987	0.88170403301041	0.584130369995351	-1.21336724458281	0.664713543169118	-1.21336724458281	0.46283420933596	0.873078239137738	-1.21336724458281	-1.21336724458281	0.886755481352176	0.579428324871349	-1.21336724458281	-1.21336724458281	0.875372076044016	-1.21336724458281	1.16821495226116	-1.21336724458281
"Idi1"	-0.233407766015895	-0.233407766015895	-0.233407766015895	-0.233407766015895	-0.233407766015895	-0.233407766015895	-0.233407766015895	-0.233407766015895	-0.233407766015895	-0.233407766015895	-0.233407766015895	-0.233407766015895	4.30792788773229	-0.233407766015895	-0.233407766015895	-0.233407766015895	4.12759800909126	-0.233407766015895	-0.233407766015895	-0.233407766015895	-0.233407766015895	-0.233407766015895	-0.233407766015895	-0.233407766015895	-0.233407766015895	-0.233407766015895	-0.233407766015895	-0.233407766015895	-0.233407766015895	4.66195765527777	-0.233407766015895	-0.233407766015895	-0.233407766015895	-0.233407766015895	-0.233407766015895	-0.233407766015895	-0.233407766015895	-0.233407766015895	-0.233407766015895	-0.233407766015895	-0.233407766015895	3.70787560104315	-0.233407766015895	-0.233407766015895	-0.233407766015895	-0.233407766015895	-0.233407766015895	-0.233407766015895	-0.233407766015895	-0.233407766015895	-0.233407766015895	-0.233407766015895	-0.233407766015895
"Cd200"	2.94194298216812	-0.313819404564847	-0.313819404564847	-0.313819404564847	-0.313819404564847	-0.313819404564847	-0.313819404564847	-0.313819404564847	-0.313819404564847	-0.313819404564847	-0.313819404564847	2.99165883165284	-0.313819404564847	3.4336465168455	-0.313819404564847	-0.313819404564847	-0.313819404564847	-0.313819404564847	-0.313819404564847	-0.313819404564847	2.30194761969613	3.09102076422236	-0.313819404564847	-0.313819404564847	-0.313819404564847	-0.313819404564847	-0.313819404564847	-0.313819404564847	-0.313819404564847	-0.313819404564847	-0.313819404564847	-0.313819404564847	-0.313819404564847	3.13249383174421	-0.313819404564847	-0.313819404564847	-0.313819404564847	-0.313819404564847	-0.313819404564847	-0.313819404564847	-0.313819404564847	-0.313819404564847	-0.313819404564847	-0.313819404564847	-0.313819404564847	-0.313819404564847	-0.313819404564847	-0.313819404564847	-0.313819404564847	-0.313819404564847	-0.313819404564847	-0.313819404564847	-0.313819404564847
"Gm17655"	-0.404558524745773	2.56348438605108	-0.404558524745773	-0.404558524745773	-0.404558524745773	-0.404558524745773	-0.404558524745773	-0.404558524745773	-0.404558524745773	-0.404558524745773	-0.404558524745773	2.37655937237646	-0.404558524745773	-0.404558524745773	-0.404558524745773	2.48652125866406	2.87123470378094	-0.404558524745773	-0.404558524745773	1.90461145791689	-0.404558524745773	-0.404558524745773	1.99952548918332	-0.404558524745773	-0.404558524745773	1.97030761331264	-0.404558524745773	-0.404558524745773	-0.404558524745773	-0.404558524745773	-0.404558524745773	-0.404558524745773	-0.404558524745773	-0.404558524745773	-0.404558524745773	-0.404558524745773	-0.404558524745773	2.11350792988832	-0.404558524745773	-0.404558524745773	2.24183115731419	-0.404558524745773	-0.404558524745773	-0.404558524745773	-0.404558524745773	-0.404558524745773	-0.404558524745773	-0.404558524745773	-0.404558524745773	-0.404558524745773	-0.404558524745773	-0.404558524745773	-0.404558524745773
"Akap13"	0.827049394556262	0.690577016509657	-1.95757499109058	0.416111308561945	0.288501257667101	0.599604442750629	0.668938798895065	0.59945145632701	0.21794812920279	0.329998486177412	0.799381982574897	0.245694240164608	-1.95757499109058	0.585134153077859	0.869788535243279	0.0874599877509191	0.497837397041734	0.718722552591561	0.643704307821297	-0.32415988655608	0.381783989368252	0.0688124801678364	0.405055021275026	-1.95757499109058	0.311112892413308	0.269575387965921	0.314321064296768	0.49494358052163	0.166363872825464	0.378409393783932	0.628091733638076	0.344159887640709	0.837237555762123	-1.95757499109058	0.11668826326049	0.410232188187495	0.393113439949434	0.371382762379348	0.0307502057172276	0.524101342041133	0.150220093871248	0.471290563174274	0.498161897356233	0.461070165123228	-1.95757499109058	0.537041503711239	0.526356750270608	0.588909506782125	0.558294814770707	-1.95757499109058	0.666695825098	0.402079115926332	0.532459141708
"Myo18a"	1.13852804584593	1.29621942962475	-0.749796277104317	1.02944155683714	1.20901846429023	-0.749796277104317	1.3492321736921	-0.749796277104317	-0.749796277104317	-0.749796277104317	1.47620992194751	1.16736296580221	-0.749796277104317	1.19366655626833	1.33599465530926	-0.749796277104317	-0.749796277104317	-0.749796277104317	-0.749796277104317	-0.749796277104317	0.767334246674384	-0.749796277104317	-0.749796277104317	-0.749796277104317	1.09660439939093	-0.749796277104317	-0.749796277104317	1.10600575000484	0.889693191205169	-0.749796277104317	1.23543906045984	1.12873047740623	-0.749796277104317	-0.749796277104317	-0.749796277104317	-0.749796277104317	1.31084532214267	0.986028868154689	-0.749796277104317	1.53395256021783	1.0744882829079	1.31288332225462	-0.749796277104317	-0.749796277104317	-0.749796277104317	-0.749796277104317	-0.749796277104317	1.19733729169017	1.33704848456923	-0.749796277104317	-0.749796277104317	-0.749796277104317	1.44652917909099
"Pde4c"	-0.160418599920215	-0.160418599920215	-0.160418599920215	-0.160418599920215	-0.160418599920215	-0.160418599920215	-0.160418599920215	7.08345037250975	-0.160418599920215	-0.160418599920215	-0.160418599920215	-0.160418599920215	-0.160418599920215	-0.160418599920215	-0.160418599920215	-0.160418599920215	-0.160418599920215	-0.160418599920215	-0.160418599920215	-0.160418599920215	-0.160418599920215	-0.160418599920215	-0.160418599920215	-0.160418599920215	-0.160418599920215	-0.160418599920215	-0.160418599920215	-0.160418599920215	-0.160418599920215	-0.160418599920215	-0.160418599920215	-0.160418599920215	-0.160418599920215	-0.160418599920215	-0.160418599920215	-0.160418599920215	-0.160418599920215	-0.160418599920215	-0.160418599920215	-0.160418599920215	-0.160418599920215	-0.160418599920215	-0.160418599920215	-0.160418599920215	-0.160418599920215	4.78752602158617	-0.160418599920215	-0.160418599920215	-0.160418599920215	-0.160418599920215	-0.160418599920215	-0.160418599920215	-0.160418599920215
"Lrrc34"	-0.160476663473115	-0.160476663473115	-0.160476663473115	-0.160476663473115	-0.160476663473115	-0.160476663473115	-0.160476663473115	-0.160476663473115	-0.160476663473115	7.07413121001252	-0.160476663473115	-0.160476663473115	-0.160476663473115	-0.160476663473115	-0.160476663473115	-0.160476663473115	-0.160476663473115	-0.160476663473115	-0.160476663473115	-0.160476663473115	-0.160476663473115	-0.160476663473115	-0.160476663473115	-0.160476663473115	-0.160476663473115	-0.160476663473115	-0.160476663473115	-0.160476663473115	4.80114188699798	-0.160476663473115	-0.160476663473115	-0.160476663473115	-0.160476663473115	-0.160476663473115	-0.160476663473115	-0.160476663473115	-0.160476663473115	-0.160476663473115	-0.160476663473115	-0.160476663473115	-0.160476663473115	-0.160476663473115	-0.160476663473115	-0.160476663473115	-0.160476663473115	-0.160476663473115	-0.160476663473115	-0.160476663473115	-0.160476663473115	-0.160476663473115	-0.160476663473115	-0.160476663473115	-0.160476663473115
"Yes1"	2.72644282181693	-0.336016727928529	-0.336016727928529	-0.336016727928529	-0.336016727928529	-0.336016727928529	-0.336016727928529	-0.336016727928529	-0.336016727928529	-0.336016727928529	-0.336016727928529	-0.336016727928529	-0.336016727928529	-0.336016727928529	2.67384050082551	-0.336016727928529	3.54473929739326	-0.336016727928529	-0.336016727928529	-0.336016727928529	2.71324537575783	-0.336016727928529	-0.336016727928529	-0.336016727928529	-0.336016727928529	-0.336016727928529	-0.336016727928529	-0.336016727928529	1.73806026208286	-0.336016727928529	-0.336016727928529	-0.336016727928529	-0.336016727928529	-0.336016727928529	-0.336016727928529	-0.336016727928529	-0.336016727928529	-0.336016727928529	-0.336016727928529	-0.336016727928529	-0.336016727928529	-0.336016727928529	-0.336016727928529	3.11321043576397	-0.336016727928529	-0.336016727928529	3.21631683053421	-0.336016727928529	-0.336016727928529	-0.336016727928529	-0.336016727928529	-0.336016727928529	-0.336016727928529
"Ezh2"	1.02468232745717	-0.794925537747411	1.39963649300268	1.36270232853854	1.09260758704521	-0.794925537747411	-0.794925537747411	1.38434721051	1.24804942962992	1.22352578361322	-0.794925537747411	-0.794925537747411	-0.794925537747411	1.0778143376849	-0.794925537747411	-0.794925537747411	1.15928262695903	-0.794925537747411	1.29609521100229	-0.794925537747411	1.10875634972288	-0.794925537747411	0.802018313790067	-0.794925537747411	-0.794925537747411	-0.794925537747411	-0.794925537747411	0.993343523742304	1.00588223368609	-0.794925537747411	1.11806673302417	-0.794925537747411	1.60755614125866	1.13117898889136	-0.794925537747411	1.20678872500725	-0.794925537747411	-0.794925537747411	1.07225691882707	-0.794925537747411	0.962972982874977	0.971201023994926	-0.794925537747411	1.25448630720375	-0.794925537747411	0.845244243841489	-0.794925537747411	-0.794925537747411	-0.794925537747411	-0.794925537747411	-0.794925537747411	-0.794925537747411	1.32147524471888
"Grk3"	0.389038244628234	0.747388627234046	0.748541482910451	0.92593251551432	0.977293219366231	-1.35558811255099	0.920911400206385	0.733882233668255	-1.35558811255099	0.792391452173145	0.913819029570296	-1.35558811255099	1.08967893179132	0.776961860723032	0.695873460231511	-1.35558811255099	-1.35558811255099	0.841220605432896	-1.35558811255099	0.450961230462284	-1.35558811255099	0.681503560011661	0.511717854756055	0.566655755954666	0.562694440361748	0.156941078839772	0.477381023542848	0.852601033481304	0.246980707720693	-1.35558811255099	-1.35558811255099	0.379986252908164	0.610658791397914	0.491146443896095	0.512028980052987	0.900818577283103	-1.35558811255099	0.844643668714304	0.771623042645833	0.754371689557967	0.542220239462124	0.550125409072862	0.25894955492093	-1.35558811255099	-1.35558811255099	0.553340464526917	0.792558069027014	0.655917817203894	0.572451647519925	-1.35558811255099	-1.35558811255099	0.556306859278657	-1.35558811255099
"Gm15614"	-0.25959773652182	-0.25959773652182	-0.25959773652182	-0.25959773652182	-0.25959773652182	3.88014462009416	-0.25959773652182	-0.25959773652182	-0.25959773652182	-0.25959773652182	-0.25959773652182	-0.25959773652182	4.04378391132929	-0.25959773652182	-0.25959773652182	-0.25959773652182	-0.25959773652182	-0.25959773652182	-0.25959773652182	-0.25959773652182	-0.25959773652182	-0.25959773652182	-0.25959773652182	-0.25959773652182	-0.25959773652182	-0.25959773652182	-0.25959773652182	-0.25959773652182	2.34640229961781	-0.25959773652182	-0.25959773652182	-0.25959773652182	-0.25959773652182	-0.25959773652182	-0.25959773652182	-0.25959773652182	-0.25959773652182	-0.25959773652182	-0.25959773652182	-0.25959773652182	-0.25959773652182	-0.25959773652182	-0.25959773652182	4.07422697515732	-0.25959773652182	-0.25959773652182	-0.25959773652182	-0.25959773652182	-0.25959773652182	-0.25959773652182	-0.25959773652182	-0.25959773652182	-0.25959773652182
"Tap1"	-0.836521738222587	1.09344750194649	-0.836521738222587	0.841800807962433	0.794605560520225	-0.836521738222587	1.36062249913474	-0.836521738222587	1.16335510173019	0.922471409050083	-0.836521738222587	-0.836521738222587	-0.836521738222587	1.21371023370593	0.914104952371503	1.04340224554409	1.07646090299898	-0.836521738222587	-0.836521738222587	1.1678269300437	-0.836521738222587	1.02626029095378	0.72673335515464	-0.836521738222587	0.905154290433185	-0.836521738222587	-0.836521738222587	-0.836521738222587	0.799662748291721	-0.836521738222587	1.38023577130119	0.935458232955664	-0.836521738222587	-0.836521738222587	-0.836521738222587	1.12296482338971	1.10724383917732	-0.836521738222587	1.42548433291585	-0.836521738222587	1.1010952581038	0.892347026032599	-0.836521738222587	-0.836521738222587	-0.836521738222587	-0.836521738222587	-0.836521738222587	1.00017378758143	1.13196080362295	1.44494059657377	1.57587203415515	-0.836521738222587	-0.836521738222587
"Sspo"	2.12298766248827	-0.407169584799784	2.64435988641474	-0.407169584799784	2.21743745637355	-0.407169584799784	-0.407169584799784	-0.407169584799784	2.43357869870836	-0.407169584799784	-0.407169584799784	-0.407169584799784	-0.407169584799784	-0.407169584799784	-0.407169584799784	-0.407169584799784	-0.407169584799784	-0.407169584799784	-0.407169584799784	-0.407169584799784	-0.407169584799784	-0.407169584799784	-0.407169584799784	-0.407169584799784	-0.407169584799784	-0.407169584799784	-0.407169584799784	-0.407169584799784	-0.407169584799784	-0.407169584799784	2.25283829407063	2.10985994470579	-0.407169584799784	-0.407169584799784	2.30135588402962	-0.407169584799784	-0.407169584799784	-0.407169584799784	-0.407169584799784	-0.407169584799784	-0.407169584799784	-0.407169584799784	-0.407169584799784	-0.407169584799784	-0.407169584799784	-0.407169584799784	-0.407169584799784	-0.407169584799784	-0.407169584799784	-0.407169584799784	2.40238435116047	-0.407169584799784	2.53567699237806
"Pgap6"	2.03640580571626	-0.488593681529876	-0.488593681529876	1.63226187179662	-0.488593681529876	2.20738261209855	-0.488593681529876	2.20720499439967	-0.488593681529876	-0.488593681529876	-0.488593681529876	1.79666450563575	-0.488593681529876	-0.488593681529876	-0.488593681529876	-0.488593681529876	-0.488593681529876	-0.488593681529876	-0.488593681529876	1.40886259455874	-0.488593681529876	-0.488593681529876	1.48685391857019	-0.488593681529876	-0.488593681529876	-0.488593681529876	-0.488593681529876	1.99756936342655	-0.488593681529876	-0.488593681529876	-0.488593681529876	-0.488593681529876	-0.488593681529876	-0.488593681529876	-0.488593681529876	1.9875620284143	-0.488593681529876	-0.488593681529876	-0.488593681529876	-0.488593681529876	1.95992598843445	-0.488593681529876	-0.488593681529876	-0.488593681529876	-0.488593681529876	-0.488593681529876	-0.488593681529876	-0.488593681529876	1.99893003075607	-0.488593681529876	-0.488593681529876	-0.488593681529876	2.12943126815622
"Nrbp1"	1.44722160767681	-0.627589799301424	-0.627589799301424	1.32736195804362	1.27238776244862	-0.627589799301424	-0.627589799301424	-0.627589799301424	-0.627589799301424	-0.627589799301424	1.81825226165406	1.47890420590291	-0.627589799301424	1.50780548566735	1.41158362002221	-0.627589799301424	-0.627589799301424	-0.627589799301424	-0.627589799301424	-0.627589799301424	-0.627589799301424	-0.627589799301424	-0.627589799301424	1.65845471043413	1.40115766684325	1.17119812269185	-0.627589799301424	1.41148747579486	0.777594017145842	-0.627589799301424	-0.627589799301424	-0.627589799301424	-0.627589799301424	-0.627589799301424	-0.627589799301424	-0.627589799301424	1.63655658903282	1.53196760869637	-0.627589799301424	1.62878219536174	-0.627589799301424	-0.627589799301424	-0.627589799301424	-0.627589799301424	1.93350924364499	-0.627589799301424	1.5263184571771	1.76461035925152	-0.627589799301424	-0.627589799301424	-0.627589799301424	-0.627589799301424	-0.627589799301424
"5930403N24Rik"	-0.16329477261119	6.13546425028032	-0.16329477261119	-0.16329477261119	-0.16329477261119	-0.16329477261119	-0.16329477261119	-0.16329477261119	-0.16329477261119	-0.16329477261119	-0.16329477261119	-0.16329477261119	-0.16329477261119	-0.16329477261119	-0.16329477261119	-0.16329477261119	-0.16329477261119	-0.16329477261119	-0.16329477261119	-0.16329477261119	-0.16329477261119	-0.16329477261119	-0.16329477261119	-0.16329477261119	-0.16329477261119	-0.16329477261119	-0.16329477261119	-0.16329477261119	-0.16329477261119	-0.16329477261119	5.94834892294776	-0.16329477261119	-0.16329477261119	-0.16329477261119	-0.16329477261119	-0.16329477261119	-0.16329477261119	-0.16329477261119	-0.16329477261119	-0.16329477261119	-0.16329477261119	-0.16329477261119	-0.16329477261119	-0.16329477261119	-0.16329477261119	-0.16329477261119	-0.16329477261119	-0.16329477261119	-0.16329477261119	-0.16329477261119	-0.16329477261119	-0.16329477261119	-0.16329477261119
"Gm38381"	-0.262203565633911	-0.262203565633911	-0.262203565633911	-0.262203565633911	-0.262203565633911	-0.262203565633911	-0.262203565633911	-0.262203565633911	-0.262203565633911	-0.262203565633911	-0.262203565633911	3.82990280543494	-0.262203565633911	-0.262203565633911	3.69912484086164	-0.262203565633911	-0.262203565633911	-0.262203565633911	-0.262203565633911	-0.262203565633911	2.9760561173154	-0.262203565633911	-0.262203565633911	-0.262203565633911	-0.262203565633911	-0.262203565633911	-0.262203565633911	-0.262203565633911	-0.262203565633911	-0.262203565633911	3.97520874269428	-0.262203565633911	-0.262203565633911	-0.262203565633911	-0.262203565633911	-0.262203565633911	4.13616065370142	-0.262203565633911	-0.262203565633911	-0.262203565633911	-0.262203565633911	-0.262203565633911	-0.262203565633911	-0.262203565633911	-0.262203565633911	-0.262203565633911	-0.262203565633911	-0.262203565633911	-0.262203565633911	-0.262203565633911	-0.262203565633911	-0.262203565633911	-0.262203565633911
"Gm29358"	-0.163305146712277	-0.163305146712277	-0.163305146712277	-0.163305146712277	-0.163305146712277	-0.163305146712277	-0.163305146712277	-0.163305146712277	-0.163305146712277	-0.163305146712277	-0.163305146712277	6.10545097409146	-0.163305146712277	-0.163305146712277	-0.163305146712277	-0.163305146712277	-0.163305146712277	-0.163305146712277	-0.163305146712277	-0.163305146712277	-0.163305146712277	-0.163305146712277	-0.163305146712277	-0.163305146712277	-0.163305146712277	-0.163305146712277	-0.163305146712277	-0.163305146712277	-0.163305146712277	-0.163305146712277	-0.163305146712277	5.97912988261707	-0.163305146712277	-0.163305146712277	-0.163305146712277	-0.163305146712277	-0.163305146712277	-0.163305146712277	-0.163305146712277	-0.163305146712277	-0.163305146712277	-0.163305146712277	-0.163305146712277	-0.163305146712277	-0.163305146712277	-0.163305146712277	-0.163305146712277	-0.163305146712277	-0.163305146712277	-0.163305146712277	-0.163305146712277	-0.163305146712277	-0.163305146712277
"Gm45266"	-0.262563315067528	-0.262563315067528	-0.262563315067528	-0.262563315067528	-0.262563315067528	3.84484071242709	-0.262563315067528	-0.262563315067528	-0.262563315067528	-0.262563315067528	-0.262563315067528	-0.262563315067528	-0.262563315067528	3.66672294089596	-0.262563315067528	-0.262563315067528	-0.262563315067528	-0.262563315067528	-0.262563315067528	-0.262563315067528	-0.262563315067528	-0.262563315067528	3.08806194245421	-0.262563315067528	-0.262563315067528	-0.262563315067528	-0.262563315067528	-0.262563315067528	-0.262563315067528	-0.262563315067528	-0.262563315067528	-0.262563315067528	-0.262563315067528	-0.262563315067528	-0.262563315067528	-0.262563315067528	-0.262563315067528	-0.262563315067528	-0.262563315067528	-0.262563315067528	-0.262563315067528	-0.262563315067528	-0.262563315067528	-0.262563315067528	-0.262563315067528	-0.262563315067528	-0.262563315067528	-0.262563315067528	-0.262563315067528	-0.262563315067528	-0.262563315067528	-0.262563315067528	-0.262563315067528
"Nck2"	-1.15272704252614	0.654630121786652	-1.15272704252614	1.09418635654283	0.984268267038722	-1.15272704252614	0.701459167367727	1.04851787147673	0.720096450824052	-1.15272704252614	1.01708240972624	0.862949292709742	1.03521791019561	0.564039580486306	0.689765746047317	-1.15272704252614	0.842031301043611	-1.15272704252614	0.764140685113452	-1.15272704252614	0.389537727231671	-1.15272704252614	-1.15272704252614	1.00753915492743	-1.15272704252614	0.614752180594273	0.599798400513439	0.808624347856991	0.498098422887089	0.858231331247533	-1.15272704252614	0.82874725951217	1.04966124055798	0.612959696537555	0.836227780696416	-1.15272704252614	0.667549969635222	0.950942954596122	0.558945017525169	1.06811866394895	-1.15272704252614	0.669350246187889	0.916070554344492	1.04843010424798	-1.15272704252614	-1.15272704252614	0.578923219035309	-1.15272704252614	-1.15272704252614	0.864773475950911	0.699530916282823	-1.15272704252614	1.10990155928879
"Crhr2"	-0.16331113287141	6.00729436890061	-0.16331113287141	-0.16331113287141	-0.16331113287141	-0.16331113287141	-0.16331113287141	-0.16331113287141	-0.16331113287141	-0.16331113287141	-0.16331113287141	-0.16331113287141	-0.16331113287141	-0.16331113287141	-0.16331113287141	-0.16331113287141	-0.16331113287141	-0.16331113287141	-0.16331113287141	-0.16331113287141	-0.16331113287141	-0.16331113287141	-0.16331113287141	-0.16331113287141	-0.16331113287141	-0.16331113287141	-0.16331113287141	-0.16331113287141	-0.16331113287141	-0.16331113287141	-0.16331113287141	-0.16331113287141	-0.16331113287141	-0.16331113287141	-0.16331113287141	-0.16331113287141	-0.16331113287141	-0.16331113287141	-0.16331113287141	-0.16331113287141	-0.16331113287141	-0.16331113287141	-0.16331113287141	-0.16331113287141	-0.16331113287141	-0.16331113287141	-0.16331113287141	-0.16331113287141	-0.16331113287141	-0.16331113287141	-0.16331113287141	6.07772946358375	-0.16331113287141
"Gm20522"	-0.163281612295814	-0.163281612295814	-0.163281612295814	-0.163281612295814	-0.163281612295814	-0.163281612295814	-0.163281612295814	-0.163281612295814	-0.163281612295814	-0.163281612295814	-0.163281612295814	-0.163281612295814	5.91978162212792	-0.163281612295814	-0.163281612295814	-0.163281612295814	-0.163281612295814	-0.163281612295814	-0.163281612295814	-0.163281612295814	-0.163281612295814	-0.163281612295814	-0.163281612295814	-0.163281612295814	-0.163281612295814	-0.163281612295814	-0.163281612295814	-0.163281612295814	-0.163281612295814	-0.163281612295814	-0.163281612295814	-0.163281612295814	-0.163281612295814	-0.163281612295814	-0.163281612295814	-0.163281612295814	-0.163281612295814	-0.163281612295814	-0.163281612295814	-0.163281612295814	-0.163281612295814	-0.163281612295814	-0.163281612295814	-0.163281612295814	-0.163281612295814	-0.163281612295814	-0.163281612295814	-0.163281612295814	-0.163281612295814	-0.163281612295814	-0.163281612295814	-0.163281612295814	6.16305768776234
"Zfp513"	-0.428345649095301	2.31355721997995	-0.428345649095301	-0.428345649095301	-0.428345649095301	2.29418700726311	-0.428345649095301	-0.428345649095301	-0.428345649095301	-0.428345649095301	-0.428345649095301	-0.428345649095301	-0.428345649095301	2.17612424878472	-0.428345649095301	2.24245803909284	-0.428345649095301	-0.428345649095301	-0.428345649095301	-0.428345649095301	-0.428345649095301	-0.428345649095301	-0.428345649095301	-0.428345649095301	2.04604948662846	2.07288626363972	-0.428345649095301	-0.428345649095301	-0.428345649095301	-0.428345649095301	-0.428345649095301	-0.428345649095301	-0.428345649095301	-0.428345649095301	-0.428345649095301	-0.428345649095301	-0.428345649095301	1.89786520566276	-0.428345649095301	2.32367547780611	-0.428345649095301	-0.428345649095301	-0.428345649095301	-0.428345649095301	-0.428345649095301	-0.428345649095301	-0.428345649095301	2.18104346810043	-0.428345649095301	-0.428345649095301	-0.428345649095301	-0.428345649095301	-0.428345649095301
"Scrn1"	-0.162953578628293	-0.162953578628293	-0.162953578628293	-0.162953578628293	-0.162953578628293	-0.162953578628293	-0.162953578628293	-0.162953578628293	-0.162953578628293	5.62275998133033	-0.162953578628293	-0.162953578628293	-0.162953578628293	-0.162953578628293	-0.162953578628293	-0.162953578628293	-0.162953578628293	-0.162953578628293	-0.162953578628293	-0.162953578628293	-0.162953578628293	-0.162953578628293	-0.162953578628293	-0.162953578628293	-0.162953578628293	-0.162953578628293	-0.162953578628293	-0.162953578628293	-0.162953578628293	-0.162953578628293	-0.162953578628293	-0.162953578628293	-0.162953578628293	-0.162953578628293	-0.162953578628293	-0.162953578628293	-0.162953578628293	-0.162953578628293	-0.162953578628293	-0.162953578628293	-0.162953578628293	-0.162953578628293	-0.162953578628293	6.43580483716337	-0.162953578628293	-0.162953578628293	-0.162953578628293	-0.162953578628293	-0.162953578628293	-0.162953578628293	-0.162953578628293	-0.162953578628293	-0.162953578628293
"Srrm2"	0.838058541300235	0.63235432394317	0.499799920954734	0.535355910828584	0.411862186978105	-1.76176221067824	0.551255856681135	0.712782041607753	0.343584896104373	-1.76176221067824	0.448726240360021	0.504173877622171	0.33538263021918	0.39659567621786	0.309488430647212	0.579588547665805	0.614445754703183	-1.76176221067824	0.393097517854844	0.663522798184057	0.467377704525536	0.561511615516133	0.340078703658789	0.761673925513749	0.433744436515463	0.319971262439583	-1.76176221067824	0.443104126052967	0.322346839480822	-1.76176221067824	0.438133552679149	0.789415767379444	0.714067367638596	0.22314639430853	-1.76176221067824	0.66347050041482	0.513099886199902	0.552224740310744	0.524608460100403	0.506066347985682	0.411723583457991	0.74388045095008	0.201634643363974	0.35021829190862	-1.76176221067824	0.289993817668791	0.547109860675034	-1.76176221067824	-1.76176221067824	-1.76176221067824	0.549086224099017	-1.76176221067824	0.647950703138326
"Hspd1-ps4"	-0.19815192677941	-0.19815192677941	-0.19815192677941	-0.19815192677941	-0.19815192677941	-0.19815192677941	-0.19815192677941	-0.19815192677941	-0.19815192677941	-0.19815192677941	-0.19815192677941	-0.19815192677941	-0.19815192677941	-0.19815192677941	-0.19815192677941	-0.19815192677941	-0.19815192677941	5.41665521741522	-0.19815192677941	3.56076851452603	-0.19815192677941	-0.19815192677941	-0.19815192677941	-0.19815192677941	-0.19815192677941	-0.19815192677941	-0.19815192677941	-0.19815192677941	-0.19815192677941	-0.19815192677941	-0.19815192677941	-0.19815192677941	-0.19815192677941	-0.19815192677941	-0.19815192677941	-0.19815192677941	-0.19815192677941	-0.19815192677941	-0.19815192677941	-0.19815192677941	-0.19815192677941	-0.19815192677941	-0.19815192677941	-0.19815192677941	-0.19815192677941	-0.19815192677941	-0.19815192677941	-0.19815192677941	-0.19815192677941	-0.19815192677941	-0.19815192677941	-0.19815192677941	-0.19815192677941
"Crybg1"	0.898335957434219	-0.859135494416865	-0.859135494416865	1.13588792556525	-0.859135494416865	1.2458575985439	1.09443918238145	1.24571891630466	-0.859135494416865	-0.859135494416865	1.21261791093299	-0.859135494416865	1.10638799139931	0.949653602812827	0.868148757916363	-0.859135494416865	-0.859135494416865	-0.859135494416865	-0.859135494416865	0.622380631967918	-0.859135494416865	0.978808643995512	1.0219188161	1.07726120651148	-0.859135494416865	-0.859135494416865	1.20148622640746	-0.859135494416865	0.331127116297195	-0.859135494416865	-0.859135494416865	-0.859135494416865	-0.859135494416865	-0.859135494416865	1.36181959045734	-0.859135494416865	1.27295132725142	0.970120157650918	-0.859135494416865	1.05212706758735	-0.859135494416865	-0.859135494416865	1.10627030110146	1.12029253480974	-0.859135494416865	0.725025369279573	1.17946280052869	-0.859135494416865	1.2973626401629	1.05227518196261	-0.859135494416865	-0.859135494416865	-0.859135494416865
"Slc25a38"	-0.380349445631897	-0.380349445631897	-0.380349445631897	-0.380349445631897	-0.380349445631897	-0.380349445631897	-0.380349445631897	-0.380349445631897	-0.380349445631897	-0.380349445631897	-0.380349445631897	-0.380349445631897	-0.380349445631897	2.51852746226751	2.38790277356602	2.59235956648732	-0.380349445631897	-0.380349445631897	-0.380349445631897	1.99401962483362	-0.380349445631897	-0.380349445631897	-0.380349445631897	-0.380349445631897	-0.380349445631897	-0.380349445631897	-0.380349445631897	-0.380349445631897	1.52723878663889	-0.380349445631897	-0.380349445631897	-0.380349445631897	-0.380349445631897	-0.380349445631897	-0.380349445631897	-0.380349445631897	-0.380349445631897	-0.380349445631897	-0.380349445631897	2.68275775377153	-0.380349445631897	-0.380349445631897	2.22625945921646	-0.380349445631897	-0.380349445631897	-0.380349445631897	-0.380349445631897	-0.380349445631897	2.73239651796758	-0.380349445631897	-0.380349445631897	-0.380349445631897	-0.380349445631897
"Cchcr1"	-0.290028312145046	-0.290028312145046	-0.290028312145046	-0.290028312145046	-0.290028312145046	-0.290028312145046	-0.290028312145046	-0.290028312145046	-0.290028312145046	-0.290028312145046	-0.290028312145046	3.07874742673336	-0.290028312145046	-0.290028312145046	-0.290028312145046	3.21194456127782	-0.290028312145046	-0.290028312145046	-0.290028312145046	-0.290028312145046	-0.290028312145046	-0.290028312145046	-0.290028312145046	-0.290028312145046	-0.290028312145046	-0.290028312145046	-0.290028312145046	-0.290028312145046	-0.290028312145046	-0.290028312145046	-0.290028312145046	-0.290028312145046	-0.290028312145046	-0.290028312145046	3.26199584598956	-0.290028312145046	-0.290028312145046	-0.290028312145046	-0.290028312145046	3.31843732541494	-0.290028312145046	-0.290028312145046	-0.290028312145046	-0.290028312145046	-0.290028312145046	-0.290028312145046	-0.290028312145046	-0.290028312145046	-0.290028312145046	-0.290028312145046	-0.290028312145046	-0.290028312145046	-0.290028312145046
"Abca17"	-0.199539825073917	-0.199539825073917	-0.199539825073917	-0.199539825073917	-0.199539825073917	-0.199539825073917	4.65655816635367	-0.199539825073917	-0.199539825073917	-0.199539825073917	-0.199539825073917	-0.199539825073917	-0.199539825073917	-0.199539825073917	-0.199539825073917	-0.199539825073917	-0.199539825073917	-0.199539825073917	-0.199539825073917	-0.199539825073917	-0.199539825073917	-0.199539825073917	-0.199539825073917	-0.199539825073917	-0.199539825073917	-0.199539825073917	-0.199539825073917	-0.199539825073917	-0.199539825073917	-0.199539825073917	-0.199539825073917	4.14642794680667	-0.199539825073917	-0.199539825073917	-0.199539825073917	-0.199539825073917	-0.199539825073917	-0.199539825073917	-0.199539825073917	-0.199539825073917	-0.199539825073917	-0.199539825073917	-0.199539825073917	-0.199539825073917	-0.199539825073917	-0.199539825073917	-0.199539825073917	-0.199539825073917	-0.199539825073917	-0.199539825073917	-0.199539825073917	-0.199539825073917	-0.199539825073917
"Cyyr1"	-0.261458556143848	-0.261458556143848	-0.261458556143848	-0.261458556143848	-0.261458556143848	-0.261458556143848	-0.261458556143848	-0.261458556143848	-0.261458556143848	-0.261458556143848	-0.261458556143848	-0.261458556143848	-0.261458556143848	-0.261458556143848	-0.261458556143848	-0.261458556143848	-0.261458556143848	-0.261458556143848	-0.261458556143848	2.86272433623325	4.06747814226312	-0.261458556143848	-0.261458556143848	4.27378500850359	-0.261458556143848	3.85292715816576	-0.261458556143848	-0.261458556143848	3.5066428410475	-0.261458556143848	-0.261458556143848	-0.261458556143848	-0.261458556143848	-0.261458556143848	-0.261458556143848	-0.261458556143848	-0.261458556143848	-0.261458556143848	-0.261458556143848	-0.261458556143848	-0.261458556143848	-0.261458556143848	-0.261458556143848	-0.261458556143848	-0.261458556143848	-0.261458556143848	-0.261458556143848	-0.261458556143848	-0.261458556143848	-0.261458556143848	-0.261458556143848	-0.261458556143848	-0.261458556143848
"Plcb4"	1.35103197052813	-0.794973870167198	-0.794973870167198	-0.794973870167198	-0.794973870167198	1.35939114589046	-0.794973870167198	-0.794973870167198	-0.794973870167198	-0.794973870167198	-0.794973870167198	-0.794973870167198	-0.794973870167198	-0.794973870167198	-0.794973870167198	-0.794973870167198	-0.794973870167198	-0.794973870167198	1.49136600314428	0.721290731404163	1.15735050125364	1.08607864563678	1.22115489444703	1.40612302891575	0.9637848166272	1.2724425953503	1.313979057763	1.31997898534687	1.33240421677078	1.37347089489948	1.09602949639334	0.994385985431633	-0.794973870167198	-0.794973870167198	1.13052071977604	-0.794973870167198	-0.794973870167198	0.858457907585014	1.26986554770798	-0.794973870167198	0.942718472535233	-0.794973870167198	0.869598357345585	-0.794973870167198	-0.794973870167198	1.17311244811911	-0.794973870167198	1.05973628135126	-0.794973870167198	-0.794973870167198	1.42163917996355	1.17617077151352	-0.794973870167198
"Erg"	-0.200398851089901	-0.200398851089901	-0.200398851089901	-0.200398851089901	-0.200398851089901	-0.200398851089901	-0.200398851089901	-0.200398851089901	-0.200398851089901	-0.200398851089901	-0.200398851089901	-0.200398851089901	-0.200398851089901	-0.200398851089901	-0.200398851089901	-0.200398851089901	-0.200398851089901	-0.200398851089901	-0.200398851089901	-0.200398851089901	-0.200398851089901	-0.200398851089901	-0.200398851089901	5.47180684631331	-0.200398851089901	4.26281044168569	-0.200398851089901	-0.200398851089901	4.89449884156377	-0.200398851089901	-0.200398851089901	-0.200398851089901	-0.200398851089901	-0.200398851089901	-0.200398851089901	-0.200398851089901	-0.200398851089901	-0.200398851089901	-0.200398851089901	-0.200398851089901	-0.200398851089901	-0.200398851089901	-0.200398851089901	-0.200398851089901	-0.200398851089901	-0.200398851089901	-0.200398851089901	-0.200398851089901	-0.200398851089901	-0.200398851089901	-0.200398851089901	-0.200398851089901	-0.200398851089901
"Ppp1r3d"	-0.200368327085183	-0.200368327085183	-0.200368327085183	-0.200368327085183	-0.200368327085183	-0.200368327085183	-0.200368327085183	-0.200368327085183	-0.200368327085183	-0.200368327085183	-0.200368327085183	-0.200368327085183	-0.200368327085183	-0.200368327085183	-0.200368327085183	-0.200368327085183	-0.200368327085183	-0.200368327085183	-0.200368327085183	4.16681030641094	-0.200368327085183	5.21748047515544	-0.200368327085183	-0.200368327085183	-0.200368327085183	-0.200368327085183	5.24259709565197	-0.200368327085183	-0.200368327085183	-0.200368327085183	-0.200368327085183	-0.200368327085183	-0.200368327085183	-0.200368327085183	-0.200368327085183	-0.200368327085183	-0.200368327085183	-0.200368327085183	-0.200368327085183	-0.200368327085183	-0.200368327085183	-0.200368327085183	-0.200368327085183	-0.200368327085183	-0.200368327085183	-0.200368327085183	-0.200368327085183	-0.200368327085183	-0.200368327085183	-0.200368327085183	-0.200368327085183	-0.200368327085183	-0.200368327085183
"Cldn1"	-0.197665373881631	-0.197665373881631	-0.197665373881631	-0.197665373881631	-0.197665373881631	-0.197665373881631	-0.197665373881631	-0.197665373881631	-0.197665373881631	-0.197665373881631	-0.197665373881631	-0.197665373881631	-0.197665373881631	-0.197665373881631	-0.197665373881631	-0.197665373881631	-0.197665373881631	-0.197665373881631	-0.197665373881631	-0.197665373881631	5.44959002223239	-0.197665373881631	-0.197665373881631	-0.197665373881631	-0.197665373881631	5.52190707021879	-0.197665373881631	-0.197665373881631	3.45807520090789	-0.197665373881631	-0.197665373881631	-0.197665373881631	-0.197665373881631	-0.197665373881631	-0.197665373881631	-0.197665373881631	-0.197665373881631	-0.197665373881631	-0.197665373881631	-0.197665373881631	-0.197665373881631	-0.197665373881631	-0.197665373881631	-0.197665373881631	-0.197665373881631	-0.197665373881631	-0.197665373881631	-0.197665373881631	-0.197665373881631	-0.197665373881631	-0.197665373881631	-0.197665373881631	-0.197665373881631
"Gm44001"	-0.197541287495477	-0.197541287495477	-0.197541287495477	-0.197541287495477	-0.197541287495477	-0.197541287495477	-0.197541287495477	-0.197541287495477	-0.197541287495477	-0.197541287495477	-0.197541287495477	-0.197541287495477	-0.197541287495477	-0.197541287495477	-0.197541287495477	-0.197541287495477	-0.197541287495477	-0.197541287495477	-0.197541287495477	-0.197541287495477	-0.197541287495477	-0.197541287495477	-0.197541287495477	5.79179047649435	-0.197541287495477	-0.197541287495477	-0.197541287495477	5.14474764911702	3.48397586155847	-0.197541287495477	-0.197541287495477	-0.197541287495477	-0.197541287495477	-0.197541287495477	-0.197541287495477	-0.197541287495477	-0.197541287495477	-0.197541287495477	-0.197541287495477	-0.197541287495477	-0.197541287495477	-0.197541287495477	-0.197541287495477	-0.197541287495477	-0.197541287495477	-0.197541287495477	-0.197541287495477	-0.197541287495477	-0.197541287495477	-0.197541287495477	-0.197541287495477	-0.197541287495477	-0.197541287495477
"Hoxa5"	-0.195473493643978	-0.195473493643978	-0.195473493643978	-0.195473493643978	-0.195473493643978	-0.195473493643978	-0.195473493643978	-0.195473493643978	-0.195473493643978	-0.195473493643978	-0.195473493643978	-0.195473493643978	-0.195473493643978	-0.195473493643978	-0.195473493643978	-0.195473493643978	-0.195473493643978	-0.195473493643978	-0.195473493643978	4.39887976556625	-0.195473493643978	-0.195473493643978	-0.195473493643978	-0.195473493643978	-0.195473493643978	-0.195473493643978	-0.195473493643978	-0.195473493643978	3.49566884862299	6.37501642182118	-0.195473493643978	-0.195473493643978	-0.195473493643978	-0.195473493643978	-0.195473493643978	-0.195473493643978	-0.195473493643978	-0.195473493643978	-0.195473493643978	-0.195473493643978	-0.195473493643978	-0.195473493643978	-0.195473493643978	-0.195473493643978	-0.195473493643978	-0.195473493643978	-0.195473493643978	-0.195473493643978	-0.195473493643978	-0.195473493643978	-0.195473493643978	-0.195473493643978	-0.195473493643978
"Vhl"	-0.33995917744159	-0.33995917744159	-0.33995917744159	-0.33995917744159	-0.33995917744159	-0.33995917744159	-0.33995917744159	-0.33995917744159	-0.33995917744159	2.64296113673556	-0.33995917744159	-0.33995917744159	-0.33995917744159	-0.33995917744159	-0.33995917744159	-0.33995917744159	2.90409824825998	-0.33995917744159	-0.33995917744159	-0.33995917744159	-0.33995917744159	2.81896748712771	-0.33995917744159	2.98818069574868	2.61359457269553	-0.33995917744159	2.83361196413444	-0.33995917744159	-0.33995917744159	3.30159677671905	-0.33995917744159	-0.33995917744159	-0.33995917744159	-0.33995917744159	-0.33995917744159	-0.33995917744159	-0.33995917744159	-0.33995917744159	-0.33995917744159	-0.33995917744159	-0.33995917744159	-0.33995917744159	-0.33995917744159	-0.33995917744159	-0.33995917744159	-0.33995917744159	-0.33995917744159	-0.33995917744159	-0.33995917744159	-0.33995917744159	3.01421318460719	-0.33995917744159	-0.33995917744159
"Ttc8"	-0.381678983894977	-0.381678983894977	-0.381678983894977	-0.381678983894977	-0.381678983894977	-0.381678983894977	-0.381678983894977	-0.381678983894977	-0.381678983894977	-0.381678983894977	-0.381678983894977	-0.381678983894977	-0.381678983894977	-0.381678983894977	-0.381678983894977	-0.381678983894977	-0.381678983894977	-0.381678983894977	-0.381678983894977	2.14959625517628	2.39463509905377	-0.381678983894977	2.25363949971392	-0.381678983894977	-0.381678983894977	-0.381678983894977	-0.381678983894977	2.56936936190165	1.65196899389983	3.23835576163597	2.77519086178663	-0.381678983894977	-0.381678983894977	-0.381678983894977	2.83277103586932	-0.381678983894977	-0.381678983894977	-0.381678983894977	-0.381678983894977	-0.381678983894977	-0.381678983894977	-0.381678983894977	-0.381678983894977	3.00031400873721	-0.381678983894977	2.32497205929391	-0.381678983894977	-0.381678983894977	-0.381678983894977	-0.381678983894977	-0.381678983894977	-0.381678983894977	-0.381678983894977
"Bcl11a"	-0.708386591112471	-0.708386591112471	-0.708386591112471	-0.708386591112471	-0.708386591112471	-0.708386591112471	-0.708386591112471	-0.708386591112471	-0.708386591112471	-0.708386591112471	-0.708386591112471	1.143535139966	-0.708386591112471	-0.708386591112471	-0.708386591112471	-0.708386591112471	-0.708386591112471	-0.708386591112471	1.3877595804158	1.62511887761211	1.37938454682835	-0.708386591112471	1.40776315323908	1.30138675518349	1.2972450608723	0.873015698241633	1.20804689303662	-0.708386591112471	1.26047965495491	1.4906502206132	1.2092947264635	1.45840859893112	-0.708386591112471	-0.708386591112471	1.59672802241725	-0.708386591112471	-0.708386591112471	0.968371518445526	-0.708386591112471	-0.708386591112471	1.72070684612143	-0.708386591112471	0.979669135759713	1.34604868660906	-0.708386591112471	1.15752474760189	1.18521932329647	-0.708386591112471	1.30744656298245	1.27545392533301	-0.708386591112471	1.51293230034433	-0.708386591112471
"Sema4f"	-0.290076839939776	-0.290076839939776	-0.290076839939776	3.05403425487069	-0.290076839939776	-0.290076839939776	-0.290076839939776	-0.290076839939776	-0.290076839939776	-0.290076839939776	-0.290076839939776	-0.290076839939776	-0.290076839939776	-0.290076839939776	-0.290076839939776	-0.290076839939776	-0.290076839939776	-0.290076839939776	3.78845461314854	-0.290076839939776	-0.290076839939776	3.42157564613456	-0.290076839939776	3.62039654106035	3.18026808525503	-0.290076839939776	-0.290076839939776	-0.290076839939776	-0.290076839939776	-0.290076839939776	-0.290076839939776	3.24064965531513	-0.290076839939776	-0.290076839939776	-0.290076839939776	-0.290076839939776	-0.290076839939776	-0.290076839939776	-0.290076839939776	-0.290076839939776	-0.290076839939776	-0.290076839939776	-0.290076839939776	-0.290076839939776	-0.290076839939776	-0.290076839939776	-0.290076839939776	-0.290076839939776	-0.290076839939776	-0.290076839939776	-0.290076839939776	-0.290076839939776	-0.290076839939776
"Gm48617"	-0.162858603736207	-0.162858603736207	-0.162858603736207	-0.162858603736207	-0.162858603736207	-0.162858603736207	-0.162858603736207	-0.162858603736207	-0.162858603736207	-0.162858603736207	-0.162858603736207	-0.162858603736207	-0.162858603736207	-0.162858603736207	-0.162858603736207	-0.162858603736207	-0.162858603736207	-0.162858603736207	-0.162858603736207	-0.162858603736207	6.48267939727072	-0.162858603736207	-0.162858603736207	-0.162858603736207	-0.162858603736207	-0.162858603736207	-0.162858603736207	-0.162858603736207	5.56885727920861	-0.162858603736207	-0.162858603736207	-0.162858603736207	-0.162858603736207	-0.162858603736207	-0.162858603736207	-0.162858603736207	-0.162858603736207	-0.162858603736207	-0.162858603736207	-0.162858603736207	-0.162858603736207	-0.162858603736207	-0.162858603736207	-0.162858603736207	-0.162858603736207	-0.162858603736207	-0.162858603736207	-0.162858603736207	-0.162858603736207	-0.162858603736207	-0.162858603736207	-0.162858603736207	-0.162858603736207
"Gm15179"	-0.162708312648082	-0.162708312648082	-0.162708312648082	-0.162708312648082	-0.162708312648082	-0.162708312648082	-0.162708312648082	-0.162708312648082	-0.162708312648082	-0.162708312648082	-0.162708312648082	-0.162708312648082	-0.162708312648082	-0.162708312648082	-0.162708312648082	-0.162708312648082	-0.162708312648082	-0.162708312648082	-0.162708312648082	-0.162708312648082	6.54705007126722	-0.162708312648082	-0.162708312648082	-0.162708312648082	-0.162708312648082	-0.162708312648082	-0.162708312648082	-0.162708312648082	5.49336506469084	-0.162708312648082	-0.162708312648082	-0.162708312648082	-0.162708312648082	-0.162708312648082	-0.162708312648082	-0.162708312648082	-0.162708312648082	-0.162708312648082	-0.162708312648082	-0.162708312648082	-0.162708312648082	-0.162708312648082	-0.162708312648082	-0.162708312648082	-0.162708312648082	-0.162708312648082	-0.162708312648082	-0.162708312648082	-0.162708312648082	-0.162708312648082	-0.162708312648082	-0.162708312648082	-0.162708312648082
"Alms1"	-0.646438448476371	-0.646438448476371	-0.646438448476371	-0.646438448476371	-0.646438448476371	-0.646438448476371	-0.646438448476371	-0.646438448476371	-0.646438448476371	-0.646438448476371	-0.646438448476371	-0.646438448476371	-0.646438448476371	1.45643647031968	-0.646438448476371	-0.646438448476371	-0.646438448476371	-0.646438448476371	-0.646438448476371	1.07595312759958	1.2426883897281	1.49033174586808	-0.646438448476371	1.60479142760937	1.35141281267272	1.12495536887406	1.50023760482034	-0.646438448476371	1.1275297609158	1.81679322801744	-0.646438448476371	1.38617402474099	-0.646438448476371	-0.646438448476371	-0.646438448476371	-0.646438448476371	1.58322679712259	1.23176734928832	1.4501961179447	-0.646438448476371	1.3274826268957	-0.646438448476371	1.2444222756128	-0.646438448476371	-0.646438448476371	1.44364566950771	1.47466750404645	-0.646438448476371	1.611579267833	-0.646438448476371	-0.646438448476371	-0.646438448476371	1.73004009077689
"Cxcl10"	-0.162326274732034	-0.162326274732034	-0.162326274732034	-0.162326274732034	-0.162326274732034	-0.162326274732034	-0.162326274732034	-0.162326274732034	-0.162326274732034	-0.162326274732034	-0.162326274732034	-0.162326274732034	-0.162326274732034	-0.162326274732034	-0.162326274732034	-0.162326274732034	-0.162326274732034	-0.162326274732034	-0.162326274732034	6.67849601018456	-0.162326274732034	-0.162326274732034	-0.162326274732034	-0.162326274732034	-0.162326274732034	-0.162326274732034	-0.162326274732034	-0.162326274732034	5.33364831998594	-0.162326274732034	-0.162326274732034	-0.162326274732034	-0.162326274732034	-0.162326274732034	-0.162326274732034	-0.162326274732034	-0.162326274732034	-0.162326274732034	-0.162326274732034	-0.162326274732034	-0.162326274732034	-0.162326274732034	-0.162326274732034	-0.162326274732034	-0.162326274732034	-0.162326274732034	-0.162326274732034	-0.162326274732034	-0.162326274732034	-0.162326274732034	-0.162326274732034	-0.162326274732034	-0.162326274732034
"Gm45060"	-0.162326274732034	-0.162326274732034	-0.162326274732034	-0.162326274732034	-0.162326274732034	-0.162326274732034	-0.162326274732034	-0.162326274732034	-0.162326274732034	-0.162326274732034	-0.162326274732034	-0.162326274732034	-0.162326274732034	-0.162326274732034	-0.162326274732034	-0.162326274732034	-0.162326274732034	-0.162326274732034	-0.162326274732034	6.67849601018456	-0.162326274732034	-0.162326274732034	-0.162326274732034	-0.162326274732034	-0.162326274732034	-0.162326274732034	-0.162326274732034	-0.162326274732034	5.33364831998594	-0.162326274732034	-0.162326274732034	-0.162326274732034	-0.162326274732034	-0.162326274732034	-0.162326274732034	-0.162326274732034	-0.162326274732034	-0.162326274732034	-0.162326274732034	-0.162326274732034	-0.162326274732034	-0.162326274732034	-0.162326274732034	-0.162326274732034	-0.162326274732034	-0.162326274732034	-0.162326274732034	-0.162326274732034	-0.162326274732034	-0.162326274732034	-0.162326274732034	-0.162326274732034	-0.162326274732034
"D830026I12Rik"	-0.161350510100232	-0.161350510100232	-0.161350510100232	-0.161350510100232	-0.161350510100232	-0.161350510100232	-0.161350510100232	-0.161350510100232	-0.161350510100232	-0.161350510100232	-0.161350510100232	-0.161350510100232	-0.161350510100232	-0.161350510100232	-0.161350510100232	-0.161350510100232	-0.161350510100232	-0.161350510100232	-0.161350510100232	-0.161350510100232	6.91665473707364	-0.161350510100232	-0.161350510100232	-0.161350510100232	-0.161350510100232	-0.161350510100232	-0.161350510100232	-0.161350510100232	5.02328301034354	-0.161350510100232	-0.161350510100232	-0.161350510100232	-0.161350510100232	-0.161350510100232	-0.161350510100232	-0.161350510100232	-0.161350510100232	-0.161350510100232	-0.161350510100232	-0.161350510100232	-0.161350510100232	-0.161350510100232	-0.161350510100232	-0.161350510100232	-0.161350510100232	-0.161350510100232	-0.161350510100232	-0.161350510100232	-0.161350510100232	-0.161350510100232	-0.161350510100232	-0.161350510100232	-0.161350510100232
"Gm49526"	-0.160616776915561	-0.160616776915561	-0.160616776915561	-0.160616776915561	-0.160616776915561	-0.160616776915561	-0.160616776915561	-0.160616776915561	-0.160616776915561	-0.160616776915561	-0.160616776915561	-0.160616776915561	-0.160616776915561	-0.160616776915561	-0.160616776915561	-0.160616776915561	-0.160616776915561	-0.160616776915561	-0.160616776915561	-0.160616776915561	-0.160616776915561	-0.160616776915561	-0.160616776915561	-0.160616776915561	7.0511369771019	-0.160616776915561	-0.160616776915561	-0.160616776915561	4.8345045146496	-0.160616776915561	-0.160616776915561	-0.160616776915561	-0.160616776915561	-0.160616776915561	-0.160616776915561	-0.160616776915561	-0.160616776915561	-0.160616776915561	-0.160616776915561	-0.160616776915561	-0.160616776915561	-0.160616776915561	-0.160616776915561	-0.160616776915561	-0.160616776915561	-0.160616776915561	-0.160616776915561	-0.160616776915561	-0.160616776915561	-0.160616776915561	-0.160616776915561	-0.160616776915561	-0.160616776915561
"Rec8"	-0.160463858657433	-0.160463858657433	-0.160463858657433	-0.160463858657433	-0.160463858657433	-0.160463858657433	-0.160463858657433	-0.160463858657433	-0.160463858657433	-0.160463858657433	-0.160463858657433	-0.160463858657433	-0.160463858657433	-0.160463858657433	-0.160463858657433	-0.160463858657433	-0.160463858657433	-0.160463858657433	-0.160463858657433	-0.160463858657433	-0.160463858657433	-0.160463858657433	-0.160463858657433	-0.160463858657433	-0.160463858657433	7.07619665527443	-0.160463858657433	-0.160463858657433	4.79812888537561	-0.160463858657433	-0.160463858657433	-0.160463858657433	-0.160463858657433	-0.160463858657433	-0.160463858657433	-0.160463858657433	-0.160463858657433	-0.160463858657433	-0.160463858657433	-0.160463858657433	-0.160463858657433	-0.160463858657433	-0.160463858657433	-0.160463858657433	-0.160463858657433	-0.160463858657433	-0.160463858657433	-0.160463858657433	-0.160463858657433	-0.160463858657433	-0.160463858657433	-0.160463858657433	-0.160463858657433
"Tbc1d9"	-1.24895781130595	0.615793753482086	-1.24895781130595	0.372650724767596	0.327050302912839	-1.24895781130595	0.873940351733245	-1.24895781130595	0.893186410257146	-1.24895781130595	-1.24895781130595	0.498353163091768	0.675810954314134	0.522326420638085	0.774758168851567	-1.24895781130595	0.599381167048828	-1.24895781130595	0.938665297775031	0.410677923071718	0.674230108219357	0.760582618554158	0.925638844886767	1.06706298146911	0.766087853075234	1.11714823814736	0.8917114905278	0.774678217329703	0.786566967430212	1.03580484715011	0.770116203209088	0.79544015179292	0.690696010753972	0.782533654857192	0.925946232354393	0.854125484279849	0.838920634080948	0.33308412765595	-1.24895781130595	0.955263920486926	0.413706593817264	1.01027817021543	0.76276501200123	0.689427189912302	-1.24895781130595	0.890637226090399	0.537682703735867	0.858101838528588	0.862825783502394	0.832610416090446	0.66212041677268	0.637079177252681	1.08552278228101
"Gm52960"	-0.232681902501923	-0.232681902501923	-0.232681902501923	-0.232681902501923	-0.232681902501923	-0.232681902501923	-0.232681902501923	-0.232681902501923	-0.232681902501923	-0.232681902501923	-0.232681902501923	4.5725706754672	-0.232681902501923	-0.232681902501923	-0.232681902501923	-0.232681902501923	-0.232681902501923	-0.232681902501923	-0.232681902501923	-0.232681902501923	3.5699210307061	-0.232681902501923	-0.232681902501923	-0.232681902501923	-0.232681902501923	3.87064347037967	4.73996180358545	-0.232681902501923	-0.232681902501923	-0.232681902501923	-0.232681902501923	-0.232681902501923	-0.232681902501923	-0.232681902501923	-0.232681902501923	-0.232681902501923	-0.232681902501923	-0.232681902501923	-0.232681902501923	-0.232681902501923	-0.232681902501923	-0.232681902501923	-0.232681902501923	-0.232681902501923	-0.232681902501923	-0.232681902501923	-0.232681902501923	-0.232681902501923	-0.232681902501923	-0.232681902501923	-0.232681902501923	-0.232681902501923	-0.232681902501923
"Ifi211"	-0.610586487556071	-0.610586487556071	-0.610586487556071	1.32520203914327	-0.610586487556071	1.59972714202143	-0.610586487556071	-0.610586487556071	-0.610586487556071	-0.610586487556071	-0.610586487556071	-0.610586487556071	-0.610586487556071	-0.610586487556071	-0.610586487556071	-0.610586487556071	-0.610586487556071	-0.610586487556071	1.75033220468559	1.7671138534858	-0.610586487556071	1.53795884898724	1.4420532295042	1.6530492859834	1.39827437245137	1.17056898509294	-0.610586487556071	1.40850292442273	-0.610586487556071	-0.610586487556071	-0.610586487556071	1.43322714382545	-0.610586487556071	-0.610586487556071	-0.610586487556071	1.64949850791324	-0.610586487556071	1.67419080464148	1.49760204485722	-0.610586487556071	-0.610586487556071	-0.610586487556071	-0.610586487556071	-0.610586487556071	-0.610586487556071	-0.610586487556071	1.52220828591526	1.75816435404222	-0.610586487556071	1.62384077773701	-0.610586487556071	-0.610586487556071	-0.610586487556071
"Dipk2b"	-0.229782158678782	-0.229782158678782	-0.229782158678782	-0.229782158678782	-0.229782158678782	-0.229782158678782	-0.229782158678782	-0.229782158678782	-0.229782158678782	-0.229782158678782	-0.229782158678782	-0.229782158678782	-0.229782158678782	-0.229782158678782	-0.229782158678782	-0.229782158678782	-0.229782158678782	-0.229782158678782	-0.229782158678782	-0.229782158678782	-0.229782158678782	-0.229782158678782	-0.229782158678782	4.89966003233313	-0.229782158678782	3.80635039274835	-0.229782158678782	-0.229782158678782	2.92317882852681	-0.229782158678782	-0.229782158678782	-0.229782158678782	-0.229782158678782	-0.229782158678782	-0.229782158678782	-0.229782158678782	-0.229782158678782	-0.229782158678782	-0.229782158678782	-0.229782158678782	-0.229782158678782	-0.229782158678782	-0.229782158678782	-0.229782158678782	-0.229782158678782	-0.229782158678782	-0.229782158678782	-0.229782158678782	4.91512617126403	-0.229782158678782	-0.229782158678782	-0.229782158678782	-0.229782158678782
"Zfp623"	-0.231361714798717	-0.231361714798717	-0.231361714798717	-0.231361714798717	-0.231361714798717	-0.231361714798717	-0.231361714798717	-0.231361714798717	-0.231361714798717	-0.231361714798717	-0.231361714798717	-0.231361714798717	-0.231361714798717	-0.231361714798717	-0.231361714798717	-0.231361714798717	-0.231361714798717	-0.231361714798717	-0.231361714798717	3.48055112351319	-0.231361714798717	-0.231361714798717	3.63312222648048	-0.231361714798717	-0.231361714798717	-0.231361714798717	4.39492333710716	-0.231361714798717	-0.231361714798717	-0.231361714798717	-0.231361714798717	-0.231361714798717	-0.231361714798717	-0.231361714798717	-0.231361714798717	5.14944677840679	-0.231361714798717	-0.231361714798717	-0.231361714798717	-0.231361714798717	-0.231361714798717	-0.231361714798717	-0.231361714798717	-0.231361714798717	-0.231361714798717	-0.231361714798717	-0.231361714798717	-0.231361714798717	-0.231361714798717	-0.231361714798717	-0.231361714798717	-0.231361714798717	-0.231361714798717
"Hoxa3"	-0.23103148338756	-0.23103148338756	-0.23103148338756	-0.23103148338756	-0.23103148338756	-0.23103148338756	-0.23103148338756	-0.23103148338756	-0.23103148338756	-0.23103148338756	-0.23103148338756	-0.23103148338756	-0.23103148338756	-0.23103148338756	-0.23103148338756	-0.23103148338756	-0.23103148338756	-0.23103148338756	-0.23103148338756	3.58100128713599	3.40213149736752	-0.23103148338756	-0.23103148338756	-0.23103148338756	-0.23103148338756	-0.23103148338756	4.52003649472496	-0.23103148338756	-0.23103148338756	-0.23103148338756	-0.23103148338756	-0.23103148338756	-0.23103148338756	-0.23103148338756	-0.23103148338756	-0.23103148338756	-0.23103148338756	-0.23103148338756	-0.23103148338756	-0.23103148338756	-0.23103148338756	-0.23103148338756	-0.23103148338756	-0.23103148338756	-0.23103148338756	-0.23103148338756	-0.23103148338756	-0.23103148338756	-0.23103148338756	-0.23103148338756	-0.23103148338756	-0.23103148338756	-0.23103148338756
"Chrm3"	-0.313051950180474	-0.313051950180474	-0.313051950180474	-0.313051950180474	-0.313051950180474	-0.313051950180474	-0.313051950180474	-0.313051950180474	-0.313051950180474	-0.313051950180474	-0.313051950180474	-0.313051950180474	-0.313051950180474	-0.313051950180474	-0.313051950180474	-0.313051950180474	-0.313051950180474	-0.313051950180474	-0.313051950180474	2.24428215573878	3.52915304502465	-0.313051950180474	-0.313051950180474	-0.313051950180474	-0.313051950180474	-0.313051950180474	-0.313051950180474	2.6683767251505	-0.313051950180474	3.34425017819483	-0.313051950180474	-0.313051950180474	-0.313051950180474	-0.313051950180474	-0.313051950180474	-0.313051950180474	-0.313051950180474	-0.313051950180474	2.79994230666173	-0.313051950180474	-0.313051950180474	-0.313051950180474	-0.313051950180474	-0.313051950180474	-0.313051950180474	-0.313051950180474	-0.313051950180474	-0.313051950180474	-0.313051950180474	-0.313051950180474	-0.313051950180474	-0.313051950180474	-0.313051950180474
"Ece1"	1.14653403289609	-0.731050974607399	-0.731050974607399	1.6292768113652	-0.731050974607399	1.51780687630034	1.35603984005796	-0.731050974607399	-0.731050974607399	-0.731050974607399	-0.731050974607399	-0.731050974607399	-0.731050974607399	-0.731050974607399	-0.731050974607399	-0.731050974607399	-0.731050974607399	-0.731050974607399	-0.731050974607399	1.21317619346154	1.00493790157335	-0.731050974607399	0.916775400958706	-0.731050974607399	1.3334246345585	1.2584415758186	1.47040296370876	1.11419669849931	1.29558055501259	1.76154619096864	1.24289389327046	-0.731050974607399	1.38504436736235	-0.731050974607399	-0.731050974607399	-0.731050974607399	1.31787130297007	0.994902151545152	1.19562446672106	-0.731050974607399	-0.731050974607399	1.31989771252747	1.23488437388198	-0.731050974607399	1.58659637859041	0.961378614514732	-0.731050974607399	1.43375260105252	1.5728320056433	-0.731050974607399	1.35386938106835	-0.731050974607399	-0.731050974607399
"Sec31b"	-0.283754474601742	-0.283754474601742	-0.283754474601742	-0.283754474601742	-0.283754474601742	-0.283754474601742	-0.283754474601742	-0.283754474601742	-0.283754474601742	-0.283754474601742	-0.283754474601742	-0.283754474601742	-0.283754474601742	-0.283754474601742	-0.283754474601742	-0.283754474601742	-0.283754474601742	-0.283754474601742	-0.283754474601742	2.74620850534355	-0.283754474601742	-0.283754474601742	2.8707493590589	3.67651987800914	-0.283754474601742	-0.283754474601742	-0.283754474601742	-0.283754474601742	2.15054346022881	-0.283754474601742	-0.283754474601742	-0.283754474601742	-0.283754474601742	-0.283754474601742	-0.283754474601742	-0.283754474601742	-0.283754474601742	-0.283754474601742	-0.283754474601742	-0.283754474601742	-0.283754474601742	-0.283754474601742	-0.283754474601742	-0.283754474601742	-0.283754474601742	-0.283754474601742	-0.283754474601742	-0.283754474601742	-0.283754474601742	-0.283754474601742	-0.283754474601742	-0.283754474601742	-0.283754474601742
"Ccr9"	-0.405629232967604	-0.405629232967604	-0.405629232967604	2.08159963401027	-0.405629232967604	-0.405629232967604	-0.405629232967604	-0.405629232967604	2.87999909629764	-0.405629232967604	-0.405629232967604	-0.405629232967604	-0.405629232967604	-0.405629232967604	-0.405629232967604	-0.405629232967604	-0.405629232967604	-0.405629232967604	2.62783493057072	-0.405629232967604	2.22271792418138	-0.405629232967604	-0.405629232967604	-0.405629232967604	-0.405629232967604	2.71311961128706	-0.405629232967604	2.18863010952671	2.20682013814991	-0.405629232967604	-0.405629232967604	-0.405629232967604	-0.405629232967604	-0.405629232967604	-0.405629232967604	-0.405629232967604	-0.405629232967604	2.02091224842061	-0.405629232967604	-0.405629232967604	-0.405629232967604	-0.405629232967604	2.03726173669651	-0.405629232967604	-0.405629232967604	-0.405629232967604	-0.405629232967604	-0.405629232967604	2.51160894234583	-0.405629232967604	-0.405629232967604	-0.405629232967604	-0.405629232967604
"Slc41a1"	-0.313894063572973	-0.313894063572973	-0.313894063572973	-0.313894063572973	-0.313894063572973	-0.313894063572973	-0.313894063572973	-0.313894063572973	-0.313894063572973	-0.313894063572973	-0.313894063572973	3.21965345413593	-0.313894063572973	-0.313894063572973	-0.313894063572973	-0.313894063572973	3.42396010465909	-0.313894063572973	-0.313894063572973	-0.313894063572973	2.48235398737727	-0.313894063572973	3.1634012042538	-0.313894063572973	-0.313894063572973	-0.313894063572973	3.34274469557463	-0.313894063572973	2.46154165683289	-0.313894063572973	-0.313894063572973	-0.313894063572973	-0.313894063572973	-0.313894063572973	-0.313894063572973	-0.313894063572973	-0.313894063572973	-0.313894063572973	-0.313894063572973	-0.313894063572973	-0.313894063572973	-0.313894063572973	-0.313894063572973	-0.313894063572973	-0.313894063572973	-0.313894063572973	-0.313894063572973	-0.313894063572973	-0.313894063572973	-0.313894063572973	-0.313894063572973	-0.313894063572973	-0.313894063572973
"Havcr2"	-0.732326991492159	-0.732326991492159	-0.732326991492159	0.998901033029599	-0.732326991492159	-0.732326991492159	-0.732326991492159	-0.732326991492159	-0.732326991492159	-0.732326991492159	-0.732326991492159	-0.732326991492159	-0.732326991492159	-0.732326991492159	-0.732326991492159	-0.732326991492159	-0.732326991492159	-0.732326991492159	-0.732326991492159	-0.732326991492159	1.09712598609299	1.18917520116808	1.23424528164195	1.29210369110078	1.06425159663474	1.37954667405292	1.42197632603276	1.07339926725003	1.13577718319481	-0.732326991492159	1.42323487177714	1.3192489262395	-0.732326991492159	1.43649173359558	-0.732326991492159	-0.732326991492159	-0.732326991492159	1.31101112291836	-0.732326991492159	1.2658268842904	-0.732326991492159	1.05104061100022	1.19150206056132	1.33709134330963	-0.732326991492159	1.27808055649458	1.7541748395697	-0.732326991492159	1.29820769325677	-0.732326991492159	1.53195154423234	-0.732326991492159	1.4047342311285
"Arhgef28"	-0.40663896794291	-0.40663896794291	-0.40663896794291	-0.40663896794291	-0.40663896794291	-0.40663896794291	-0.40663896794291	-0.40663896794291	-0.40663896794291	2.24815492122813	-0.40663896794291	-0.40663896794291	-0.40663896794291	2.36020281417405	-0.40663896794291	-0.40663896794291	2.48056649609182	-0.40663896794291	2.68269749079972	-0.40663896794291	2.27011877866638	-0.40663896794291	2.47074439794563	-0.40663896794291	-0.40663896794291	1.92405906008572	-0.40663896794291	-0.40663896794291	2.16794462270132	-0.40663896794291	-0.40663896794291	-0.40663896794291	-0.40663896794291	-0.40663896794291	-0.40663896794291	-0.40663896794291	-0.40663896794291	-0.40663896794291	2.35199211769758	-0.40663896794291	-0.40663896794291	-0.40663896794291	-0.40663896794291	-0.40663896794291	-0.40663896794291	-0.40663896794291	-0.40663896794291	-0.40663896794291	-0.40663896794291	2.51717947517523	-0.40663896794291	-0.40663896794291	-0.40663896794291
"Gm37967"	3.69573801538463	-0.262941141684967	-0.262941141684967	-0.262941141684967	-0.262941141684967	-0.262941141684967	-0.262941141684967	-0.262941141684967	-0.262941141684967	-0.262941141684967	-0.262941141684967	-0.262941141684967	-0.262941141684967	-0.262941141684967	-0.262941141684967	-0.262941141684967	3.9885700097734	-0.262941141684967	-0.262941141684967	-0.262941141684967	-0.262941141684967	3.87700158394391	3.21131749446415	-0.262941141684967	-0.262941141684967	-0.262941141684967	3.89619395606659	-0.262941141684967	-0.262941141684967	-0.262941141684967	-0.262941141684967	-0.262941141684967	-0.262941141684967	-0.262941141684967	-0.262941141684967	-0.262941141684967	-0.262941141684967	-0.262941141684967	-0.262941141684967	-0.262941141684967	-0.262941141684967	-0.262941141684967	-0.262941141684967	-0.262941141684967	-0.262941141684967	-0.262941141684967	-0.262941141684967	-0.262941141684967	-0.262941141684967	-0.262941141684967	-0.262941141684967	-0.262941141684967	-0.262941141684967
"Plp2"	-0.200578309318398	-0.200578309318398	-0.200578309318398	-0.200578309318398	-0.200578309318398	-0.200578309318398	-0.200578309318398	-0.200578309318398	-0.200578309318398	-0.200578309318398	-0.200578309318398	-0.200578309318398	-0.200578309318398	-0.200578309318398	-0.200578309318398	-0.200578309318398	-0.200578309318398	-0.200578309318398	5.40468293764483	-0.200578309318398	-0.200578309318398	-0.200578309318398	-0.200578309318398	-0.200578309318398	-0.200578309318398	-0.200578309318398	4.92411694666736	-0.200578309318398	-0.200578309318398	-0.200578309318398	-0.200578309318398	-0.200578309318398	-0.200578309318398	-0.200578309318398	-0.200578309318398	-0.200578309318398	-0.200578309318398	-0.200578309318398	-0.200578309318398	-0.200578309318398	-0.200578309318398	-0.200578309318398	4.31341669593087	-0.200578309318398	-0.200578309318398	-0.200578309318398	-0.200578309318398	-0.200578309318398	-0.200578309318398	-0.200578309318398	-0.200578309318398	-0.200578309318398	-0.200578309318398
"Itga3"	-0.261913618704788	-0.261913618704788	-0.261913618704788	-0.261913618704788	-0.261913618704788	-0.261913618704788	-0.261913618704788	-0.261913618704788	-0.261913618704788	-0.261913618704788	-0.261913618704788	-0.261913618704788	-0.261913618704788	-0.261913618704788	-0.261913618704788	-0.261913618704788	-0.261913618704788	-0.261913618704788	-0.261913618704788	-0.261913618704788	2.84993024133562	-0.261913618704788	-0.261913618704788	4.00562533127282	-0.261913618704788	-0.261913618704788	3.80742810767474	-0.261913618704788	-0.261913618704788	-0.261913618704788	-0.261913618704788	-0.261913618704788	-0.261913618704788	-0.261913618704788	-0.261913618704788	-0.261913618704788	-0.261913618704788	-0.261913618704788	-0.261913618704788	3.95023331537989	-0.261913618704788	-0.261913618704788	-0.261913618704788	-0.261913618704788	-0.261913618704788	-0.261913618704788	-0.261913618704788	-0.261913618704788	-0.261913618704788	-0.261913618704788	-0.261913618704788	3.9826499323769	-0.261913618704788
"Cdkl2"	-0.26234344964354	-0.26234344964354	-0.26234344964354	-0.26234344964354	-0.26234344964354	-0.26234344964354	-0.26234344964354	-0.26234344964354	-0.26234344964354	-0.26234344964354	-0.26234344964354	3.95763038346663	-0.26234344964354	-0.26234344964354	-0.26234344964354	-0.26234344964354	-0.26234344964354	-0.26234344964354	-0.26234344964354	3.24151264833892	-0.26234344964354	-0.26234344964354	-0.26234344964354	-0.26234344964354	-0.26234344964354	-0.26234344964354	-0.26234344964354	3.822573347336	3.34643484121806	-0.26234344964354	-0.26234344964354	-0.26234344964354	-0.26234344964354	-0.26234344964354	-0.26234344964354	-0.26234344964354	-0.26234344964354	-0.26234344964354	-0.26234344964354	-0.26234344964354	-0.26234344964354	-0.26234344964354	-0.26234344964354	-0.26234344964354	-0.26234344964354	-0.26234344964354	-0.26234344964354	-0.26234344964354	-0.26234344964354	4.25823370433175	-0.26234344964354	-0.26234344964354	-0.26234344964354
"Stx3"	-0.401283325122819	-0.401283325122819	-0.401283325122819	-0.401283325122819	-0.401283325122819	-0.401283325122819	-0.401283325122819	-0.401283325122819	-0.401283325122819	2.37162203606734	-0.401283325122819	-0.401283325122819	-0.401283325122819	-0.401283325122819	-0.401283325122819	-0.401283325122819	-0.401283325122819	-0.401283325122819	-0.401283325122819	1.96576440365193	-0.401283325122819	-0.401283325122819	-0.401283325122819	-0.401283325122819	-0.401283325122819	2.03310718767661	2.89101290930529	2.35830290106147	1.50042287919053	-0.401283325122819	-0.401283325122819	-0.401283325122819	-0.401283325122819	-0.401283325122819	-0.401283325122819	-0.401283325122819	-0.401283325122819	2.17989672099604	-0.401283325122819	-0.401283325122819	-0.401283325122819	2.3241334694966	-0.401283325122819	-0.401283325122819	3.06478131554902	2.12976193833764	-0.401283325122819	-0.401283325122819	-0.401283325122819	-0.401283325122819	-0.401283325122819	-0.401283325122819	-0.401283325122819
"Esyt3"	-0.35925418570835	-0.35925418570835	-0.35925418570835	-0.35925418570835	-0.35925418570835	-0.35925418570835	-0.35925418570835	-0.35925418570835	-0.35925418570835	-0.35925418570835	-0.35925418570835	-0.35925418570835	-0.35925418570835	-0.35925418570835	-0.35925418570835	-0.35925418570835	-0.35925418570835	-0.35925418570835	-0.35925418570835	-0.35925418570835	-0.35925418570835	3.38674622767086	-0.35925418570835	2.84124636577394	-0.35925418570835	-0.35925418570835	2.69260558455008	-0.35925418570835	1.60802666132717	-0.35925418570835	2.69459271985479	-0.35925418570835	-0.35925418570835	3.06951499142043	-0.35925418570835	2.83622600547368	-0.35925418570835	-0.35925418570835	-0.35925418570835	-0.35925418570835	-0.35925418570835	-0.35925418570835	2.32892122210287	-0.35925418570835	-0.35925418570835	2.61215066428559	-0.35925418570835	-0.35925418570835	-0.35925418570835	-0.35925418570835	-0.35925418570835	-0.35925418570835	-0.35925418570835
"Irf8"	0.673757914558396	-1.44899454247612	-1.44899454247612	-1.44899454247612	0.468901299292578	-1.44899454247612	-1.44899454247612	-1.44899454247612	0.40865688337824	-1.44899454247612	-1.44899454247612	-1.44899454247612	-1.44899454247612	0.455430905080514	-1.44899454247612	-1.44899454247612	-1.44899454247612	-1.44899454247612	0.856002121996842	0.642307062535758	0.444747615754733	0.684713307125677	0.470488829614431	0.693770964350114	0.636917022462466	0.505799719737153	0.810844234959568	0.698273136751522	0.233227116720642	0.949418462501983	0.693884567749111	0.516427493046671	0.617476510000542	0.622056384114714	0.888674763416167	0.690907704177901	0.67628537478323	0.539672758335909	0.854025848456785	0.552022269442042	0.754348805257292	0.722966231148135	0.485014607238944	0.936238718268088	-1.44899454247612	0.739568431334227	-1.44899454247612	0.862316525898426	0.581209990305019	0.872104916209415	0.856836173217627	0.767728477562567	-1.44899454247612
"Sh2b3"	-0.646636756262584	-0.646636756262584	-0.646636756262584	-0.646636756262584	-0.646636756262584	-0.646636756262584	-0.646636756262584	-0.646636756262584	-0.646636756262584	1.36399615798246	-0.646636756262584	-0.646636756262584	-0.646636756262584	-0.646636756262584	1.35443280453811	-0.646636756262584	1.54001523199742	-0.646636756262584	-0.646636756262584	1.31677245647528	0.989173814477396	1.48263297155494	1.14025601758301	-0.646636756262584	1.34420167002496	1.11853913457978	-0.646636756262584	-0.646636756262584	0.976998560463478	1.80794851230841	1.49389690230857	1.37884086368046	-0.646636756262584	-0.646636756262584	1.78109087480412	-0.646636756262584	1.57520194365302	-0.646636756262584	-0.646636756262584	1.56757282178361	1.56817375283745	1.32956221143173	-0.646636756262584	-0.646636756262584	-0.646636756262584	-0.646636756262584	-0.646636756262584	-0.646636756262584	-0.646636756262584	-0.646636756262584	1.61423803785563	-0.646636756262584	1.7214998949473
"Ctnnbip1"	-0.362944951890699	-0.362944951890699	-0.362944951890699	-0.362944951890699	-0.362944951890699	-0.362944951890699	-0.362944951890699	-0.362944951890699	-0.362944951890699	-0.362944951890699	-0.362944951890699	2.98582703823954	-0.362944951890699	-0.362944951890699	-0.362944951890699	-0.362944951890699	-0.362944951890699	-0.362944951890699	-0.362944951890699	2.41754981476118	-0.362944951890699	-0.362944951890699	-0.362944951890699	-0.362944951890699	2.86223046892137	2.8972100533624	-0.362944951890699	-0.362944951890699	2.26735826444424	-0.362944951890699	-0.362944951890699	2.91834626139319	-0.362944951890699	-0.362944951890699	-0.362944951890699	-0.362944951890699	-0.362944951890699	2.66908415456706	-0.362944951890699	-0.362944951890699	-0.362944951890699	-0.362944951890699	2.68951328166355	-0.362944951890699	-0.362944951890699	2.61019243932434	-0.362944951890699	-0.362944951890699	-0.362944951890699	-0.362944951890699	-0.362944951890699	-0.362944951890699	-0.362944951890699
"Sdad1"	-0.544916467490384	-0.544916467490384	-0.544916467490384	-0.544916467490384	-0.544916467490384	-0.544916467490384	-0.544916467490384	-0.544916467490384	-0.544916467490384	-0.544916467490384	-0.544916467490384	-0.544916467490384	-0.544916467490384	-0.544916467490384	-0.544916467490384	-0.544916467490384	-0.544916467490384	-0.544916467490384	-0.544916467490384	1.3076063662183	1.2206815180457	-0.544916467490384	1.38375078671595	-0.544916467490384	1.6038777620218	1.36031085695361	-0.544916467490384	-0.544916467490384	1.20754026297321	2.10441890363087	-0.544916467490384	1.64126527597526	-0.544916467490384	2.0490948338384	-0.544916467490384	-0.544916467490384	-0.544916467490384	-0.544916467490384	1.97783725609544	-0.544916467490384	1.84562009166769	1.85557768140048	-0.544916467490384	-0.544916467490384	-0.544916467490384	1.43595577547778	-0.544916467490384	-0.544916467490384	-0.544916467490384	1.8451566876552	-0.544916467490384	-0.544916467490384	-0.544916467490384
"Sh3bp1"	1.96303410494528	-0.486628284454057	-0.486628284454057	-0.486628284454057	2.05447905684118	-0.486628284454057	-0.486628284454057	-0.486628284454057	-0.486628284454057	-0.486628284454057	-0.486628284454057	-0.486628284454057	-0.486628284454057	-0.486628284454057	-0.486628284454057	-0.486628284454057	-0.486628284454057	-0.486628284454057	-0.486628284454057	1.57839207776627	-0.486628284454057	2.07520145391445	1.66327080419055	2.21243016353663	-0.486628284454057	1.63714214797781	-0.486628284454057	-0.486628284454057	1.17242657410621	-0.486628284454057	2.0887536461983	-0.486628284454057	-0.486628284454057	-0.486628284454057	-0.486628284454057	2.20819637395828	-0.486628284454057	-0.486628284454057	-0.486628284454057	-0.486628284454057	2.17811979933113	-0.486628284454057	1.78037415076606	-0.486628284454057	-0.486628284454057	-0.486628284454057	-0.486628284454057	-0.486628284454057	-0.486628284454057	2.1776032395866	2.23354201930381	-0.486628284454057	2.66135973927496
"Gpr141b"	-0.359809677063071	-0.359809677063071	-0.359809677063071	-0.359809677063071	-0.359809677063071	-0.359809677063071	-0.359809677063071	-0.359809677063071	-0.359809677063071	-0.359809677063071	-0.359809677063071	-0.359809677063071	-0.359809677063071	-0.359809677063071	-0.359809677063071	-0.359809677063071	-0.359809677063071	-0.359809677063071	3.21418042841585	2.26193812756431	-0.359809677063071	-0.359809677063071	-0.359809677063071	3.06691225267719	-0.359809677063071	-0.359809677063071	-0.359809677063071	-0.359809677063071	1.74652472658902	-0.359809677063071	2.90989266887654	-0.359809677063071	-0.359809677063071	-0.359809677063071	-0.359809677063071	-0.359809677063071	-0.359809677063071	2.49911160153871	-0.359809677063071	-0.359809677063071	-0.359809677063071	-0.359809677063071	2.51837436720116	-0.359809677063071	-0.359809677063071	3.04317551360682	-0.359809677063071	2.84713867675615	-0.359809677063071	-0.359809677063071	-0.359809677063071	-0.359809677063071	-0.359809677063071
"Rnd3"	-0.588004437482445	-0.588004437482445	-0.588004437482445	-0.588004437482445	-0.588004437482445	-0.588004437482445	-0.588004437482445	-0.588004437482445	-0.588004437482445	-0.588004437482445	-0.588004437482445	-0.588004437482445	-0.588004437482445	-0.588004437482445	-0.588004437482445	-0.588004437482445	-0.588004437482445	-0.588004437482445	-0.588004437482445	1.11264798628414	1.27727880055707	1.52179652794206	1.42762035900886	-0.588004437482445	1.3846309590161	-0.588004437482445	1.53157736017014	-0.588004437482445	-0.588004437482445	2.09023836460432	-0.588004437482445	-0.588004437482445	-0.588004437482445	-0.588004437482445	-0.588004437482445	1.63132481020946	1.61351910500658	1.65557183473797	1.48216747154434	-0.588004437482445	-0.588004437482445	-0.588004437482445	1.66811149018517	-0.588004437482445	-0.588004437482445	1.47569969954297	-0.588004437482445	1.49225075761709	-0.588004437482445	1.85204993816295	-0.588004437482445	-0.588004437482445	1.75847939578039
"Kmo"	-0.588371327630398	-0.588371327630398	-0.588371327630398	-0.588371327630398	-0.588371327630398	-0.588371327630398	-0.588371327630398	-0.588371327630398	-0.588371327630398	-0.588371327630398	-0.588371327630398	-0.588371327630398	-0.588371327630398	-0.588371327630398	-0.588371327630398	-0.588371327630398	-0.588371327630398	-0.588371327630398	-0.588371327630398	1.54707230430641	1.06849347557293	1.81958639390605	-0.588371327630398	1.6838297854503	1.42809083270909	-0.588371327630398	-0.588371327630398	1.43835808835429	1.30595577460171	-0.588371327630398	-0.588371327630398	1.86135488239664	2.13447412950099	-0.588371327630398	1.61925784271117	1.68026557164099	-0.588371327630398	1.30733081705499	-0.588371327630398	-0.588371327630398	1.65494562112405	-0.588371327630398	1.57091550349686	-0.588371327630398	-0.588371327630398	-0.588371327630398	-0.588371327630398	1.53810165983278	1.69068085751335	-0.588371327630398	-0.588371327630398	-0.588371327630398	-0.588371327630398
"Cd2ap"	0.899468040858351	-1.01272508492471	-1.01272508492471	1.13014993183708	-1.01272508492471	-1.01272508492471	-1.01272508492471	-1.01272508492471	-1.01272508492471	-1.01272508492471	-1.01272508492471	0.925540290168507	0.893675180230959	0.741655383918933	0.662602216127571	-1.01272508492471	-1.01272508492471	-1.01272508492471	1.27567867640557	1.00628440578341	1.09994636948017	0.769933437395469	0.811746849508815	-1.01272508492471	0.86155408591205	0.793479082004104	-1.01272508492471	0.991598930758662	0.720393846871628	1.04229278839314	0.987080452963028	0.890608311155293	-1.01272508492471	1.20729560803337	0.812050837919007	0.86247843525017	1.05522826770364	0.882965754018629	0.944106824111371	0.841046432577127	0.841549541624544	0.849273374967469	-1.01272508492471	1.23665875991028	-1.01272508492471	0.852414680434419	0.964551888907177	0.744968988079402	1.20054202912896	0.841190091651313	-1.01272508492471	-1.01272508492471	-1.01272508492471
"Itgb7"	-0.747942974392456	-0.747942974392456	-0.747942974392456	-0.747942974392456	-0.747942974392456	-0.747942974392456	-0.747942974392456	-0.747942974392456	-0.747942974392456	-0.747942974392456	-0.747942974392456	-0.747942974392456	-0.747942974392456	-0.747942974392456	-0.747942974392456	-0.747942974392456	-0.747942974392456	-0.747942974392456	1.61096998353675	0.816450954107595	0.967891332337371	1.19281797977336	-0.747942974392456	-0.747942974392456	1.06664229553109	0.860958143876448	-0.747942974392456	1.07588165108298	0.508904364870378	1.48933264441607	-0.747942974392456	1.0982148077648	1.34358481929419	-0.747942974392456	1.23867073586973	-0.747942974392456	-0.747942974392456	1.48260292857309	1.38243865247129	-0.747942974392456	1.27078565391679	1.05329889931563	-0.747942974392456	-0.747942974392456	1.54279684202116	1.37648021982932	-0.747942974392456	1.16563945518874	1.30294327871365	-0.747942974392456	1.31277176989679	1.28576981323381	-0.747942974392456
"Gm37411"	-0.114707866935281	-0.114707866935281	-0.114707866935281	-0.114707866935281	-0.114707866935281	-0.114707866935281	-0.114707866935281	-0.114707866935281	-0.114707866935281	-0.114707866935281	-0.114707866935281	-0.114707866935281	-0.114707866935281	-0.114707866935281	-0.114707866935281	-0.114707866935281	-0.114707866935281	-0.114707866935281	-0.114707866935281	8.60309002014607	-0.114707866935281	-0.114707866935281	-0.114707866935281	-0.114707866935281	-0.114707866935281	-0.114707866935281	-0.114707866935281	-0.114707866935281	-0.114707866935281	-0.114707866935281	-0.114707866935281	-0.114707866935281	-0.114707866935281	-0.114707866935281	-0.114707866935281	-0.114707866935281	-0.114707866935281	-0.114707866935281	-0.114707866935281	-0.114707866935281	-0.114707866935281	-0.114707866935281	-0.114707866935281	-0.114707866935281	-0.114707866935281	-0.114707866935281	-0.114707866935281	-0.114707866935281	-0.114707866935281	-0.114707866935281	-0.114707866935281	-0.114707866935281	-0.114707866935281
"4930547E14Rik"	-0.114707866935281	-0.114707866935281	-0.114707866935281	-0.114707866935281	-0.114707866935281	-0.114707866935281	-0.114707866935281	-0.114707866935281	-0.114707866935281	-0.114707866935281	-0.114707866935281	-0.114707866935281	-0.114707866935281	-0.114707866935281	-0.114707866935281	-0.114707866935281	-0.114707866935281	-0.114707866935281	-0.114707866935281	-0.114707866935281	-0.114707866935281	-0.114707866935281	-0.114707866935281	-0.114707866935281	-0.114707866935281	-0.114707866935281	-0.114707866935281	-0.114707866935281	8.60309002014607	-0.114707866935281	-0.114707866935281	-0.114707866935281	-0.114707866935281	-0.114707866935281	-0.114707866935281	-0.114707866935281	-0.114707866935281	-0.114707866935281	-0.114707866935281	-0.114707866935281	-0.114707866935281	-0.114707866935281	-0.114707866935281	-0.114707866935281	-0.114707866935281	-0.114707866935281	-0.114707866935281	-0.114707866935281	-0.114707866935281	-0.114707866935281	-0.114707866935281	-0.114707866935281	-0.114707866935281
"4930502E09Rik"	-0.114707866935281	-0.114707866935281	-0.114707866935281	-0.114707866935281	-0.114707866935281	-0.114707866935281	-0.114707866935281	-0.114707866935281	-0.114707866935281	-0.114707866935281	-0.114707866935281	-0.114707866935281	-0.114707866935281	-0.114707866935281	-0.114707866935281	-0.114707866935281	-0.114707866935281	-0.114707866935281	-0.114707866935281	-0.114707866935281	-0.114707866935281	-0.114707866935281	-0.114707866935281	8.60309002014607	-0.114707866935281	-0.114707866935281	-0.114707866935281	-0.114707866935281	-0.114707866935281	-0.114707866935281	-0.114707866935281	-0.114707866935281	-0.114707866935281	-0.114707866935281	-0.114707866935281	-0.114707866935281	-0.114707866935281	-0.114707866935281	-0.114707866935281	-0.114707866935281	-0.114707866935281	-0.114707866935281	-0.114707866935281	-0.114707866935281	-0.114707866935281	-0.114707866935281	-0.114707866935281	-0.114707866935281	-0.114707866935281	-0.114707866935281	-0.114707866935281	-0.114707866935281	-0.114707866935281
"Tmem232"	-0.114707866935281	-0.114707866935281	-0.114707866935281	-0.114707866935281	-0.114707866935281	-0.114707866935281	-0.114707866935281	-0.114707866935281	-0.114707866935281	-0.114707866935281	-0.114707866935281	-0.114707866935281	-0.114707866935281	-0.114707866935281	-0.114707866935281	-0.114707866935281	-0.114707866935281	-0.114707866935281	-0.114707866935281	-0.114707866935281	-0.114707866935281	-0.114707866935281	8.60309002014607	-0.114707866935281	-0.114707866935281	-0.114707866935281	-0.114707866935281	-0.114707866935281	-0.114707866935281	-0.114707866935281	-0.114707866935281	-0.114707866935281	-0.114707866935281	-0.114707866935281	-0.114707866935281	-0.114707866935281	-0.114707866935281	-0.114707866935281	-0.114707866935281	-0.114707866935281	-0.114707866935281	-0.114707866935281	-0.114707866935281	-0.114707866935281	-0.114707866935281	-0.114707866935281	-0.114707866935281	-0.114707866935281	-0.114707866935281	-0.114707866935281	-0.114707866935281	-0.114707866935281	-0.114707866935281
"1700112D23Rik"	-0.114707866935281	-0.114707866935281	-0.114707866935281	-0.114707866935281	-0.114707866935281	-0.114707866935281	-0.114707866935281	-0.114707866935281	-0.114707866935281	-0.114707866935281	-0.114707866935281	-0.114707866935281	-0.114707866935281	-0.114707866935281	-0.114707866935281	-0.114707866935281	-0.114707866935281	-0.114707866935281	-0.114707866935281	-0.114707866935281	-0.114707866935281	-0.114707866935281	-0.114707866935281	-0.114707866935281	8.60309002014607	-0.114707866935281	-0.114707866935281	-0.114707866935281	-0.114707866935281	-0.114707866935281	-0.114707866935281	-0.114707866935281	-0.114707866935281	-0.114707866935281	-0.114707866935281	-0.114707866935281	-0.114707866935281	-0.114707866935281	-0.114707866935281	-0.114707866935281	-0.114707866935281	-0.114707866935281	-0.114707866935281	-0.114707866935281	-0.114707866935281	-0.114707866935281	-0.114707866935281	-0.114707866935281	-0.114707866935281	-0.114707866935281	-0.114707866935281	-0.114707866935281	-0.114707866935281
"Eef1b2"	-0.486555440621767	-0.486555440621767	-0.486555440621767	-0.486555440621767	-0.486555440621767	-0.486555440621767	-0.486555440621767	-0.486555440621767	-0.486555440621767	-0.486555440621767	-0.486555440621767	-0.486555440621767	-0.486555440621767	-0.486555440621767	-0.486555440621767	-0.486555440621767	-0.486555440621767	-0.486555440621767	-0.486555440621767	1.47973291646493	1.38746991500915	1.95278902277922	1.56055345198399	-0.486555440621767	-0.486555440621767	1.53567404961229	-0.486555440621767	-0.486555440621767	-0.486555440621767	2.32547861340646	1.96569326255732	1.83388219741059	-0.486555440621767	-0.486555440621767	2.01042139964421	-0.486555440621767	-0.486555440621767	-0.486555440621767	-0.486555440621767	2.33443007114203	-0.486555440621767	-0.486555440621767	1.95574296766656	-0.486555440621767	-0.486555440621767	-0.486555440621767	-0.486555440621767	-0.486555440621767	-0.486555440621767	-0.486555440621767	2.38794313180526	-0.486555440621767	-0.486555440621767
"Ivns1abp"	0.426757538796799	-1.31419833267928	0.785504425158206	0.53799362277097	-1.31419833267928	-1.31419833267928	-1.31419833267928	-1.31419833267928	0.640469666260331	-1.31419833267928	-1.31419833267928	-1.31419833267928	-1.31419833267928	-1.31419833267928	0.732947209715131	0.523228441858779	-1.31419833267928	-1.31419833267928	0.686438683420236	0.364651826603086	0.507197487151083	0.842799430875265	0.213718109053189	0.940473941748392	0.388105694109719	0.686855820301138	0.727058997550306	0.7328663325549	0.197342233412239	0.99701615470322	0.852447572064293	0.841989726037371	-1.31419833267928	0.865014039480099	0.885885652311688	-1.31419833267928	0.797852515583764	0.621916637876496	0.684361493699264	0.579103419533536	-1.31419833267928	0.799733376844793	0.296942540171685	0.858910398522759	-1.31419833267928	0.466694309111088	0.493127004517705	0.48097719831464	0.822034426760142	0.57925014202566	0.619005394591612	-1.31419833267928	0.923052096997784
"Efhd1"	-0.288425238795891	-0.288425238795891	-0.288425238795891	-0.288425238795891	-0.288425238795891	-0.288425238795891	-0.288425238795891	-0.288425238795891	-0.288425238795891	-0.288425238795891	-0.288425238795891	-0.288425238795891	-0.288425238795891	-0.288425238795891	-0.288425238795891	-0.288425238795891	-0.288425238795891	-0.288425238795891	3.58795234063066	-0.288425238795891	2.42171581553669	-0.288425238795891	-0.288425238795891	-0.288425238795891	-0.288425238795891	-0.288425238795891	-0.288425238795891	-0.288425238795891	-0.288425238795891	3.77822674811784	-0.288425238795891	-0.288425238795891	-0.288425238795891	3.2822272318498	-0.288425238795891	-0.288425238795891	-0.288425238795891	-0.288425238795891	-0.288425238795891	-0.288425238795891	-0.288425238795891	-0.288425238795891	-0.288425238795891	-0.288425238795891	-0.288425238795891	-0.288425238795891	-0.288425238795891	-0.288425238795891	-0.288425238795891	-0.288425238795891	-0.288425238795891	3.40821458469474	-0.288425238795891
"Mycl"	-0.290128923774283	-0.290128923774283	-0.290128923774283	-0.290128923774283	-0.290128923774283	-0.290128923774283	-0.290128923774283	-0.290128923774283	-0.290128923774283	-0.290128923774283	-0.290128923774283	-0.290128923774283	-0.290128923774283	-0.290128923774283	-0.290128923774283	-0.290128923774283	-0.290128923774283	-0.290128923774283	3.65336120444362	-0.290128923774283	-0.290128923774283	-0.290128923774283	-0.290128923774283	-0.290128923774283	3.06531190374566	-0.290128923774283	-0.290128923774283	3.08239686048627	-0.290128923774283	-0.290128923774283	-0.290128923774283	-0.290128923774283	-0.290128923774283	3.34234301188559	-0.290128923774283	3.48493664619002	-0.290128923774283	-0.290128923774283	-0.290128923774283	-0.290128923774283	-0.290128923774283	-0.290128923774283	-0.290128923774283	-0.290128923774283	-0.290128923774283	-0.290128923774283	-0.290128923774283	-0.290128923774283	-0.290128923774283	-0.290128923774283	-0.290128923774283	-0.290128923774283	-0.290128923774283
"Gtf2f1"	-0.362279814986267	-0.362279814986267	-0.362279814986267	-0.362279814986267	2.52147527198512	3.02570875493114	-0.362279814986267	-0.362279814986267	-0.362279814986267	-0.362279814986267	-0.362279814986267	-0.362279814986267	-0.362279814986267	-0.362279814986267	-0.362279814986267	-0.362279814986267	-0.362279814986267	-0.362279814986267	-0.362279814986267	-0.362279814986267	2.16780387835265	-0.362279814986267	2.78402476663457	-0.362279814986267	2.71692014161021	2.36789128011492	-0.362279814986267	-0.362279814986267	-0.362279814986267	-0.362279814986267	-0.362279814986267	-0.362279814986267	-0.362279814986267	-0.362279814986267	-0.362279814986267	3.1019987512892	-0.362279814986267	-0.362279814986267	-0.362279814986267	-0.362279814986267	2.68003760263503	-0.362279814986267	-0.362279814986267	-0.362279814986267	-0.362279814986267	-0.362279814986267	2.90688715652703	-0.362279814986267	-0.362279814986267	-0.362279814986267	-0.362279814986267	-0.362279814986267	-0.362279814986267
"Gm43728"	-0.425680084875623	-0.425680084875623	-0.425680084875623	-0.425680084875623	-0.425680084875623	-0.425680084875623	2.67606572105758	-0.425680084875623	-0.425680084875623	-0.425680084875623	-0.425680084875623	-0.425680084875623	-0.425680084875623	-0.425680084875623	-0.425680084875623	-0.425680084875623	-0.425680084875623	-0.425680084875623	-0.425680084875623	-0.425680084875623	-0.425680084875623	-0.425680084875623	-0.425680084875623	-0.425680084875623	2.518483486923	2.05974065365439	2.21623204855259	2.04559280016598	1.27734152519133	-0.425680084875623	-0.425680084875623	2.56136984436925	-0.425680084875623	2.23607255232151	-0.425680084875623	2.64711441143342	-0.425680084875623	-0.425680084875623	-0.425680084875623	2.30894454023331	-0.425680084875623	-0.425680084875623	-0.425680084875623	-0.425680084875623	-0.425680084875623	-0.425680084875623	-0.425680084875623	-0.425680084875623	-0.425680084875623	-0.425680084875623	2.36657767951328	2.32999016862424	-0.425680084875623
"Rrs1"	-0.258776116923072	-0.258776116923072	-0.258776116923072	-0.258776116923072	-0.258776116923072	-0.258776116923072	-0.258776116923072	-0.258776116923072	-0.258776116923072	-0.258776116923072	-0.258776116923072	-0.258776116923072	-0.258776116923072	-0.258776116923072	-0.258776116923072	-0.258776116923072	-0.258776116923072	-0.258776116923072	-0.258776116923072	3.16457475398249	-0.258776116923072	-0.258776116923072	3.30528506722778	-0.258776116923072	-0.258776116923072	-0.258776116923072	-0.258776116923072	-0.258776116923072	2.97965860857314	-0.258776116923072	-0.258776116923072	-0.258776116923072	-0.258776116923072	-0.258776116923072	-0.258776116923072	-0.258776116923072	-0.258776116923072	-0.258776116923072	3.90840390684394	-0.258776116923072	-0.258776116923072	-0.258776116923072	-0.258776116923072	-0.258776116923072	-0.258776116923072	-0.258776116923072	-0.258776116923072	-0.258776116923072	-0.258776116923072	-0.258776116923072	-0.258776116923072	-0.258776116923072	-0.258776116923072
"Napsa"	-0.381888379310692	-0.381888379310692	-0.381888379310692	-0.381888379310692	-0.381888379310692	-0.381888379310692	-0.381888379310692	-0.381888379310692	-0.381888379310692	-0.381888379310692	-0.381888379310692	-0.381888379310692	-0.381888379310692	-0.381888379310692	-0.381888379310692	-0.381888379310692	-0.381888379310692	-0.381888379310692	-0.381888379310692	2.32711522678804	1.87511271158755	-0.381888379310692	-0.381888379310692	-0.381888379310692	2.36496054091637	-0.381888379310692	-0.381888379310692	-0.381888379310692	-0.381888379310692	3.54802929820145	-0.381888379310692	-0.381888379310692	-0.381888379310692	-0.381888379310692	2.62537053289897	-0.381888379310692	-0.381888379310692	2.20045980039653	-0.381888379310692	-0.381888379310692	2.33205888990725	-0.381888379310692	-0.381888379310692	-0.381888379310692	-0.381888379310692	2.49177164449217	-0.381888379310692	2.5148186080011	-0.381888379310692	-0.381888379310692	-0.381888379310692	-0.381888379310692	-0.381888379310692
"Depp1"	-0.196907799334927	-0.196907799334927	-0.196907799334927	-0.196907799334927	-0.196907799334927	-0.196907799334927	5.55779384242506	-0.196907799334927	-0.196907799334927	-0.196907799334927	-0.196907799334927	-0.196907799334927	-0.196907799334927	-0.196907799334927	-0.196907799334927	-0.196907799334927	-0.196907799334927	-0.196907799334927	-0.196907799334927	-0.196907799334927	-0.196907799334927	-0.196907799334927	-0.196907799334927	5.5071921801927	-0.196907799334927	-0.196907799334927	-0.196907799334927	-0.196907799334927	3.30928332883195	-0.196907799334927	-0.196907799334927	-0.196907799334927	-0.196907799334927	-0.196907799334927	-0.196907799334927	-0.196907799334927	-0.196907799334927	-0.196907799334927	-0.196907799334927	-0.196907799334927	-0.196907799334927	-0.196907799334927	-0.196907799334927	-0.196907799334927	-0.196907799334927	-0.196907799334927	-0.196907799334927	-0.196907799334927	-0.196907799334927	-0.196907799334927	-0.196907799334927	-0.196907799334927	-0.196907799334927
"Ifi205"	-0.528144172152799	-0.528144172152799	-0.528144172152799	1.55965308434498	-0.528144172152799	-0.528144172152799	-0.528144172152799	-0.528144172152799	-0.528144172152799	-0.528144172152799	-0.528144172152799	-0.528144172152799	-0.528144172152799	-0.528144172152799	-0.528144172152799	-0.528144172152799	-0.528144172152799	-0.528144172152799	-0.528144172152799	-0.528144172152799	-0.528144172152799	1.7891167255263	1.95551660375585	1.91324469472107	1.63846345794848	1.39287739497739	-0.528144172152799	-0.528144172152799	1.23884034013656	-0.528144172152799	2.22945463221575	-0.528144172152799	-0.528144172152799	1.81734240218396	-0.528144172152799	-0.528144172152799	-0.528144172152799	1.50871166965641	1.74559088384394	-0.528144172152799	1.88220981985497	-0.528144172152799	1.94981906015772	-0.528144172152799	2.20699010182247	2.00840871321201	-0.528144172152799	-0.528144172152799	-0.528144172152799	-0.528144172152799	-0.528144172152799	-0.528144172152799	-0.528144172152799
"Sema7a"	5.79770901960839	-0.198852300686633	-0.198852300686633	-0.198852300686633	-0.198852300686633	-0.198852300686633	-0.198852300686633	-0.198852300686633	-0.198852300686633	-0.198852300686633	-0.198852300686633	-0.198852300686633	-0.198852300686633	-0.198852300686633	-0.198852300686633	-0.198852300686633	-0.198852300686633	-0.198852300686633	-0.198852300686633	4.85613865778105	-0.198852300686633	-0.198852300686633	-0.198852300686633	-0.198852300686633	-0.198852300686633	-0.198852300686633	-0.198852300686633	-0.198852300686633	3.86237027273477	-0.198852300686633	-0.198852300686633	-0.198852300686633	-0.198852300686633	-0.198852300686633	-0.198852300686633	-0.198852300686633	-0.198852300686633	-0.198852300686633	-0.198852300686633	-0.198852300686633	-0.198852300686633	-0.198852300686633	-0.198852300686633	-0.198852300686633	-0.198852300686633	-0.198852300686633	-0.198852300686633	-0.198852300686633	-0.198852300686633	-0.198852300686633	-0.198852300686633	-0.198852300686633	-0.198852300686633
"Ppef2"	-0.628664611266298	-0.628664611266298	-0.628664611266298	-0.628664611266298	-0.628664611266298	-0.628664611266298	-0.628664611266298	-0.628664611266298	-0.628664611266298	-0.628664611266298	-0.628664611266298	-0.628664611266298	-0.628664611266298	-0.628664611266298	-0.628664611266298	-0.628664611266298	-0.628664611266298	-0.628664611266298	-0.628664611266298	-0.628664611266298	1.26595877094198	1.59314397890225	-0.628664611266298	-0.628664611266298	1.46356163060446	1.48377914633063	-0.628664611266298	1.47305332788569	0.88873628248193	1.66531719729722	1.37181397721592	1.9996060237016	-0.628664611266298	1.84950706324971	-0.628664611266298	-0.628664611266298	1.4477992314977	-0.628664611266298	1.69143520622157	1.44066928290401	-0.628664611266298	-0.628664611266298	1.13227413638816	1.51447238800293	-0.628664611266298	-0.628664611266298	-0.628664611266298	-0.628664611266298	-0.628664611266298	-0.628664611266298	1.71627407268864	-0.628664611266298	1.58452491106416
"Snx22"	-0.287906995436302	-0.287906995436302	-0.287906995436302	3.32628512726953	-0.287906995436302	-0.287906995436302	-0.287906995436302	-0.287906995436302	-0.287906995436302	-0.287906995436302	-0.287906995436302	-0.287906995436302	-0.287906995436302	-0.287906995436302	-0.287906995436302	-0.287906995436302	-0.287906995436302	-0.287906995436302	-0.287906995436302	-0.287906995436302	-0.287906995436302	-0.287906995436302	-0.287906995436302	-0.287906995436302	3.46271400252491	3.50339246083694	-0.287906995436302	-0.287906995436302	2.30990865974616	-0.287906995436302	-0.287906995436302	-0.287906995436302	-0.287906995436302	-0.287906995436302	-0.287906995436302	-0.287906995436302	-0.287906995436302	-0.287906995436302	-0.287906995436302	-0.287906995436302	-0.287906995436302	-0.287906995436302	-0.287906995436302	-0.287906995436302	-0.287906995436302	-0.287906995436302	-0.287906995436302	3.66733421624799	-0.287906995436302	3.88385521391564	-0.287906995436302	-0.287906995436302	-0.287906995436302
"Gm45238"	-0.447487819998138	-0.447487819998138	-0.447487819998138	-0.447487819998138	-0.447487819998138	-0.447487819998138	-0.447487819998138	-0.447487819998138	-0.447487819998138	-0.447487819998138	-0.447487819998138	-0.447487819998138	-0.447487819998138	-0.447487819998138	-0.447487819998138	-0.447487819998138	-0.447487819998138	-0.447487819998138	-0.447487819998138	-0.447487819998138	1.46417551906445	2.04084851334834	1.92977548478674	2.17414042538172	-0.447487819998138	-0.447487819998138	-0.447487819998138	2.18060673367385	-0.447487819998138	-0.447487819998138	-0.447487819998138	-0.447487819998138	-0.447487819998138	-0.447487819998138	-0.447487819998138	-0.447487819998138	-0.447487819998138	-0.447487819998138	-0.447487819998138	-0.447487819998138	-0.447487819998138	-0.447487819998138	-0.447487819998138	2.23239922413347	-0.447487819998138	2.27633007742972	2.48223446815659	2.00600171263055	-0.447487819998138	2.1403126112434	-0.447487819998138	2.16002621215474	2.90052785404355
"Tspan33"	-0.446193938120456	-0.446193938120456	-0.446193938120456	-0.446193938120456	-0.446193938120456	-0.446193938120456	-0.446193938120456	-0.446193938120456	2.35800259684903	-0.446193938120456	-0.446193938120456	-0.446193938120456	-0.446193938120456	-0.446193938120456	-0.446193938120456	-0.446193938120456	-0.446193938120456	-0.446193938120456	-0.446193938120456	-0.446193938120456	1.56044653469117	2.16577036251274	-0.446193938120456	2.30568461410675	1.99595739191408	1.71913831217385	-0.446193938120456	-0.446193938120456	-0.446193938120456	-0.446193938120456	-0.446193938120456	2.03844911386404	-0.446193938120456	-0.446193938120456	-0.446193938120456	-0.446193938120456	-0.446193938120456	-0.446193938120456	2.11670901394244	2.26996564298847	-0.446193938120456	-0.446193938120456	2.16893334285747	-0.446193938120456	-0.446193938120456	1.80511040566095	-0.446193938120456	-0.446193938120456	-0.446193938120456	-0.446193938120456	-0.446193938120456	-0.446193938120456	-0.446193938120456
"Mical3"	1.336643406987	1.50245706347577	1.74579975793423	-0.648943586556137	1.41076460339978	1.48725846227793	-0.648943586556137	-0.648943586556137	1.82249044130955	-0.648943586556137	1.69171839754529	1.36696353861334	-0.648943586556137	1.39462195855647	-0.648943586556137	-0.648943586556137	-0.648943586556137	-0.648943586556137	1.8749603306054	1.02486974803639	0.946330381432493	-0.648943586556137	-0.648943586556137	1.53879272042824	-0.648943586556137	-0.648943586556137	1.43718772816184	1.30244597234223	1.416417496053	-0.648943586556137	-0.648943586556137	1.32634119129992	-0.648943586556137	1.45285437191142	-0.648943586556137	-0.648943586556137	1.51783629764628	-0.648943586556137	-0.648943586556137	-0.648943586556137	-0.648943586556137	-0.648943586556137	-0.648943586556137	-0.648943586556137	1.80201891140719	-0.648943586556137	-0.648943586556137	-0.648943586556137	-0.648943586556137	1.51056357035452	-0.648943586556137	-0.648943586556137	-0.648943586556137
"Rala"	-0.751898355495259	1.53697995547955	-0.751898355495259	1.49969211123915	0.98694519615715	1.29098736128732	1.35883027974278	-0.751898355495259	-0.751898355495259	-0.751898355495259	-0.751898355495259	1.17594731557161	-0.751898355495259	1.43372666992566	-0.751898355495259	1.25217189658678	1.28741367899458	-0.751898355495259	1.43018431835018	0.848797307008013	-0.751898355495259	-0.751898355495259	0.914590851571452	1.57176352743742	-0.751898355495259	0.894337285344237	1.24310388153389	1.11424808881132	1.26253077101735	-0.751898355495259	-0.751898355495259	1.13709948600696	-0.751898355495259	1.25808615475257	-0.751898355495259	-0.751898355495259	1.32022945622784	-0.751898355495259	-0.751898355495259	1.54458031529096	1.31367483565362	1.32227881634646	1.37161314459346	-0.751898355495259	-0.751898355495259	0.959699228942868	-0.751898355495259	-0.751898355495259	-0.751898355495259	-0.751898355495259	-0.751898355495259	-0.751898355495259	-0.751898355495259
"Met"	-0.468790178332688	-0.468790178332688	-0.468790178332688	-0.468790178332688	-0.468790178332688	-0.468790178332688	-0.468790178332688	-0.468790178332688	-0.468790178332688	-0.468790178332688	-0.468790178332688	-0.468790178332688	-0.468790178332688	-0.468790178332688	-0.468790178332688	-0.468790178332688	-0.468790178332688	-0.468790178332688	-0.468790178332688	1.5410462716572	-0.468790178332688	-0.468790178332688	1.91328162474592	2.15814084310875	1.8624766149384	-0.468790178332688	-0.468790178332688	-0.468790178332688	2.06053077831609	-0.468790178332688	-0.468790178332688	-0.468790178332688	-0.468790178332688	-0.468790178332688	2.08348810285629	-0.468790178332688	2.13297735474473	-0.468790178332688	1.97774557604097	-0.468790178332688	-0.468790178332688	2.13555053512002	1.73763074122776	-0.468790178332688	-0.468790178332688	-0.468790178332688	2.00630091993154	-0.468790178332688	-0.468790178332688	-0.468790178332688	-0.468790178332688	-0.468790178332688	-0.468790178332688
"Dkk3"	-0.31531039635906	-0.31531039635906	-0.31531039635906	-0.31531039635906	-0.31531039635906	-0.31531039635906	-0.31531039635906	-0.31531039635906	-0.31531039635906	-0.31531039635906	-0.31531039635906	-0.31531039635906	-0.31531039635906	-0.31531039635906	-0.31531039635906	-0.31531039635906	-0.31531039635906	-0.31531039635906	-0.31531039635906	-0.31531039635906	2.89637315818351	-0.31531039635906	-0.31531039635906	-0.31531039635906	2.83866075055004	-0.31531039635906	-0.31531039635906	3.24743088766014	-0.31531039635906	-0.31531039635906	-0.31531039635906	2.89353763854812	-0.31531039635906	-0.31531039635906	-0.31531039635906	-0.31531039635906	-0.31531039635906	-0.31531039635906	2.9946081429725	-0.31531039635906	-0.31531039635906	-0.31531039635906	-0.31531039635906	-0.31531039635906	3.66627559234943	-0.31531039635906	-0.31531039635906	-0.31531039635906	-0.31531039635906	-0.31531039635906	-0.31531039635906	3.21953117851143	-0.31531039635906
"Gpr157"	-0.31496049933616	-0.31496049933616	-0.31496049933616	-0.31496049933616	-0.31496049933616	3.23687429975624	-0.31496049933616	-0.31496049933616	-0.31496049933616	2.94524883418527	-0.31496049933616	-0.31496049933616	-0.31496049933616	-0.31496049933616	-0.31496049933616	-0.31496049933616	-0.31496049933616	-0.31496049933616	3.47888715048109	-0.31496049933616	-0.31496049933616	-0.31496049933616	-0.31496049933616	-0.31496049933616	-0.31496049933616	2.54724416958131	-0.31496049933616	2.92958902521079	-0.31496049933616	-0.31496049933616	-0.31496049933616	-0.31496049933616	-0.31496049933616	-0.31496049933616	-0.31496049933616	-0.31496049933616	-0.31496049933616	-0.31496049933616	-0.31496049933616	-0.31496049933616	-0.31496049933616	-0.31496049933616	-0.31496049933616	-0.31496049933616	-0.31496049933616	-0.31496049933616	-0.31496049933616	3.08926646160894	-0.31496049933616	-0.31496049933616	-0.31496049933616	-0.31496049933616	-0.31496049933616
"Mtmr14"	-0.588239693685906	1.72940087107705	-0.588239693685906	-0.588239693685906	1.3705307961108	-0.588239693685906	-0.588239693685906	-0.588239693685906	-0.588239693685906	-0.588239693685906	-0.588239693685906	-0.588239693685906	-0.588239693685906	1.6132332881293	-0.588239693685906	-0.588239693685906	-0.588239693685906	-0.588239693685906	2.13068767109432	-0.588239693685906	-0.588239693685906	-0.588239693685906	1.54886570553284	-0.588239693685906	-0.588239693685906	1.2662099429497	1.91973818559487	1.51393481262499	1.26890504120487	-0.588239693685906	-0.588239693685906	1.53967642832981	-0.588239693685906	-0.588239693685906	-0.588239693685906	1.76484731245865	2.26765980132321	1.37803004547429	-0.588239693685906	-0.588239693685906	1.47823315109706	-0.588239693685906	1.39127832673971	-0.588239693685906	-0.588239693685906	1.75221887483298	-0.588239693685906	1.61739134287356	1.77565030779889	-0.588239693685906	1.78697881127017	-0.588239693685906	-0.588239693685906
"Prkar2a"	1.44122484060622	-0.628159093006011	-0.628159093006011	-0.628159093006011	-0.628159093006011	1.5981962433162	-0.628159093006011	-0.628159093006011	-0.628159093006011	-0.628159093006011	-0.628159093006011	1.47282456071749	-0.628159093006011	-0.628159093006011	-0.628159093006011	-0.628159093006011	-0.628159093006011	-0.628159093006011	-0.628159093006011	1.11629352162905	1.28516439165189	1.53597965695851	1.18799592173445	-0.628159093006011	1.39528139786283	-0.628159093006011	-0.628159093006011	1.40558418519562	1.27272366938679	-0.628159093006011	-0.628159093006011	-0.628159093006011	-0.628159093006011	-0.628159093006011	1.58710997573776	-0.628159093006011	-0.628159093006011	1.67320033794685	1.49532995683024	-0.628159093006011	-0.628159093006011	1.63229795413629	1.53860033915074	-0.628159093006011	1.92624040279287	1.23715543949341	-0.628159093006011	1.50567293726993	-0.628159093006011	-0.628159093006011	1.66973989407272	-0.628159093006011	-0.628159093006011
"Myo1b"	-0.314363980994765	-0.314363980994765	-0.314363980994765	-0.314363980994765	-0.314363980994765	-0.314363980994765	-0.314363980994765	-0.314363980994765	-0.314363980994765	3.03575529659137	3.68475122822684	-0.314363980994765	-0.314363980994765	-0.314363980994765	-0.314363980994765	-0.314363980994765	-0.314363980994765	-0.314363980994765	-0.314363980994765	-0.314363980994765	-0.314363980994765	-0.314363980994765	-0.314363980994765	3.42347155376154	-0.314363980994765	2.62677447264571	-0.314363980994765	-0.314363980994765	2.80185804548551	-0.314363980994765	-0.314363980994765	-0.314363980994765	-0.314363980994765	-0.314363980994765	-0.314363980994765	-0.314363980994765	-0.314363980994765	-0.314363980994765	-0.314363980994765	3.3749550087989	-0.314363980994765	-0.314363980994765	-0.314363980994765	-0.314363980994765	-0.314363980994765	2.74354908312892	-0.314363980994765	-0.314363980994765	-0.314363980994765	-0.314363980994765	-0.314363980994765	-0.314363980994765	-0.314363980994765
"Plce1"	0.994999170798948	-0.772705819931911	-0.772705819931911	-0.772705819931911	-0.772705819931911	-0.772705819931911	-0.772705819931911	-0.772705819931911	1.21199490313574	-0.772705819931911	-0.772705819931911	-0.772705819931911	-0.772705819931911	-0.772705819931911	-0.772705819931911	-0.772705819931911	-0.772705819931911	-0.772705819931911	-0.772705819931911	0.717436991605795	1.3911041154487	1.41743338698426	1.11930163716458	-0.772705819931911	1.1709525619685	-0.772705819931911	1.2999146462913	0.964554281661213	1.0245670682432	-0.772705819931911	1.4272297681623	0.985827435616926	-0.772705819931911	1.09845809923803	1.46118161168815	-0.772705819931911	-0.772705819931911	1.06720136153441	1.2565611116694	1.14968578756384	-0.772705819931911	1.49983756520573	-0.772705819931911	1.21824817387037	-0.772705819931911	1.03554955427213	1.06238837790591	-0.772705819931911	-0.772705819931911	-0.772705819931911	-0.772705819931911	-0.772705819931911	-0.772705819931911
"Psap"	-2.1243650407171	0.041263153433222	0.286215110639308	0.530881242026759	0.192483015856548	0.0259640415429359	0.0973750849418389	-2.1243650407171	0.506047363148773	0.235287784074228	0.47556408149285	0.148327188393781	-2.1243650407171	0.17621056978736	-2.1243650407171	0.228673417280146	-2.1243650407171	0.392392246153976	0.904048426394423	-0.196948002299871	-0.0332973433214128	0.738526988801503	0.359672536147195	0.80926604183233	0.731645313824636	0.582066073944351	0.659798983820047	0.469567768988607	0.033015250376863	0.915658452642089	-2.1243650407171	0.35106350150533	0.128250848317894	0.621358711190174	0.258858777525714	0.460670211690458	0.443006209974192	0.0984068737097431	0.61073146330116	0.435506643354714	0.371964185108325	0.38103184515875	0.534229733994681	-2.1243650407171	0.342806050039882	0.407421219107618	0.194069819118072	0.972163576745821	0.815917126270099	0.615401695071513	0.481376106054372	0.30963960852487	0.444127789643102
"Ccdc107"	-0.446069514086756	-0.446069514086756	-0.446069514086756	-0.446069514086756	-0.446069514086756	-0.446069514086756	-0.446069514086756	-0.446069514086756	-0.446069514086756	-0.446069514086756	-0.446069514086756	-0.446069514086756	-0.446069514086756	-0.446069514086756	-0.446069514086756	-0.446069514086756	-0.446069514086756	-0.446069514086756	-0.446069514086756	-0.446069514086756	1.53275485826574	2.12968767203515	1.71551755162507	-0.446069514086756	1.96222865308524	1.68924684635699	-0.446069514086756	-0.446069514086756	-0.446069514086756	-0.446069514086756	-0.446069514086756	-0.446069514086756	-0.446069514086756	-0.446069514086756	-0.446069514086756	-0.446069514086756	-0.446069514086756	-0.446069514086756	-0.446069514086756	2.23243859492497	-0.446069514086756	1.94451944030689	-0.446069514086756	-0.446069514086756	-0.446069514086756	-0.446069514086756	-0.446069514086756	-0.446069514086756	-0.446069514086756	2.23264616742865	-0.446069514086756	-0.446069514086756	2.41864270033273
"Cst3"	-1.09006930809435	-1.09006930809435	-1.09006930809435	0.686279052223674	0.845353884768947	1.31718196756652	0.76590366152479	-1.09006930809435	0.784558904529779	0.558761316779391	0.878178113267321	-1.09006930809435	0.777255501216238	1.035382140997	-1.09006930809435	-1.09006930809435	-1.09006930809435	-1.09006930809435	-1.09006930809435	0.887556577267641	0.860191970785931	0.656050090911087	0.945787188147252	0.953136802468037	-1.09006930809435	0.763533020613546	0.664144930742776	0.754121455465196	0.646679377806475	0.922826896633025	-1.09006930809435	0.893314412998343	0.791696319082037	-1.09006930809435	-1.09006930809435	1.15394087548205	0.731961787684297	0.444757220037543	0.623252179982826	-1.09006930809435	0.726198280993407	0.733763799047428	1.02601652474359	0.994054921095031	-1.09006930809435	0.821292595165992	1.28867091725954	1.36156522577509	1.28157530158876	0.725846198660548	-1.09006930809435	0.73967965859691	0.851934230561005
"Bloc1s2"	1.83798929099758	-0.509559616873233	-0.509559616873233	1.70237388583458	-0.509559616873233	-0.509559616873233	-0.509559616873233	-0.509559616873233	-0.509559616873233	-0.509559616873233	-0.509559616873233	-0.509559616873233	-0.509559616873233	-0.509559616873233	-0.509559616873233	-0.509559616873233	-0.509559616873233	-0.509559616873233	2.18814991105887	1.46938095756649	-0.509559616873233	-0.509559616873233	-0.509559616873233	-0.509559616873233	1.78587016651603	1.52568204777356	-0.509559616873233	-0.509559616873233	-0.509559616873233	2.32056866322689	-0.509559616873233	-0.509559616873233	-0.509559616873233	1.97538489475511	-0.509559616873233	-0.509559616873233	-0.509559616873233	1.64840359658629	-0.509559616873233	2.04341632783506	-0.509559616873233	-0.509559616873233	1.66294346517245	-0.509559616873233	-0.509559616873233	-0.509559616873233	2.21350549798034	1.911100450546	2.08478822985084	-0.509559616873233	2.09722115971174	-0.509559616873233	-0.509559616873233
"Xcr1"	-0.313705265238409	-0.313705265238409	-0.313705265238409	-0.313705265238409	-0.313705265238409	-0.313705265238409	-0.313705265238409	-0.313705265238409	-0.313705265238409	-0.313705265238409	-0.313705265238409	-0.313705265238409	-0.313705265238409	-0.313705265238409	-0.313705265238409	-0.313705265238409	-0.313705265238409	-0.313705265238409	3.55363085637661	-0.313705265238409	-0.313705265238409	-0.313705265238409	-0.313705265238409	-0.313705265238409	-0.313705265238409	2.60394154751456	-0.313705265238409	-0.313705265238409	2.36999012823215	-0.313705265238409	-0.313705265238409	3.0341924444392	-0.313705265238409	-0.313705265238409	-0.313705265238409	-0.313705265238409	-0.313705265238409	-0.313705265238409	3.13964265791064	-0.313705265238409	-0.313705265238409	-0.313705265238409	-0.313705265238409	-0.313705265238409	-0.313705265238409	3.5388102754486	-0.313705265238409	-0.313705265238409	3.40545539152845	-0.313705265238409	-0.313705265238409	-0.313705265238409	-0.313705265238409
"Skap2"	0.523740007818398	0.816951471034266	0.683223248303815	0.600376175629756	0.363874113454239	0.667475260955264	-1.82803956404328	-1.82803956404328	0.295022324759756	0.574334435970679	-1.82803956404328	0.456962531827633	0.286751043484291	0.579085719615195	0.395466772709753	0.167680814355651	0.202775763372174	-1.82803956404328	0.344951554915911	0.360397395522025	0.589827950881044	0.514782720109497	0.426333004640843	0.620871852204927	0.385940484307946	0.607729225930312	0.158650580802773	0.626017268890328	0.599886151488377	0.451614177212891	0.5252620449193	0.648842821898334	0.303105619739765	0.538911108628255	0.657327788788574	0.713356360094666	0.600888023002077	0.505417703409347	0.342695416106251	0.458870925788664	0.228927504036126	0.602931612396754	0.612919517436527	0.76299078133195	-1.82803956404328	0.522785932410936	0.932754937706572	0.352160270341078	0.627161786009075	0.593952449154955	0.502252779138645	-1.82803956404328	0.601949122287251
"Cd24a"	-0.405933870744489	-0.405933870744489	-0.405933870744489	-0.405933870744489	-0.405933870744489	-0.405933870744489	-0.405933870744489	-0.405933870744489	-0.405933870744489	-0.405933870744489	-0.405933870744489	-0.405933870744489	-0.405933870744489	-0.405933870744489	-0.405933870744489	-0.405933870744489	-0.405933870744489	-0.405933870744489	-0.405933870744489	2.17866334272512	-0.405933870744489	2.39699919564787	1.94630021988107	-0.405933870744489	-0.405933870744489	2.24319429359801	-0.405933870744489	-0.405933870744489	-0.405933870744489	-0.405933870744489	-0.405933870744489	2.26036909783019	-0.405933870744489	-0.405933870744489	-0.405933870744489	2.54251076242766	-0.405933870744489	2.05782435181888	-0.405933870744489	-0.405933870744489	-0.405933870744489	-0.405933870744489	2.40039343124077	-0.405933870744489	-0.405933870744489	-0.405933870744489	-0.405933870744489	-0.405933870744489	-0.405933870744489	-0.405933870744489	-0.405933870744489	2.53124435707738	-0.405933870744489
"Gm13561"	-0.407130844523112	-0.407130844523112	-0.407130844523112	2.51019224679046	-0.407130844523112	-0.407130844523112	-0.407130844523112	-0.407130844523112	-0.407130844523112	-0.407130844523112	-0.407130844523112	-0.407130844523112	2.65960420974811	2.41505722409439	-0.407130844523112	-0.407130844523112	-0.407130844523112	-0.407130844523112	-0.407130844523112	-0.407130844523112	2.12819409336628	-0.407130844523112	2.33254091564545	-0.407130844523112	2.27410898657225	-0.407130844523112	-0.407130844523112	-0.407130844523112	1.97364409834399	-0.407130844523112	-0.407130844523112	-0.407130844523112	-0.407130844523112	-0.407130844523112	-0.407130844523112	-0.407130844523112	-0.407130844523112	-0.407130844523112	-0.407130844523112	-0.407130844523112	2.24199319871627	-0.407130844523112	-0.407130844523112	2.68129896485946	-0.407130844523112	-0.407130844523112	-0.407130844523112	-0.407130844523112	-0.407130844523112	-0.407130844523112	-0.407130844523112	2.59789284963555	-0.407130844523112
"Plcd3"	-0.232294247763718	-0.232294247763718	-0.232294247763718	-0.232294247763718	4.46321893663503	-0.232294247763718	-0.232294247763718	-0.232294247763718	-0.232294247763718	-0.232294247763718	-0.232294247763718	-0.232294247763718	-0.232294247763718	-0.232294247763718	-0.232294247763718	-0.232294247763718	-0.232294247763718	-0.232294247763718	-0.232294247763718	-0.232294247763718	4.50860306309964	-0.232294247763718	-0.232294247763718	-0.232294247763718	-0.232294247763718	-0.232294247763718	-0.232294247763718	-0.232294247763718	3.24040946698673	-0.232294247763718	-0.232294247763718	-0.232294247763718	-0.232294247763718	-0.232294247763718	-0.232294247763718	-0.232294247763718	-0.232294247763718	-0.232294247763718	-0.232294247763718	-0.232294247763718	-0.232294247763718	-0.232294247763718	4.51295437226632	-0.232294247763718	-0.232294247763718	-0.232294247763718	-0.232294247763718	-0.232294247763718	-0.232294247763718	-0.232294247763718	-0.232294247763718	-0.232294247763718	-0.232294247763718
"Fgd2"	-1.24290934315209	-1.24290934315209	-1.24290934315209	0.802970381083443	-1.24290934315209	-1.24290934315209	-1.24290934315209	-1.24290934315209	-1.24290934315209	-1.24290934315209	0.725815495285676	0.452665009856596	-1.24290934315209	0.475928436487118	-1.24290934315209	-1.24290934315209	-1.24290934315209	0.860021798538823	0.676270948841625	0.48643961714812	0.623334365119273	1.03002050495635	0.425672342651427	0.800792366427259	0.390084704695957	0.526702217734307	-1.24290934315209	0.720808277955211	0.2070882534372	0.770475108637171	0.512872882823611	0.891072913084809	0.639312724121143	-1.24290934315209	0.748445012369865	-1.24290934315209	-1.24290934315209	0.2922894717083	0.67427833271829	0.776884250731248	0.573798798862285	0.700432392577834	-1.24290934315209	0.638081472152133	1.14156119053111	0.465473553283675	1.01718810926199	0.801761785723739	0.925518315288484	0.777025145972065	1.01894912337282	0.790876037191425	-1.24290934315209
"P3h2"	0.925994975877684	-0.958583231531259	0.946483587276491	1.51756817905651	-0.958583231531259	-0.958583231531259	1.10254631778008	-0.958583231531259	1.00749257871858	0.906236031120713	-0.958583231531259	-0.958583231531259	0.807983777504559	-0.958583231531259	0.786171340997001	0.901008737309413	-0.958583231531259	-0.958583231531259	0.856600932809743	0.677056140367209	0.919172160432396	-0.958583231531259	1.13951473421778	1.08708790990295	0.890840582892321	1.12255602695213	-0.958583231531259	1.09138607698002	0.492373349727194	-0.958583231531259	-0.958583231531259	1.11045315093212	-0.958583231531259	0.713439601198039	-0.958583231531259	1.08435439161265	1.07039463858885	1.31115260169579	-0.958583231531259	1.20650439719543	-0.958583231531259	0.959393559234833	1.04332206204202	1.31856880939392	1.29667812725601	1.07501653637285	0.986335950870792	-0.958583231531259	-0.958583231531259	0.759348437043382	0.988000775519327	-0.958583231531259	1.18402032351785
"Tpte"	-0.232649190487059	4.67227620788847	-0.232649190487059	-0.232649190487059	-0.232649190487059	-0.232649190487059	-0.232649190487059	-0.232649190487059	-0.232649190487059	-0.232649190487059	-0.232649190487059	-0.232649190487059	-0.232649190487059	4.42642560588773	-0.232649190487059	-0.232649190487059	-0.232649190487059	-0.232649190487059	-0.232649190487059	-0.232649190487059	4.2747334267027	-0.232649190487059	-0.232649190487059	-0.232649190487059	-0.232649190487059	-0.232649190487059	-0.232649190487059	-0.232649190487059	3.37730647458933	-0.232649190487059	-0.232649190487059	-0.232649190487059	-0.232649190487059	-0.232649190487059	-0.232649190487059	-0.232649190487059	-0.232649190487059	-0.232649190487059	-0.232649190487059	-0.232649190487059	-0.232649190487059	-0.232649190487059	-0.232649190487059	-0.232649190487059	-0.232649190487059	-0.232649190487059	-0.232649190487059	-0.232649190487059	-0.232649190487059	-0.232649190487059	-0.232649190487059	-0.232649190487059	-0.232649190487059
"Ust"	-1.21011279086487	0.612547121645036	-1.21011279086487	-1.21011279086487	-1.21011279086487	-1.21011279086487	-1.21011279086487	1.00976988732999	0.88367839997486	0.451077568641923	-1.21011279086487	0.497757430488369	0.876313896444268	0.931271171542224	0.767923351315855	-1.21011279086487	-1.21011279086487	1.233406068777	-1.21011279086487	-1.21011279086487	0.754767765161555	0.549095625340854	0.675422387480678	1.11971389347453	0.434723309078474	1.06770364687242	0.882236772513265	0.97302158130733	0.131339105396778	1.14315477262498	0.968559708236498	0.66818307304034	1.01092293722557	-1.21011279086487	0.590658989575796	0.84549916727239	0.625576360809432	1.11661693259368	0.516051859277762	0.944354680665958	0.415021525362226	0.627391880159325	0.671096950211373	-1.21011279086487	-1.21011279086487	0.920717115806354	0.536199214618244	0.524459572617977	-1.21011279086487	-1.21011279086487	0.657828087568079	0.83842107705361	0.746448124413731
"Htr7"	0.836685046243568	-0.837408508183924	-0.837408508183924	-0.837408508183924	-0.837408508183924	1.1677195781519	-0.837408508183924	-0.837408508183924	-0.837408508183924	-0.837408508183924	-0.837408508183924	-0.837408508183924	-0.837408508183924	-0.837408508183924	-0.837408508183924	-0.837408508183924	-0.837408508183924	-0.837408508183924	-0.837408508183924	1.34965874417829	-0.837408508183924	1.32150723762232	0.835190975643482	1.00712173008789	1.12268149021048	1.02110782343212	-0.837408508183924	1.13103757233576	0.765844444023712	-0.837408508183924	-0.837408508183924	-0.837408508183924	1.37294635473156	1.1386787711447	-0.837408508183924	-0.837408508183924	-0.837408508183924	1.10903902462016	-0.837408508183924	-0.837408508183924	-0.837408508183924	1.19533655296093	0.711855660256857	1.04811156765635	1.43329600562822	0.671596652780255	1.10447467975671	0.888822371496454	1.33624053344403	-0.837408508183924	1.02154952300123	1.20127404857695	1.10974338990581
"Proser2"	-0.311327056751066	-0.311327056751066	-0.311327056751066	-0.311327056751066	-0.311327056751066	-0.311327056751066	-0.311327056751066	-0.311327056751066	-0.311327056751066	-0.311327056751066	-0.311327056751066	-0.311327056751066	-0.311327056751066	-0.311327056751066	-0.311327056751066	-0.311327056751066	-0.311327056751066	-0.311327056751066	-0.311327056751066	-0.311327056751066	2.33243284787353	3.1299503339363	-0.311327056751066	-0.311327056751066	-0.311327056751066	2.54151014108414	-0.311327056751066	-0.311327056751066	-0.311327056751066	-0.311327056751066	3.14815484308154	-0.311327056751066	-0.311327056751066	-0.311327056751066	-0.311327056751066	-0.311327056751066	-0.311327056751066	-0.311327056751066	-0.311327056751066	-0.311327056751066	-0.311327056751066	-0.311327056751066	-0.311327056751066	-0.311327056751066	-0.311327056751066	2.65477884903527	-0.311327056751066	-0.311327056751066	-0.311327056751066	-0.311327056751066	-0.311327056751066	-0.311327056751066	3.51600163223552
"Arhgap5"	-1.15138640057389	-1.15138640057389	-1.15138640057389	0.73128470371128	0.771088905037424	-1.15138640057389	0.692170199931782	0.834930420623196	1.03127848142291	-1.15138640057389	-1.15138640057389	0.532436215141376	-1.15138640057389	-1.15138640057389	0.478623612433244	0.919435503865554	-1.15138640057389	-1.15138640057389	-1.15138640057389	0.649805726283377	0.78582772497891	0.583051544375301	0.304161757568583	0.87815076024682	-1.15138640057389	1.094357324187	0.911501909526446	0.798721027880541	0.638765665148703	0.848043626211183	1.15999563978797	0.700462185521863	-1.15138640057389	0.806291038919751	-1.15138640057389	0.875281586823711	0.658455395580394	0.693026358116724	0.870808031355216	0.972745168692561	0.770966316311894	0.862420979329605	0.585151876729651	-1.15138640057389	-1.15138640057389	0.663301685320488	1.03981659571141	0.76081497210382	1.20439202174453	-1.15138640057389	-1.15138640057389	0.868303159401391	1.24743285227046
"Atp6v0a2"	-0.708645903696723	1.38803145633451	-0.708645903696723	1.11464786294788	-0.708645903696723	-0.708645903696723	-0.708645903696723	-0.708645903696723	-0.708645903696723	-0.708645903696723	-0.708645903696723	-0.708645903696723	-0.708645903696723	1.28293925832968	-0.708645903696723	1.33366335870272	-0.708645903696723	-0.708645903696723	-0.708645903696723	-0.708645903696723	1.21809636430801	-0.708645903696723	1.22470846309688	-0.708645903696723	1.41904911595544	0.969001022046354	-0.708645903696723	1.19310787177178	1.06886997495445	1.62422497401917	1.32574609677286	-0.708645903696723	-0.708645903696723	-0.708645903696723	1.36285267742575	-0.708645903696723	-0.708645903696723	1.30547416137381	-0.708645903696723	-0.708645903696723	1.16080999669176	1.16956019463542	1.08214542102482	1.47082294557082	-0.708645903696723	1.03561011555554	1.53597295306451	-0.708645903696723	1.80387063546406	-0.708645903696723	-0.708645903696723	1.41196422408824	-0.708645903696723
"Gm44423"	-0.706794290414838	-0.706794290414838	-0.706794290414838	1.08034969262949	-0.706794290414838	-0.706794290414838	1.40156131810417	-0.706794290414838	-0.706794290414838	-0.706794290414838	-0.706794290414838	-0.706794290414838	-0.706794290414838	-0.706794290414838	-0.706794290414838	-0.706794290414838	-0.706794290414838	-0.706794290414838	1.47283513557974	-0.706794290414838	0.817077693049971	-0.706794290414838	-0.706794290414838	-0.706794290414838	1.37871569250056	0.937590538768292	1.28596502749437	-0.706794290414838	1.17032415115162	1.57982360331153	1.28726255840748	1.18007980942054	-0.706794290414838	1.53207388867737	-0.706794290414838	-0.706794290414838	-0.706794290414838	1.0367440970837	1.47057210445376	-0.706794290414838	-0.706794290414838	1.13417329745151	1.04849166482306	-0.706794290414838	2.00126923145146	1.0028789979616	-0.706794290414838	-0.706794290414838	-0.706794290414838	-0.706794290414838	1.39936874490532	-0.706794290414838	1.49929066853151
"Fam71e1"	-0.229726672402564	-0.229726672402564	-0.229726672402564	-0.229726672402564	-0.229726672402564	-0.229726672402564	-0.229726672402564	-0.229726672402564	-0.229726672402564	-0.229726672402564	-0.229726672402564	-0.229726672402564	-0.229726672402564	-0.229726672402564	-0.229726672402564	-0.229726672402564	-0.229726672402564	-0.229726672402564	-0.229726672402564	-0.229726672402564	-0.229726672402564	-0.229726672402564	-0.229726672402564	-0.229726672402564	4.31941623052998	-0.229726672402564	-0.229726672402564	-0.229726672402564	3.06956924911597	-0.229726672402564	-0.229726672402564	-0.229726672402564	-0.229726672402564	-0.229726672402564	-0.229726672402564	-0.229726672402564	-0.229726672402564	-0.229726672402564	-0.229726672402564	-0.229726672402564	-0.229726672402564	3.78599356172626	-0.229726672402564	-0.229726672402564	-0.229726672402564	-0.229726672402564	-0.229726672402564	-0.229726672402564	-0.229726672402564	-0.229726672402564	-0.229726672402564	-0.229726672402564	-0.229726672402564
"Gm10125"	-0.312896060365058	-0.312896060365058	-0.312896060365058	-0.312896060365058	-0.312896060365058	-0.312896060365058	-0.312896060365058	-0.312896060365058	-0.312896060365058	-0.312896060365058	-0.312896060365058	-0.312896060365058	-0.312896060365058	-0.312896060365058	3.36003459508063	-0.312896060365058	-0.312896060365058	-0.312896060365058	-0.312896060365058	2.49019137754589	-0.312896060365058	-0.312896060365058	3.00934219809877	-0.312896060365058	-0.312896060365058	-0.312896060365058	-0.312896060365058	-0.312896060365058	2.33877945869495	-0.312896060365058	-0.312896060365058	-0.312896060365058	-0.312896060365058	-0.312896060365058	-0.312896060365058	-0.312896060365058	-0.312896060365058	-0.312896060365058	-0.312896060365058	-0.312896060365058	-0.312896060365058	-0.312896060365058	-0.312896060365058	3.43226050199614	-0.312896060365058	-0.312896060365058	3.13907475311311	-0.312896060365058	-0.312896060365058	-0.312896060365058	-0.312896060365058	-0.312896060365058	-0.312896060365058
"Slc22a18"	2.98700183063055	-0.339103239460691	-0.339103239460691	-0.339103239460691	2.70672780809471	-0.339103239460691	-0.339103239460691	-0.339103239460691	-0.339103239460691	-0.339103239460691	-0.339103239460691	-0.339103239460691	-0.339103239460691	-0.339103239460691	-0.339103239460691	-0.339103239460691	3.23304096201153	-0.339103239460691	-0.339103239460691	-0.339103239460691	-0.339103239460691	-0.339103239460691	2.57998891375588	-0.339103239460691	-0.339103239460691	-0.339103239460691	3.15542606865991	-0.339103239460691	2.31328932830391	-0.339103239460691	-0.339103239460691	2.96974433854312	-0.339103239460691	-0.339103239460691	-0.339103239460691	-0.339103239460691	-0.339103239460691	-0.339103239460691	-0.339103239460691	-0.339103239460691	-0.339103239460691	-0.339103239460691	-0.339103239460691	-0.339103239460691	-0.339103239460691	-0.339103239460691	3.11380103332739	-0.339103239460691	-0.339103239460691	-0.339103239460691	-0.339103239460691	-0.339103239460691	-0.339103239460691
"Gm35188"	-0.56576975087497	-0.56576975087497	-0.56576975087497	-0.56576975087497	-0.56576975087497	1.78602084159141	-0.56576975087497	-0.56576975087497	-0.56576975087497	-0.56576975087497	-0.56576975087497	-0.56576975087497	1.87898443993457	-0.56576975087497	1.58265810820884	1.74133608807092	-0.56576975087497	-0.56576975087497	-0.56576975087497	1.27696720183416	1.45535243845025	-0.56576975087497	1.35270939234348	-0.56576975087497	-0.56576975087497	1.59485582259933	1.7308968979006	-0.56576975087497	0.914700732793039	-0.56576975087497	1.73239230978859	-0.56576975087497	-0.56576975087497	-0.56576975087497	-0.56576975087497	-0.56576975087497	1.81968463551788	1.70949200698581	-0.56576975087497	-0.56576975087497	1.54607134138491	1.55595605039517	-0.56576975087497	2.162824341633	-0.56576975087497	-0.56576975087497	1.96987622889098	-0.56576975087497	-0.56576975087497	2.43068213546044	-0.56576975087497	-0.56576975087497	-0.56576975087497
"Gm16033"	-0.162287364594507	-0.162287364594507	-0.162287364594507	-0.162287364594507	-0.162287364594507	-0.162287364594507	-0.162287364594507	-0.162287364594507	-0.162287364594507	-0.162287364594507	-0.162287364594507	-0.162287364594507	-0.162287364594507	-0.162287364594507	-0.162287364594507	-0.162287364594507	-0.162287364594507	-0.162287364594507	6.69013426090265	-0.162287364594507	-0.162287364594507	-0.162287364594507	-0.162287364594507	-0.162287364594507	-0.162287364594507	-0.162287364594507	-0.162287364594507	-0.162287364594507	-0.162287364594507	-0.162287364594507	-0.162287364594507	-0.162287364594507	-0.162287364594507	-0.162287364594507	-0.162287364594507	-0.162287364594507	-0.162287364594507	5.31913071909088	-0.162287364594507	-0.162287364594507	-0.162287364594507	-0.162287364594507	-0.162287364594507	-0.162287364594507	-0.162287364594507	-0.162287364594507	-0.162287364594507	-0.162287364594507	-0.162287364594507	-0.162287364594507	-0.162287364594507	-0.162287364594507	-0.162287364594507
"Myo9a"	0.287929315057805	-1.48366557089616	-1.48366557089616	0.869853418517506	0.354062268654237	0.764642844734046	0.701603782114325	0.638103921168326	0.505402553916942	-1.48366557089616	-1.48366557089616	0.74680417805331	0.497653301752812	0.33965936052522	0.599507606052011	-1.48366557089616	0.418977991426632	0.747101535300627	0.55218057801687	0.350809509762632	0.439246836036852	0.800988165665062	0.571608706288614	0.468292447499838	0.464269897675812	0.657461926593152	-1.48366557089616	0.81550726462587	0.611663349591232	0.652111354052567	0.721111050617165	0.278737397159177	0.855423162184647	0.391615908403436	-1.48366557089616	-1.48366557089616	0.665555177867061	0.828939843516336	0.940629908555178	-1.48366557089616	0.227848260580119	0.235859192961904	0.371292258220107	0.727687616106398	-1.48366557089616	0.797147768735996	0.913821894903856	0.685299930094481	-1.48366557089616	-1.48366557089616	-1.48366557089616	0.800164029130054	0.576890922919993
"Slk"	-1.35700697098781	-1.35700697098781	0.744060377959943	0.496388718975565	0.238283471315853	-1.35700697098781	0.791864674358482	0.729422463066629	-1.35700697098781	0.575452493510324	-1.35700697098781	0.411682207729205	0.591311180254953	-1.35700697098781	-1.35700697098781	0.818186698017737	-1.35700697098781	-1.35700697098781	0.857381524727152	0.446913209145296	0.377572944758361	0.889593717923838	0.507581411242389	0.562439358527145	0.346403378557233	-1.35700697098781	0.685576966827636	0.355076662822832	0.414219740841013	0.743196589037678	0.811047031035091	0.712404031006526	-1.35700697098781	0.823621665363884	0.720216533456548	-1.35700697098781	0.968936365559373	0.244391119402419	0.923722609029763	0.537525232883212	0.53803940428103	0.670133562504943	0.591194520166599	-1.35700697098781	0.793385174297423	-1.35700697098781	0.788012904506378	-1.35700697098781	0.780614120310543	0.874330252036812	0.577453140126328	0.552105523125325	-1.35700697098781
"Zfp282"	-0.609715842335922	-0.609715842335922	1.78688490873645	-0.609715842335922	-0.609715842335922	-0.609715842335922	-0.609715842335922	-0.609715842335922	-0.609715842335922	1.59456085843361	-0.609715842335922	-0.609715842335922	-0.609715842335922	-0.609715842335922	-0.609715842335922	-0.609715842335922	1.52440326191488	-0.609715842335922	1.67381127001852	-0.609715842335922	1.36884782957791	-0.609715842335922	-0.609715842335922	-0.609715842335922	-0.609715842335922	1.49584766020612	1.47803351384933	1.34318724986826	1.11555657655742	-0.609715842335922	-0.609715842335922	-0.609715842335922	-0.609715842335922	1.73587379183403	1.5174974892501	-0.609715842335922	1.80097901928507	-0.609715842335922	-0.609715842335922	-0.609715842335922	-0.609715842335922	1.70255964351705	-0.609715842335922	-0.609715842335922	-0.609715842335922	1.18145345493777	1.45316531757617	-0.609715842335922	1.58631882541942	-0.609715842335922	1.83911411326769	-0.609715842335922	-0.609715842335922
"Fam149a"	-0.263513514991341	-0.263513514991341	-0.263513514991341	-0.263513514991341	-0.263513514991341	-0.263513514991341	-0.263513514991341	-0.263513514991341	-0.263513514991341	-0.263513514991341	-0.263513514991341	-0.263513514991341	-0.263513514991341	-0.263513514991341	-0.263513514991341	3.63486128648035	-0.263513514991341	-0.263513514991341	-0.263513514991341	-0.263513514991341	-0.263513514991341	3.59931423011003	-0.263513514991341	-0.263513514991341	3.79784624209256	-0.263513514991341	-0.263513514991341	-0.263513514991341	-0.263513514991341	-0.263513514991341	-0.263513514991341	-0.263513514991341	3.89939566440115	-0.263513514991341	-0.263513514991341	-0.263513514991341	-0.263513514991341	-0.263513514991341	-0.263513514991341	-0.263513514991341	-0.263513514991341	-0.263513514991341	-0.263513514991341	-0.263513514991341	-0.263513514991341	3.77804214130114	-0.263513514991341	-0.263513514991341	-0.263513514991341	-0.263513514991341	-0.263513514991341	-0.263513514991341	-0.263513514991341
"Fuca1"	-0.607682774639966	-0.607682774639966	-0.607682774639966	1.71709367224064	-0.607682774639966	1.59562357332929	-0.607682774639966	1.84507838552829	1.6916758784639	-0.607682774639966	-0.607682774639966	1.47154983738126	-0.607682774639966	-0.607682774639966	-0.607682774639966	-0.607682774639966	-0.607682774639966	-0.607682774639966	-0.607682774639966	-0.607682774639966	1.03770337333132	-0.607682774639966	1.58428685969748	-0.607682774639966	1.64412661261758	1.16782596180931	-0.607682774639966	-0.607682774639966	1.02545684878816	1.86127094907519	-0.607682774639966	1.67903313996965	-0.607682774639966	-0.607682774639966	-0.607682774639966	-0.607682774639966	-0.607682774639966	1.52392651508383	-0.607682774639966	-0.607682774639966	-0.607682774639966	1.62937223631255	1.28757038823419	-0.607682774639966	-0.607682774639966	1.48725657484094	-0.607682774639966	1.75355849728245	-0.607682774639966	1.61966076241133	-0.607682774639966	-0.607682774639966	-0.607682774639966
"Dcdc5"	-0.260082470209191	-0.260082470209191	-0.260082470209191	-0.260082470209191	-0.260082470209191	-0.260082470209191	-0.260082470209191	-0.260082470209191	3.80843741119001	-0.260082470209191	-0.260082470209191	-0.260082470209191	-0.260082470209191	-0.260082470209191	-0.260082470209191	-0.260082470209191	-0.260082470209191	-0.260082470209191	-0.260082470209191	-0.260082470209191	-0.260082470209191	-0.260082470209191	-0.260082470209191	-0.260082470209191	-0.260082470209191	4.5615168102687	-0.260082470209191	-0.260082470209191	2.62961941168247	-0.260082470209191	-0.260082470209191	-0.260082470209191	-0.260082470209191	-0.260082470209191	-0.260082470209191	-0.260082470209191	-0.260082470209191	3.51161915750757	-0.260082470209191	-0.260082470209191	-0.260082470209191	-0.260082470209191	-0.260082470209191	-0.260082470209191	-0.260082470209191	-0.260082470209191	-0.260082470209191	-0.260082470209191	-0.260082470209191	-0.260082470209191	-0.260082470209191	-0.260082470209191	3.95466259420381
"Rab30"	-0.426415576255849	-0.426415576255849	-0.426415576255849	-0.426415576255849	2.94186002587028	-0.426415576255849	-0.426415576255849	-0.426415576255849	-0.426415576255849	-0.426415576255849	-0.426415576255849	2.07595130297977	-0.426415576255849	-0.426415576255849	2.29605735633621	-0.426415576255849	2.22063598400203	-0.426415576255849	-0.426415576255849	2.12579663031415	2.15219616095378	-0.426415576255849	-0.426415576255849	-0.426415576255849	-0.426415576255849	-0.426415576255849	-0.426415576255849	1.99586496420455	1.71352358609223	-0.426415576255849	-0.426415576255849	-0.426415576255849	-0.426415576255849	-0.426415576255849	-0.426415576255849	-0.426415576255849	2.26323125773026	-0.426415576255849	-0.426415576255849	-0.426415576255849	-0.426415576255849	-0.426415576255849	-0.426415576255849	-0.426415576255849	-0.426415576255849	-0.426415576255849	-0.426415576255849	2.11507521019142	-0.426415576255849	-0.426415576255849	-0.426415576255849	-0.426415576255849	-0.426415576255849
"Rab19"	-0.262344105945576	-0.262344105945576	-0.262344105945576	-0.262344105945576	-0.262344105945576	-0.262344105945576	-0.262344105945576	-0.262344105945576	-0.262344105945576	-0.262344105945576	-0.262344105945576	-0.262344105945576	-0.262344105945576	-0.262344105945576	-0.262344105945576	-0.262344105945576	-0.262344105945576	-0.262344105945576	-0.262344105945576	-0.262344105945576	-0.262344105945576	3.47630070766726	-0.262344105945576	3.67656749192064	-0.262344105945576	-0.262344105945576	-0.262344105945576	-0.262344105945576	-0.262344105945576	-0.262344105945576	-0.262344105945576	3.29405896500341	3.76673506612311	-0.262344105945576	-0.262344105945576	-0.262344105945576	-0.262344105945576	-0.262344105945576	-0.262344105945576	-0.262344105945576	-0.262344105945576	-0.262344105945576	-0.262344105945576	-0.262344105945576	-0.262344105945576	-0.262344105945576	-0.262344105945576	-0.262344105945576	-0.262344105945576	-0.262344105945576	-0.262344105945576	-0.262344105945576	-0.262344105945576
"Kank1"	-0.337375373554102	-0.337375373554102	3.16493863639586	-0.337375373554102	-0.337375373554102	-0.337375373554102	-0.337375373554102	-0.337375373554102	-0.337375373554102	-0.337375373554102	-0.337375373554102	-0.337375373554102	-0.337375373554102	-0.337375373554102	-0.337375373554102	-0.337375373554102	-0.337375373554102	-0.337375373554102	-0.337375373554102	2.1105779343742	-0.337375373554102	-0.337375373554102	-0.337375373554102	2.86219068251449	-0.337375373554102	-0.337375373554102	-0.337375373554102	2.51653337901591	-0.337375373554102	-0.337375373554102	-0.337375373554102	-0.337375373554102	-0.337375373554102	-0.337375373554102	-0.337375373554102	-0.337375373554102	-0.337375373554102	-0.337375373554102	-0.337375373554102	-0.337375373554102	-0.337375373554102	2.48119603790003	-0.337375373554102	-0.337375373554102	-0.337375373554102	-0.337375373554102	-0.337375373554102	-0.337375373554102	-0.337375373554102	-0.337375373554102	-0.337375373554102	-0.337375373554102	-0.337375373554102
"Rnase6"	-0.526425088898164	-0.526425088898164	-0.526425088898164	-0.526425088898164	-0.526425088898164	-0.526425088898164	-0.526425088898164	-0.526425088898164	-0.526425088898164	-0.526425088898164	-0.526425088898164	-0.526425088898164	-0.526425088898164	-0.526425088898164	-0.526425088898164	-0.526425088898164	-0.526425088898164	-0.526425088898164	-0.526425088898164	1.75812419217881	-0.526425088898164	-0.526425088898164	-0.526425088898164	-0.526425088898164	1.63083493418393	-0.526425088898164	-0.526425088898164	1.64181909276909	0.967771169083724	2.13334810174128	2.0618877551057	-0.526425088898164	1.96007657694827	1.80894212351026	-0.526425088898164	-0.526425088898164	-0.526425088898164	1.50164294671142	1.73750016975737	-0.526425088898164	1.60499535637071	-0.526425088898164	1.5153076109363	-0.526425088898164	-0.526425088898164	-0.526425088898164	-0.526425088898164	-0.526425088898164	1.91176009812302	-0.526425088898164	-0.526425088898164	-0.526425088898164	-0.526425088898164
"Stk32c"	-0.338076653036773	-0.338076653036773	-0.338076653036773	-0.338076653036773	-0.338076653036773	-0.338076653036773	-0.338076653036773	-0.338076653036773	3.27348936421454	-0.338076653036773	-0.338076653036773	-0.338076653036773	-0.338076653036773	-0.338076653036773	-0.338076653036773	-0.338076653036773	-0.338076653036773	-0.338076653036773	-0.338076653036773	-0.338076653036773	-0.338076653036773	-0.338076653036773	2.20844454982505	-0.338076653036773	-0.338076653036773	-0.338076653036773	2.71043723760742	2.51353586741664	-0.338076653036773	-0.338076653036773	-0.338076653036773	-0.338076653036773	-0.338076653036773	-0.338076653036773	-0.338076653036773	-0.338076653036773	-0.338076653036773	-0.338076653036773	-0.338076653036773	-0.338076653036773	-0.338076653036773	-0.338076653036773	-0.338076653036773	-0.338076653036773	-0.338076653036773	-0.338076653036773	-0.338076653036773	-0.338076653036773	-0.338076653036773	2.81766312151221	2.88392171446873	-0.338076653036773	-0.338076653036773
"Nap1l1"	-0.605663249997642	-0.605663249997642	-0.605663249997642	-0.605663249997642	1.69972999585147	-0.605663249997642	-0.605663249997642	-0.605663249997642	-0.605663249997642	-0.605663249997642	-0.605663249997642	-0.605663249997642	-0.605663249997642	-0.605663249997642	1.34901157140827	1.49337939397051	1.53029127570048	-0.605663249997642	-0.605663249997642	1.07088898269908	-0.605663249997642	-0.605663249997642	1.70163827554106	-0.605663249997642	-0.605663249997642	1.3601092515547	-0.605663249997642	1.34891941117381	0.741293021317219	1.79201253072324	-0.605663249997642	1.37285373041141	-0.605663249997642	1.49957392736301	-0.605663249997642	-0.605663249997642	-0.605663249997642	1.46440712792736	-0.605663249997642	-0.605663249997642	-0.605663249997642	-0.605663249997642	-0.605663249997642	-0.605663249997642	-0.605663249997642	-0.605663249997642	-0.605663249997642	-0.605663249997642	1.83472987023019	-0.605663249997642	-0.605663249997642	1.81630735045093	-0.605663249997642
"Atrx"	0.721162265042593	1.04608232419118	0.450257359859705	0.409868207849031	0.435048131385462	0.433694866302128	-1.94959385493865	0.997268670431784	0.284490162083804	-1.94959385493865	0.959756191294568	-1.94959385493865	0.518400290609934	0.482672035441317	0.686878491587227	0.635672782899579	-1.94959385493865	0.555961925420534	0.579693425708726	0.110854153955403	0.452736168387532	0.373797696418235	0.523387843300328	0.242808786477704	-0.00394875284182071	0.401317923771044	0.383457271170636	0.248216399629897	0.362615182463261	0.692004282941087	0.384820241529683	0.0299041086393076	0.677626745393554	0.39917705755582	0.564987889706387	-1.94959385493865	0.46437058598069	0.442054960379869	0.0922532306636071	0.456906963826945	0.356795366231466	0.70926282702103	-0.10814350369711	0.676158127575214	0.506596426034554	-0.15599522903136	0.358522185789365	0.102198553654018	0.249419252602856	-1.94959385493865	0.259957614204508	0.231005420224355	-1.94959385493865
"C1galt1c1"	-0.359375804641379	-0.359375804641379	-0.359375804641379	-0.359375804641379	-0.359375804641379	-0.359375804641379	-0.359375804641379	2.98025228819442	-0.359375804641379	-0.359375804641379	-0.359375804641379	2.47166366035492	-0.359375804641379	-0.359375804641379	-0.359375804641379	-0.359375804641379	-0.359375804641379	-0.359375804641379	-0.359375804641379	-0.359375804641379	-0.359375804641379	-0.359375804641379	-0.359375804641379	3.05291937677194	-0.359375804641379	-0.359375804641379	-0.359375804641379	-0.359375804641379	1.52913222344126	3.00229974270995	-0.359375804641379	-0.359375804641379	-0.359375804641379	-0.359375804641379	-0.359375804641379	-0.359375804641379	-0.359375804641379	-0.359375804641379	2.50198929590076	-0.359375804641379	-0.359375804641379	-0.359375804641379	-0.359375804641379	3.12125545814014	-0.359375804641379	-0.359375804641379	-0.359375804641379	-0.359375804641379	2.72223564703011	-0.359375804641379	-0.359375804641379	2.69643121842887	-0.359375804641379
"1810020O05Rik"	-0.262313573342306	-0.262313573342306	-0.262313573342306	-0.262313573342306	-0.262313573342306	-0.262313573342306	-0.262313573342306	-0.262313573342306	-0.262313573342306	-0.262313573342306	-0.262313573342306	-0.262313573342306	-0.262313573342306	-0.262313573342306	-0.262313573342306	-0.262313573342306	-0.262313573342306	-0.262313573342306	-0.262313573342306	-0.262313573342306	-0.262313573342306	-0.262313573342306	-0.262313573342306	-0.262313573342306	-0.262313573342306	3.2338964264895	-0.262313573342306	3.70093427397566	-0.262313573342306	-0.262313573342306	-0.262313573342306	-0.262313573342306	-0.262313573342306	-0.262313573342306	-0.262313573342306	4.17398178827362	-0.262313573342306	-0.262313573342306	-0.262313573342306	-0.262313573342306	-0.262313573342306	4.14274168710501	-0.262313573342306	-0.262313573342306	-0.262313573342306	3.37270953145997	-0.262313573342306	-0.262313573342306	-0.262313573342306	-0.262313573342306	-0.262313573342306	-0.262313573342306	-0.262313573342306
"Bcl2a1d"	-0.336432183169153	-0.336432183169153	-0.336432183169153	-0.336432183169153	-0.336432183169153	3.1891571794898	-0.336432183169153	-0.336432183169153	-0.336432183169153	-0.336432183169153	-0.336432183169153	-0.336432183169153	-0.336432183169153	-0.336432183169153	-0.336432183169153	-0.336432183169153	-0.336432183169153	3.78993749307655	-0.336432183169153	2.42603052055167	2.29640909471332	-0.336432183169153	2.53957628522117	-0.336432183169153	-0.336432183169153	-0.336432183169153	-0.336432183169153	-0.336432183169153	-0.336432183169153	-0.336432183169153	-0.336432183169153	3.32262381301639	-0.336432183169153	-0.336432183169153	-0.336432183169153	-0.336432183169153	-0.336432183169153	-0.336432183169153	-0.336432183169153	-0.336432183169153	-0.336432183169153	-0.336432183169153	2.69623025014766	-0.336432183169153	-0.336432183169153	2.61742381928585	-0.336432183169153	-0.336432183169153	-0.336432183169153	-0.336432183169153	-0.336432183169153	-0.336432183169153	-0.336432183169153
"Gm43113"	-0.26178426945574	-0.26178426945574	-0.26178426945574	-0.26178426945574	-0.26178426945574	-0.26178426945574	-0.26178426945574	-0.26178426945574	-0.26178426945574	-0.26178426945574	-0.26178426945574	-0.26178426945574	-0.26178426945574	-0.26178426945574	-0.26178426945574	-0.26178426945574	-0.26178426945574	-0.26178426945574	-0.26178426945574	2.9748859698414	-0.26178426945574	-0.26178426945574	-0.26178426945574	-0.26178426945574	-0.26178426945574	-0.26178426945574	3.77218953280054	-0.26178426945574	-0.26178426945574	-0.26178426945574	-0.26178426945574	3.55784443255824	-0.26178426945574	-0.26178426945574	-0.26178426945574	-0.26178426945574	-0.26178426945574	-0.26178426945574	-0.26178426945574	-0.26178426945574	-0.26178426945574	-0.26178426945574	-0.26178426945574	-0.26178426945574	-0.26178426945574	-0.26178426945574	-0.26178426945574	-0.26178426945574	-0.26178426945574	3.9140771613671	-0.26178426945574	-0.26178426945574	-0.26178426945574
"Arhgef9"	-0.335284247327694	-0.335284247327694	-0.335284247327694	-0.335284247327694	-0.335284247327694	-0.335284247327694	-0.335284247327694	-0.335284247327694	3.26118590909645	2.82799372716504	-0.335284247327694	-0.335284247327694	-0.335284247327694	-0.335284247327694	-0.335284247327694	-0.335284247327694	-0.335284247327694	-0.335284247327694	-0.335284247327694	-0.335284247327694	-0.335284247327694	-0.335284247327694	2.47598901605087	-0.335284247327694	2.79685155927914	-0.335284247327694	-0.335284247327694	-0.335284247327694	1.83414621151733	-0.335284247327694	-0.335284247327694	-0.335284247327694	-0.335284247327694	-0.335284247327694	-0.335284247327694	-0.335284247327694	-0.335284247327694	-0.335284247327694	-0.335284247327694	-0.335284247327694	2.75933495672293	-0.335284247327694	-0.335284247327694	-0.335284247327694	-0.335284247327694	-0.335284247327694	2.99008437880439	-0.335284247327694	-0.335284247327694	-0.335284247327694	-0.335284247327694	-0.335284247327694	-0.335284247327694
"Gm14335"	-0.16320826235188	-0.16320826235188	-0.16320826235188	6.25885728823696	-0.16320826235188	-0.16320826235188	-0.16320826235188	-0.16320826235188	-0.16320826235188	-0.16320826235188	-0.16320826235188	-0.16320826235188	-0.16320826235188	-0.16320826235188	-0.16320826235188	-0.16320826235188	-0.16320826235188	-0.16320826235188	-0.16320826235188	-0.16320826235188	-0.16320826235188	-0.16320826235188	5.81855412580213	-0.16320826235188	-0.16320826235188	-0.16320826235188	-0.16320826235188	-0.16320826235188	-0.16320826235188	-0.16320826235188	-0.16320826235188	-0.16320826235188	-0.16320826235188	-0.16320826235188	-0.16320826235188	-0.16320826235188	-0.16320826235188	-0.16320826235188	-0.16320826235188	-0.16320826235188	-0.16320826235188	-0.16320826235188	-0.16320826235188	-0.16320826235188	-0.16320826235188	-0.16320826235188	-0.16320826235188	-0.16320826235188	-0.16320826235188	-0.16320826235188	-0.16320826235188	-0.16320826235188	-0.16320826235188
"Ak9"	-0.163200496572927	-0.163200496572927	-0.163200496572927	-0.163200496572927	-0.163200496572927	-0.163200496572927	-0.163200496572927	-0.163200496572927	-0.163200496572927	-0.163200496572927	-0.163200496572927	-0.163200496572927	-0.163200496572927	-0.163200496572927	-0.163200496572927	-0.163200496572927	-0.163200496572927	-0.163200496572927	5.81031604265322	-0.163200496572927	-0.163200496572927	-0.163200496572927	-0.163200496572927	-0.163200496572927	-0.163200496572927	-0.163200496572927	-0.163200496572927	-0.163200496572927	-0.163200496572927	-0.163200496572927	-0.163200496572927	-0.163200496572927	-0.163200496572927	-0.163200496572927	-0.163200496572927	-0.163200496572927	-0.163200496572927	-0.163200496572927	-0.163200496572927	-0.163200496572927	-0.163200496572927	-0.163200496572927	-0.163200496572927	-0.163200496572927	-0.163200496572927	-0.163200496572927	-0.163200496572927	-0.163200496572927	-0.163200496572927	-0.163200496572927	-0.163200496572927	-0.163200496572927	-0.163200496572927
"Zc3h7a"	-1.21197882017861	0.680616288791133	-1.21197882017861	0.433842769136014	0.812771001578179	0.667246023104092	-1.21197882017861	0.880008846936027	0.74917011787643	0.512951172461012	-1.21197882017861	0.561422133835429	-1.21197882017861	0.585753348156404	1.14345861671758	0.631540165958197	-1.21197882017861	0.987476536222025	-1.21197882017861	-1.21197882017861	0.52722200403247	0.827567069282812	0.321003614058829	0.712580900602713	0.708614812555123	0.514493454908901	0.623198613111332	0.717327872833851	0.563966426917261	0.893819667079952	-1.21197882017861	0.951358341883233	-1.21197882017861	-1.21197882017861	-1.21197882017861	0.709562003070195	-1.21197882017861	0.818920127706725	0.793207473999238	0.900522987806572	0.688115945053346	0.48341015244215	-1.21197882017861	-1.21197882017861	-1.21197882017861	0.574818587428164	-1.21197882017861	0.589148833285312	-1.21197882017861	-1.21197882017861	0.727634678808482	0.702219535937438	-1.21197882017861
"Foxc1"	-0.163100058113175	-0.163100058113175	-0.163100058113175	-0.163100058113175	-0.163100058113175	-0.163100058113175	-0.163100058113175	-0.163100058113175	-0.163100058113175	-0.163100058113175	-0.163100058113175	-0.163100058113175	-0.163100058113175	-0.163100058113175	-0.163100058113175	-0.163100058113175	-0.163100058113175	-0.163100058113175	-0.163100058113175	-0.163100058113175	-0.163100058113175	5.72147749098676	-0.163100058113175	-0.163100058113175	-0.163100058113175	-0.163100058113175	-0.163100058113175	-0.163100058113175	-0.163100058113175	-0.163100058113175	-0.163100058113175	-0.163100058113175	-0.163100058113175	-0.163100058113175	-0.163100058113175	-0.163100058113175	-0.163100058113175	-0.163100058113175	-0.163100058113175	-0.163100058113175	-0.163100058113175	-0.163100058113175	-0.163100058113175	-0.163100058113175	-0.163100058113175	-0.163100058113175	-0.163100058113175	-0.163100058113175	-0.163100058113175	-0.163100058113175	-0.163100058113175	-0.163100058113175	-0.163100058113175
"Reep6"	-0.163084902470477	-0.163084902470477	-0.163084902470477	-0.163084902470477	-0.163084902470477	-0.163084902470477	-0.163084902470477	-0.163084902470477	-0.163084902470477	-0.163084902470477	-0.163084902470477	-0.163084902470477	-0.163084902470477	-0.163084902470477	-0.163084902470477	-0.163084902470477	-0.163084902470477	-0.163084902470477	-0.163084902470477	-0.163084902470477	-0.163084902470477	-0.163084902470477	-0.163084902470477	-0.163084902470477	-0.163084902470477	-0.163084902470477	-0.163084902470477	5.71001131228779	-0.163084902470477	-0.163084902470477	-0.163084902470477	-0.163084902470477	-0.163084902470477	-0.163084902470477	-0.163084902470477	-0.163084902470477	6.3582714705275	-0.163084902470477	-0.163084902470477	-0.163084902470477	-0.163084902470477	-0.163084902470477	-0.163084902470477	-0.163084902470477	-0.163084902470477	-0.163084902470477	-0.163084902470477	-0.163084902470477	-0.163084902470477	-0.163084902470477	-0.163084902470477	-0.163084902470477	-0.163084902470477
"Slc66a2"	-0.503434378006831	-0.503434378006831	-0.503434378006831	-0.503434378006831	-0.503434378006831	-0.503434378006831	-0.503434378006831	-0.503434378006831	-0.503434378006831	-0.503434378006831	-0.503434378006831	-0.503434378006831	-0.503434378006831	-0.503434378006831	-0.503434378006831	-0.503434378006831	-0.503434378006831	-0.503434378006831	-0.503434378006831	-0.503434378006831	1.36726914411295	-0.503434378006831	1.54004587910583	-0.503434378006831	1.77327694948066	1.51521057711531	-0.503434378006831	-0.503434378006831	1.07349817052134	-0.503434378006831	-0.503434378006831	-0.503434378006831	-0.503434378006831	-0.503434378006831	-0.503434378006831	-0.503434378006831	-0.503434378006831	1.63693137307719	-0.503434378006831	2.31255075092903	-0.503434378006831	2.03996049214228	1.65135267393765	-0.503434378006831	2.37069525083957	1.59535861572482	-0.503434378006831	1.89748602276999	-0.503434378006831	-0.503434378006831	-0.503434378006831	-0.503434378006831	-0.503434378006831
"Pianp"	-0.289630793757404	-0.289630793757404	-0.289630793757404	-0.289630793757404	-0.289630793757404	-0.289630793757404	-0.289630793757404	-0.289630793757404	-0.289630793757404	-0.289630793757404	-0.289630793757404	-0.289630793757404	-0.289630793757404	-0.289630793757404	-0.289630793757404	-0.289630793757404	-0.289630793757404	-0.289630793757404	-0.289630793757404	-0.289630793757404	-0.289630793757404	-0.289630793757404	-0.289630793757404	-0.289630793757404	3.07957647320618	-0.289630793757404	-0.289630793757404	3.51624226763451	-0.289630793757404	-0.289630793757404	-0.289630793757404	-0.289630793757404	-0.289630793757404	-0.289630793757404	3.39898801088376	-0.289630793757404	-0.289630793757404	2.87780451323449	-0.289630793757404	-0.289630793757404	-0.289630793757404	-0.289630793757404	-0.289630793757404	-0.289630793757404	-0.289630793757404	-0.289630793757404	-0.289630793757404	-0.289630793757404	-0.289630793757404	-0.289630793757404	3.53657412847857	-0.289630793757404	-0.289630793757404
"Dlgap4"	1.03212500652744	1.53097700627887	-0.770393358187905	0.927995436521451	1.44760314752125	-0.770393358187905	-0.770393358187905	-0.770393358187905	-0.770393358187905	1.00963054609033	-0.770393358187905	1.49900960537874	-0.770393358187905	-0.770393358187905	-0.770393358187905	-0.770393358187905	-0.770393358187905	-0.770393358187905	1.30098881854192	1.09610278532493	-0.770393358187905	-0.770393358187905	0.81155222187911	-0.770393358187905	1.34006110790616	1.13955843854883	-0.770393358187905	-0.770393358187905	0.450377660531276	1.40266390263295	-0.770393358187905	1.3708031853756	-0.770393358187905	-0.770393358187905	-0.770393358187905	1.43226716320525	1.19661214007097	1.10574915504531	1.07925278404363	1.40958132605438	-0.770393358187905	-0.770393358187905	0.897719578526057	1.25977069970063	1.45459347350163	-0.770393358187905	-0.770393358187905	-0.770393358187905	1.22162462384478	-0.770393358187905	-0.770393358187905	-0.770393358187905	-0.770393358187905
"Gm49965"	-0.162638090428549	-0.162638090428549	-0.162638090428549	-0.162638090428549	-0.162638090428549	-0.162638090428549	-0.162638090428549	-0.162638090428549	-0.162638090428549	-0.162638090428549	-0.162638090428549	-0.162638090428549	-0.162638090428549	-0.162638090428549	-0.162638090428549	-0.162638090428549	-0.162638090428549	-0.162638090428549	-0.162638090428549	-0.162638090428549	-0.162638090428549	-0.162638090428549	5.46111561929001	-0.162638090428549	-0.162638090428549	-0.162638090428549	-0.162638090428549	-0.162638090428549	-0.162638090428549	-0.162638090428549	6.57410307242263	-0.162638090428549	-0.162638090428549	-0.162638090428549	-0.162638090428549	-0.162638090428549	-0.162638090428549	-0.162638090428549	-0.162638090428549	-0.162638090428549	-0.162638090428549	-0.162638090428549	-0.162638090428549	-0.162638090428549	-0.162638090428549	-0.162638090428549	-0.162638090428549	-0.162638090428549	-0.162638090428549	-0.162638090428549	-0.162638090428549	-0.162638090428549	-0.162638090428549
"Gm10687"	-0.162621125160248	-0.162621125160248	-0.162621125160248	-0.162621125160248	-0.162621125160248	-0.162621125160248	-0.162621125160248	-0.162621125160248	-0.162621125160248	-0.162621125160248	-0.162621125160248	-0.162621125160248	-0.162621125160248	-0.162621125160248	-0.162621125160248	-0.162621125160248	-0.162621125160248	-0.162621125160248	-0.162621125160248	-0.162621125160248	-0.162621125160248	-0.162621125160248	-0.162621125160248	-0.162621125160248	-0.162621125160248	-0.162621125160248	5.45356018106198	-0.162621125160248	-0.162621125160248	-0.162621125160248	-0.162621125160248	-0.162621125160248	-0.162621125160248	-0.162621125160248	-0.162621125160248	-0.162621125160248	-0.162621125160248	-0.162621125160248	-0.162621125160248	-0.162621125160248	-0.162621125160248	-0.162621125160248	-0.162621125160248	-0.162621125160248	-0.162621125160248	-0.162621125160248	-0.162621125160248	-0.162621125160248	-0.162621125160248	-0.162621125160248	-0.162621125160248	-0.162621125160248	-0.162621125160248
"Cacng8"	-0.290099186556082	-0.290099186556082	-0.290099186556082	-0.290099186556082	-0.290099186556082	-0.290099186556082	-0.290099186556082	-0.290099186556082	-0.290099186556082	-0.290099186556082	-0.290099186556082	3.30371835223076	-0.290099186556082	-0.290099186556082	-0.290099186556082	-0.290099186556082	-0.290099186556082	-0.290099186556082	-0.290099186556082	-0.290099186556082	-0.290099186556082	-0.290099186556082	3.24650663476851	-0.290099186556082	-0.290099186556082	-0.290099186556082	-0.290099186556082	3.18870096956962	-0.290099186556082	-0.290099186556082	3.86267253627594	-0.290099186556082	-0.290099186556082	-0.290099186556082	-0.290099186556082	-0.290099186556082	-0.290099186556082	-0.290099186556082	-0.290099186556082	-0.290099186556082	-0.290099186556082	3.14562616990048	-0.290099186556082	-0.290099186556082	-0.290099186556082	-0.290099186556082	-0.290099186556082	-0.290099186556082	-0.290099186556082	3.55971839618042	-0.290099186556082	-0.290099186556082	-0.290099186556082
"Gm12160"	-0.290140813150408	-0.290140813150408	-0.290140813150408	-0.290140813150408	-0.290140813150408	-0.290140813150408	-0.290140813150408	-0.290140813150408	3.41738131070871	-0.290140813150408	-0.290140813150408	-0.290140813150408	-0.290140813150408	-0.290140813150408	-0.290140813150408	-0.290140813150408	-0.290140813150408	-0.290140813150408	-0.290140813150408	-0.290140813150408	-0.290140813150408	-0.290140813150408	3.0090751547075	3.3482099541102	-0.290140813150408	-0.290140813150408	-0.290140813150408	-0.290140813150408	-0.290140813150408	-0.290140813150408	-0.290140813150408	-0.290140813150408	-0.290140813150408	3.20528877331476	-0.290140813150408	-0.290140813150408	-0.290140813150408	-0.290140813150408	-0.290140813150408	-0.290140813150408	-0.290140813150408	-0.290140813150408	-0.290140813150408	-0.290140813150408	-0.290140813150408	-0.290140813150408	-0.290140813150408	-0.290140813150408	-0.290140813150408	-0.290140813150408	3.77926972215783	-0.290140813150408	3.55063200552959
"Usp53"	1.92861475712605	-0.526006493170725	2.11303928660598	1.53573535521393	-0.526006493170725	-0.526006493170725	-0.526006493170725	2.09465333265582	-0.526006493170725	-0.526006493170725	-0.526006493170725	1.96208287095662	-0.526006493170725	-0.526006493170725	-0.526006493170725	-0.526006493170725	-0.526006493170725	-0.526006493170725	-0.526006493170725	-0.526006493170725	1.23201114262062	-0.526006493170725	1.39438029603289	-0.526006493170725	1.61356218674149	-0.526006493170725	-0.526006493170725	1.62445626600525	1.21892630770173	-0.526006493170725	2.04108001267069	-0.526006493170725	-0.526006493170725	1.7902087475976	-0.526006493170725	1.88113238165796	-0.526006493170725	-0.526006493170725	1.7193526778397	-0.526006493170725	-0.526006493170725	-0.526006493170725	-0.526006493170725	-0.526006493170725	-0.526006493170725	-0.526006493170725	-0.526006493170725	-0.526006493170725	2.15895261705381	-0.526006493170725	-0.526006493170725	-0.526006493170725	-0.526006493170725
"4930527F14Rik"	-0.161762037733737	-0.161762037733737	-0.161762037733737	-0.161762037733737	-0.161762037733737	-0.161762037733737	-0.161762037733737	-0.161762037733737	-0.161762037733737	-0.161762037733737	-0.161762037733737	-0.161762037733737	-0.161762037733737	-0.161762037733737	-0.161762037733737	-0.161762037733737	-0.161762037733737	-0.161762037733737	-0.161762037733737	-0.161762037733737	5.14302043427283	-0.161762037733737	-0.161762037733737	-0.161762037733737	-0.161762037733737	-0.161762037733737	-0.161762037733737	-0.161762037733737	-0.161762037733737	-0.161762037733737	-0.161762037733737	-0.161762037733737	-0.161762037733737	6.82737035802373	-0.161762037733737	-0.161762037733737	-0.161762037733737	-0.161762037733737	-0.161762037733737	-0.161762037733737	-0.161762037733737	-0.161762037733737	-0.161762037733737	-0.161762037733737	-0.161762037733737	-0.161762037733737	-0.161762037733737	-0.161762037733737	-0.161762037733737	-0.161762037733737	-0.161762037733737	-0.161762037733737	-0.161762037733737
"Hoxa10"	-0.16169703225924	-0.16169703225924	-0.16169703225924	-0.16169703225924	-0.16169703225924	-0.16169703225924	-0.16169703225924	-0.16169703225924	-0.16169703225924	-0.16169703225924	-0.16169703225924	-0.16169703225924	-0.16169703225924	-0.16169703225924	-0.16169703225924	-0.16169703225924	-0.16169703225924	-0.16169703225924	-0.16169703225924	-0.16169703225924	-0.16169703225924	-0.16169703225924	5.12324259134564	-0.16169703225924	-0.16169703225924	-0.16169703225924	-0.16169703225924	-0.16169703225924	-0.16169703225924	-0.16169703225924	-0.16169703225924	-0.16169703225924	-0.16169703225924	-0.16169703225924	-0.16169703225924	-0.16169703225924	-0.16169703225924	-0.16169703225924	-0.16169703225924	-0.16169703225924	-0.16169703225924	-0.16169703225924	-0.16169703225924	-0.16169703225924	-0.16169703225924	-0.16169703225924	-0.16169703225924	-0.16169703225924	-0.16169703225924	-0.16169703225924	-0.16169703225924	-0.16169703225924	6.84233779583813
"Card10"	-0.381784869702349	-0.381784869702349	-0.381784869702349	-0.381784869702349	-0.381784869702349	-0.381784869702349	-0.381784869702349	-0.381784869702349	-0.381784869702349	-0.381784869702349	-0.381784869702349	-0.381784869702349	-0.381784869702349	-0.381784869702349	-0.381784869702349	2.35569123053409	-0.381784869702349	-0.381784869702349	-0.381784869702349	-0.381784869702349	-0.381784869702349	-0.381784869702349	-0.381784869702349	-0.381784869702349	-0.381784869702349	-0.381784869702349	2.65936661092782	-0.381784869702349	1.37485433502453	2.74515500676962	-0.381784869702349	2.51435008449853	-0.381784869702349	-0.381784869702349	2.39481608975968	-0.381784869702349	2.44865500900656	-0.381784869702349	-0.381784869702349	-0.381784869702349	-0.381784869702349	-0.381784869702349	-0.381784869702349	-0.381784869702349	-0.381784869702349	-0.381784869702349	-0.381784869702349	-0.381784869702349	2.80086502119072	-0.381784869702349	-0.381784869702349	-0.381784869702349	-0.381784869702349
"Krt222"	-0.161492425115722	-0.161492425115722	-0.161492425115722	-0.161492425115722	-0.161492425115722	6.88724849095619	-0.161492425115722	-0.161492425115722	-0.161492425115722	-0.161492425115722	-0.161492425115722	-0.161492425115722	-0.161492425115722	-0.161492425115722	-0.161492425115722	-0.161492425115722	-0.161492425115722	-0.161492425115722	-0.161492425115722	-0.161492425115722	-0.161492425115722	-0.161492425115722	-0.161492425115722	-0.161492425115722	-0.161492425115722	-0.161492425115722	-0.161492425115722	-0.161492425115722	5.06319096760725	-0.161492425115722	-0.161492425115722	-0.161492425115722	-0.161492425115722	-0.161492425115722	-0.161492425115722	-0.161492425115722	-0.161492425115722	-0.161492425115722	-0.161492425115722	-0.161492425115722	-0.161492425115722	-0.161492425115722	-0.161492425115722	-0.161492425115722	-0.161492425115722	-0.161492425115722	-0.161492425115722	-0.161492425115722	-0.161492425115722	-0.161492425115722	-0.161492425115722	-0.161492425115722	-0.161492425115722
"Rab11fip1"	-0.569140005965322	-0.569140005965322	-0.569140005965322	-0.569140005965322	-0.569140005965322	-0.569140005965322	-0.569140005965322	1.95690764440024	1.79892159634019	-0.569140005965322	-0.569140005965322	-0.569140005965322	-0.569140005965322	-0.569140005965322	1.76057042357475	-0.569140005965322	1.69602985252494	-0.569140005965322	1.85461262135884	-0.569140005965322	1.12540892954611	-0.569140005965322	1.28191616273482	-0.569140005965322	1.49318505561851	1.51555260597593	-0.569140005965322	-0.569140005965322	-0.569140005965322	-0.569140005965322	1.90526845119514	-0.569140005965322	1.80793769736071	-0.569140005965322	1.68870001415805	-0.569140005965322	-0.569140005965322	1.36967844507106	-0.569140005965322	-0.569140005965322	1.72519948400217	-0.569140005965322	1.89625944530226	-0.569140005965322	-0.569140005965322	-0.569140005965322	1.6204173696155	-0.569140005965322	-0.569140005965322	-0.569140005965322	-0.569140005965322	-0.569140005965322	-0.569140005965322
"Pitpnm3"	-0.16136109489859	-0.16136109489859	-0.16136109489859	-0.16136109489859	-0.16136109489859	-0.16136109489859	-0.16136109489859	-0.16136109489859	-0.16136109489859	-0.16136109489859	-0.16136109489859	-0.16136109489859	-0.16136109489859	-0.16136109489859	-0.16136109489859	-0.16136109489859	-0.16136109489859	-0.16136109489859	-0.16136109489859	-0.16136109489859	5.02621462384573	-0.16136109489859	-0.16136109489859	-0.16136109489859	-0.16136109489859	-0.16136109489859	-0.16136109489859	-0.16136109489859	-0.16136109489859	-0.16136109489859	-0.16136109489859	-0.16136109489859	-0.16136109489859	-0.16136109489859	-0.16136109489859	-0.16136109489859	-0.16136109489859	-0.16136109489859	-0.16136109489859	-0.16136109489859	-0.16136109489859	-0.16136109489859	-0.16136109489859	-0.16136109489859	-0.16136109489859	-0.16136109489859	-0.16136109489859	-0.16136109489859	-0.16136109489859	-0.16136109489859	-0.16136109489859	6.91450639864993	-0.16136109489859
"Akap9"	1.04535080921994	0.856465827879898	1.06770836654968	0.822656294018388	-1.01113630424872	-1.01113630424872	1.11500704398576	1.2634831101669	0.92411435806921	0.691014840895057	1.23099980440482	0.738845710995141	-1.01113630424872	-1.01113630424872	0.892772634347694	-1.01113630424872	-1.01113630424872	-1.01113630424872	-1.01113630424872	0.860826810262665	0.58253705992096	-1.01113630424872	0.920891439990441	1.09814379304742	-1.01113630424872	0.902408531014708	1.13280534877326	1.0155931717294	0.781776030066645	-1.01113630424872	-1.01113630424872	1.0363868440892	-1.01113630424872	-1.01113630424872	-1.01113630424872	0.885029294755278	0.869816335386223	0.905745632286981	0.75759123449003	-1.01113630424872	-1.01113630424872	0.661863929688004	0.583999771526697	0.930211824649532	-1.01113630424872	0.87485304163228	-1.01113630424872	1.09914431911167	-1.01113630424872	0.86350297808744	1.11301270163813	-1.01113630424872	-1.01113630424872
"Malat1"	1.0053953778569	1.01599311019797	0.909020821260749	0.689956149758811	0.965221601641612	0.898194930064598	0.836629282408217	0.822271574356455	0.929844068707975	-1.22682119193472	-1.22682119193472	-1.22682119193472	-1.22682119193472	-1.22682119193472	-1.22682119193472	-1.22682119193472	-1.22682119193472	-1.22682119193472	0.618617492857713	0.848523125579713	0.836727233242093	0.743721305241136	0.772923295518342	0.754718301506541	0.740140426039373	0.907665228775725	-1.22682119193472	-1.22682119193472	0.684888865728924	-1.22682119193472	0.924213965972606	0.784285805859129	0.713160482269823	0.788328170713634	0.723854045661744	0.639789878870277	0.791131292765154	0.683160402736744	0.70304495148586	0.771120681140005	0.59613099913087	0.778117618228857	0.836736466749312	-1.22682119193472	-1.22682119193472	-1.22682119193472	-1.22682119193472	-1.22682119193472	-1.22682119193472	-1.22682119193472	-1.22682119193472	-1.22682119193472	-1.22682119193472
"5730522E02Rik"	-0.983931769206486	-0.983931769206486	-0.983931769206486	0.981227625760811	-0.983931769206486	0.741931277555	-0.983931769206486	-0.983931769206486	0.817169622935737	-0.983931769206486	0.907116891440999	1.09876091821781	0.81015267430197	0.86251976475005	0.902381757348687	1.01906816214029	0.934434826656692	1.03602807550403	0.859527128582236	-0.983931769206486	0.613334488810662	0.693701192474438	0.814170113698274	1.43364565977694	-0.983931769206486	0.71585964234293	1.0113944028071	-0.983931769206486	1.01717959024327	-0.983931769206486	1.01249368894287	-0.983931769206486	-0.983931769206486	-0.983931769206486	1.1875458559245	-0.983931769206486	-0.983931769206486	0.685770542802247	-0.983931769206486	1.07063186965164	0.761098024530362	-0.983931769206486	-0.983931769206486	0.822844420397481	1.19194262309013	1.18518299226161	0.876853672391006	-0.983931769206486	-0.983931769206486	0.95630606173641	1.1074468908041	-0.983931769206486	0.881902348440285
"Gm32699"	-0.161189259177344	-0.161189259177344	-0.161189259177344	-0.161189259177344	-0.161189259177344	-0.161189259177344	-0.161189259177344	-0.161189259177344	-0.161189259177344	-0.161189259177344	-0.161189259177344	-0.161189259177344	-0.161189259177344	-0.161189259177344	-0.161189259177344	-0.161189259177344	-0.161189259177344	-0.161189259177344	-0.161189259177344	-0.161189259177344	-0.161189259177344	-0.161189259177344	-0.161189259177344	-0.161189259177344	4.97945195472477	-0.161189259177344	-0.161189259177344	-0.161189259177344	-0.161189259177344	-0.161189259177344	-0.161189259177344	-0.161189259177344	-0.161189259177344	-0.161189259177344	-0.161189259177344	-0.161189259177344	-0.161189259177344	-0.161189259177344	-0.161189259177344	-0.161189259177344	-0.161189259177344	-0.161189259177344	-0.161189259177344	-0.161189259177344	-0.161189259177344	-0.161189259177344	-0.161189259177344	-0.161189259177344	-0.161189259177344	-0.161189259177344	-0.161189259177344	-0.161189259177344	-0.161189259177344
"Septin3"	-0.542470171816487	-0.542470171816487	-0.542470171816487	1.43055462607667	-0.542470171816487	-0.542470171816487	-0.542470171816487	-0.542470171816487	-0.542470171816487	-0.542470171816487	-0.542470171816487	-0.542470171816487	-0.542470171816487	-0.542470171816487	-0.542470171816487	-0.542470171816487	-0.542470171816487	-0.542470171816487	-0.542470171816487	1.22272702879857	1.13989971036223	-0.542470171816487	-0.542470171816487	1.76470824823885	-0.542470171816487	1.27294709508491	-0.542470171816487	1.51545786322059	-0.542470171816487	-0.542470171816487	-0.542470171816487	-0.542470171816487	-0.542470171816487	-0.542470171816487	-0.542470171816487	1.76108916842326	-0.542470171816487	-0.542470171816487	-0.542470171816487	-0.542470171816487	1.73537945325181	-0.542470171816487	1.39538304534763	-0.542470171816487	-0.542470171816487	1.34502620579271	1.63135042833496	-0.542470171816487	-0.542470171816487	-0.542470171816487	1.78275484447674	-0.542470171816487	-0.542470171816487
"Kazn"	2.10842691350667	-0.405847372127489	-0.405847372127489	-0.405847372127489	-0.405847372127489	-0.405847372127489	2.38897616242643	2.60540001644699	-0.405847372127489	-0.405847372127489	-0.405847372127489	-0.405847372127489	-0.405847372127489	-0.405847372127489	2.06524049393603	-0.405847372127489	-0.405847372127489	-0.405847372127489	-0.405847372127489	-0.405847372127489	-0.405847372127489	-0.405847372127489	-0.405847372127489	2.36440100192318	-0.405847372127489	-0.405847372127489	-0.405847372127489	-0.405847372127489	1.77710719856739	2.62527957728103	-0.405847372127489	-0.405847372127489	-0.405847372127489	-0.405847372127489	-0.405847372127489	-0.405847372127489	-0.405847372127489	-0.405847372127489	-0.405847372127489	2.32844359327116	-0.405847372127489	-0.405847372127489	-0.405847372127489	-0.405847372127489	-0.405847372127489	-0.405847372127489	-0.405847372127489	-0.405847372127489	-0.405847372127489	-0.405847372127489	-0.405847372127489	-0.405847372127489	-0.405847372127489
"Dhrs9"	-0.405926297660666	2.3843121077826	-0.405926297660666	-0.405926297660666	-0.405926297660666	-0.405926297660666	-0.405926297660666	-0.405926297660666	-0.405926297660666	-0.405926297660666	-0.405926297660666	-0.405926297660666	-0.405926297660666	-0.405926297660666	-0.405926297660666	-0.405926297660666	-0.405926297660666	-0.405926297660666	2.55337696426455	1.76490982700718	-0.405926297660666	-0.405926297660666	-0.405926297660666	2.43143728900549	-0.405926297660666	-0.405926297660666	-0.405926297660666	-0.405926297660666	-0.405926297660666	-0.405926297660666	-0.405926297660666	-0.405926297660666	-0.405926297660666	-0.405926297660666	-0.405926297660666	-0.405926297660666	-0.405926297660666	-0.405926297660666	-0.405926297660666	-0.405926297660666	-0.405926297660666	-0.405926297660666	2.4739437385529	-0.405926297660666	-0.405926297660666	1.91531311981974	-0.405926297660666	-0.405926297660666	2.43999242186297	2.39482576400315	-0.405926297660666	2.41616160881123	-0.405926297660666
"Myo1h"	-0.314459283695222	-0.314459283695222	-0.314459283695222	-0.314459283695222	2.62808979051583	-0.314459283695222	-0.314459283695222	-0.314459283695222	-0.314459283695222	3.2500056296644	-0.314459283695222	-0.314459283695222	-0.314459283695222	-0.314459283695222	-0.314459283695222	-0.314459283695222	-0.314459283695222	-0.314459283695222	-0.314459283695222	-0.314459283695222	2.88501235474415	-0.314459283695222	-0.314459283695222	3.22600260972401	-0.314459283695222	-0.314459283695222	-0.314459283695222	-0.314459283695222	-0.314459283695222	-0.314459283695222	-0.314459283695222	2.88218761672137	-0.314459283695222	-0.314459283695222	-0.314459283695222	-0.314459283695222	-0.314459283695222	-0.314459283695222	2.98287381662148	-0.314459283695222	-0.314459283695222	-0.314459283695222	-0.314459283695222	-0.314459283695222	-0.314459283695222	-0.314459283695222	-0.314459283695222	-0.314459283695222	-0.314459283695222	-0.314459283695222	-0.314459283695222	-0.314459283695222	-0.314459283695222
"Ptcd2"	-0.466004076722805	-0.466004076722805	2.22509310499171	-0.466004076722805	-0.466004076722805	2.20652058705388	-0.466004076722805	-0.466004076722805	-0.466004076722805	-0.466004076722805	-0.466004076722805	-0.466004076722805	-0.466004076722805	2.10228743528772	-0.466004076722805	-0.466004076722805	-0.466004076722805	-0.466004076722805	2.09812487703639	-0.466004076722805	1.3266879414819	-0.466004076722805	-0.466004076722805	-0.466004076722805	-0.466004076722805	-0.466004076722805	-0.466004076722805	1.72687348339673	1.31334502691662	-0.466004076722805	1.87981619920509	-0.466004076722805	-0.466004076722805	-0.466004076722805	-0.466004076722805	-0.466004076722805	-0.466004076722805	-0.466004076722805	-0.466004076722805	-0.466004076722805	-0.466004076722805	-0.466004076722805	-0.466004076722805	2.47840919208814	-0.466004076722805	-0.466004076722805	-0.466004076722805	-0.466004076722805	-0.466004076722805	-0.466004076722805	-0.466004076722805	1.97923274781631	-0.466004076722805
"Slamf7"	0.955740010131874	-0.859976143280603	1.32989223720731	1.07175280392142	0.802738809214835	1.09346965367213	-0.859976143280603	-0.859976143280603	-0.859976143280603	0.933080848384908	-0.859976143280603	-0.859976143280603	1.39207277926906	-0.859976143280603	-0.859976143280603	1.05635357529675	1.09005243135907	-0.859976143280603	-0.859976143280603	0.890967348919214	0.598819025208419	-0.859976143280603	1.08341855223735	1.4915164685675	-0.859976143280603	0.934684044072913	-0.859976143280603	1.14552951186734	0.71647313229101	-0.859976143280603	-0.859976143280603	-0.859976143280603	-0.859976143280603	1.28328137308737	1.30504063919766	-0.859976143280603	-0.859976143280603	1.02990322442248	1.00321285067854	1.11462794123435	-0.859976143280603	0.902373090556027	0.820350484285367	1.18505249340004	1.38130173244674	-0.859976143280603	1.02495951935506	-0.859976143280603	-0.859976143280603	-0.859976143280603	-0.859976143280603	1.12982446341891	1.25189815738736
"Nav3"	-0.504107554274772	-0.504107554274772	2.1032431701069	-0.504107554274772	-0.504107554274772	-0.504107554274772	-0.504107554274772	-0.504107554274772	1.92314316201701	-0.504107554274772	-0.504107554274772	-0.504107554274772	-0.504107554274772	-0.504107554274772	-0.504107554274772	-0.504107554274772	-0.504107554274772	-0.504107554274772	-0.504107554274772	1.31830837203749	1.75764958848935	-0.504107554274772	2.49128560295205	-0.504107554274772	-0.504107554274772	-0.504107554274772	-0.504107554274772	-0.504107554274772	0.96003684458001	-0.504107554274772	-0.504107554274772	-0.504107554274772	-0.504107554274772	1.78428984001073	-0.504107554274772	-0.504107554274772	-0.504107554274772	-0.504107554274772	1.71428475475385	1.8469403150862	1.58444492996175	-0.504107554274772	1.49656101951677	-0.504107554274772	-0.504107554274772	-0.504107554274772	-0.504107554274772	-0.504107554274772	-0.504107554274772	-0.504107554274772	-0.504107554274772	-0.504107554274772	-0.504107554274772
"Gm47324"	-0.201242430218592	5.12040257744959	-0.201242430218592	-0.201242430218592	-0.201242430218592	-0.201242430218592	-0.201242430218592	-0.201242430218592	-0.201242430218592	-0.201242430218592	-0.201242430218592	-0.201242430218592	-0.201242430218592	-0.201242430218592	-0.201242430218592	-0.201242430218592	-0.201242430218592	-0.201242430218592	-0.201242430218592	-0.201242430218592	-0.201242430218592	-0.201242430218592	-0.201242430218592	4.66305268671149	-0.201242430218592	-0.201242430218592	-0.201242430218592	-0.201242430218592	-0.201242430218592	-0.201242430218592	-0.201242430218592	-0.201242430218592	-0.201242430218592	-0.201242430218592	-0.201242430218592	-0.201242430218592	-0.201242430218592	-0.201242430218592	-0.201242430218592	-0.201242430218592	-0.201242430218592	-0.201242430218592	-0.201242430218592	-0.201242430218592	-0.201242430218592	-0.201242430218592	-0.201242430218592	-0.201242430218592	-0.201242430218592	-0.201242430218592	-0.201242430218592	-0.201242430218592	-0.201242430218592
"Gm37267"	-0.201203480562353	-0.201203480562353	-0.201203480562353	-0.201203480562353	4.86502703024517	-0.201203480562353	-0.201203480562353	-0.201203480562353	-0.201203480562353	-0.201203480562353	-0.201203480562353	-0.201203480562353	-0.201203480562353	-0.201203480562353	-0.201203480562353	-0.201203480562353	-0.201203480562353	-0.201203480562353	-0.201203480562353	-0.201203480562353	-0.201203480562353	-0.201203480562353	4.65421807748964	-0.201203480562353	-0.201203480562353	-0.201203480562353	-0.201203480562353	-0.201203480562353	-0.201203480562353	-0.201203480562353	-0.201203480562353	-0.201203480562353	-0.201203480562353	-0.201203480562353	-0.201203480562353	-0.201203480562353	-0.201203480562353	-0.201203480562353	-0.201203480562353	-0.201203480562353	-0.201203480562353	5.16860897331699	-0.201203480562353	-0.201203480562353	-0.201203480562353	-0.201203480562353	-0.201203480562353	-0.201203480562353	-0.201203480562353	-0.201203480562353	-0.201203480562353	-0.201203480562353	-0.201203480562353
"Gm9042"	-0.201187566798845	-0.201187566798845	-0.201187566798845	-0.201187566798845	-0.201187566798845	-0.201187566798845	-0.201187566798845	4.85379776022519	-0.201187566798845	-0.201187566798845	-0.201187566798845	-0.201187566798845	-0.201187566798845	-0.201187566798845	-0.201187566798845	-0.201187566798845	-0.201187566798845	-0.201187566798845	4.64909067941179	-0.201187566798845	-0.201187566798845	-0.201187566798845	-0.201187566798845	-0.201187566798845	-0.201187566798845	-0.201187566798845	-0.201187566798845	-0.201187566798845	-0.201187566798845	-0.201187566798845	-0.201187566798845	-0.201187566798845	-0.201187566798845	-0.201187566798845	-0.201187566798845	-0.201187566798845	-0.201187566798845	-0.201187566798845	-0.201187566798845	-0.201187566798845	-0.201187566798845	-0.201187566798845	-0.201187566798845	-0.201187566798845	-0.201187566798845	-0.201187566798845	-0.201187566798845	-0.201187566798845	-0.201187566798845	-0.201187566798845	-0.201187566798845	-0.201187566798845	-0.201187566798845
"Ttc39a"	-0.286440646665294	3.44738118386044	-0.286440646665294	-0.286440646665294	3.28824610638371	-0.286440646665294	-0.286440646665294	-0.286440646665294	-0.286440646665294	-0.286440646665294	-0.286440646665294	-0.286440646665294	-0.286440646665294	-0.286440646665294	-0.286440646665294	-0.286440646665294	-0.286440646665294	-0.286440646665294	-0.286440646665294	-0.286440646665294	-0.286440646665294	-0.286440646665294	2.73791636009253	-0.286440646665294	-0.286440646665294	-0.286440646665294	-0.286440646665294	-0.286440646665294	2.46159936918416	-0.286440646665294	-0.286440646665294	-0.286440646665294	-0.286440646665294	-0.286440646665294	-0.286440646665294	-0.286440646665294	-0.286440646665294	-0.286440646665294	-0.286440646665294	-0.286440646665294	-0.286440646665294	-0.286440646665294	-0.286440646665294	-0.286440646665294	-0.286440646665294	-0.286440646665294	-0.286440646665294	-0.286440646665294	-0.286440646665294	-0.286440646665294	-0.286440646665294	-0.286440646665294	-0.286440646665294
"Sod1"	1.83361624001864	-0.585082934907691	-0.585082934907691	-0.585082934907691	1.27134328621304	-0.585082934907691	1.91554112855947	1.84287764655455	-0.585082934907691	-0.585082934907691	-0.585082934907691	-0.585082934907691	-0.585082934907691	1.50136475757044	-0.585082934907691	-0.585082934907691	-0.585082934907691	-0.585082934907691	1.74455476512024	-0.585082934907691	1.04366623701911	-0.585082934907691	1.19409625477468	-0.585082934907691	-0.585082934907691	-0.585082934907691	-0.585082934907691	1.40725455190635	1.03154354063368	-0.585082934907691	-0.585082934907691	-0.585082934907691	-0.585082934907691	1.56081911897443	-0.585082934907691	-0.585082934907691	-0.585082934907691	-0.585082934907691	-0.585082934907691	-0.585082934907691	1.62016677260558	1.3825852595451	-0.585082934907691	-0.585082934907691	-0.585082934907691	-0.585082934907691	-0.585082934907691	1.50530555711603	-0.585082934907691	-0.585082934907691	-0.585082934907691	-0.585082934907691	-0.585082934907691
"Zfp457"	-0.200612658206129	-0.200612658206129	-0.200612658206129	-0.200612658206129	-0.200612658206129	-0.200612658206129	-0.200612658206129	-0.200612658206129	-0.200612658206129	-0.200612658206129	-0.200612658206129	-0.200612658206129	-0.200612658206129	-0.200612658206129	-0.200612658206129	-0.200612658206129	-0.200612658206129	-0.200612658206129	-0.200612658206129	-0.200612658206129	-0.200612658206129	4.44048241178577	-0.200612658206129	-0.200612658206129	-0.200612658206129	-0.200612658206129	-0.200612658206129	-0.200612658206129	-0.200612658206129	-0.200612658206129	-0.200612658206129	-0.200612658206129	-0.200612658206129	-0.200612658206129	-0.200612658206129	-0.200612658206129	-0.200612658206129	-0.200612658206129	-0.200612658206129	-0.200612658206129	-0.200612658206129	-0.200612658206129	-0.200612658206129	-0.200612658206129	-0.200612658206129	-0.200612658206129	-0.200612658206129	-0.200612658206129	-0.200612658206129	-0.200612658206129	4.72733739141307	-0.200612658206129	-0.200612658206129
"Akap17b"	-0.338483327332122	-0.338483327332122	-0.338483327332122	-0.338483327332122	-0.338483327332122	-0.338483327332122	-0.338483327332122	-0.338483327332122	-0.338483327332122	-0.338483327332122	-0.338483327332122	-0.338483327332122	-0.338483327332122	-0.338483327332122	-0.338483327332122	-0.338483327332122	2.7792916226935	-0.338483327332122	-0.338483327332122	-0.338483327332122	-0.338483327332122	-0.338483327332122	2.56195729766978	2.86010096547522	-0.338483327332122	-0.338483327332122	-0.338483327332122	-0.338483327332122	-0.338483327332122	-0.338483327332122	-0.338483327332122	-0.338483327332122	-0.338483327332122	2.73445462919688	-0.338483327332122	-0.338483327332122	-0.338483327332122	-0.338483327332122	-0.338483327332122	-0.338483327332122	-0.338483327332122	-0.338483327332122	-0.338483327332122	-0.338483327332122	-0.338483327332122	2.27826976539433	-0.338483327332122	-0.338483327332122	-0.338483327332122	-0.338483327332122	-0.338483327332122	-0.338483327332122	-0.338483327332122
"Hap1"	-0.19700067630514	-0.19700067630514	-0.19700067630514	-0.19700067630514	-0.19700067630514	-0.19700067630514	-0.19700067630514	-0.19700067630514	4.92001644585635	-0.19700067630514	-0.19700067630514	-0.19700067630514	-0.19700067630514	-0.19700067630514	-0.19700067630514	-0.19700067630514	-0.19700067630514	-0.19700067630514	-0.19700067630514	-0.19700067630514	3.46465910015952	-0.19700067630514	-0.19700067630514	-0.19700067630514	-0.19700067630514	-0.19700067630514	-0.19700067630514	-0.19700067630514	-0.19700067630514	-0.19700067630514	-0.19700067630514	-0.19700067630514	-0.19700067630514	-0.19700067630514	-0.19700067630514	-0.19700067630514	-0.19700067630514	-0.19700067630514	-0.19700067630514	-0.19700067630514	-0.19700067630514	-0.19700067630514	-0.19700067630514	-0.19700067630514	-0.19700067630514	-0.19700067630514	-0.19700067630514	-0.19700067630514	-0.19700067630514	-0.19700067630514	-0.19700067630514	-0.19700067630514	-0.19700067630514
"Frmd5"	-0.448274511939811	-0.448274511939811	-0.448274511939811	-0.448274511939811	-0.448274511939811	-0.448274511939811	2.32087500740433	-0.448274511939811	-0.448274511939811	-0.448274511939811	-0.448274511939811	-0.448274511939811	-0.448274511939811	-0.448274511939811	-0.448274511939811	2.35479495758937	-0.448274511939811	-0.448274511939811	-0.448274511939811	1.44417347895188	1.78699679910141	-0.448274511939811	2.0680533282136	-0.448274511939811	-0.448274511939811	-0.448274511939811	-0.448274511939811	-0.448274511939811	-0.448274511939811	-0.448274511939811	-0.448274511939811	-0.448274511939811	-0.448274511939811	-0.448274511939811	-0.448274511939811	-0.448274511939811	2.00153166048002	-0.448274511939811	-0.448274511939811	2.26677404379782	-0.448274511939811	-0.448274511939811	2.44966244635077	-0.448274511939811	2.32283440394818	-0.448274511939811	-0.448274511939811	-0.448274511939811	-0.448274511939811	-0.448274511939811	-0.448274511939811	-0.448274511939811	-0.448274511939811
"Arid4a"	0.618449881966674	0.552754096725498	-1.30718195046447	0.310238958372239	0.264756294635007	0.871315738211317	-1.30718195046447	0.748705890470221	0.620124944977375	-1.30718195046447	0.925750695868449	0.644705364500196	-1.30718195046447	0.459528133077616	-1.30718195046447	0.504524842892655	0.745607073142286	-1.30718195046447	-1.30718195046447	0.726016941878601	0.0719696074574956	0.697169060340172	0.530112194646374	0.584167119754579	0.702660078193346	0.843373828776002	0.705502213831933	-1.30718195046447	0.269629971187899	-1.30718195046447	0.829135620835849	0.886235028643928	0.627462927084739	0.509871412797334	-1.30718195046447	0.581200317020655	-1.30718195046447	0.2707745376836	0.454285361209832	0.5596176923247	0.351188805116499	0.899643736381023	0.766730795520702	1.04494479500509	-1.30718195046447	-1.30718195046447	0.683991132947068	-1.30718195046447	-1.30718195046447	0.769010853942673	0.808247903510231	-1.30718195046447	0.689393576254857
"Gm43914"	-0.861400201688765	-0.861400201688765	-0.861400201688765	0.79295507473932	-0.861400201688765	-0.861400201688765	-0.861400201688765	-0.861400201688765	-0.861400201688765	-0.861400201688765	-0.861400201688765	-0.861400201688765	-0.861400201688765	-0.861400201688765	-0.861400201688765	-0.861400201688765	-0.861400201688765	-0.861400201688765	-0.861400201688765	-0.861400201688765	0.761974196149626	0.974780385772402	0.892817937166817	1.57036540977859	1.06915182826145	1.08780706030309	-0.861400201688765	1.20310110492716	0.751418767243993	-0.861400201688765	1.41259764440705	0.885275025732304	-0.861400201688765	-0.861400201688765	1.01816230792258	1.07010393001814	1.26864083215396	1.18002908331988	1.15418310790668	1.04802845859951	-0.861400201688765	1.39581911533841	0.763464168075844	1.61341716324471	1.30590019292936	1.27377659644197	0.961319707208884	0.949066410472658	1.07897144323801	1.04817643085552	1.30233622691571	1.06272339173748	1.18076781986287
"Clec1a"	-0.710579440226845	-0.710579440226845	-0.710579440226845	1.36434822277839	-0.710579440226845	1.2559327797377	-0.710579440226845	-0.710579440226845	-0.710579440226845	-0.710579440226845	-0.710579440226845	-0.710579440226845	-0.710579440226845	-0.710579440226845	-0.710579440226845	-0.710579440226845	-0.710579440226845	-0.710579440226845	-0.710579440226845	1.18215916513816	1.10940483999852	-0.710579440226845	1.5611148274341	1.30337339915602	1.29922309184239	1.09608506749584	-0.710579440226845	-0.710579440226845	0.876414562576728	-0.710579440226845	1.56422160326614	-0.710579440226845	-0.710579440226845	1.22426158826055	1.24614041626762	1.30021427803769	-0.710579440226845	1.48640200443411	-0.710579440226845	-0.710579440226845	1.05529262672322	1.06355798892075	1.49777148196724	1.57100704261248	1.76869235922931	1.45361688522372	1.63259399752413	1.39689409371899	1.53229028743723	1.63062065838008	1.54197987207092	1.5153588711102	-0.710579440226845
"Arsb"	0.48658441202287	-1.0895529773026	-1.0895529773026	1.26467886740727	-1.0895529773026	-1.0895529773026	-1.0895529773026	-1.0895529773026	-1.0895529773026	-1.0895529773026	-1.0895529773026	-1.0895529773026	-1.0895529773026	-1.0895529773026	0.459511896114286	-1.0895529773026	-1.0895529773026	-1.0895529773026	-1.0895529773026	0.430358325719945	0.751460470611549	0.750804608375968	0.832260898711009	0.951666636947558	0.948083274480831	0.964850838465515	0.758455953952924	0.955955450904667	0.704932826244722	-1.0895529773026	0.567473627775705	0.974981033535757	1.07128923255077	1.0756538680869	0.789795781570248	0.836472117208508	0.93500969138961	0.935230539182743	0.912012614655318	0.624507516607539	0.878987785164318	0.824250158348779	0.673064308031197	1.07012577914664	-1.0895529773026	1.01943536801325	0.738704882075192	0.727689833279833	1.19201877465188	1.16432762835766	0.66063192149762	0.829840233535805	1.35327815427288
"Pak1"	-0.883787336658321	-0.883787336658321	1.22299056149323	-0.883787336658321	0.715838989770944	-0.883787336658321	-0.883787336658321	-0.883787336658321	-0.883787336658321	-0.883787336658321	-0.883787336658321	1.22706515891664	-0.883787336658321	-0.883787336658321	-0.883787336658321	-0.883787336658321	0.992251030953293	-0.883787336658321	-0.883787336658321	0.588751650479499	0.73130005667541	-0.883787336658321	0.649277559146072	1.04087590925592	0.824252759106045	1.22740017885002	-0.883787336658321	1.17017510002681	0.933216180881167	1.2221244248551	-0.883787336658321	0.853971459964597	1.08493432786444	1.17814825991172	1.41215973867514	1.25081297151347	1.02243947495372	0.934384073790723	0.908706416631894	1.22882810616402	1.14094228230034	1.14886281829674	0.945232100631989	1.42130399928628	1.2724494190623	1.47820402965876	1.26706254783023	1.25484891579707	-0.883787336658321	-0.883787336658321	1.0559304972284	1.36810683815264	-0.883787336658321
"Naaa"	-1.11538863256467	-1.11538863256467	-1.11538863256467	-1.11538863256467	-1.11538863256467	-1.11538863256467	-1.11538863256467	-1.11538863256467	-1.11538863256467	-1.11538863256467	-1.11538863256467	-1.11538863256467	-1.11538863256467	-1.11538863256467	-1.11538863256467	-1.11538863256467	-1.11538863256467	-1.11538863256467	-1.11538863256467	0.441939479167997	0.574167101239874	0.57349597848778	0.694772867898184	1.05786192672054	0.463695659727044	0.59580304197691	0.975085220550751	0.865237697775747	0.654799800280504	1.22560878752489	0.894426571592643	0.999969577031512	1.0168618883031	1.1031207510655	0.810225479339314	1.05506676026003	0.959014230055613	0.369128924180567	0.935451016850496	0.837725857947785	0.444781448640889	0.648662365055644	0.379131268082587	1.0156699590423	-1.11538863256467	0.848507108880482	1.01826453784419	0.549844744252281	1.12667718312992	0.953090968152246	1.18708372178738	0.654384312913252	1.22042795437228
"1700025G04Rik"	-0.985805767650695	-0.985805767650695	-0.985805767650695	0.603362763636684	-0.985805767650695	1.03430384340282	-0.985805767650695	-0.985805767650695	0.907835801860244	0.885104737468977	-0.985805767650695	-0.985805767650695	-0.985805767650695	-0.985805767650695	-0.985805767650695	0.99978636558057	-0.985805767650695	-0.985805767650695	-0.985805767650695	-0.985805767650695	0.844853938204696	-0.985805767650695	0.819395353576726	1.28388342046693	0.868676505730089	0.952773739959739	0.786200533182685	-0.985805767650695	0.834681832042145	1.04750617266567	0.787354326785809	0.897423848451906	0.915045607412071	1.21076616554284	0.819696131137928	0.869591091715265	-0.985805767650695	1.09549563276064	1.1560404906894	0.848385462554662	0.643597316962586	0.976770208270455	1.10598832946983	1.11945662509516	1.09609624822719	0.859633634363206	1.2966610171644	0.95879936044508	-0.985805767650695	-0.985805767650695	1.09267271356316	1.18845594532887	1.3873976704416
"Ppt1"	-1.01143195404552	-1.01143195404552	-1.01143195404552	0.453066118576351	-1.01143195404552	-1.01143195404552	-1.01143195404552	-1.01143195404552	-1.01143195404552	-1.01143195404552	-1.01143195404552	-1.01143195404552	-1.01143195404552	-1.01143195404552	-1.01143195404552	-1.01143195404552	-1.01143195404552	-1.01143195404552	1.07517143456278	-1.01143195404552	0.675612282024191	0.992981717520649	0.730746989836345	-1.01143195404552	0.887049267257058	0.903579180370455	0.921837387424049	0.816142949328498	0.811252213896563	1.0519701774018	1.27841214911062	0.913565946601893	1.04073961163363	1.20248405762715	-1.01143195404552	0.698408802924987	0.874161203068439	0.906591106087935	1.11549473299037	0.678866757872485	0.868790447523179	1.06545115171412	0.958425306229061	1.27145365204413	-1.01143195404552	1.04451284018095	1.23176352236111	0.780618672454	1.19632412119358	1.16901814315142	1.01490253778444	-1.01143195404552	0.985936672007531
"P2ry14"	-0.647321699263666	-0.647321699263666	-0.647321699263666	-0.647321699263666	-0.647321699263666	-0.647321699263666	-0.647321699263666	-0.647321699263666	-0.647321699263666	-0.647321699263666	-0.647321699263666	-0.647321699263666	-0.647321699263666	-0.647321699263666	-0.647321699263666	-0.647321699263666	-0.647321699263666	-0.647321699263666	-0.647321699263666	-0.647321699263666	1.06566893410517	-0.647321699263666	0.97867440329947	-0.647321699263666	-0.647321699263666	1.54159749351698	-0.647321699263666	-0.647321699263666	1.1269902732103	-0.647321699263666	1.30047250371555	1.42138249762902	-0.647321699263666	-0.647321699263666	-0.647321699263666	1.74887578756135	1.60030543131223	1.50680198813774	1.61167622296087	1.59335609959848	1.14255722508399	1.15093495406919	1.42459176303219	1.79749948120657	-0.647321699263666	1.65597898623502	1.5017506506513	-0.647321699263666	-0.647321699263666	1.36767058446583	-0.647321699263666	1.60887802489951	-0.647321699263666
"Gm30978"	-0.360365913703132	-0.360365913703132	-0.360365913703132	-0.360365913703132	-0.360365913703132	-0.360365913703132	-0.360365913703132	-0.360365913703132	-0.360365913703132	-0.360365913703132	-0.360365913703132	-0.360365913703132	-0.360365913703132	-0.360365913703132	-0.360365913703132	-0.360365913703132	-0.360365913703132	-0.360365913703132	-0.360365913703132	-0.360365913703132	1.96385171914161	-0.360365913703132	-0.360365913703132	-0.360365913703132	-0.360365913703132	-0.360365913703132	-0.360365913703132	-0.360365913703132	-0.360365913703132	-0.360365913703132	-0.360365913703132	-0.360365913703132	-0.360365913703132	-0.360365913703132	-0.360365913703132	2.82203368438991	-0.360365913703132	2.29888808383542	-0.360365913703132	2.78566152746976	-0.360365913703132	-0.360365913703132	-0.360365913703132	-0.360365913703132	3.21053812504952	2.24723685501062	-0.360365913703132	2.62260892146417	3.18933073347637	-0.360365913703132	-0.360365913703132	-0.360365913703132	3.0043665682725
"Plpp1"	-0.608981325580948	-0.608981325580948	-0.608981325580948	-0.608981325580948	-0.608981325580948	-0.608981325580948	-0.608981325580948	-0.608981325580948	-0.608981325580948	-0.608981325580948	-0.608981325580948	-0.608981325580948	-0.608981325580948	-0.608981325580948	-0.608981325580948	-0.608981325580948	-0.608981325580948	-0.608981325580948	-0.608981325580948	-0.608981325580948	1.142032522789	-0.608981325580948	1.41802594914342	-0.608981325580948	-0.608981325580948	1.67988464626618	-0.608981325580948	1.48280916960834	1.52253549445829	-0.608981325580948	1.38204802201324	-0.608981325580948	1.52542880751393	-0.608981325580948	1.649183100876	-0.608981325580948	1.6885363344371	1.59295739741348	1.33436947889112	1.98685659752448	-0.608981325580948	1.2291911907023	1.50892235376918	1.75495593056142	-0.608981325580948	1.63332873446654	-0.608981325580948	-0.608981325580948	-0.608981325580948	1.45073769706781	1.86002385855362	-0.608981325580948	1.59375421786277
"Anpep"	-0.489573630527329	-0.489573630527329	-0.489573630527329	2.27216972699277	-0.489573630527329	-0.489573630527329	-0.489573630527329	-0.489573630527329	-0.489573630527329	-0.489573630527329	-0.489573630527329	-0.489573630527329	-0.489573630527329	-0.489573630527329	-0.489573630527329	2.07813580136392	-0.489573630527329	-0.489573630527329	-0.489573630527329	-0.489573630527329	1.46508066357162	-0.489573630527329	-0.489573630527329	-0.489573630527329	-0.489573630527329	-0.489573630527329	-0.489573630527329	-0.489573630527329	1.62272658302278	-0.489573630527329	-0.489573630527329	2.22695530548393	2.25237441407769	2.08571342817575	2.11483430260245	-0.489573630527329	-0.489573630527329	2.0426947106381	2.00693201085913	-0.489573630527329	-0.489573630527329	1.87181580373353	1.76191288999808	-0.489573630527329	-0.489573630527329	1.70340601008068	-0.489573630527329	2.01909186118585	-0.489573630527329	-0.489573630527329	-0.489573630527329	-0.489573630527329	2.34014795038077
"Gm36723"	-1.18093186081581	-1.18093186081581	-1.18093186081581	0.962425349533953	-1.18093186081581	-1.18093186081581	-1.18093186081581	-1.18093186081581	1.05623726451079	-1.18093186081581	-1.18093186081581	-1.18093186081581	-1.18093186081581	-1.18093186081581	-1.18093186081581	-1.18093186081581	0.527953183803847	-1.18093186081581	0.647590888225383	0.466726740166751	0.74011623563997	0.483108513859523	0.522139660368159	0.960349225689409	0.825094970556613	1.20852919041308	0.684716647602184	0.690024379130568	0.944867138432948	1.04503079488071	0.94238062824681	1.09747960444961	0.612378482727317	0.810803454196095	1.10462158837036	0.877017956164317	0.55545186472813	0.863178577997813	0.645692398580182	0.549489648364384	1.00053597603101	0.978243196679149	-1.18093186081581	0.611205392192505	1.09090191814028	1.20489211920305	0.92133433184127	0.459805199695124	0.771521366055669	0.743585695114007	0.585958867187304	0.56280694526411	0.669784818653838
"Cadm1"	0.566160889831073	-1.31851234680668	-1.31851234680668	0.627575716356763	-1.31851234680668	-1.31851234680668	-1.31851234680668	0.496379070638396	0.382870711974314	-1.31851234680668	-1.31851234680668	-1.31851234680668	-1.31851234680668	-1.31851234680668	-1.31851234680668	-1.31851234680668	-1.31851234680668	-1.31851234680668	-1.31851234680668	0.511948610159033	0.755384387683385	0.928801603663509	0.62431492414217	1.03522735194524	0.88500504596396	0.363787950683264	-1.31851234680668	0.90979739940264	0.73533900668593	-1.31851234680668	0.996749552405456	1.01307404163215	-1.31851234680668	0.839960644177003	0.781381304306632	0.533247803984307	0.627985901501408	0.687717893803527	0.605875561193482	0.848333707983912	0.730902816585117	1.11499703369527	0.838713079035097	0.974263477481411	0.736894331151477	0.88273087037164	0.893937991464494	0.244045201394933	0.785311004713547	1.03341956103642	0.364187770315658	0.928096353437831	0.998695796400988
"Dennd1b"	0.351539220774265	0.494348015905516	0.70392952888518	0.252748090357818	-1.35856893425211	-1.35856893425211	-1.35856893425211	-1.35856893425211	0.561464617501038	0.330197990088663	-1.35856893425211	-1.35856893425211	-1.35856893425211	0.609809366019987	0.530369337552646	0.654696710780041	0.478039591677665	-1.35856893425211	-1.35856893425211	0.565757912082036	0.222573183056933	0.638217980866034	0.802226680617687	0.734125637934733	0.643688276508261	0.937630893736376	-1.35856893425211	0.652224122159605	0.609196131031405	0.703081596368625	0.647691060785338	0.927853312151446	-1.35856893425211	0.78203032516762	0.88912282218532	0.522686884778156	0.838080389303507	0.934180782381549	0.604578732724815	0.709644382322065	0.878568709241615	0.509439204603602	0.808770578765764	0.776034833640514	1.08306357992012	0.767447199009842	0.955708951366409	0.888860950232654	0.531323708573333	0.831808064150216	1.16621559768603	0.515498352090007	0.839040015699714
"Hdac9"	-1.68703960766562	-1.68703960766562	-1.68703960766562	-1.68703960766562	-1.68703960766562	-1.68703960766562	-1.68703960766562	-1.68703960766562	0.205602295651986	0.182883231143366	-1.68703960766562	-1.68703960766562	-1.68703960766562	0.0478940155334643	-1.68703960766562	-1.68703960766562	0.449097826294491	-1.68703960766562	0.455688712490189	0.349190324012628	0.653625251625382	0.401511673104501	0.679879698217326	0.581451396177184	0.286652932678133	0.510187522541121	0.561259762112166	0.62099302538181	-0.0187449381472669	0.550834746827245	0.66226974695557	0.606390453599627	0.538654573735434	0.628693641408592	0.694661729223402	0.970854577757571	0.835587384579419	0.43889164076364	0.694317513011551	0.146183340582651	0.592757993180894	0.967505630162844	0.712687611186316	0.828513100764062	0.805149819455002	0.73465168367558	0.679600280404242	0.628177059723609	0.653282409598461	0.677779774558175	0.510632830382053	0.486074297848728	1.16266915445758
"Clnk"	-0.608322027244377	-0.608322027244377	-0.608322027244377	1.48354660413089	-0.608322027244377	-0.608322027244377	-0.608322027244377	-0.608322027244377	-0.608322027244377	-0.608322027244377	-0.608322027244377	-0.608322027244377	-0.608322027244377	-0.608322027244377	-0.608322027244377	-0.608322027244377	-0.608322027244377	-0.608322027244377	-0.608322027244377	-0.608322027244377	1.52585902882593	-0.608322027244377	1.11730930724963	1.55809585538277	1.31426293174173	1.09633696109297	-0.608322027244377	-0.608322027244377	1.51400039873591	-0.608322027244377	1.69842416458593	1.90409508412899	-0.608322027244377	1.71261082099158	-0.608322027244377	-0.608322027244377	1.77703166374333	-0.608322027244377	1.40932471166903	-0.608322027244377	1.53055640486454	1.53946573270296	-0.608322027244377	1.60623880000453	2.05864149702606	1.71971343082959	-0.608322027244377	1.41915216086468	-0.608322027244377	-0.608322027244377	1.57504143205359	1.78612955523813	-0.608322027244377
"Pfkp"	-0.771893677005911	-0.771893677005911	-0.771893677005911	-0.771893677005911	-0.771893677005911	-0.771893677005911	1.20984409435334	-0.771893677005911	-0.771893677005911	-0.771893677005911	-0.771893677005911	-0.771893677005911	-0.771893677005911	-0.771893677005911	-0.771893677005911	-0.771893677005911	-0.771893677005911	-0.771893677005911	-0.771893677005911	1.23423926671176	-0.771893677005911	-0.771893677005911	-0.771893677005911	-0.771893677005911	-0.771893677005911	-0.771893677005911	-0.771893677005911	0.980208812072727	0.649800835320871	-0.771893677005911	1.10240957600397	1.0016637145149	1.23738451899402	1.1152566450704	1.13659619530336	-0.771893677005911	-0.771893677005911	0.866936065168252	1.27471042021772	1.51144916204622	1.16744819009543	0.958514129903655	-0.771893677005911	1.23607015350116	-0.771893677005911	1.39614450953191	1.07887875987726	1.06643687906516	-0.771893677005911	-0.771893677005911	1.42514368632826	1.39917885004593	1.30170428355943
"Pik3cb"	0.48588163650216	0.63029538682647	-1.24344555164875	0.930506092041545	0.550436753246837	-1.24344555164875	-1.24344555164875	-1.24344555164875	0.698166277667079	-1.24344555164875	-1.24344555164875	0.512288652734761	-1.24344555164875	0.747054348151046	0.456177856787627	-1.24344555164875	-1.24344555164875	-1.24344555164875	-1.24344555164875	0.424190758292247	0.633588939761705	0.899144584270634	0.762792846769834	0.872767747224578	0.447487966114132	0.465827480730009	-1.24344555164875	-1.24344555164875	0.514807599383367	1.17577360307813	0.908728280874706	0.810807803236694	0.916423939788327	1.07669812900245	0.941943012068533	0.658952741788996	0.643689777437659	0.346222907889225	0.531095792746691	0.971402031442848	0.42723402929534	-1.24344555164875	0.567255660122249	0.704283786613972	0.891195790508174	0.804085907597511	0.551807788574527	0.750420859424017	0.878518279625761	0.637355668139729	1.01108912561643	0.65168342084927	1.10228882974431
"Tlr3"	-0.858223911865939	1.00139595125208	-0.858223911865939	-0.858223911865939	-0.858223911865939	-0.858223911865939	-0.858223911865939	-0.858223911865939	-0.858223911865939	-0.858223911865939	-0.858223911865939	-0.858223911865939	-0.858223911865939	-0.858223911865939	-0.858223911865939	-0.858223911865939	-0.858223911865939	-0.858223911865939	1.11407319225618	0.796844589197353	0.520693194040279	1.42252709306495	1.06554620355327	-0.858223911865939	-0.858223911865939	0.838167524769974	1.43086534737849	-0.858223911865939	0.840337881364758	-0.858223911865939	-0.858223911865939	-0.858223911865939	1.28536815336774	0.958520557263607	0.979063971005439	1.02983733576711	1.22390879799924	0.719464327968679	1.11202542685025	1.00825838005868	0.799864925194713	1.22576301602506	1.14796275232658	-0.858223911865939	-0.858223911865939	1.38322233320464	0.923499859150617	0.911522160349129	1.37021893380218	1.49440737357108	1.04759512591638	-0.858223911865939	1.13801220244136
"Hepacam2"	-0.664327941954239	-0.664327941954239	-0.664327941954239	-0.664327941954239	-0.664327941954239	-0.664327941954239	-0.664327941954239	-0.664327941954239	-0.664327941954239	-0.664327941954239	-0.664327941954239	-0.664327941954239	-0.664327941954239	-0.664327941954239	-0.664327941954239	-0.664327941954239	-0.664327941954239	-0.664327941954239	-0.664327941954239	1.08976165906286	1.36831323379511	-0.664327941954239	1.59632680751891	-0.664327941954239	-0.664327941954239	0.912662047705177	1.2467584657843	-0.664327941954239	0.567590943576857	-0.664327941954239	1.69151474354702	1.49642163286555	1.38571625049875	-0.664327941954239	-0.664327941954239	-0.664327941954239	1.32063990548941	1.22894717562245	-0.664327941954239	1.66534135714869	-0.664327941954239	1.54434184816062	1.68374014232344	1.7359804365653	1.5809770792054	0.975274670225707	1.88941141323618	-0.664327941954239	-0.664327941954239	-0.664327941954239	-0.664327941954239	1.55079320669382	1.67318722690696
"Nrg2"	-0.772500045483376	-0.772500045483376	-0.772500045483376	-0.772500045483376	-0.772500045483376	-0.772500045483376	-0.772500045483376	-0.772500045483376	-0.772500045483376	-0.772500045483376	-0.772500045483376	-0.772500045483376	-0.772500045483376	-0.772500045483376	-0.772500045483376	-0.772500045483376	-0.772500045483376	-0.772500045483376	-0.772500045483376	0.991375590198616	0.596069657917659	-0.772500045483376	0.722469700558231	1.10433721811486	-0.772500045483376	1.03244203880645	-0.772500045483376	-0.772500045483376	-0.772500045483376	1.48887737076599	1.43367134498821	1.40408744215736	1.1473008284998	1.35972163732267	1.53330719890079	1.1013931788508	1.08635891101116	1.00049159967	1.5584968565637	-0.772500045483376	-0.772500045483376	1.20964075903239	1.34014704967009	1.47531204553165	-0.772500045483376	-0.772500045483376	1.32490334193183	1.31299320660172	-0.772500045483376	1.40930456318453	1.11901771443277	-0.772500045483376	-0.772500045483376
"Chsy3"	-0.666808044639571	-0.666808044639571	-0.666808044639571	-0.666808044639571	0.974661456385388	-0.666808044639571	-0.666808044639571	-0.666808044639571	-0.666808044639571	-0.666808044639571	-0.666808044639571	-0.666808044639571	-0.666808044639571	-0.666808044639571	-0.666808044639571	-0.666808044639571	-0.666808044639571	-0.666808044639571	-0.666808044639571	0.84424975462315	1.33626179120658	-0.666808044639571	-0.666808044639571	-0.666808044639571	1.3041306696453	-0.666808044639571	1.21647543043095	1.09483547404529	-0.666808044639571	-0.666808044639571	-0.666808044639571	1.11640720861382	-0.666808044639571	-0.666808044639571	1.81714515512563	1.91891896567768	1.28928202564696	1.67310701706002	-0.666808044639571	-0.666808044639571	-0.666808044639571	-0.666808044639571	1.49883970325027	1.57065909815841	1.76452174762209	1.64093950843205	1.41244023236576	1.39991299442096	1.31415570860641	1.28271647196842	1.67010591555324	-0.666808044639571	-0.666808044639571
"Srgap3"	-1.06269790760404	-1.06269790760404	-1.06269790760404	-1.06269790760404	-1.06269790760404	-1.06269790760404	-1.06269790760404	-1.06269790760404	-1.06269790760404	-1.06269790760404	-1.06269790760404	0.608394733460723	-1.06269790760404	-1.06269790760404	-1.06269790760404	-1.06269790760404	-1.06269790760404	-1.06269790760404	1.02950029441809	-1.06269790760404	0.893972994883036	0.658627402518891	0.581791802454348	0.750833081768521	0.747095799156182	0.999374933119729	1.06793051423669	0.755306198998349	0.2498669255769	1.23989397475125	0.667733289313971	0.574720709091905	0.993047206769999	0.88017916993578	1.10067855833905	-1.06269790760404	-1.06269790760404	0.767770788663335	0.944208403345701	0.927932703916484	1.04586135312695	1.00051449019344	1.02334048388924	0.991832720248492	1.16984505540247	1.13971647457094	0.646008705392346	0.835046909630326	1.07442070136254	0.727432437779163	0.765018400617561	-1.06269790760404	0.851730077870365
"Ipcef1"	0.910750967595126	-0.818231262016021	-0.818231262016021	-0.818231262016021	-0.818231262016021	-0.818231262016021	-0.818231262016021	-0.818231262016021	-0.818231262016021	-0.818231262016021	-0.818231262016021	-0.818231262016021	-0.818231262016021	-0.818231262016021	-0.818231262016021	-0.818231262016021	-0.818231262016021	-0.818231262016021	1.16864612265057	-0.818231262016021	-0.818231262016021	-0.818231262016021	1.18760694083918	-0.818231262016021	0.872364955806676	1.01380150980719	-0.818231262016021	-0.818231262016021	0.939671160453179	-0.818231262016021	0.999484359462498	-0.818231262016021	-0.818231262016021	1.22264619138786	1.36672137005517	1.08378754942326	1.06852762966056	1.19203464348746	-0.818231262016021	1.39617451307458	1.18582019111645	1.07039365761703	1.41366299359039	1.33993164194979	-0.818231262016021	0.740249804229299	1.31065241515169	-0.818231262016021	1.09251969587742	1.06219478386274	1.10167661470429	1.07651967853553	-0.818231262016021
"BC035044"	-0.733870417833993	-0.733870417833993	-0.733870417833993	1.43041766253378	-0.733870417833993	1.31733311733045	-0.733870417833993	-0.733870417833993	1.40675455799139	-0.733870417833993	-0.733870417833993	-0.733870417833993	-0.733870417833993	-0.733870417833993	-0.733870417833993	-0.733870417833993	-0.733870417833993	-0.733870417833993	-0.733870417833993	1.24038231197458	1.02892810386408	1.26001123353198	0.939404070683283	1.36681685064943	1.66978525788943	1.28634674769071	-0.733870417833993	1.3719982456574	1.01746611795651	-0.733870417833993	1.50288750207584	1.16281867180818	1.41490472224822	-0.733870417833993	1.30711902846615	1.36352167641143	1.34669427445482	1.48288779306066	1.22255952614001	1.33955024478459	1.47603499896913	-0.733870417833993	-0.733870417833993	-0.733870417833993	-0.733870417833993	1.21644711452864	1.47768958001721	-0.733870417833993	-0.733870417833993	1.33971092569374	1.3832482868257	1.58793185062831	-0.733870417833993
"Cd244a"	-0.774654254550877	-0.774654254550877	-0.774654254550877	-0.774654254550877	-0.774654254550877	-0.774654254550877	-0.774654254550877	-0.774654254550877	-0.774654254550877	-0.774654254550877	-0.774654254550877	-0.774654254550877	-0.774654254550877	-0.774654254550877	-0.774654254550877	-0.774654254550877	-0.774654254550877	-0.774654254550877	-0.774654254550877	-0.774654254550877	1.113826059171	-0.774654254550877	1.02881242835667	1.21419535499618	-0.774654254550877	1.22927574549865	1.12182725352439	-0.774654254550877	0.664799535472463	-0.774654254550877	1.12306209576588	1.02105775454333	1.25972309541146	1.13606964562841	1.15767576156534	1.43113369222828	-0.774654254550877	1.10415208075871	-0.774654254550877	1.18838038518055	-0.774654254550877	1.32578356261533	1.40617033253054	1.60731049341002	-0.774654254550877	1.29171963782826	1.09923734145879	-0.774654254550877	-0.774654254550877	-0.774654254550877	1.22975200443837	1.20348786909881	1.32484631849091
"Rab39"	-0.384850308397416	-0.384850308397416	-0.384850308397416	-0.384850308397416	-0.384850308397416	-0.384850308397416	-0.384850308397416	-0.384850308397416	-0.384850308397416	-0.384850308397416	-0.384850308397416	-0.384850308397416	-0.384850308397416	-0.384850308397416	-0.384850308397416	-0.384850308397416	-0.384850308397416	-0.384850308397416	-0.384850308397416	-0.384850308397416	2.28579315229234	-0.384850308397416	-0.384850308397416	-0.384850308397416	-0.384850308397416	-0.384850308397416	-0.384850308397416	-0.384850308397416	-0.384850308397416	-0.384850308397416	-0.384850308397416	-0.384850308397416	-0.384850308397416	-0.384850308397416	-0.384850308397416	-0.384850308397416	-0.384850308397416	-0.384850308397416	-0.384850308397416	-0.384850308397416	2.20638893430139	2.54500857443901	2.61469530217157	-0.384850308397416	-0.384850308397416	2.35888045907564	2.39960396927077	2.38088538044855	-0.384850308397416	-0.384850308397416	2.59353840624982	3.07287744956085	-0.384850308397416
"St3gal5"	0.606522036563074	-1.08907693186257	-1.08907693186257	-1.08907693186257	-1.08907693186257	-1.08907693186257	-1.08907693186257	1.14850991466374	-1.08907693186257	-1.08907693186257	-1.08907693186257	-1.08907693186257	-1.08907693186257	-1.08907693186257	-1.08907693186257	-1.08907693186257	-1.08907693186257	-1.08907693186257	1.18723442552084	-1.08907693186257	0.478650194146137	-1.08907693186257	0.39903289612841	-1.08907693186257	0.775298155950922	0.586859010345192	0.692382211825854	0.57731901745838	0.468456592322644	-1.08907693186257	0.693542160389946	1.25296533766011	0.82191461557476	0.705760797134315	1.13954458096528	-1.08907693186257	0.761252340240026	0.796596680326357	0.978355458765197	0.961588902201746	0.876280212014826	0.556685560960434	0.686308968412795	1.1484206984228	-1.08907693186257	0.918520157864123	1.08454665257559	0.865901774861202	-1.08907693186257	0.755041769293675	0.793761283294437	0.975794551005812	0.88308808904516
"Pbx1"	0.353224449911644	-1.81793397607207	-1.81793397607207	0.741141121246486	0.692693822604608	0.139877702380907	0.720270198986639	-1.81793397607207	0.44711506501578	-1.81793397607207	-1.81793397607207	0.54466372466624	-1.81793397607207	0.276672767876085	-1.81793397607207	0.102678670897642	-1.81793397607207	-1.81793397607207	0.495203288733489	0.158411250009523	0.708881514028503	0.436717606007851	0.515173974062939	0.187108427818205	0.626829807316507	0.381422456874837	0.0939882847320906	-0.0295014307013645	0.176781950859662	-1.81793397607207	0.446802547755832	0.69562507281728	0.856232993833479	0.623557531116396	0.481754471121421	0.699306648773968	0.611732822687353	0.675363623872717	0.622907069791021	0.676389809283579	0.562667148495542	0.685187037142352	0.73253821730128	0.231665226480572	0.428353075558603	0.709223181505197	0.892489791156821	0.632024570177147	0.766927110778535	0.676543430114674	0.646673119059655	0.691645106034209	0.298660288136479
"Ccr2"	-0.984305280226552	-0.984305280226552	-0.984305280226552	0.905478453143616	-0.984305280226552	-0.984305280226552	-0.984305280226552	-0.984305280226552	-0.984305280226552	-0.984305280226552	-0.984305280226552	1.11166107355115	0.877534673053662	-0.984305280226552	-0.984305280226552	-0.984305280226552	-0.984305280226552	-0.984305280226552	-0.984305280226552	0.739545961295742	0.757377105411257	-0.984305280226552	1.00042119955583	1.05289936165672	0.964860039078863	0.661152177989873	-0.984305280226552	-0.984305280226552	-0.984305280226552	-0.984305280226552	1.17180550986606	0.671819993197018	1.09492565370638	-0.984305280226552	1.00071842342284	0.847067122624117	0.832373999845805	0.546013032464497	1.29379858508639	-0.984305280226552	0.945309980719437	-0.984305280226552	0.758793544285818	0.890705736457622	1.07063939539441	0.718646549984166	1.06550557957979	1.13814628601688	-0.984305280226552	1.29768849282176	1.06726019009272	0.840069201209658	0.951994050051721
"BC028528"	-0.468730142518535	-0.468730142518535	-0.468730142518535	-0.468730142518535	-0.468730142518535	-0.468730142518535	-0.468730142518535	-0.468730142518535	-0.468730142518535	-0.468730142518535	-0.468730142518535	-0.468730142518535	-0.468730142518535	-0.468730142518535	-0.468730142518535	-0.468730142518535	-0.468730142518535	-0.468730142518535	-0.468730142518535	-0.468730142518535	-0.468730142518535	-0.468730142518535	2.10993818831112	-0.468730142518535	1.78075679839918	-0.468730142518535	-0.468730142518535	-0.468730142518535	-0.468730142518535	-0.468730142518535	-0.468730142518535	-0.468730142518535	2.12407413978602	-0.468730142518535	-0.468730142518535	2.0620731519682	2.04176848674786	1.64604161080885	2.17224007157504	2.03314819401626	-0.468730142518535	-0.468730142518535	1.66029046509484	-0.468730142518535	2.65170393333839	1.88460667501837	-0.468730142518535	-0.468730142518535	2.07369204074113	-0.468730142518535	-0.468730142518535	-0.468730142518535	-0.468730142518535
"Wdfy4"	-1.70364620653648	-1.70364620653648	-1.70364620653648	0.52102223514826	-1.70364620653648	-1.70364620653648	-1.70364620653648	-1.70364620653648	0.611462363123179	-1.70364620653648	-1.70364620653648	-1.70364620653648	-1.70364620653648	-1.70364620653648	-1.70364620653648	-1.70364620653648	-1.70364620653648	-1.70364620653648	0.0588382153328975	0.148982358323734	0.59828408454611	0.694993950285798	0.42140395258141	0.547474215854642	0.466297002230297	0.7517033045777	0.391156958508943	0.611913658090939	0.601464031391989	0.441924312826925	0.601006072266493	0.468981974880066	0.75599644476037	0.612083774517953	0.559624618365488	0.544818990740947	0.563067671336324	0.623547615278513	0.678640351747898	0.656623523414453	0.752370924504242	0.780391263922529	0.604640464877078	0.585085891712977	0.837051457166303	0.693242343729954	0.48140620213401	0.589996205171611	0.516516533845571	0.557439740058603	0.59252344800916	0.647865705710032	0.454432005728164
"5830428M24Rik"	-0.448241013222938	2.20775828441812	-0.448241013222938	-0.448241013222938	-0.448241013222938	-0.448241013222938	-0.448241013222938	-0.448241013222938	-0.448241013222938	-0.448241013222938	-0.448241013222938	-0.448241013222938	-0.448241013222938	-0.448241013222938	-0.448241013222938	-0.448241013222938	-0.448241013222938	-0.448241013222938	-0.448241013222938	-0.448241013222938	-0.448241013222938	-0.448241013222938	1.70309090628474	2.2526162607061	-0.448241013222938	1.67694483625698	-0.448241013222938	-0.448241013222938	-0.448241013222938	-0.448241013222938	-0.448241013222938	-0.448241013222938	2.31444292083963	-0.448241013222938	2.47462488059585	-0.448241013222938	-0.448241013222938	-0.448241013222938	-0.448241013222938	2.21755953813236	-0.448241013222938	1.93100634886095	-0.448241013222938	2.31263571642273	-0.448241013222938	-0.448241013222938	2.09650330698226	2.0793961765224	2.73452915949603	-0.448241013222938	-0.448241013222938	2.23807549752694	-0.448241013222938
"Rab43"	-0.446951436870127	-0.446951436870127	-0.446951436870127	1.95048355977171	-0.446951436870127	-0.446951436870127	-0.446951436870127	2.60040465460777	-0.446951436870127	-0.446951436870127	-0.446951436870127	-0.446951436870127	-0.446951436870127	-0.446951436870127	-0.446951436870127	-0.446951436870127	-0.446951436870127	-0.446951436870127	-0.446951436870127	-0.446951436870127	-0.446951436870127	-0.446951436870127	-0.446951436870127	-0.446951436870127	-0.446951436870127	-0.446951436870127	-0.446951436870127	2.05365002391062	1.27628129539971	-0.446951436870127	2.22805500917815	-0.446951436870127	-0.446951436870127	2.24639035193038	2.58695883889164	-0.446951436870127	2.32966121790174	-0.446951436870127	2.16399748519239	-0.446951436870127	-0.446951436870127	-0.446951436870127	-0.446951436870127	-0.446951436870127	-0.446951436870127	1.84655743161802	-0.446951436870127	2.17671475992098	-0.446951436870127	2.32034160644501	2.37844428804988	-0.446951436870127	-0.446951436870127
"Lrrk2"	0.896496662918925	-1.28477828163569	-1.28477828163569	0.31716620351299	0.599986279511381	-1.28477828163569	0.605091069599198	-1.28477828163569	-1.28477828163569	-1.28477828163569	-1.28477828163569	-1.28477828163569	-1.28477828163569	0.6721505626869	0.386179889620461	-1.28477828163569	-1.28477828163569	-1.28477828163569	0.876317135178982	0.475727447656612	0.493937737859774	0.493231198994963	0.62090804425837	0.588473260974592	0.584612907630888	0.77001508471603	0.708647350322807	0.714318605132325	0.628757362633248	0.97227874487057	0.831097761003173	0.887650808477499	1.04609695110092	0.843369765065993	0.53523876045037	0.585534846334242	0.899093803081698	1.10678821512474	0.666950354389551	0.564158736740367	0.685866655931762	1.10838794220117	0.945158893184804	0.83740914748366	-1.28477828163569	0.454383649266924	0.687342099967239	0.675460295591421	0.594121432360809	0.89285796212991	-1.28477828163569	0.993057914763166	0.692692849556266
"Btla"	-0.95763698422955	-0.95763698422955	-0.95763698422955	0.812287122229746	-0.95763698422955	-0.95763698422955	-0.95763698422955	-0.95763698422955	1.11305983538552	-0.95763698422955	-0.95763698422955	-0.95763698422955	-0.95763698422955	-0.95763698422955	-0.95763698422955	-0.95763698422955	-0.95763698422955	-0.95763698422955	-0.95763698422955	0.765039846323063	1.05087682085609	1.10355452891787	0.502414785739627	1.19689068172442	0.669056687919653	0.954537384776158	0.790233049920795	0.998504271981798	1.08174224518378	-0.95763698422955	1.11277413362608	-0.95763698422955	1.12017742862633	1.12478244277937	0.823272408705457	-0.95763698422955	-0.95763698422955	0.571638765988452	0.749488189866144	1.05436389387975	1.1735585573158	0.859600138060397	1.05229452802996	1.44068939990136	-0.95763698422955	1.18417695286063	1.1750032967571	0.960480931070851	1.20242450230615	1.25744969210784	-0.95763698422955	0.865494602604042	0.977343200220306
"Tiam1"	-0.929070073204555	-0.929070073204555	1.1309992071871	-0.929070073204555	-0.929070073204555	-0.929070073204555	-0.929070073204555	-0.929070073204555	-0.929070073204555	0.757707844333384	-0.929070073204555	-0.929070073204555	-0.929070073204555	-0.929070073204555	-0.929070073204555	1.20367910242987	-0.929070073204555	-0.929070073204555	1.24210912157932	0.510821779773032	0.979661637116055	1.27369275914894	1.05253515459207	-0.929070073204555	-0.929070073204555	0.759216014512352	1.07365698122441	-0.929070073204555	0.433044402782017	-0.929070073204555	0.866685323737325	0.770161495910625	0.996003768837964	0.87899400088116	1.31597438233552	-0.929070073204555	1.14311421806768	0.64107998093005	-0.929070073204555	1.25858297584815	0.721096424546404	-0.929070073204555	1.06753104218197	0.994744485462365	1.1793615301499	1.02628119344827	0.844140631470416	1.04031507405627	1.49715715445123	0.928638129627638	-0.929070073204555	1.1510176614482	-0.929070073204555
"Siglecg"	-0.313907783724471	-0.313907783724471	-0.313907783724471	-0.313907783724471	-0.313907783724471	-0.313907783724471	-0.313907783724471	-0.313907783724471	-0.313907783724471	-0.313907783724471	-0.313907783724471	-0.313907783724471	-0.313907783724471	-0.313907783724471	-0.313907783724471	-0.313907783724471	-0.313907783724471	-0.313907783724471	-0.313907783724471	-0.313907783724471	-0.313907783724471	-0.313907783724471	2.71339336977383	-0.313907783724471	-0.313907783724471	-0.313907783724471	-0.313907783724471	-0.313907783724471	-0.313907783724471	-0.313907783724471	-0.313907783724471	-0.313907783724471	-0.313907783724471	-0.313907783724471	-0.313907783724471	-0.313907783724471	-0.313907783724471	2.85692378394636	-0.313907783724471	-0.313907783724471	-0.313907783724471	3.03411035256695	2.87828813066702	-0.313907783724471	3.94395372994841	2.79533608039557	-0.313907783724471	-0.313907783724471	-0.313907783724471	3.43763162969033	-0.313907783724471	-0.313907783724471	-0.313907783724471
"Cdk14"	0.101860505164671	-0.112027027222248	-2.22684213156559	0.464952932644715	-0.0630920829785905	-2.22684213156559	-2.22684213156559	-2.22684213156559	0.440698412598671	-0.299378626518859	-2.22684213156559	-0.00747508295123679	0.508829033266	-2.22684213156559	0.167041751271191	-0.166865447409331	0.107253838945156	-2.22684213156559	0.393442978556298	0.171280974612482	0.430354561830736	0.766623496143993	0.664339299130548	0.59206401356031	0.296479521313455	0.492764632751863	0.614570930035596	0.359188994927809	0.310041206691777	0.364307634002113	0.777447850907956	0.806198634912162	0.210914620239463	0.315142488551873	0.338546714392954	0.872816071490163	0.617320106225321	0.612181340122996	0.251811157717309	0.749348924520783	0.412848969552522	0.640265990704925	0.655597349887704	0.795275074499293	0.559899778150318	0.742744519507992	0.680256170366263	0.499745378914641	0.684931786608697	0.719607539418958	0.608912389042627	0.626358112178525	0.420692753691519
"Id2"	1.12173251464511	1.27667329725295	-0.733653882532415	1.24027998644633	-0.733653882532415	-0.733653882532415	-0.733653882532415	-0.733653882532415	-0.733653882532415	-0.733653882532415	-0.733653882532415	-0.733653882532415	-0.733653882532415	-0.733653882532415	1.08986347956331	-0.733653882532415	-0.733653882532415	-0.733653882532415	-0.733653882532415	-0.733653882532415	-0.733653882532415	-0.733653882532415	-0.733653882532415	1.31062632165398	-0.733653882532415	-0.733653882532415	-0.733653882532415	1.31566858729902	-0.733653882532415	1.50313935127831	1.44304324218045	-0.733653882532415	1.35742295123598	1.23032319549909	-0.733653882532415	1.53361087825586	-0.733653882532415	-0.733653882532415	1.39626840703389	-0.733653882532415	1.05880979337865	1.06719962058334	0.983384962851945	1.35605507732052	-0.733653882532415	1.39031125910556	1.19246434989956	1.40555530948242	-0.733653882532415	1.28424823737916	1.32661654552283	-0.733653882532415	1.42436120294444
"Alcam"	-1.57763499254234	0.116536138624321	-1.57763499254234	0.197308862771157	-1.57763499254234	0.406706296527183	-1.57763499254234	-1.57763499254234	-1.57763499254234	-1.57763499254234	-1.57763499254234	0.452370303842167	0.473289555562906	-1.57763499254234	-1.57763499254234	-1.57763499254234	-1.57763499254234	-1.57763499254234	0.409872612900711	0.484066773803145	0.402688167306206	0.94330685786607	0.815460578908481	0.805025917720636	0.486215421441346	0.219563226672044	0.557982021260614	0.684837295138882	0.202573449720777	0.60973849529902	1.00218362069803	0.661278055150234	0.375243585463232	0.857078305526039	0.729732000766399	0.848316394104254	-1.57763499254234	0.72174353071069	0.710417238393657	0.313387318919784	0.592252121607754	0.80242359731889	0.795300327158275	0.626289403618606	0.98631880942882	0.61045340341071	0.729193375747259	0.415837752080112	0.75497711265947	0.565684771414148	0.349259318703833	0.881134786860178	0.776562666850307
"Shtn1"	0.427062224031293	0.358620970461998	0.577788128457078	0.759622221734242	0.0585875584567388	0.344932315302482	0.915294028935669	-1.57904297801022	-1.57904297801022	-1.57904297801022	-1.57904297801022	0.672488392423844	0.420984863077203	0.479363184806634	0.178563389488269	0.526303545342922	-1.57904297801022	-1.57904297801022	0.476027023191983	-0.0715191447047326	0.201573869330927	-1.57904297801022	0.552992167929509	-1.57904297801022	0.732908259306677	0.476455509460826	0.73587108194892	0.614229964771312	0.0636649090287224	0.576901413988884	0.5189774774211	0.417767373209827	0.782133031321802	0.75000789071896	0.553311452091398	0.894692786684846	-1.57904297801022	0.788566070092095	0.473893317653186	0.58376436256434	0.493790531486562	0.592404218994416	0.638910727707035	0.780813132582006	0.846600574637809	0.686235509844169	0.783686273970122	0.700939367608504	0.615312032009742	0.802072147592213	0.91322373775223	0.726352103723924	0.71907817350674
"9930120I10Rik"	-0.4487167354277	-0.4487167354277	-0.4487167354277	-0.4487167354277	-0.4487167354277	-0.4487167354277	-0.4487167354277	-0.4487167354277	-0.4487167354277	-0.4487167354277	-0.4487167354277	-0.4487167354277	-0.4487167354277	-0.4487167354277	-0.4487167354277	-0.4487167354277	-0.4487167354277	-0.4487167354277	-0.4487167354277	-0.4487167354277	-0.4487167354277	-0.4487167354277	-0.4487167354277	-0.4487167354277	1.95203174476211	1.67990569884485	-0.4487167354277	-0.4487167354277	-0.4487167354277	-0.4487167354277	2.13254895633046	-0.4487167354277	-0.4487167354277	2.15024177021614	-0.4487167354277	2.25226456496592	2.23059455956078	-0.4487167354277	-0.4487167354277	2.22139461521003	-0.4487167354277	-0.4487167354277	-0.4487167354277	2.31662453880627	-0.4487167354277	1.76442027017362	2.10014262706149	-0.4487167354277	-0.4487167354277	-0.4487167354277	-0.4487167354277	2.54125568200164	-0.4487167354277
"Zbtb46"	0.448097123565772	0.802603601238554	-1.27781520905489	0.348393002608198	0.302663235635546	-1.27781520905489	0.851104532338389	0.789242086247965	-1.27781520905489	-1.27781520905489	-1.27781520905489	-1.27781520905489	-1.27781520905489	0.498493252018786	0.906767647877258	0.754056281288883	-1.27781520905489	-1.27781520905489	0.916013070010164	0.509355882201333	0.440659430253415	0.947926178528541	-1.27781520905489	0.623809391138827	-1.27781520905489	0.55096469423308	0.745803687906897	-1.27781520905489	0.220664187819136	-1.27781520905489	0.536672964726154	0.859741303984851	1.00095750784891	0.759438561326199	0.569768578427244	0.95438775942999	0.939134722927045	0.728881365805573	0.703475131694756	0.599126588870116	0.389565326199437	0.940999963946864	0.319403851807965	0.876515765530511	-1.27781520905489	0.82103386644092	0.724175739247648	0.835221093357293	0.629543112109996	0.599272043538312	1.18287650196761	0.947123293274801	-1.27781520905489
"Ap1s3"	-1.06442842017018	-1.06442842017018	-1.06442842017018	0.50949670577075	0.787370020271455	-1.06442842017018	-1.06442842017018	-1.06442842017018	0.811049219300212	0.992193056468883	-1.06442842017018	-1.06442842017018	-1.06442842017018	-1.06442842017018	0.780675530161795	0.902117787381291	-1.06442842017018	-1.06442842017018	-1.06442842017018	-1.06442842017018	0.748671481675525	0.682482176089362	0.972350558274241	0.77605837413236	0.772265541622248	1.11287217975684	-1.06442842017018	0.78059797849485	0.469979777975859	-1.06442842017018	0.691723410176329	0.919854006792718	1.02187270047756	-1.06442842017018	0.927345129294359	0.773171354840646	0.962055945200653	0.793247838248689	0.649669403853747	0.752169131419936	1.07547186117123	0.879322402511913	1.12650527401083	0.816958356783785	0.997503859525031	0.91336106892749	0.992352586757563	1.06524029959939	-1.06442842017018	0.75230990967657	1.31715130830266	-1.06442842017018	-1.06442842017018
"Itpr1"	0.485531130170768	-1.81131792641597	-1.81131792641597	0.0933107508348082	-1.81131792641597	-1.81131792641597	0.524705645896915	-1.81131792641597	0.19868795571182	-0.0434157726393252	-1.81131792641597	-1.81131792641597	-1.81131792641597	0.0312000806189006	-0.051824604023616	-1.81131792641597	-1.81131792641597	-1.81131792641597	0.59205193120478	0.309123681929116	0.552283534023803	0.752962617639378	0.371559459647448	0.597843708061931	0.630893882030047	0.631928196551521	0.415440300526836	0.166052443643464	0.306067296660723	1.00231320064928	0.796101755449466	0.661451792711883	0.206340803960136	0.429589321680505	0.105132100446973	0.504087452165679	0.578920922437542	0.726074075616455	0.589913836999948	0.135584391857561	0.643057938807944	0.651183142546078	0.569974411900742	0.551071710521541	0.74472892547342	0.584160128935874	0.702078869650002	0.647466860973217	0.385392929031957	0.748734879107567	0.741092810050337	0.763593217761076	0.617045886226677
"Gm42962"	-0.467861243014818	-0.467861243014818	-0.467861243014818	-0.467861243014818	-0.467861243014818	-0.467861243014818	-0.467861243014818	-0.467861243014818	-0.467861243014818	-0.467861243014818	-0.467861243014818	-0.467861243014818	-0.467861243014818	-0.467861243014818	-0.467861243014818	-0.467861243014818	-0.467861243014818	-0.467861243014818	-0.467861243014818	-0.467861243014818	1.45026347659159	2.02888561306452	-0.467861243014818	2.16262804886402	-0.467861243014818	-0.467861243014818	-0.467861243014818	-0.467861243014818	1.43598697287574	-0.467861243014818	-0.467861243014818	1.90718068501528	2.22284388070517	2.5205631735913	-0.467861243014818	2.15850181804519	-0.467861243014818	-0.467861243014818	-0.467861243014818	2.12848469214956	-0.467861243014818	-0.467861243014818	2.0319090698666	-0.467861243014818	-0.467861243014818	1.9743344429462	-0.467861243014818	-0.467861243014818	-0.467861243014818	-0.467861243014818	2.47427972198261	2.14846612990305	-0.467861243014818
"Gm12159"	-0.650652150282599	-0.650652150282599	-0.650652150282599	1.12329408229925	1.30233691308788	-0.650652150282599	1.67167602862352	-0.650652150282599	1.46316917323242	-0.650652150282599	-0.650652150282599	-0.650652150282599	-0.650652150282599	-0.650652150282599	-0.650652150282599	-0.650652150282599	-0.650652150282599	-0.650652150282599	-0.650652150282599	-0.650652150282599	1.31904568311273	1.68197306783592	1.36444547152829	-0.650652150282599	-0.650652150282599	-0.650652150282599	-0.650652150282599	-0.650652150282599	-0.650652150282599	-0.650652150282599	-0.650652150282599	1.5858013364008	1.4712172859055	1.57168237297304	1.82389771323833	-0.650652150282599	1.6333664768338	1.30895565772007	-0.650652150282599	1.39680635307802	-0.650652150282599	-0.650652150282599	1.09167132054033	1.469829269068	-0.650652150282599	1.57848324834529	-0.650652150282599	-0.650652150282599	1.65951733187194	1.39696502203493	-0.650652150282599	1.41256356173179	-0.650652150282599
"Dock5"	-1.00866106003301	-1.00866106003301	-1.00866106003301	-1.00866106003301	-1.00866106003301	-1.00866106003301	0.85153338274242	-1.00866106003301	-1.00866106003301	-1.00866106003301	-1.00866106003301	0.69035782092458	-1.00866106003301	-1.00866106003301	0.839802070514344	0.757534879898482	0.788593617954167	-1.00866106003301	-1.00866106003301	0.605105744809222	1.16799790715771	0.945339791794077	0.460023218077013	0.835176508530771	-1.00866106003301	1.05318634881901	0.953463612888053	0.63598202063129	0.797646879450228	-1.00866106003301	0.954609887712474	1.26810754431428	1.08143836230204	1.17080191639318	1.10613309429527	-1.00866106003301	1.02151270516037	0.85239726763607	1.11650249628286	0.811243773270697	0.931040623128946	0.81932041706317	0.743549234037062	1.08020358005239	-1.00866106003301	0.972729175418689	0.932492899601724	0.716921574465684	-1.00866106003301	1.13478173213261	-1.00866106003301	1.0292559177083	-1.00866106003301
"Ptpn18"	-0.769426153608976	-0.769426153608976	-0.769426153608976	-0.769426153608976	0.885113132755828	1.17441443674102	-0.769426153608976	-0.769426153608976	1.25915543051586	-0.769426153608976	-0.769426153608976	-0.769426153608976	-0.769426153608976	-0.769426153608976	-0.769426153608976	-0.769426153608976	-0.769426153608976	-0.769426153608976	-0.769426153608976	-0.769426153608976	1.02957579602792	-0.769426153608976	0.81626674025407	-0.769426153608976	1.21720566121637	1.23640280115972	-0.769426153608976	-0.769426153608976	0.454236628352811	1.40877864677053	1.13008850174786	-0.769426153608976	1.266879003447	1.3632928408918	-0.769426153608976	1.21818542017207	1.42248953634243	0.891447617962122	-0.769426153608976	1.19546868777266	-0.769426153608976	0.984257506540594	1.25113124421181	1.26554695831921	-0.769426153608976	1.2989058662768	-0.769426153608976	-0.769426153608976	1.22731052201221	1.54478259404153	1.45716373429633	-0.769426153608976	1.33206393828874
"Nup210"	1.28746330025844	-0.668938751446787	-0.668938751446787	1.5519041009034	-0.668938751446787	-0.668938751446787	1.50576371772961	-0.668938751446787	-0.668938751446787	-0.668938751446787	-0.668938751446787	1.3173377746152	-0.668938751446787	-0.668938751446787	1.63154445142953	-0.668938751446787	-0.668938751446787	-0.668938751446787	1.57928041777084	-0.668938751446787	1.13992326306904	-0.668938751446787	-0.668938751446787	-0.668938751446787	-0.668938751446787	1.26477586911951	-0.668938751446787	-0.668938751446787	0.656051313806524	-0.668938751446787	1.38786814359979	1.51554513780219	-0.668938751446787	1.64038332759868	1.6638285521079	-0.668938751446787	-0.668938751446787	-0.668938751446787	1.33861444658229	-0.668938751446787	1.45923966242567	1.2299613879936	1.69471008724686	1.53454344651604	-0.668938751446787	1.33234231222047	-0.668938751446787	-0.668938751446787	-0.668938751446787	1.45882711637508	1.50350214746598	-0.668938751446787	1.60656846756716
"Jaml"	-0.750426816579799	-0.750426816579799	-0.750426816579799	1.33274582529855	-0.750426816579799	-0.750426816579799	-0.750426816579799	-0.750426816579799	-0.750426816579799	-0.750426816579799	-0.750426816579799	-0.750426816579799	-0.750426816579799	-0.750426816579799	-0.750426816579799	-0.750426816579799	-0.750426816579799	-0.750426816579799	1.71319513856257	0.796549440477894	-0.750426816579799	-0.750426816579799	1.08305994399107	-0.750426816579799	-0.750426816579799	-0.750426816579799	1.40124255786795	1.40736401286116	1.00704297229776	-0.750426816579799	-0.750426816579799	1.07517618772096	1.31781429511497	1.19210253940312	-0.750426816579799	-0.750426816579799	-0.750426816579799	0.936494912118874	-0.750426816579799	1.24528403108995	1.02246215902893	1.03076036465415	0.947861009602576	1.54022582923166	1.73869667263484	1.12679468791748	1.15465713345448	1.49631811440632	1.27762524989884	-0.750426816579799	1.51108331567736	-0.750426816579799	-0.750426816579799
"Gm35853"	-0.470263338675738	-0.470263338675738	-0.470263338675738	-0.470263338675738	-0.470263338675738	-0.470263338675738	-0.470263338675738	-0.470263338675738	-0.470263338675738	-0.470263338675738	-0.470263338675738	1.98877281153304	-0.470263338675738	-0.470263338675738	-0.470263338675738	-0.470263338675738	-0.470263338675738	-0.470263338675738	2.3130612076095	-0.470263338675738	-0.470263338675738	-0.470263338675738	1.655403287866	2.19837282954385	-0.470263338675738	1.92370048950645	-0.470263338675738	-0.470263338675738	-0.470263338675738	-0.470263338675738	2.07609032485256	-0.470263338675738	2.25946190040487	-0.470263338675738	2.41773289659116	-0.470263338675738	2.17280984573548	2.05071688799366	-0.470263338675738	-0.470263338675738	-0.470263338675738	-0.470263338675738	1.7711867109051	2.25767625585532	-0.470263338675738	-0.470263338675738	2.04412229633113	2.02721925316764	-0.470263338675738	-0.470263338675738	-0.470263338675738	-0.470263338675738	-0.470263338675738
"Lrrc1"	-0.728030015504198	-0.728030015504198	-0.728030015504198	1.20307279843444	-0.728030015504198	-0.728030015504198	-0.728030015504198	-0.728030015504198	-0.728030015504198	-0.728030015504198	-0.728030015504198	-0.728030015504198	-0.728030015504198	-0.728030015504198	-0.728030015504198	-0.728030015504198	-0.728030015504198	-0.728030015504198	-0.728030015504198	-0.728030015504198	0.730292312226926	-0.728030015504198	1.08547766936027	1.62270040465806	1.26777134169158	0.845621273974652	1.1790103649441	1.40624787276529	0.847908283964429	-0.728030015504198	1.53092375607821	1.52002036357027	-0.728030015504198	1.41453280463068	-0.728030015504198	1.2687556228447	1.25273538769178	1.29057127295681	-0.728030015504198	-0.728030015504198	-0.728030015504198	-0.728030015504198	0.951751966087301	-0.728030015504198	1.73397007816538	1.34984864405127	-0.728030015504198	-0.728030015504198	1.27792284270959	1.46734750189041	1.28753599894919	1.26112563510603	1.38315976120421
"Arid3b"	-0.603619113680592	-0.603619113680592	-0.603619113680592	1.63589975266137	-0.603619113680592	-0.603619113680592	-0.603619113680592	-0.603619113680592	-0.603619113680592	-0.603619113680592	-0.603619113680592	-0.603619113680592	-0.603619113680592	-0.603619113680592	-0.603619113680592	-0.603619113680592	-0.603619113680592	-0.603619113680592	-0.603619113680592	-0.603619113680592	1.36073328504697	-0.603619113680592	1.12781849834302	-0.603619113680592	-0.603619113680592	1.10677558597688	-0.603619113680592	-0.603619113680592	0.969627639978439	-0.603619113680592	1.47048434708635	1.59923503154452	1.61984758162319	-0.603619113680592	1.50831525053644	-0.603619113680592	1.93052996081519	1.20990942520058	-0.603619113680592	-0.603619113680592	-0.603619113680592	1.55139536472026	-0.603619113680592	1.61839310513276	2.07231801351054	1.17468489319696	1.44444515247646	-0.603619113680592	-0.603619113680592	-0.603619113680592	1.82762182420283	-0.603619113680592	-0.603619113680592
"Nsmaf"	0.492790179532415	-1.24611212396552	-1.24611212396552	0.603895053483513	0.346261692570086	0.624693172168119	-1.24611212396552	-1.24611212396552	0.706250219973701	-1.24611212396552	-1.24611212396552	-1.24611212396552	-1.24611212396552	-1.24611212396552	0.674631369568688	0.589147289039603	0.833363645679763	-1.24611212396552	-1.24611212396552	0.430757724969128	0.697046708593983	-1.24611212396552	0.702998804528091	1.00590062137251	0.66587661579716	0.47262498586297	0.792737413650139	0.462841354287849	0.419207143473588	-1.24611212396552	0.793928511202708	0.695515397666997	0.925716353403619	-1.24611212396552	0.615377386964498	1.00289138009972	-1.24611212396552	0.843945837765915	0.874119731168756	0.856924979123711	0.433817846265842	-1.24611212396552	0.574614763155118	1.04852821011476	0.90034851833063	0.656553330006413	0.559081358254917	1.14215891217071	0.887600813311536	0.645102908054498	0.684811266776114	0.871493421242432	1.11261035905991
"Cyp2s1"	-0.233378856805652	-0.233378856805652	-0.233378856805652	-0.233378856805652	-0.233378856805652	-0.233378856805652	-0.233378856805652	-0.233378856805652	-0.233378856805652	-0.233378856805652	-0.233378856805652	-0.233378856805652	-0.233378856805652	-0.233378856805652	-0.233378856805652	-0.233378856805652	-0.233378856805652	-0.233378856805652	-0.233378856805652	-0.233378856805652	-0.233378856805652	-0.233378856805652	-0.233378856805652	-0.233378856805652	-0.233378856805652	-0.233378856805652	-0.233378856805652	-0.233378856805652	-0.233378856805652	-0.233378856805652	4.05649827052321	-0.233378856805652	-0.233378856805652	-0.233378856805652	-0.233378856805652	-0.233378856805652	-0.233378856805652	-0.233378856805652	-0.233378856805652	-0.233378856805652	-0.233378856805652	-0.233378856805652	-0.233378856805652	-0.233378856805652	4.80344994803649	3.94068817936506	4.00264129208217	-0.233378856805652	-0.233378856805652	-0.233378856805652	-0.233378856805652	-0.233378856805652	-0.233378856805652
"Gm37706"	-0.338632217881074	-0.338632217881074	-0.338632217881074	-0.338632217881074	-0.338632217881074	-0.338632217881074	-0.338632217881074	-0.338632217881074	-0.338632217881074	-0.338632217881074	-0.338632217881074	-0.338632217881074	-0.338632217881074	-0.338632217881074	-0.338632217881074	-0.338632217881074	-0.338632217881074	-0.338632217881074	-0.338632217881074	-0.338632217881074	2.346510076225	-0.338632217881074	-0.338632217881074	-0.338632217881074	-0.338632217881074	2.55886002591407	-0.338632217881074	-0.338632217881074	-0.338632217881074	-0.338632217881074	3.17500044924797	-0.338632217881074	-0.338632217881074	-0.338632217881074	-0.338632217881074	3.33795797609609	-0.338632217881074	2.73357379185553	-0.338632217881074	3.29593763536121	-0.338632217881074	2.90524914872751	-0.338632217881074	-0.338632217881074	-0.338632217881074	2.67390171248564	-0.338632217881074	-0.338632217881074	-0.338632217881074	-0.338632217881074	-0.338632217881074	-0.338632217881074	-0.338632217881074
"Gm15396"	-0.233183857817623	-0.233183857817623	-0.233183857817623	-0.233183857817623	-0.233183857817623	-0.233183857817623	-0.233183857817623	-0.233183857817623	-0.233183857817623	-0.233183857817623	-0.233183857817623	-0.233183857817623	-0.233183857817623	-0.233183857817623	-0.233183857817623	-0.233183857817623	-0.233183857817623	-0.233183857817623	-0.233183857817623	-0.233183857817623	-0.233183857817623	-0.233183857817623	-0.233183857817623	-0.233183857817623	-0.233183857817623	-0.233183857817623	-0.233183857817623	-0.233183857817623	-0.233183857817623	-0.233183857817623	-0.233183857817623	-0.233183857817623	-0.233183857817623	-0.233183857817623	4.52009753551627	4.6514542446355	-0.233183857817623	3.84848250748142	-0.233183857817623	-0.233183857817623	-0.233183857817623	-0.233183857817623	-0.233183857817623	-0.233183857817623	-0.233183857817623	3.76920347523566	-0.233183857817623	-0.233183857817623	-0.233183857817623	-0.233183857817623	-0.233183857817623	-0.233183857817623	-0.233183857817623
"H2-Eb1"	-1.12359686591581	-1.12359686591581	-1.12359686591581	-1.12359686591581	-1.12359686591581	0.658895903774976	-1.12359686591581	-1.12359686591581	1.14076259275413	0.916271227161389	-1.12359686591581	-1.12359686591581	-1.12359686591581	0.783441189645989	-1.12359686591581	-1.12359686591581	-1.12359686591581	-1.12359686591581	0.780350357878397	0.740762503820765	0.674733396287096	0.609083273451271	0.649724410169744	1.02210821847357	0.81626433729661	0.833879103341686	-1.12359686591581	0.504684401525581	0.599784683390754	1.27810642959298	-1.12359686591581	0.524623084313334	-1.12359686591581	-1.12359686591581	0.85195155577408	0.699033691757919	0.886379614926529	0.867798611058945	0.89654812707493	0.678202553930068	0.678691557877533	0.804320025510105	1.04948932790884	0.74246400169579	-1.12359686591581	0.838081410548981	0.916429457905088	1.05379673587651	1.22979403918239	0.88030484090033	1.03640496455948	0.894045793740556	1.12378065668855
"Gm2629"	-0.509331291770388	-0.509331291770388	-0.509331291770388	-0.509331291770388	-0.509331291770388	-0.509331291770388	-0.509331291770388	-0.509331291770388	2.00697961840085	-0.509331291770388	-0.509331291770388	-0.509331291770388	-0.509331291770388	-0.509331291770388	-0.509331291770388	-0.509331291770388	-0.509331291770388	-0.509331291770388	-0.509331291770388	-0.509331291770388	-0.509331291770388	-0.509331291770388	1.45760775580554	-0.509331291770388	2.11473830316193	-0.509331291770388	-0.509331291770388	1.69326101680054	-0.509331291770388	-0.509331291770388	-0.509331291770388	-0.509331291770388	-0.509331291770388	2.29604326320241	1.88985776248661	-0.509331291770388	1.93637857971458	1.55086427764991	-0.509331291770388	1.92798075197511	-0.509331291770388	1.66598833133816	1.56474540993907	2.01490785321777	-0.509331291770388	1.94292756022913	-0.509331291770388	-0.509331291770388	1.96747827848519	-0.509331291770388	-0.509331291770388	-0.509331291770388	-0.509331291770388
"Clec9a"	-1.57966228435169	-1.57966228435169	-1.57966228435169	0.42396798918914	-1.57966228435169	-1.57966228435169	-1.57966228435169	-1.57966228435169	0.52352985758373	-1.57966228435169	-1.57966228435169	-1.57966228435169	-1.57966228435169	-1.57966228435169	-1.57966228435169	-1.57966228435169	-1.57966228435169	-1.57966228435169	0.36211485908536	0.321740425799525	0.460371008697076	0.393337291698944	0.108565649713371	0.900458463999184	0.278266209794544	0.596932052275631	0.195636970530427	0.613274182488736	0.272514329405581	0.663554965486839	0.675163181614303	0.427560986470308	0.32472148008724	0.414889177232679	0.43513871593339	-1.57966228435169	0.742762935319868	0.626086091031456	0.566164208880829	0.876250680438395	0.258436179443423	0.798829571191544	0.63660140675964	0.802057363078052	0.712259258905733	0.595763011763475	0.75290276262576	0.162698167089679	0.906081356601892	0.876393346068024	0.829451553150436	0.684206722085363	0.591766972196441
"Ckb"	-0.610346071847996	-0.610346071847996	-0.610346071847996	-0.610346071847996	-0.610346071847996	-0.610346071847996	-0.610346071847996	-0.610346071847996	-0.610346071847996	-0.610346071847996	-0.610346071847996	-0.610346071847996	-0.610346071847996	-0.610346071847996	-0.610346071847996	-0.610346071847996	-0.610346071847996	-0.610346071847996	-0.610346071847996	-0.610346071847996	-0.610346071847996	1.43654893618583	1.48456018649096	1.54619430272899	-0.610346071847996	1.32422999072411	1.68454212722688	-0.610346071847996	-0.610346071847996	-0.610346071847996	-0.610346071847996	1.33677221710415	1.59556073541324	1.70000477691493	-0.610346071847996	1.54281151634658	1.52553670716242	-0.610346071847996	1.63653936134988	-0.610346071847996	-0.610346071847996	-0.610346071847996	1.200982721145	-0.610346071847996	-0.610346071847996	1.53125605059893	-0.610346071847996	-0.610346071847996	1.79131846966441	1.51836768501477	-0.610346071847996	1.53458401025788	1.9048878153286
"Dpy19l1"	-0.709010022567505	-0.709010022567505	-0.709010022567505	1.30621910694252	-0.709010022567505	-0.709010022567505	-0.709010022567505	-0.709010022567505	-0.709010022567505	-0.709010022567505	-0.709010022567505	1.44483925000519	-0.709010022567505	1.24050171364297	1.15265584375851	-0.709010022567505	-0.709010022567505	-0.709010022567505	-0.709010022567505	1.25242353099118	1.17702866447822	1.50273136921467	0.953399595278006	-0.709010022567505	-0.709010022567505	0.93319561006825	-0.709010022567505	1.1525680687686	1.03095477170977	-0.709010022567505	1.5132242279201	-0.709010022567505	-0.709010022567505	1.29605401708381	1.31872691404062	1.37476332950003	-0.709010022567505	1.49335438059433	1.46547084985777	-0.709010022567505	1.12095250558621	1.12951785037317	-0.709010022567505	-0.709010022567505	1.8602443277485	1.45938907669271	-0.709010022567505	1.78035610008114	1.61526229249576	-0.709010022567505	1.62530355036765	-0.709010022567505	-0.709010022567505
"Plbd1"	-1.39604883971577	-1.39604883971577	-1.39604883971577	0.887073521445208	-1.39604883971577	-1.39604883971577	-1.39604883971577	-1.39604883971577	0.462664699300736	-1.39604883971577	-1.39604883971577	0.284723231884114	-1.39604883971577	-1.39604883971577	-1.39604883971577	-1.39604883971577	-1.39604883971577	-1.39604883971577	0.826420324849517	0.401880107283966	0.498776066572105	0.803903626441568	0.375855526293555	0.427986622481072	0.424227692494705	0.643655120928778	0.545003368829461	0.836281619480262	0.443914601864822	0.919880291352311	0.664236630546316	0.25085415825728	0.469741520705918	0.878171516105345	-1.39604883971577	0.947087346957604	0.410514106166815	0.528771502870014	0.706291277319553	0.724234487462442	0.606601176489946	0.908880117511365	0.337343389676594	1.13945993352162	1.05146446000723	0.819122535397812	0.889245469642774	0.779604992201849	-1.39604883971577	0.808204632104744	0.442254106618286	0.738108832120756	0.529468041876378
"Plekha5"	-0.983676286700516	-0.983676286700516	-0.983676286700516	-0.983676286700516	-0.983676286700516	1.02421465278004	0.879781083425448	-0.983676286700516	-0.983676286700516	0.67180341602429	-0.983676286700516	-0.983676286700516	-0.983676286700516	-0.983676286700516	-0.983676286700516	0.785617699814862	-0.983676286700516	-0.983676286700516	0.942776016507513	-0.983676286700516	0.685499665789998	-0.983676286700516	1.06039000873629	0.86339551797002	0.655505377328459	0.877400882662671	0.777612000171331	0.663851627272801	0.760076015609469	-0.983676286700516	1.18750661266202	1.39107637049759	1.11008933440045	-0.983676286700516	1.01522355647856	-0.983676286700516	-0.983676286700516	0.761196825740121	1.06034726916556	0.839420802810072	0.635871322228713	0.847511613670958	0.891066439259286	1.10885238624562	1.0856333050634	1.25947121469604	1.08046360174555	-0.983676286700516	-0.983676286700516	1.16352627269697	1.08223047771418	-0.983676286700516	1.17061567552025
"Atp10d"	-1.24779762710764	-1.24779762710764	-1.24779762710764	0.975884711068253	0.671729196386118	-1.24779762710764	-1.24779762710764	0.825973887691834	0.696274447479269	0.796403914231378	-1.24779762710764	0.510161294239576	-1.24779762710764	-1.24779762710764	-1.24779762710764	0.790673792133166	-1.24779762710764	-1.24779762710764	0.741994274378394	0.421951769642712	0.476258964841218	-1.24779762710764	0.60547869788219	1.15035859912012	0.445278497703662	0.6744696792112	0.571399849810825	0.788170247085976	0.512683432683003	-1.24779762710764	-1.24779762710764	0.964699358761253	1.0383770037339	0.585061846339973	1.0960509924231	0.991655987368268	0.64172891926493	0.554444962793737	0.528992265058765	-1.24779762710764	0.424998896819826	0.767044680155839	0.565197951140911	1.03709903080758	0.889548550891444	0.981419897224674	0.971871880660742	0.537646561204786	0.665756179037806	0.635386783922756	0.886033842382774	-1.24779762710764	0.76614562992037
"Sv2b"	-0.38495652215826	-0.38495652215826	-0.38495652215826	-0.38495652215826	-0.38495652215826	-0.38495652215826	-0.38495652215826	-0.38495652215826	-0.38495652215826	-0.38495652215826	-0.38495652215826	-0.38495652215826	-0.38495652215826	-0.38495652215826	-0.38495652215826	2.30341163506931	-0.38495652215826	-0.38495652215826	-0.38495652215826	-0.38495652215826	-0.38495652215826	-0.38495652215826	2.15999022612136	-0.38495652215826	-0.38495652215826	-0.38495652215826	-0.38495652215826	-0.38495652215826	-0.38495652215826	-0.38495652215826	-0.38495652215826	-0.38495652215826	-0.38495652215826	2.31134534064177	-0.38495652215826	2.41718937429392	-0.38495652215826	-0.38495652215826	-0.38495652215826	-0.38495652215826	-0.38495652215826	2.57905852919974	2.59250394721562	2.79455321184216	2.75927278983988	-0.38495652215826	-0.38495652215826	-0.38495652215826	2.4300539938269	-0.38495652215826	-0.38495652215826	-0.38495652215826	-0.38495652215826
"Pkib"	1.33712846858377	-0.818790556624717	-0.818790556624717	-0.818790556624717	-0.818790556624717	-0.818790556624717	-0.818790556624717	-0.818790556624717	1.12745881662851	-0.818790556624717	-0.818790556624717	-0.818790556624717	-0.818790556624717	-0.818790556624717	0.884892405896902	1.01072254241992	-0.818790556624717	-0.818790556624717	-0.818790556624717	1.13181073114575	1.20598148411371	1.20526015776018	0.702545250130356	-0.818790556624717	1.29853756064915	-0.818790556624717	-0.818790556624717	-0.818790556624717	1.13222062450381	1.27100941037276	1.21486258155058	-0.818790556624717	-0.818790556624717	1.01612166092598	1.37181781227273	1.42317117441323	1.07285219916373	1.19667891015758	-0.818790556624717	1.2776618035234	-0.818790556624717	1.07472305732242	-0.818790556624717	1.4686651126106	1.32094938086695	0.743724628543821	1.31560372321466	1.17983820856386	-0.818790556624717	-0.818790556624717	-0.818790556624717	1.08086493540944	1.40882418354171
"Dpp4"	0.389248644023663	-1.31547290979512	-1.31547290979512	0.949206549592036	0.452885241931783	0.726339543221013	0.995286202457691	-1.31547290979512	0.80637159756933	0.367974635226129	0.90202612869213	0.830802114095265	-1.31547290979512	0.439026008017825	0.359967502862982	0.48371170909072	-1.31547290979512	-1.31547290979512	0.973085355687307	0.121576022247646	0.53485430225207	0.467305970718926	0.924834399514075	1.04556957376507	0.558932805106576	0.643933529411215	-1.31547290979512	0.567436326987717	0.317111993613471	0.739683710364318	0.892390174063882	0.709551617126367	0.605800068512182	0.696767426707849	0.838820976037675	0.55985721685318	0.874257276006466	0.733501807718883	0.641491116946807	1.02115076922399	0.746729491268372	0.668187801336428	0.744105343799413	0.934062804718492	1.11846880387968	0.549792782571711	-1.31547290979512	-1.31547290979512	-1.31547290979512	0.746369642889096	0.906983248010016	0.552691327036328	0.996885322292982
"Tlr11"	-0.589408354177649	-0.589408354177649	-0.589408354177649	1.78842555364361	-0.589408354177649	-0.589408354177649	-0.589408354177649	-0.589408354177649	-0.589408354177649	-0.589408354177649	-0.589408354177649	-0.589408354177649	-0.589408354177649	-0.589408354177649	-0.589408354177649	-0.589408354177649	-0.589408354177649	-0.589408354177649	-0.589408354177649	1.17638509216361	1.34732185081364	-0.589408354177649	1.50342202443932	-0.589408354177649	-0.589408354177649	1.63013945968404	1.61136094763523	1.46921480477833	-0.589408354177649	-0.589408354177649	1.61279391857962	1.49442312410662	-0.589408354177649	-0.589408354177649	-0.589408354177649	1.71492907896367	1.6964413520682	-0.589408354177649	1.8152378454715	-0.589408354177649	1.43425278473006	-0.589408354177649	1.34909942820918	2.0252532551164	-0.589408354177649	1.70256226827331	-0.589408354177649	-0.589408354177649	-0.589408354177649	1.68876897073187	1.99198858204251	-0.589408354177649	-0.589408354177649
"Slc35c2"	-0.529825303503434	-0.529825303503434	-0.529825303503434	-0.529825303503434	-0.529825303503434	-0.529825303503434	-0.529825303503434	-0.529825303503434	-0.529825303503434	-0.529825303503434	-0.529825303503434	-0.529825303503434	-0.529825303503434	-0.529825303503434	-0.529825303503434	-0.529825303503434	-0.529825303503434	-0.529825303503434	-0.529825303503434	-0.529825303503434	1.61615269671192	-0.529825303503434	-0.529825303503434	-0.529825303503434	1.57759050494625	1.60044710020254	-0.529825303503434	1.58832087087211	-0.529825303503434	-0.529825303503434	-0.529825303503434	-0.529825303503434	-0.529825303503434	1.7515824680702	1.77738020933853	-0.529825303503434	-0.529825303503434	1.71347283824006	-0.529825303503434	-0.529825303503434	1.81467770486063	1.56209380463189	-0.529825303503434	-0.529825303503434	-0.529825303503434	1.82841534127183	1.70760463068111	2.21798198692134	-0.529825303503434	1.81422322442309	-0.529825303503434	2.09482079804109	-0.529825303503434
"Camk1d"	-0.509888761309579	-0.475848617571704	-0.474021358729369	0.55278075805203	-0.33144111690189	-0.834076122078342	-0.398141839330558	0.0374340956505099	-0.367218900794455	-0.40451981945494	-0.549337185421579	-0.21899052194815	-0.716479392496445	-0.626211545925463	-1.09132511836125	-3.80903500130142	-3.80903500130142	-3.80903500130142	0.240666260967186	0.0451454137172474	0.303012126066045	0.46142285303116	0.219725988979946	0.30696470239201	0.327001831063878	0.700330841652686	0.474861971895605	0.225717563075603	0.0788464791103407	-0.475392446544092	0.415810384336789	0.563034231632915	0.555883394267321	0.703636054664466	0.717710480822266	0.302177345443884	0.417809367897874	0.573269444029641	0.346015486917258	0.72424051000019	0.387522208493225	0.858821675368577	0.403985835980033	0.472493460058114	0.279101583246676	0.649678376962441	0.494330898483119	0.208854529486992	0.596338839532282	0.2675817034227	0.509896509220741	0.469591479226371	0.476715984706482
"Rab7b"	-0.686144922738166	-0.686144922738166	-0.686144922738166	-0.686144922738166	-0.686144922738166	-0.686144922738166	-0.686144922738166	-0.686144922738166	-0.686144922738166	-0.686144922738166	-0.686144922738166	-0.686144922738166	-0.686144922738166	-0.686144922738166	-0.686144922738166	-0.686144922738166	-0.686144922738166	-0.686144922738166	-0.686144922738166	-0.686144922738166	1.1556210442361	-0.686144922738166	1.16194152555933	-0.686144922738166	1.122525396285	0.917511707285485	-0.686144922738166	-0.686144922738166	0.788922550093536	-0.686144922738166	1.48392478012865	1.736769184175	-0.686144922738166	1.27185240531145	1.74506927387314	-0.686144922738166	-0.686144922738166	1.01420942570334	1.21195469251683	-0.686144922738166	1.45787287575432	1.33438475779497	1.38244307983489	1.39720146941752	-0.686144922738166	1.20602452048917	1.23410882909761	-0.686144922738166	-0.686144922738166	1.77674135643563	-0.686144922738166	-0.686144922738166	-0.686144922738166
"Adora3"	-0.289686967953122	-0.289686967953122	-0.289686967953122	-0.289686967953122	-0.289686967953122	-0.289686967953122	-0.289686967953122	-0.289686967953122	-0.289686967953122	-0.289686967953122	-0.289686967953122	-0.289686967953122	-0.289686967953122	-0.289686967953122	-0.289686967953122	-0.289686967953122	-0.289686967953122	-0.289686967953122	-0.289686967953122	-0.289686967953122	-0.289686967953122	-0.289686967953122	-0.289686967953122	-0.289686967953122	-0.289686967953122	-0.289686967953122	-0.289686967953122	-0.289686967953122	-0.289686967953122	-0.289686967953122	-0.289686967953122	-0.289686967953122	-0.289686967953122	-0.289686967953122	-0.289686967953122	-0.289686967953122	3.33961411080391	2.76753175194666	-0.289686967953122	3.73256130750255	-0.289686967953122	-0.289686967953122	-0.289686967953122	-0.289686967953122	-0.289686967953122	-0.289686967953122	-0.289686967953122	-0.289686967953122	-0.289686967953122	-0.289686967953122	3.40337829800858	3.35498732660344	-0.289686967953122
"Tspan9"	-0.445343842387552	-0.445343842387552	-0.445343842387552	-0.445343842387552	-0.445343842387552	-0.445343842387552	-0.445343842387552	-0.445343842387552	-0.445343842387552	-0.445343842387552	-0.445343842387552	-0.445343842387552	-0.445343842387552	-0.445343842387552	-0.445343842387552	-0.445343842387552	-0.445343842387552	-0.445343842387552	-0.445343842387552	-0.445343842387552	-0.445343842387552	-0.445343842387552	1.71473860948869	2.26649915568014	-0.445343842387552	-0.445343842387552	2.14055308714953	-0.445343842387552	1.22156941210169	-0.445343842387552	-0.445343842387552	-0.445343842387552	2.32857729546022	2.15997292217257	-0.445343842387552	2.2622453120363	-0.445343842387552	-0.445343842387552	2.08027285666835	2.53132306720787	-0.445343842387552	-0.445343842387552	-0.445343842387552	-0.445343842387552	-0.445343842387552	1.77320752364632	-0.445343842387552	-0.445343842387552	2.57474205416583	-0.445343842387552	-0.445343842387552	2.25189924801578	-0.445343842387552
"Irf5"	-0.795849316073738	-0.795849316073738	-0.795849316073738	0.937632952184107	0.888886586491127	-0.795849316073738	-0.795849316073738	1.40756297958553	1.26975544424954	-0.795849316073738	-0.795849316073738	-0.795849316073738	-0.795849316073738	-0.795849316073738	-0.795849316073738	-0.795849316073738	-0.795849316073738	-0.795849316073738	-0.795849316073738	0.978283622494053	1.03598580462415	1.12815487760562	-0.795849316073738	-0.795849316073738	1.22704005935321	-0.795849316073738	-0.795849316073738	1.23621719956907	-0.795849316073738	-0.795849316073738	-0.795849316073738	1.03436852061551	-0.795849316073738	1.15159044341228	-0.795849316073738	1.22803769966441	1.21180002983528	-0.795849316073738	1.09201570052194	-0.795849316073738	0.981521239290588	1.21378561995111	0.906731510090991	1.27626362235767	-0.795849316073738	1.08611750412412	-0.795849316073738	1.1012110156289	1.23732934164072	-0.795849316073738	1.24707297246414	1.4445832082716	1.3439945884389
"Gm2a"	-0.834381345911705	-0.834381345911705	-0.834381345911705	-0.834381345911705	-0.834381345911705	1.08664757809702	-0.834381345911705	-0.834381345911705	-0.834381345911705	-0.834381345911705	-0.834381345911705	-0.834381345911705	-0.834381345911705	-0.834381345911705	-0.834381345911705	-0.834381345911705	-0.834381345911705	-0.834381345911705	-0.834381345911705	0.670833870457328	0.600205534995444	1.03296348733384	-0.834381345911705	-0.834381345911705	0.911560842899299	1.14790848683176	1.041620316497	0.920450687274675	0.715907205902644	-0.834381345911705	-0.834381345911705	0.941939013619221	-0.834381345911705	-0.834381345911705	-0.834381345911705	-0.834381345911705	1.11414540125857	0.807001476401449	0.997888560872331	-0.834381345911705	1.45304638083036	0.898722207658106	1.47057964994735	1.39443451481085	-0.834381345911705	1.20967805606763	1.01927434981697	1.22434860968747	1.35661323621398	1.10760523363186	1.14837960271601	1.55790379017002	-0.834381345911705
"Batf3"	-0.709512322391604	-0.709512322391604	-0.709512322391604	-0.709512322391604	-0.709512322391604	-0.709512322391604	-0.709512322391604	-0.709512322391604	-0.709512322391604	1.18662305044275	-0.709512322391604	1.47378212399462	-0.709512322391604	1.26665109862115	-0.709512322391604	-0.709512322391604	1.58664629316062	-0.709512322391604	-0.709512322391604	-0.709512322391604	1.06578269013844	1.29850396970025	-0.709512322391604	1.40606673257128	1.16795577978511	-0.709512322391604	1.5417867790206	-0.709512322391604	0.590889939151647	-0.709512322391604	1.30912646443204	-0.709512322391604	-0.709512322391604	-0.709512322391604	1.34594571211638	1.40274819882047	1.61986482492606	1.0555197113737	1.26078676689726	-0.709512322391604	1.14546753886888	1.38787379867388	-0.709512322391604	-0.709512322391604	-0.709512322391604	1.39141221754496	1.51772543947931	-0.709512322391604	-0.709512322391604	1.61282472275242	1.4226146513115	1.62874921830422	-0.709512322391604
"Pdia5"	-0.450236658627093	-0.450236658627093	-0.450236658627093	2.13882643569837	-0.450236658627093	-0.450236658627093	-0.450236658627093	-0.450236658627093	-0.450236658627093	-0.450236658627093	-0.450236658627093	-0.450236658627093	-0.450236658627093	-0.450236658627093	-0.450236658627093	-0.450236658627093	-0.450236658627093	-0.450236658627093	-0.450236658627093	-0.450236658627093	1.97284917692124	-0.450236658627093	-0.450236658627093	2.23109452186348	1.92930749073167	-0.450236658627093	-0.450236658627093	-0.450236658627093	-0.450236658627093	-0.450236658627093	-0.450236658627093	2.26704802029889	-0.450236658627093	-0.450236658627093	-0.450236658627093	-0.450236658627093	2.20540993197145	-0.450236658627093	2.04696351482381	-0.450236658627093	-0.450236658627093	-0.450236658627093	2.27126345512216	-0.450236658627093	-0.450236658627093	-0.450236658627093	2.07611020094478	2.05912674804132	2.23917919052977	-0.450236658627093	-0.450236658627093	2.5133271762964	-0.450236658627093
"Sgk1"	-0.665272202154484	-0.665272202154484	-0.665272202154484	-0.665272202154484	-0.665272202154484	-0.665272202154484	-0.665272202154484	-0.665272202154484	-0.665272202154484	-0.665272202154484	-0.665272202154484	-0.665272202154484	-0.665272202154484	1.28476865619111	-0.665272202154484	-0.665272202154484	-0.665272202154484	-0.665272202154484	1.51205949735292	-0.665272202154484	0.856993342629646	-0.665272202154484	0.997588614681056	1.88447960686631	1.41803927331288	-0.665272202154484	-0.665272202154484	-0.665272202154484	0.617940266678064	-0.665272202154484	-0.665272202154484	1.45033382249311	-0.665272202154484	1.57123580201302	-0.665272202154484	1.41906671234833	-0.665272202154484	1.30683348299981	-0.665272202154484	-0.665272202154484	-0.665272202154484	1.17375467049751	1.31859995082755	1.46873310507466	1.67352090616145	1.69024910153664	-0.665272202154484	-0.665272202154484	-0.665272202154484	1.62636627102379	1.90083175353371	1.41110217171089	-0.665272202154484
"Chil5"	-0.201199969788923	-0.201199969788923	-0.201199969788923	-0.201199969788923	-0.201199969788923	-0.201199969788923	-0.201199969788923	-0.201199969788923	-0.201199969788923	-0.201199969788923	-0.201199969788923	-0.201199969788923	-0.201199969788923	-0.201199969788923	-0.201199969788923	-0.201199969788923	-0.201199969788923	-0.201199969788923	-0.201199969788923	-0.201199969788923	-0.201199969788923	-0.201199969788923	-0.201199969788923	-0.201199969788923	-0.201199969788923	-0.201199969788923	-0.201199969788923	-0.201199969788923	-0.201199969788923	-0.201199969788923	-0.201199969788923	-0.201199969788923	-0.201199969788923	-0.201199969788923	-0.201199969788923	-0.201199969788923	-0.201199969788923	-0.201199969788923	-0.201199969788923	-0.201199969788923	-0.201199969788923	-0.201199969788923	-0.201199969788923	5.08228807261581	-0.201199969788923	4.59745217233079	-0.201199969788923	-0.201199969788923	-0.201199969788923	-0.201199969788923	5.00785754964479	-0.201199969788923	-0.201199969788923
"Cd74"	0.229945062236497	-1.8616994238769	0.74765038221874	0.422453143231732	0.0724811865779291	0.826563642723668	0.210931562876393	-1.8616994238769	0.231764535850933	0.765980723269611	-1.8616994238769	0.391447109833078	0.223608565767216	0.0573223447528403	-1.8616994238769	-1.8616994238769	0.140803997822246	0.713650109733738	0.641461498965303	0.236445629817029	0.389420625721011	0.315450781773979	0.52884916582276	0.720742706243974	-0.0385191546364914	0.619262846475516	0.324502353450052	0.330722052417231	-0.0760237891020784	0.841171048259696	0.0985695162948722	0.580652367561861	0.922147030938013	0.112005821451327	0.361577491821578	0.717515149247404	-1.8616994238769	0.48980745211717	0.733669179637597	0.166040829351412	0.393879795228254	0.17503983601884	0.728915771384946	0.465716184200438	0.439890754591086	0.178475939919932	0.915454421003071	1.13000178810836	0.881249609052123	0.848489714410606	0.891140712101281	0.968523735562248	0.307004957323009
"Gcsam"	-0.426918749679571	-0.426918749679571	-0.426918749679571	2.36203803243094	-0.426918749679571	-0.426918749679571	-0.426918749679571	-0.426918749679571	-0.426918749679571	-0.426918749679571	-0.426918749679571	-0.426918749679571	-0.426918749679571	-0.426918749679571	-0.426918749679571	-0.426918749679571	-0.426918749679571	-0.426918749679571	-0.426918749679571	1.78292546109521	1.67923423040621	-0.426918749679571	1.8737568958056	2.46142985692783	-0.426918749679571	-0.426918749679571	-0.426918749679571	-0.426918749679571	-0.426918749679571	-0.426918749679571	2.3290796676275	-0.426918749679571	-0.426918749679571	-0.426918749679571	-0.426918749679571	-0.426918749679571	-0.426918749679571	-0.426918749679571	2.26308265480453	-0.426918749679571	2.42471324090978	-0.426918749679571	2.50470011136368	-0.426918749679571	-0.426918749679571	-0.426918749679571	-0.426918749679571	2.59555433221229	-0.426918749679571	2.42416045383714	-0.426918749679571	-0.426918749679571	2.62212504207184
"Ppm1m"	-0.649810900533527	-0.649810900533527	-0.649810900533527	-0.649810900533527	1.16761098060051	-0.649810900533527	-0.649810900533527	-0.649810900533527	-0.649810900533527	-0.649810900533527	-0.649810900533527	-0.649810900533527	-0.649810900533527	-0.649810900533527	-0.649810900533527	-0.649810900533527	-0.649810900533527	-0.649810900533527	-0.649810900533527	-0.649810900533527	-0.649810900533527	1.42572349964341	-0.649810900533527	-0.649810900533527	1.2907857204447	1.3118330293543	1.67718651899473	1.30066669019641	-0.649810900533527	-0.649810900533527	1.43670316814428	1.56622424534963	-0.649810900533527	1.6928655163148	-0.649810900533527	-0.649810900533527	-0.649810900533527	1.17456906984899	1.62851211630661	-0.649810900533527	-0.649810900533527	1.27651571063183	1.18686132990938	1.58549695320956	-0.649810900533527	-0.649810900533527	1.41050816537886	1.39665760020826	1.54349629684943	-0.649810900533527	1.55400731393716	-0.649810900533527	-0.649810900533527
"Gpr141"	-0.609875904768212	-0.609875904768212	-0.609875904768212	-0.609875904768212	-0.609875904768212	-0.609875904768212	-0.609875904768212	-0.609875904768212	-0.609875904768212	1.34944503375817	-0.609875904768212	-0.609875904768212	-0.609875904768212	-0.609875904768212	-0.609875904768212	-0.609875904768212	-0.609875904768212	-0.609875904768212	-0.609875904768212	1.74015553406331	1.22457786891572	-0.609875904768212	-0.609875904768212	1.57620131254593	-0.609875904768212	1.35119688821381	-0.609875904768212	1.3400338001599	-0.609875904768212	1.78206758627693	1.47603067079071	-0.609875904768212	1.86817249113638	-0.609875904768212	1.51407685882258	-0.609875904768212	-0.609875904768212	-0.609875904768212	-0.609875904768212	1.54782635794469	1.54841195305161	-0.609875904768212	1.70932825992228	-0.609875904768212	-0.609875904768212	-0.609875904768212	1.44984329475744	1.43599676220908	1.58279270644367	1.78984916974718	-0.609875904768212	1.56443200084806	-0.609875904768212
"H2-Ob"	-0.729577962192594	-0.729577962192594	-0.729577962192594	1.03792763711705	-0.729577962192594	-0.729577962192594	-0.729577962192594	-0.729577962192594	1.37656874994037	-0.729577962192594	-0.729577962192594	-0.729577962192594	-0.729577962192594	-0.729577962192594	-0.729577962192594	-0.729577962192594	-0.729577962192594	-0.729577962192594	-0.729577962192594	-0.729577962192594	0.777548653770916	-0.729577962192594	0.91674570602855	-0.729577962192594	-0.729577962192594	0.896737220342381	1.60368860189623	1.34237224481931	0.899100767523292	1.76074612162903	1.24256680010649	1.36498836335036	-0.729577962192594	-0.729577962192594	-0.729577962192594	1.33403220457444	1.31747583542762	1.35657793832842	-0.729577962192594	-0.729577962192594	-0.729577962192594	1.45323900039923	-0.729577962192594	1.38320466509108	-0.729577962192594	1.18932651887701	-0.729577962192594	-0.729577962192594	1.34350621507955	1.31060496491133	1.35344108568848	1.32614687128306	1.45226499757175
"Lrrc18"	-0.381589613943556	-0.381589613943556	-0.381589613943556	2.23071360459958	-0.381589613943556	-0.381589613943556	-0.381589613943556	-0.381589613943556	-0.381589613943556	-0.381589613943556	-0.381589613943556	-0.381589613943556	-0.381589613943556	-0.381589613943556	-0.381589613943556	-0.381589613943556	-0.381589613943556	-0.381589613943556	-0.381589613943556	-0.381589613943556	-0.381589613943556	-0.381589613943556	-0.381589613943556	-0.381589613943556	-0.381589613943556	2.02203976486069	-0.381589613943556	-0.381589613943556	1.49608649369352	-0.381589613943556	-0.381589613943556	-0.381589613943556	2.74306335223744	-0.381589613943556	-0.381589613943556	-0.381589613943556	-0.381589613943556	-0.381589613943556	-0.381589613943556	-0.381589613943556	2.83195627403108	2.84452733815907	2.52133521942401	-0.381589613943556	-0.381589613943556	-0.381589613943556	-0.381589613943556	-0.381589613943556	-0.381589613943556	2.97167799601315	2.69702997582844	-0.381589613943556	-0.381589613943556
"Parp8"	0.588423142193916	0.783914945886398	0.746335271377151	0.518719560849943	0.614478586801409	0.0458966543779301	0.112768563399279	0.27387850352164	-1.96775002981353	0.410147128575547	-1.96775002981353	0.655898813261118	-1.96775002981353	0.48836150659562	0.461390390004048	0.731220245111862	-1.96775002981353	0.979472017887127	0.411355802794411	0.366599033731019	0.0637879551591777	0.445964100689577	0.660278672177483	0.322654179932799	0.451955129195946	0.67158814401352	0.588647178348473	0.556085941567169	-0.115415535783394	0.288677218155595	0.228053600372953	0.534684490742392	0.598262936637834	0.65424251758845	0.759513288805444	0.319416216611091	0.531208652912248	0.83752007196625	0.314367651610472	-1.96775002981353	0.753148405419647	0.304902567827994	0.632724013105648	0.368522793321181	0.570946342118645	0.508017857701057	0.698783022274815	0.720409873942557	0.328878053314071	0.597867599828727	0.640674634348797	0.724280753668622	0.437480459739471
"Rtn4"	0.243216683253541	0.823824200938068	-1.53022723735779	0.699183918970553	-1.53022723735779	-1.53022723735779	1.09011885618695	-1.53022723735779	-1.53022723735779	0.221085056252931	-1.53022723735779	0.486311486252763	0.795947003976686	0.29500071998479	0.771427710575784	0.557601949506038	0.717085116875504	0.702868147004943	0.850589579202544	0.611977945122803	0.715870371749081	-1.53022723735779	0.241633945887592	0.856327006463498	0.203843554902735	0.508168669488685	-1.53022723735779	-1.53022723735779	0.168171991153157	-1.53022723735779	0.334231901147253	0.666197535421599	0.46849793601801	0.347011495530103	0.368238967327711	0.636904586262856	-1.53022723735779	0.817682343739588	0.289584294349259	0.614584669436081	0.684742518017796	0.623152638758441	0.795828105572558	0.467190473764742	1.00183386409863	0.626424095892087	0.653401807696582	0.641002038728251	-1.53022723735779	0.614734285610244	0.439052084193833	0.972386975036617	0.748772614621165
"Tyk2"	0.918700924462844	1.06936771401359	-0.885505218902264	1.0339783013098	-0.885505218902264	1.27546386316209	1.12001892755805	1.2753214930839	-0.885505218902264	0.896185401455271	1.24134026557649	1.16601245875717	-0.885505218902264	0.971383208978815	-0.885505218902264	1.36725085662755	-0.885505218902264	-0.885505218902264	-0.885505218902264	-0.885505218902264	0.9109258296837	-0.885505218902264	1.04557009925631	-0.885505218902264	0.878644828395515	1.02623495121679	-0.885505218902264	-0.885505218902264	0.336408862379815	1.28958677272706	1.01129489563671	-0.885505218902264	1.1478899140321	1.24416596928268	-0.885505218902264	1.09926591733234	1.08334207467415	0.992394010567376	-0.885505218902264	-0.885505218902264	0.857513906794228	1.21391848660453	-0.885505218902264	-0.885505218902264	1.34156496757801	0.960088628498162	0.987481644151041	1.19469455622144	-0.885505218902264	-0.885505218902264	1.11793329339112	1.09168183862971	1.43302624740495
"Plxdc1"	-0.485875652865987	2.05695320809646	-0.485875652865987	-0.485875652865987	-0.485875652865987	-0.485875652865987	-0.485875652865987	-0.485875652865987	-0.485875652865987	-0.485875652865987	-0.485875652865987	-0.485875652865987	-0.485875652865987	-0.485875652865987	-0.485875652865987	-0.485875652865987	-0.485875652865987	-0.485875652865987	-0.485875652865987	-0.485875652865987	1.39964422316613	1.96843077175707	-0.485875652865987	-0.485875652865987	-0.485875652865987	1.54875738252906	-0.485875652865987	-0.485875652865987	1.10354652347259	-0.485875652865987	-0.485875652865987	-0.485875652865987	-0.485875652865987	-0.485875652865987	2.02641664252205	-0.485875652865987	-0.485875652865987	-0.485875652865987	-0.485875652865987	-0.485875652865987	2.35310603865139	1.79199349606378	-0.485875652865987	-0.485875652865987	2.4110176695681	-0.485875652865987	-0.485875652865987	1.93406052777795	-0.485875652865987	2.06653462179204	-0.485875652865987	2.08597862408416	2.24376114303545
"Lyst"	-1.2870246606532	-1.2870246606532	-1.2870246606532	1.21879224614331	-1.2870246606532	0.584545232082641	-1.2870246606532	-1.2870246606532	0.878248760445163	0.766733166751972	-1.2870246606532	0.815116280479949	0.87063283206408	0.503384514430476	1.01792582842465	0.76097625733125	-1.2870246606532	0.903471298449416	-1.2870246606532	0.39053052362419	0.445091595498882	0.532243298084895	0.451035786369486	0.96590848046132	0.62574550735158	0.432414895633491	0.540677247530332	1.01784495539354	0.481686341381977	0.810195936982819	0.877950009599454	0.779447114256297	0.67357202782448	0.978587324965643	-1.2870246606532	0.838766085109504	0.611335093131444	0.947767644900835	0.49807141470778	0.940996535126002	-1.2870246606532	0.825276475283989	0.814708070327944	0.672289507246757	0.860313238360819	0.916551981555471	0.730858517198005	0.718700997101288	0.635474676157743	0.817018714024639	-1.2870246606532	0.619376281648674	-1.2870246606532
"Fmnl2"	0.404987282806507	0.287172842567329	0.676152342283995	0.541934303859864	0.6807168314265	0.658341818176354	0.473931346992999	0.658172965656115	-2.63445385218953	0.563599380260585	-0.11439862255986	0.437728757072885	-2.63445385218953	0.776645981433092	0.573875842483575	0.143028810522319	0.182775442700944	-2.63445385218953	0.496348885015503	-0.420810377910308	0.207273652872962	0.0141817255321663	0.106347774327092	0.134118884905391	0.187264043924785	0.344243380714605	0.0245640034790361	0.248193651575409	-0.150330775693418	-0.0572323340149464	0.740052890906023	0.618901488083438	0.380352820520735	0.530436878658357	0.385945481297517	0.449301923903223	0.219779580750388	0.372679541796467	0.164296451179747	0.422377437027809	0.473272311976365	0.404818641417805	0.553976470018205	0.294788883009692	0.7367311834603	0.531259558351263	0.105993547614819	0.301631697560644	0.33346951906013	0.422557923483743	0.260825440254075	0.31365595546466	0.37357991104393
"Fnbp1"	0.46820171412358	0.284403400009347	0.744029151386786	0.450836765555539	-0.0498042343019595	0.266246134033167	0.350986505737082	-3.02762583704656	0.0885337797198914	0.176493151471459	0.763147230877095	0.291496163044597	-0.379507854984215	0.589732948914153	0.640383579005822	0.141749567292847	0.381715548407879	-3.02762583704656	0.151120652533367	-0.16746156216206	0.244998339884848	0.407871086339347	0.317377327015789	-0.418749900870579	0.355791956608128	0.20386182263941	-0.0824695288764441	0.547230843231089	-0.0430499127694356	0.404730407688192	0.497017597775344	0.700959606418366	0.218582249050415	0.394174874676396	0.542523155092262	0.387974685324527	0.367040810614777	0.454407636256691	0.0722996085042916	0.582880834654388	-0.070309975762435	0.643441833730009	0.431218746213287	0.0969193683548201	0.642057313288774	0.429643949755038	0.3457480580608	0.224413580341873	0.166658412889991	0.616455710787689	0.468186533130409	0.313738390174723	0.537422270465618
"Coro2a"	-0.954701295731611	-0.954701295731611	-0.954701295731611	1.04693334666514	1.08925272369599	1.28307442582114	1.34615885194495	-0.954701295731611	-0.954701295731611	-0.954701295731611	1.12391760423543	0.835519880763519	-0.954701295731611	1.07489695640488	0.778306929689398	0.906302963222238	-0.954701295731611	-0.954701295731611	-0.954701295731611	1.08601069292402	1.10492287049741	0.889333526811595	0.592821057154859	-0.954701295731611	0.769446348021467	-0.954701295731611	-0.954701295731611	0.992904343008422	0.239505675119997	-0.954701295731611	-0.954701295731611	1.13990268738859	1.03258625536861	-0.954701295731611	0.932901014486868	-0.954701295731611	0.969502049289423	-0.954701295731611	0.854696439626817	0.962894917177962	1.17835798618943	0.9714051102749	0.677113407144952	1.0312862750141	1.22186969400607	0.634709250602913	1.09065262253495	0.863509560365949	-0.954701295731611	1.17798577348853	-0.954701295731611	0.977652707673299	-0.954701295731611
"Dusp10"	-0.448486620655457	-0.448486620655457	-0.448486620655457	-0.448486620655457	1.81903814746069	-0.448486620655457	2.30399186116426	-0.448486620655457	-0.448486620655457	-0.448486620655457	-0.448486620655457	-0.448486620655457	-0.448486620655457	2.09999700139593	-0.448486620655457	-0.448486620655457	-0.448486620655457	-0.448486620655457	-0.448486620655457	-0.448486620655457	-0.448486620655457	-0.448486620655457	-0.448486620655457	-0.448486620655457	-0.448486620655457	1.69827355579157	2.15307979434022	1.98504644755868	-0.448486620655457	-0.448486620655457	-0.448486620655457	2.0148456259137	2.64417592716808	-0.448486620655457	-0.448486620655457	2.57738197680158	-0.448486620655457	-0.448486620655457	-0.448486620655457	-0.448486620655457	-0.448486620655457	-0.448486620655457	2.32066125193772	-0.448486620655457	-0.448486620655457	2.08449577205943	2.1220912735994	-0.448486620655457	-0.448486620655457	-0.448486620655457	-0.448486620655457	-0.448486620655457	2.43157846610252
"Fchsd2"	0.465063114921769	0.706900946030304	0.488420716322846	0.232407568362297	0.403972072977879	1.2612235394716	0.537835043570524	-1.68340979624771	0.557972706755391	0.790714742529954	-1.68340979624771	0.492621128249687	0.330526982686696	0.169932030768817	0.653697395872836	0.217135182635783	0.689699790910658	-1.68340979624771	-1.68340979624771	0.691006240763045	0.37768390862928	0.895934541423411	0.683109327565308	0.868451302297696	0.0773707776939969	0.535275940437682	0.208535598634524	0.086336174934433	0.388665546709118	-1.68340979624771	0.997138840217992	0.546846367050402	0.346101613341639	0.44219378423188	0.811968026372849	0.914209932459964	-1.68340979624771	0.319213457544832	0.512244931247227	0.78485185632804	0.494970553185117	0.631628980326861	0.492198569563408	0.344774012330774	-1.68340979624771	0.555305427526119	0.625022112143245	0.521262785730387	0.306665144670046	0.934021111115404	0.883995004985008	0.50952519576564	0.411069070962726
"Vwf"	-0.313933313772444	-0.313933313772444	-0.313933313772444	-0.313933313772444	-0.313933313772444	-0.313933313772444	-0.313933313772444	-0.313933313772444	-0.313933313772444	-0.313933313772444	-0.313933313772444	-0.313933313772444	-0.313933313772444	-0.313933313772444	-0.313933313772444	-0.313933313772444	-0.313933313772444	-0.313933313772444	-0.313933313772444	-0.313933313772444	-0.313933313772444	-0.313933313772444	-0.313933313772444	-0.313933313772444	-0.313933313772444	-0.313933313772444	-0.313933313772444	-0.313933313772444	-0.313933313772444	-0.313933313772444	-0.313933313772444	2.82794164576017	-0.313933313772444	-0.313933313772444	-0.313933313772444	-0.313933313772444	-0.313933313772444	-0.313933313772444	-0.313933313772444	-0.313933313772444	-0.313933313772444	2.75150171770797	2.60883137416429	-0.313933313772444	-0.313933313772444	2.91677742924322	-0.313933313772444	-0.313933313772444	3.56139862008555	-0.313933313772444	-0.313933313772444	-0.313933313772444	-0.313933313772444
"Rnf31"	-0.425665732053587	2.26682629379393	-0.425665732053587	-0.425665732053587	-0.425665732053587	-0.425665732053587	-0.425665732053587	-0.425665732053587	-0.425665732053587	-0.425665732053587	-0.425665732053587	-0.425665732053587	-0.425665732053587	-0.425665732053587	-0.425665732053587	-0.425665732053587	-0.425665732053587	-0.425665732053587	-0.425665732053587	-0.425665732053587	-0.425665732053587	-0.425665732053587	-0.425665732053587	-0.425665732053587	-0.425665732053587	-0.425665732053587	-0.425665732053587	-0.425665732053587	1.2573049944455	-0.425665732053587	-0.425665732053587	-0.425665732053587	2.3749767489166	2.20474819992723	-0.425665732053587	2.30800578565115	-0.425665732053587	-0.425665732053587	-0.425665732053587	2.27676221414314	-0.425665732053587	1.98627185980468	-0.425665732053587	2.37314471398877	-0.425665732053587	-0.425665732053587	-0.425665732053587	-0.425665732053587	-0.425665732053587	-0.425665732053587	-0.425665732053587	2.29756005739618	-0.425665732053587
"Pld4"	-1.27825181746122	-1.27825181746122	1.05290004631097	-1.27825181746122	-1.27825181746122	0.513888125603188	-1.27825181746122	-1.27825181746122	-1.27825181746122	-1.27825181746122	-1.27825181746122	-1.27825181746122	-1.27825181746122	-1.27825181746122	-1.27825181746122	-1.27825181746122	-1.27825181746122	-1.27825181746122	0.63599991318681	0.446656078873039	0.380352940357174	0.785609177142526	0.504666994215179	0.760201552871441	0.75641560003777	0.368214243179375	0.47188191058388	-1.27825181746122	0.251893829097737	-1.27825181746122	-1.27825181746122	0.581732352597608	1.00549257906144	1.05531425026385	0.911181316868971	0.554243146556772	0.86146186868921	0.723921452135468	0.956043125767876	0.533299266842047	0.53379091736735	0.744402667517538	0.734282788623503	-1.27825181746122	-1.27825181746122	0.425743857022481	0.45103521798433	0.845500730332489	0.7657407828539	-1.27825181746122	1.04323887195269	0.547240935684407	0.659234390173673
"Fnip2"	-0.933106619378101	-0.933106619378101	-0.933106619378101	0.736673489244865	-0.933106619378101	0.973474436136119	-0.933106619378101	-0.933106619378101	1.05659111461204	0.816933487749328	-0.933106619378101	0.866110049579786	-0.933106619378101	1.1066899456927	0.808609615217613	0.937248802440078	-0.933106619378101	-0.933106619378101	-0.933106619378101	0.991523011077766	-0.933106619378101	-0.933106619378101	0.837467450280618	1.01946926155676	1.01544543845594	-0.933106619378101	-0.933106619378101	1.24033742473913	0.48009362393238	-0.933106619378101	1.14594609419359	1.04565100829174	-0.933106619378101	1.15873241919161	-0.933106619378101	-0.933106619378101	1.00076545088996	1.25377010894513	1.10126953040608	0.994125119301316	1.21067084582949	1.12902226232062	0.706907616077494	-0.933106619378101	1.25440119101052	0.664290387387961	1.24893619610101	0.894240371553787	-0.933106619378101	-0.933106619378101	-0.933106619378101	-0.933106619378101	1.47072215459737
"Septin6"	-0.772272670694948	-0.772272670694948	-0.772272670694948	0.918835215225312	-0.772272670694948	-0.772272670694948	-0.772272670694948	-0.772272670694948	-0.772272670694948	-0.772272670694948	-0.772272670694948	-0.772272670694948	-0.772272670694948	-0.772272670694948	-0.772272670694948	1.12197243797321	-0.772272670694948	-0.772272670694948	-0.772272670694948	0.740703197298247	1.17581716625934	-0.772272670694948	1.23948316958983	-0.772272670694948	-0.772272670694948	0.783747537247222	-0.772272670694948	0.991606998949248	-0.772272670694948	-0.772272670694948	1.11462916486527	1.23175924416417	-0.772272670694948	1.56520132597769	-0.772272670694948	-0.772272670694948	-0.772272670694948	1.09582691234658	1.28808817086839	-0.772272670694948	0.961650668134382	0.96976649072787	-0.772272670694948	-0.772272670694948	-0.772272670694948	1.41033850877852	1.43764095422869	-0.772272670694948	1.55809043952353	1.17972648455124	1.22071107983442	1.41339324534606	-0.772272670694948
"Vrk1"	1.24015299478837	-0.709390296755785	-0.709390296755785	-0.709390296755785	1.31292869371149	-0.709390296755785	-0.709390296755785	-0.709390296755785	1.4794704015328	1.21582374228225	-0.709390296755785	-0.709390296755785	-0.709390296755785	-0.709390296755785	-0.709390296755785	1.34818227052999	-0.709390296755785	-0.709390296755785	-0.709390296755785	-0.709390296755785	0.856925192105057	-0.709390296755785	-0.709390296755785	-0.709390296755785	1.19687019494829	0.980794610864315	-0.709390296755785	-0.709390296755785	0.983250980832772	1.64091541324658	1.3402058385298	-0.709390296755785	1.48780421732391	1.35425442061812	1.37758973715026	-0.709390296755785	-0.709390296755785	1.3197823997633	-0.709390296755785	-0.709390296755785	1.17403707989465	-0.709390296755785	1.09478460041497	1.48636692673063	-0.709390296755785	-0.709390296755785	1.55200383620633	1.30086882062558	1.44510941294367	-0.709390296755785	-0.709390296755785	-0.709390296755785	1.55813944224765
"Rab32"	-0.529603913610551	-0.529603913610551	-0.529603913610551	1.61576765614502	1.99452869064288	2.19753650102712	-0.529603913610551	-0.529603913610551	2.02680511825281	1.71888753288262	-0.529603913610551	-0.529603913610551	-0.529603913610551	-0.529603913610551	-0.529603913610551	-0.529603913610551	-0.529603913610551	-0.529603913610551	-0.529603913610551	-0.529603913610551	-0.529603913610551	1.85155912035491	-0.529603913610551	-0.529603913610551	-0.529603913610551	1.44439286322294	-0.529603913610551	-0.529603913610551	-0.529603913610551	-0.529603913610551	-0.529603913610551	-0.529603913610551	-0.529603913610551	-0.529603913610551	-0.529603913610551	-0.529603913610551	-0.529603913610551	1.56342145133234	-0.529603913610551	-0.529603913610551	-0.529603913610551	1.68038003917765	1.57752378336653	2.03485969172018	-0.529603913610551	1.5227681958852	1.83410328271758	1.81821318049574	-0.529603913610551	1.9467392734317	-0.529603913610551	-0.529603913610551	2.11868407901478
"Rtn2"	-0.162772869430202	-0.162772869430202	-0.162772869430202	-0.162772869430202	-0.162772869430202	-0.162772869430202	-0.162772869430202	-0.162772869430202	-0.162772869430202	-0.162772869430202	-0.162772869430202	-0.162772869430202	-0.162772869430202	-0.162772869430202	-0.162772869430202	-0.162772869430202	-0.162772869430202	-0.162772869430202	-0.162772869430202	-0.162772869430202	-0.162772869430202	-0.162772869430202	-0.162772869430202	-0.162772869430202	-0.162772869430202	-0.162772869430202	-0.162772869430202	-0.162772869430202	-0.162772869430202	-0.162772869430202	-0.162772869430202	-0.162772869430202	-0.162772869430202	-0.162772869430202	-0.162772869430202	-0.162772869430202	-0.162772869430202	-0.162772869430202	-0.162772869430202	6.520612359725	-0.162772869430202	-0.162772869430202	5.52457997810997	-0.162772869430202	-0.162772869430202	-0.162772869430202	-0.162772869430202	-0.162772869430202	-0.162772869430202	-0.162772869430202	-0.162772869430202	-0.162772869430202	-0.162772869430202
"Slc1a4"	-0.162353799944096	-0.162353799944096	-0.162353799944096	-0.162353799944096	-0.162353799944096	-0.162353799944096	-0.162353799944096	-0.162353799944096	-0.162353799944096	-0.162353799944096	-0.162353799944096	-0.162353799944096	-0.162353799944096	-0.162353799944096	-0.162353799944096	-0.162353799944096	-0.162353799944096	-0.162353799944096	-0.162353799944096	-0.162353799944096	-0.162353799944096	-0.162353799944096	-0.162353799944096	-0.162353799944096	-0.162353799944096	-0.162353799944096	-0.162353799944096	-0.162353799944096	-0.162353799944096	-0.162353799944096	-0.162353799944096	5.34407584465686	-0.162353799944096	-0.162353799944096	-0.162353799944096	-0.162353799944096	-0.162353799944096	-0.162353799944096	-0.162353799944096	-0.162353799944096	-0.162353799944096	-0.162353799944096	-0.162353799944096	-0.162353799944096	6.67010535120621	-0.162353799944096	-0.162353799944096	-0.162353799944096	-0.162353799944096	-0.162353799944096	-0.162353799944096	-0.162353799944096	-0.162353799944096
"Cbfa2t3"	-1.63225363466383	0.785837389889311	-1.63225363466383	0.527841574338549	0.773110151394865	-1.63225363466383	0.744801684972844	0.771726714424911	-1.63225363466383	-1.63225363466383	0.515200706988991	0.569067203924122	0.627203049859749	0.242627801490607	-1.63225363466383	-1.63225363466383	0.54622265782755	-1.63225363466383	0.813330893173569	0.476038472259173	0.625528278040608	0.896461379563178	0.58896551918196	0.726973843588626	0.148990798015357	0.168309806104326	0.281680021488929	0.158060391443193	0.0411026379657233	-1.63225363466383	0.504910079530893	0.695460920307927	0.865232810236198	0.518053791397973	0.317858421209827	0.371749676718609	0.355671534088277	0.393644182681092	0.681141999546967	0.348845600513414	-1.63225363466383	0.579706761010237	0.790865587031951	0.771630863803347	0.616396573367024	0.453135820482314	0.703006957083538	0.950323394459329	0.82528494690197	0.348999126921231	0.390597937232706	0.364092109275995	-1.63225363466383
"Cpq"	0.800509802051722	-1.28965943199865	-1.28965943199865	0.703128061074686	-1.28965943199865	-1.28965943199865	0.578457211644191	0.723119298097411	0.922083127158222	0.694419022678464	1.01640666426304	0.826235855212761	0.589883326685032	-1.28965943199865	-1.28965943199865	-1.28965943199865	-1.28965943199865	0.826517937854103	-1.28965943199865	0.45058258630305	0.673362451491422	0.672663123671487	0.713938286736788	0.886836767049798	0.678039002511464	0.900894717645116	-1.28965943199865	0.83748066032426	0.681139354790991	0.736407199105554	0.952963893760718	0.791767286845312	-1.28965943199865	0.813993280069324	0.714238336677151	-1.28965943199865	0.954178389112476	0.664343581277274	0.910560672661029	0.537996016680239	0.333937593571162	0.665923288477549	0.84027199933711	-1.28965943199865	-1.28965943199865	0.839154822873781	0.455000655175974	0.767890948961125	0.567613836737682	0.538137651874873	0.576514473678817	1.12753959146977	0.665050680681403
"Ccser1"	-1.4939200183934	-1.4939200183934	0.527233870612671	0.92001746682549	0.448644080603714	-1.4939200183934	0.777673119537248	0.717575597433055	0.711552492766121	0.484533791096221	-1.4939200183934	0.411621572827552	-1.4939200183934	0.63937346201488	0.83174337811999	0.683390677771333	-1.4939200183934	0.616258220310499	0.636244881901709	0.241388604320924	0.648893669409173	0.462839567680933	0.732027555268763	-1.4939200183934	0.553015891312514	0.825991940294184	0.590524322579545	0.56138330353219	0.666884031713158	0.730833048231788	0.676521116812127	0.377279351308925	0.39478854082961	-1.4939200183934	0.623859884407793	0.673505964385647	0.743556768166761	-1.4939200183934	0.429874647503275	0.652407539604193	0.533329294804343	0.949880644739703	0.584511502973303	0.717487421492082	0.779136450922409	0.793938638468436	0.654358174653909	0.234098860647253	0.832680031491264	0.857033761498019	0.895364121703968	-1.4939200183934	0.45524870513326
"Wdr86"	-0.233619041435555	-0.233619041435555	-0.233619041435555	-0.233619041435555	-0.233619041435555	-0.233619041435555	-0.233619041435555	-0.233619041435555	-0.233619041435555	-0.233619041435555	-0.233619041435555	-0.233619041435555	-0.233619041435555	-0.233619041435555	-0.233619041435555	-0.233619041435555	-0.233619041435555	-0.233619041435555	-0.233619041435555	-0.233619041435555	-0.233619041435555	-0.233619041435555	-0.233619041435555	-0.233619041435555	-0.233619041435555	3.85471240238827	-0.233619041435555	-0.233619041435555	-0.233619041435555	-0.233619041435555	-0.233619041435555	-0.233619041435555	-0.233619041435555	-0.233619041435555	-0.233619041435555	-0.233619041435555	-0.233619041435555	-0.233619041435555	4.6053596995699	-0.233619041435555	-0.233619041435555	4.34346385483111	-0.233619041435555	-0.233619041435555	-0.233619041435555	4.01703502657071	-0.233619041435555	-0.233619041435555	-0.233619041435555	-0.233619041435555	-0.233619041435555	-0.233619041435555	-0.233619041435555
"Bcl6"	-0.688749822228543	-0.688749822228543	-0.688749822228543	1.35745253575168	-0.688749822228543	-0.688749822228543	-0.688749822228543	-0.688749822228543	-0.688749822228543	-0.688749822228543	-0.688749822228543	-0.688749822228543	-0.688749822228543	1.29072509361584	-0.688749822228543	-0.688749822228543	-0.688749822228543	1.73306071395767	-0.688749822228543	-0.688749822228543	-0.688749822228543	-0.688749822228543	0.999210335826312	-0.688749822228543	1.19186438914683	1.3491979917287	-0.688749822228543	-0.688749822228543	1.07795750286772	-0.688749822228543	1.3332716362094	-0.688749822228543	1.47888426887119	1.58151619521824	-0.688749822228543	-0.688749822228543	1.4100751649086	1.07923990946565	1.28485093491915	1.40286843491058	-0.688749822228543	1.17803545480755	1.32506704025597	-0.688749822228543	-0.688749822228543	1.04489988693446	-0.688749822228543	1.29446384722896	1.43676386810812	-0.688749822228543	-0.688749822228543	-0.688749822228543	-0.688749822228543
"Gramd3"	1.18222669134868	-0.818437231093116	-0.818437231093116	1.07898834353395	-0.818437231093116	1.31769884880105	1.66913423581185	-0.818437231093116	-0.818437231093116	1.28710088975245	1.28396738610527	1.33670386094998	-0.818437231093116	1.2343857930876	-0.818437231093116	1.06386257225827	-0.818437231093116	-0.818437231093116	1.44855701448676	1.02833747703089	-0.818437231093116	1.04669895392421	1.30781506789837	-0.818437231093116	-0.818437231093116	-0.818437231093116	-0.818437231093116	-0.818437231093116	0.603787929456096	-0.818437231093116	1.05656560658905	-0.818437231093116	1.19159092904737	1.06941747083076	1.09076498606203	-0.818437231093116	1.12778484793491	1.03788192301688	1.22893076218328	-0.818437231093116	-0.818437231093116	-0.818437231093116	1.1760463828814	1.19027607296691	-0.818437231093116	1.13299632891274	1.03302600757289	1.02057948282224	-0.818437231093116	1.12125241585301	1.16197855804493	-0.818437231093116	-0.818437231093116
"Mmp28"	-0.286483507534588	-0.286483507534588	-0.286483507534588	-0.286483507534588	-0.286483507534588	-0.286483507534588	-0.286483507534588	-0.286483507534588	-0.286483507534588	-0.286483507534588	-0.286483507534588	-0.286483507534588	-0.286483507534588	-0.286483507534588	-0.286483507534588	-0.286483507534588	-0.286483507534588	-0.286483507534588	-0.286483507534588	-0.286483507534588	-0.286483507534588	-0.286483507534588	-0.286483507534588	-0.286483507534588	-0.286483507534588	-0.286483507534588	-0.286483507534588	-0.286483507534588	2.25019443147017	-0.286483507534588	-0.286483507534588	-0.286483507534588	-0.286483507534588	-0.286483507534588	-0.286483507534588	-0.286483507534588	3.80081818690557	3.15654174249513	-0.286483507534588	-0.286483507534588	-0.286483507534588	-0.286483507534588	-0.286483507534588	-0.286483507534588	-0.286483507534588	3.08966716593966	3.60181316432957	-0.286483507534588	-0.286483507534588	-0.286483507534588	-0.286483507534588	-0.286483507534588	-0.286483507534588
"Fcrla"	-0.288418106272504	-0.288418106272504	-0.288418106272504	-0.288418106272504	-0.288418106272504	-0.288418106272504	-0.288418106272504	-0.288418106272504	-0.288418106272504	-0.288418106272504	-0.288418106272504	-0.288418106272504	-0.288418106272504	-0.288418106272504	-0.288418106272504	-0.288418106272504	-0.288418106272504	-0.288418106272504	-0.288418106272504	-0.288418106272504	-0.288418106272504	-0.288418106272504	-0.288418106272504	-0.288418106272504	-0.288418106272504	2.60520409992719	-0.288418106272504	-0.288418106272504	-0.288418106272504	-0.288418106272504	-0.288418106272504	-0.288418106272504	-0.288418106272504	-0.288418106272504	-0.288418106272504	3.38326144737275	-0.288418106272504	-0.288418106272504	-0.288418106272504	-0.288418106272504	-0.288418106272504	2.95113056786007	-0.288418106272504	-0.288418106272504	-0.288418106272504	-0.288418106272504	-0.288418106272504	-0.288418106272504	-0.288418106272504	3.74843121212281	-0.288418106272504	-0.288418106272504	3.59362721102796
"Gm49101"	-0.289288959980689	-0.289288959980689	-0.289288959980689	-0.289288959980689	-0.289288959980689	-0.289288959980689	-0.289288959980689	-0.289288959980689	3.74998928089701	-0.289288959980689	-0.289288959980689	-0.289288959980689	-0.289288959980689	-0.289288959980689	-0.289288959980689	-0.289288959980689	-0.289288959980689	-0.289288959980689	-0.289288959980689	-0.289288959980689	-0.289288959980689	-0.289288959980689	2.8681166149391	-0.289288959980689	-0.289288959980689	-0.289288959980689	-0.289288959980689	-0.289288959980689	-0.289288959980689	-0.289288959980689	-0.289288959980689	3.2896915041465	3.76536833211523	-0.289288959980689	-0.289288959980689	-0.289288959980689	-0.289288959980689	-0.289288959980689	-0.289288959980689	-0.289288959980689	-0.289288959980689	-0.289288959980689	-0.289288959980689	-0.289288959980689	-0.289288959980689	2.9535809801352	-0.289288959980689	-0.289288959980689	-0.289288959980689	3.62348048641522	-0.289288959980689	-0.289288959980689	-0.289288959980689
"Slc8b1"	-1.00543698394994	1.05457796556443	-1.00543698394994	1.08811231519842	0.975562509162844	1.04148235081065	-1.00543698394994	1.04134749461666	1.39736132903824	-1.00543698394994	-1.00543698394994	0.729644729967371	-1.00543698394994	0.753450201003219	-1.00543698394994	0.798247667772669	-1.00543698394994	-1.00543698394994	0.95846075043135	0.850587215626642	0.782511102180279	1.19847528096945	-1.00543698394994	-1.00543698394994	0.665606286036605	0.476192692163523	-1.00543698394994	0.674114766277189	0.564392898107021	-1.00543698394994	0.791255463364911	0.694681268049955	-1.00543698394994	-1.00543698394994	-1.00543698394994	1.08292703509576	1.06782860217253	0.773352112773914	0.956421705790034	-1.00543698394994	0.645590593842774	1.19161699574765	0.576117233281294	-1.00543698394994	-1.00543698394994	1.01800960878535	0.768699006961119	-1.00543698394994	0.883214779935084	1.06156254878731	1.30912342313138	1.07573616968075	1.19072904453456
"Naga"	-0.836466302526298	-0.836466302526298	-0.836466302526298	1.0296196794282	-0.836466302526298	-0.836466302526298	-0.836466302526298	-0.836466302526298	-0.836466302526298	-0.836466302526298	-0.836466302526298	-0.836466302526298	-0.836466302526298	-0.836466302526298	-0.836466302526298	-0.836466302526298	-0.836466302526298	-0.836466302526298	-0.836466302526298	0.642136496370249	0.785271906855506	0.997863610509171	1.04088900861277	-0.836466302526298	-0.836466302526298	0.897208715826054	-0.836466302526298	0.887340052635181	-0.836466302526298	-0.836466302526298	1.2213047582078	-0.836466302526298	-0.836466302526298	-0.836466302526298	-0.836466302526298	1.30692413925956	1.07761021673764	0.775896639822491	0.963408813697997	-0.836466302526298	0.858064295153152	1.2933228472128	1.00008490789033	-0.836466302526298	1.32864968417438	0.744579387931185	0.984416498875692	1.31097670327726	1.31579118614897	-0.836466302526298	1.3250893102588	-0.836466302526298	-0.836466302526298
"Nectin1"	-0.505859675634811	-0.505859675634811	-0.505859675634811	1.77993277399157	2.01063579263986	-0.505859675634811	-0.505859675634811	-0.505859675634811	-0.505859675634811	-0.505859675634811	-0.505859675634811	-0.505859675634811	-0.505859675634811	-0.505859675634811	1.87840744904294	-0.505859675634811	-0.505859675634811	-0.505859675634811	-0.505859675634811	-0.505859675634811	1.44320268702242	-0.505859675634811	-0.505859675634811	-0.505859675634811	-0.505859675634811	1.5973409967722	-0.505859675634811	-0.505859675634811	1.13712642154356	-0.505859675634811	-0.505859675634811	1.90748956299354	-0.505859675634811	-0.505859675634811	-0.505859675634811	2.16286428202093	-0.505859675634811	2.01916427914548	-0.505859675634811	-0.505859675634811	1.83780444486586	1.8487742275516	1.73918572724502	-0.505859675634811	-0.505859675634811	1.68084622549897	-0.505859675634811	-0.505859675634811	-0.505859675634811	-0.505859675634811	-0.505859675634811	2.1526667271689	-0.505859675634811
"Polr1a"	-0.448667888632637	-0.448667888632637	-0.448667888632637	-0.448667888632637	-0.448667888632637	-0.448667888632637	-0.448667888632637	-0.448667888632637	-0.448667888632637	-0.448667888632637	-0.448667888632637	-0.448667888632637	-0.448667888632637	-0.448667888632637	-0.448667888632637	-0.448667888632637	-0.448667888632637	-0.448667888632637	-0.448667888632637	-0.448667888632637	-0.448667888632637	-0.448667888632637	1.91063336528124	-0.448667888632637	1.86031400748981	-0.448667888632637	-0.448667888632637	-0.448667888632637	-0.448667888632637	-0.448667888632637	-0.448667888632637	1.90048867460029	-0.448667888632637	-0.448667888632637	-0.448667888632637	-0.448667888632637	2.12822899384115	1.72203584120186	2.55012808791232	2.11938070959709	-0.448667888632637	-0.448667888632637	-0.448667888632637	-0.448667888632637	-0.448667888632637	2.25456947169675	-0.448667888632637	-0.448667888632637	-0.448667888632637	-0.448667888632637	2.17350320274681	-0.448667888632637	-0.448667888632637
"Slc9a7"	-1.11571555450905	-1.11571555450905	-1.11571555450905	0.829806617922847	1.03968390528349	0.728152641241942	0.789386316047773	1.26831135871703	-1.11571555450905	0.576760768744157	-1.11571555450905	0.955310934742428	-1.11571555450905	0.648193209000598	-1.11571555450905	-1.11571555450905	-1.11571555450905	-1.11571555450905	0.85378905837728	0.658980011514716	0.26124920155846	-1.11571555450905	0.388424604790732	1.10387121175487	-1.11571555450905	0.370144136965192	0.893777269838067	0.77729222676369	-1.11571555450905	-1.11571555450905	0.894951217174948	1.07422351219012	0.815861723267214	0.907316963669799	0.927855654226881	-1.11571555450905	0.754545977097687	0.6681519402275	-1.11571555450905	0.748124064853182	0.540025665381771	0.756395688960339	0.678795294508043	1.3000136902548	0.999838918177454	0.637464180163511	0.872300297221651	0.982570488212377	-1.11571555450905	0.748268504160626	-1.11571555450905	-1.11571555450905	-1.11571555450905
"Flt3"	1.02494505137428	0.895116064043558	-1.12213166895635	0.658300476583221	1.08757083540686	0.882292322555405	-1.12213166895635	1.29052165677226	-1.12213166895635	0.530489580712116	-1.12213166895635	-1.12213166895635	-1.12213166895635	0.923483728356969	0.726376542746787	0.848042863865233	-1.12213166895635	-1.12213166895635	1.00508190008019	-1.12213166895635	0.89830668220451	0.628002019563468	-1.12213166895635	0.925771726837519	-1.12213166895635	0.651118070860749	-1.12213166895635	0.52255152200807	0.330847005979217	-1.12213166895635	0.841187159929946	0.865811807030031	-1.12213166895635	1.05738446119974	-1.12213166895635	0.718858522040849	1.02750147334064	-1.12213166895635	0.595128706970231	0.901814457980034	0.698311478768657	0.825205420959972	0.749374010927895	0.762726312060588	0.94360492561687	0.912986701683493	0.938444148626676	0.926743139182042	-1.12213166895635	0.697958587006375	-1.12213166895635	-1.12213166895635	0.824336492477125
"Cacna1e"	-0.359695930265883	-0.359695930265883	-0.359695930265883	-0.359695930265883	-0.359695930265883	-0.359695930265883	-0.359695930265883	-0.359695930265883	-0.359695930265883	-0.359695930265883	-0.359695930265883	-0.359695930265883	-0.359695930265883	-0.359695930265883	-0.359695930265883	-0.359695930265883	-0.359695930265883	-0.359695930265883	-0.359695930265883	-0.359695930265883	1.80471125630566	-0.359695930265883	-0.359695930265883	-0.359695930265883	-0.359695930265883	-0.359695930265883	2.47068787860457	-0.359695930265883	-0.359695930265883	-0.359695930265883	-0.359695930265883	-0.359695930265883	-0.359695930265883	-0.359695930265883	-0.359695930265883	-0.359695930265883	-0.359695930265883	-0.359695930265883	-0.359695930265883	-0.359695930265883	2.89919964212986	2.25509292382372	-0.359695930265883	-0.359695930265883	-0.359695930265883	2.39607163775373	-0.359695930265883	-0.359695930265883	-0.359695930265883	-0.359695930265883	3.15244842994807	-0.359695930265883	3.10224334162861
"Jmjd8"	-0.289194564886617	-0.289194564886617	-0.289194564886617	-0.289194564886617	-0.289194564886617	-0.289194564886617	-0.289194564886617	-0.289194564886617	-0.289194564886617	-0.289194564886617	-0.289194564886617	-0.289194564886617	-0.289194564886617	-0.289194564886617	-0.289194564886617	-0.289194564886617	-0.289194564886617	-0.289194564886617	-0.289194564886617	-0.289194564886617	-0.289194564886617	-0.289194564886617	-0.289194564886617	-0.289194564886617	-0.289194564886617	-0.289194564886617	-0.289194564886617	-0.289194564886617	-0.289194564886617	-0.289194564886617	-0.289194564886617	3.03132959990544	-0.289194564886617	-0.289194564886617	-0.289194564886617	3.38269935279266	-0.289194564886617	-0.289194564886617	-0.289194564886617	-0.289194564886617	-0.289194564886617	-0.289194564886617	2.79976056518596	-0.289194564886617	-0.289194564886617	-0.289194564886617	-0.289194564886617	-0.289194564886617	-0.289194564886617	-0.289194564886617	-0.289194564886617	-0.289194564886617	3.59307739825326
"Lrba"	0.340778776756238	-1.36259639552952	0.691781665097532	0.242376603596129	0.404365114761175	0.469986888306776	0.738523668762506	0.677469029557692	0.757572288440624	-1.36259639552952	-1.36259639552952	0.848881399017248	0.542426814240099	0.719530051308551	0.640358962559815	0.642742684857911	0.466781094474246	-1.36259639552952	0.594854380687125	0.554154053133173	0.748549007049616	-1.36259639552952	0.668163553717709	0.721858886999236	0.631777592638933	0.528427297973085	0.427032716251447	-1.36259639552952	0.634919975552902	-1.36259639552952	0.843522927844434	0.539362160464471	-1.36259639552952	0.769574965440693	0.668467671353682	-1.36259639552952	0.911660525961976	0.617896506295904	0.714317468038427	0.819012966357247	0.819516410072418	0.948820782352094	0.695355212282158	0.555903365453691	-1.36259639552952	1.0544538481717	0.887899308058746	0.722847637541481	-1.36259639552952	0.905411822266014	-1.36259639552952	0.71174481567364	0.826360199255666
"Sdhaf1"	-0.26058005577843	-0.26058005577843	-0.26058005577843	-0.26058005577843	3.35860401052275	-0.26058005577843	-0.26058005577843	-0.26058005577843	-0.26058005577843	-0.26058005577843	-0.26058005577843	-0.26058005577843	-0.26058005577843	-0.26058005577843	-0.26058005577843	-0.26058005577843	-0.26058005577843	-0.26058005577843	-0.26058005577843	-0.26058005577843	2.91473765088489	-0.26058005577843	-0.26058005577843	-0.26058005577843	-0.26058005577843	-0.26058005577843	-0.26058005577843	-0.26058005577843	-0.26058005577843	-0.26058005577843	-0.26058005577843	-0.26058005577843	-0.26058005577843	-0.26058005577843	-0.26058005577843	-0.26058005577843	4.0522932630438	-0.26058005577843	-0.26058005577843	-0.26058005577843	3.55760366316193	-0.26058005577843	-0.26058005577843	-0.26058005577843	4.61794537265518	-0.26058005577843	-0.26058005577843	-0.26058005577843	-0.26058005577843	-0.26058005577843	-0.26058005577843	-0.26058005577843	-0.26058005577843
"Homer2"	-0.406465713489368	-0.406465713489368	-0.406465713489368	-0.406465713489368	-0.406465713489368	-0.406465713489368	-0.406465713489368	-0.406465713489368	-0.406465713489368	-0.406465713489368	-0.406465713489368	-0.406465713489368	-0.406465713489368	-0.406465713489368	-0.406465713489368	-0.406465713489368	-0.406465713489368	-0.406465713489368	-0.406465713489368	-0.406465713489368	2.37083899339088	2.2694502779856	-0.406465713489368	-0.406465713489368	-0.406465713489368	-0.406465713489368	-0.406465713489368	-0.406465713489368	-0.406465713489368	-0.406465713489368	-0.406465713489368	-0.406465713489368	-0.406465713489368	-0.406465713489368	-0.406465713489368	-0.406465713489368	-0.406465713489368	-0.406465713489368	-0.406465713489368	-0.406465713489368	-0.406465713489368	2.07708174454444	2.45502538846982	-0.406465713489368	-0.406465713489368	1.8999598734688	-0.406465713489368	2.23197660127926	-0.406465713489368	-0.406465713489368	2.74680632858426	2.3976120163284	-0.406465713489368
"4931406G06Rik"	-0.31499483624428	-0.31499483624428	-0.31499483624428	2.67894821899006	-0.31499483624428	-0.31499483624428	3.21706340415396	-0.31499483624428	-0.31499483624428	-0.31499483624428	-0.31499483624428	-0.31499483624428	-0.31499483624428	2.95529143020296	-0.31499483624428	-0.31499483624428	-0.31499483624428	-0.31499483624428	-0.31499483624428	-0.31499483624428	-0.31499483624428	-0.31499483624428	-0.31499483624428	-0.31499483624428	-0.31499483624428	-0.31499483624428	-0.31499483624428	-0.31499483624428	-0.31499483624428	-0.31499483624428	-0.31499483624428	-0.31499483624428	-0.31499483624428	-0.31499483624428	-0.31499483624428	-0.31499483624428	-0.31499483624428	-0.31499483624428	-0.31499483624428	3.14056320403257	2.75474883996822	-0.31499483624428	-0.31499483624428	-0.31499483624428	3.60724245917118	-0.31499483624428	-0.31499483624428	-0.31499483624428	-0.31499483624428	-0.31499483624428	-0.31499483624428	-0.31499483624428	3.38078614433636
"Cyb561a3"	-0.466395474018971	-0.466395474018971	-0.466395474018971	1.78147528960613	-0.466395474018971	-0.466395474018971	2.18549546296175	-0.466395474018971	-0.466395474018971	-0.466395474018971	2.34591784297712	-0.466395474018971	-0.466395474018971	-0.466395474018971	-0.466395474018971	2.05149131154107	-0.466395474018971	-0.466395474018971	-0.466395474018971	-0.466395474018971	-0.466395474018971	-0.466395474018971	-0.466395474018971	-0.466395474018971	-0.466395474018971	-0.466395474018971	-0.466395474018971	-0.466395474018971	1.14933320401277	-0.466395474018971	2.04173041510975	-0.466395474018971	-0.466395474018971	-0.466395474018971	2.08747773203347	-0.466395474018971	-0.466395474018971	-0.466395474018971	1.98166912645771	-0.466395474018971	1.83838685960528	-0.466395474018971	-0.466395474018971	2.22059024168171	-0.466395474018971	-0.466395474018971	-0.466395474018971	1.99359303267223	2.17010271554488	-0.466395474018971	-0.466395474018971	-0.466395474018971	-0.466395474018971
"Erlin1"	1.47037320142952	-0.590714315278499	-0.590714315278499	1.35130636634991	-0.590714315278499	1.87793175125554	-0.590714315278499	-0.590714315278499	-0.590714315278499	-0.590714315278499	-0.590714315278499	-0.590714315278499	-0.590714315278499	1.53055634589271	1.68590607297335	1.58458343345453	-0.590714315278499	-0.590714315278499	1.77780521293365	-0.590714315278499	-0.590714315278499	-0.590714315278499	1.46853375210199	-0.590714315278499	-0.590714315278499	1.5932178336679	-0.590714315278499	-0.590714315278499	-0.590714315278499	1.89406546896346	-0.590714315278499	-0.590714315278499	1.73219392912478	-0.590714315278499	1.61567346495675	2.07498636148581	-0.590714315278499	1.30392184155053	1.52426140353067	-0.590714315278499	1.65134117548159	-0.590714315278499	-0.590714315278499	-0.590714315278499	-0.590714315278499	1.51765365241684	1.80006676561417	-0.590714315278499	-0.590714315278499	-0.590714315278499	-0.590714315278499	1.91924288344401	-0.590714315278499
"Dynlt1c"	-0.26229494741335	-0.26229494741335	-0.26229494741335	-0.26229494741335	-0.26229494741335	-0.26229494741335	-0.26229494741335	-0.26229494741335	-0.26229494741335	-0.26229494741335	-0.26229494741335	-0.26229494741335	-0.26229494741335	-0.26229494741335	-0.26229494741335	-0.26229494741335	-0.26229494741335	-0.26229494741335	-0.26229494741335	-0.26229494741335	3.31531136393592	-0.26229494741335	-0.26229494741335	-0.26229494741335	-0.26229494741335	-0.26229494741335	-0.26229494741335	-0.26229494741335	3.28868342401328	-0.26229494741335	-0.26229494741335	-0.26229494741335	-0.26229494741335	-0.26229494741335	-0.26229494741335	-0.26229494741335	-0.26229494741335	3.83102391852704	-0.26229494741335	-0.26229494741335	-0.26229494741335	-0.26229494741335	3.85860377624696	-0.26229494741335	-0.26229494741335	-0.26229494741335	-0.26229494741335	4.32931878362467	-0.26229494741335	-0.26229494741335	-0.26229494741335	-0.26229494741335	-0.26229494741335
"Dock10"	0.293284950004251	0.902767768738149	0.416745032925897	0.296728140433472	0.591315715846603	0.663788762797821	-3.55430415853827	-0.274518821298332	-0.479645721355368	0.259000633125678	0.342092501630395	0.618659732123313	-0.157726874644342	0.753688192326083	0.603850423533876	-3.55430415853827	0.752255818660743	0.757853504469836	0.456274749455982	0.302845272978	0.153344310539697	0.0848270305803366	0.336788280966601	0.400748100339107	0.181489457288006	0.15384413939056	-0.00943322726735095	-0.529567491945676	-0.289343140711419	-0.25286643485488	0.596456107406883	0.279031742036971	0.200096527115554	0.119782100868435	-0.0936106849493314	0.655920490213424	0.29746965987824	0.428973615403487	0.257498732700851	-0.576173749828308	0.246048305654674	0.258477701971255	0.250517429430032	0.393571889533321	0.689866446161433	0.518532561403926	0.225998336828081	0.541060683613006	0.14004403481927	0.287421977411015	0.488776263730586	0.556466949634705	-0.035148520123289
"Rasgrp4"	-0.730300001523005	-0.730300001523005	-0.730300001523005	-0.730300001523005	-0.730300001523005	-0.730300001523005	-0.730300001523005	-0.730300001523005	-0.730300001523005	-0.730300001523005	-0.730300001523005	-0.730300001523005	-0.730300001523005	-0.730300001523005	-0.730300001523005	-0.730300001523005	-0.730300001523005	-0.730300001523005	-0.730300001523005	-0.730300001523005	1.00975580697345	-0.730300001523005	-0.730300001523005	1.19520582524828	1.19123778748741	1.12144632070301	-0.730300001523005	-0.730300001523005	-0.730300001523005	1.37653368799036	1.31992921273435	1.22102459438576	-0.730300001523005	-0.730300001523005	1.35348108670602	-0.730300001523005	-0.730300001523005	1.0886673696888	1.27587203435121	-0.730300001523005	-0.730300001523005	0.965922417649193	-0.730300001523005	1.23799513248697	1.64008931576876	-0.730300001523005	1.08390916217344	-0.730300001523005	1.20101155217143	1.17036032957396	-0.730300001523005	1.18483936697689	-0.730300001523005
"Abca3"	-0.645208340168352	1.53633282683936	-0.645208340168352	-0.645208340168352	1.44335578123095	-0.645208340168352	-0.645208340168352	-0.645208340168352	1.61535289806156	-0.645208340168352	-0.645208340168352	1.39894107586727	-0.645208340168352	1.42698698248138	-0.645208340168352	-0.645208340168352	-0.645208340168352	-0.645208340168352	1.66851577708121	1.05205464766513	-0.645208340168352	-0.645208340168352	1.12181740809597	-0.645208340168352	1.32349555263058	-0.645208340168352	-0.645208340168352	-0.645208340168352	0.718387127332042	-0.645208340168352	1.47152644385652	1.35774962091284	1.86946384005754	-0.645208340168352	1.51013492735728	1.56969773780681	-0.645208340168352	1.59389643750712	-0.645208340168352	-0.645208340168352	1.29991449291369	-0.645208340168352	-0.645208340168352	1.62247533282997	-0.645208340168352	1.16964709936533	-0.645208340168352	-0.645208340168352	-0.645208340168352	-0.645208340168352	1.59052960297131	-0.645208340168352	-0.645208340168352
"Ffar4"	-0.314889267522218	-0.314889267522218	-0.314889267522218	-0.314889267522218	-0.314889267522218	-0.314889267522218	-0.314889267522218	-0.314889267522218	-0.314889267522218	-0.314889267522218	-0.314889267522218	-0.314889267522218	-0.314889267522218	-0.314889267522218	-0.314889267522218	-0.314889267522218	-0.314889267522218	-0.314889267522218	-0.314889267522218	-0.314889267522218	-0.314889267522218	-0.314889267522218	-0.314889267522218	-0.314889267522218	-0.314889267522218	2.68617449207535	-0.314889267522218	-0.314889267522218	2.86482536949325	-0.314889267522218	-0.314889267522218	-0.314889267522218	-0.314889267522218	-0.314889267522218	-0.314889267522218	-0.314889267522218	-0.314889267522218	3.28807548150218	-0.314889267522218	-0.314889267522218	3.02929255448823	-0.314889267522218	-0.314889267522218	-0.314889267522218	-0.314889267522218	2.80532836976122	-0.314889267522218	-0.314889267522218	3.51060400820866	-0.314889267522218	-0.314889267522218	-0.314889267522218	-0.314889267522218
"Dbn1"	-0.262417666949728	-0.262417666949728	-0.262417666949728	-0.262417666949728	-0.262417666949728	-0.262417666949728	-0.262417666949728	-0.262417666949728	-0.262417666949728	-0.262417666949728	-0.262417666949728	-0.262417666949728	-0.262417666949728	-0.262417666949728	-0.262417666949728	-0.262417666949728	-0.262417666949728	-0.262417666949728	-0.262417666949728	-0.262417666949728	-0.262417666949728	3.71444605008396	-0.262417666949728	-0.262417666949728	-0.262417666949728	3.0344234343742	-0.262417666949728	-0.262417666949728	-0.262417666949728	-0.262417666949728	-0.262417666949728	-0.262417666949728	-0.262417666949728	-0.262417666949728	-0.262417666949728	-0.262417666949728	3.88733827771043	-0.262417666949728	-0.262417666949728	-0.262417666949728	-0.262417666949728	-0.262417666949728	-0.262417666949728	-0.262417666949728	-0.262417666949728	-0.262417666949728	-0.262417666949728	4.12203683648698	-0.262417666949728	3.87340975477512	-0.262417666949728	-0.262417666949728	-0.262417666949728
"Gfod1"	1.27517415683515	-0.771152854092051	-0.771152854092051	-0.771152854092051	0.899311684498078	-0.771152854092051	-0.771152854092051	1.41359438028973	-0.771152854092051	1.03026122217701	-0.771152854092051	1.08088140530488	-0.771152854092051	-0.771152854092051	-0.771152854092051	-0.771152854092051	-0.771152854092051	-0.771152854092051	-0.771152854092051	-0.771152854092051	1.04516482811035	1.13655313872679	0.82980263250287	-0.771152854092051	1.45698642404762	0.810345526007925	-0.771152854092051	-0.771152854092051	1.25629357212175	1.42801757770542	-0.771152854092051	-0.771152854092051	-0.771152854092051	1.51223248582104	-0.771152854092051	-0.771152854092051	1.44186043717157	1.12753486819196	1.10072009588595	1.43501812634577	1.34324034688351	0.999410341552063	0.917005444108733	-0.771152854092051	-0.771152854092051	1.22482016220348	1.12256812149135	1.10983751766343	1.76140760912955	-0.771152854092051	-0.771152854092051	-0.771152854092051	-0.771152854092051
"Irag1"	-0.312080830749133	-0.312080830749133	-0.312080830749133	-0.312080830749133	-0.312080830749133	-0.312080830749133	-0.312080830749133	-0.312080830749133	-0.312080830749133	-0.312080830749133	-0.312080830749133	-0.312080830749133	-0.312080830749133	-0.312080830749133	-0.312080830749133	-0.312080830749133	-0.312080830749133	-0.312080830749133	-0.312080830749133	-0.312080830749133	-0.312080830749133	-0.312080830749133	-0.312080830749133	-0.312080830749133	-0.312080830749133	-0.312080830749133	-0.312080830749133	-0.312080830749133	1.91893755075236	-0.312080830749133	3.15117078930783	2.96501720532629	-0.312080830749133	-0.312080830749133	-0.312080830749133	-0.312080830749133	-0.312080830749133	-0.312080830749133	-0.312080830749133	-0.312080830749133	-0.312080830749133	2.88528738115313	-0.312080830749133	-0.312080830749133	-0.312080830749133	-0.312080830749133	-0.312080830749133	-0.312080830749133	-0.312080830749133	-0.312080830749133	-0.312080830749133	-0.312080830749133	3.51941841289908
"Gm37524"	-0.36113855143474	-0.36113855143474	-0.36113855143474	-0.36113855143474	2.31602365120998	-0.36113855143474	-0.36113855143474	-0.36113855143474	-0.36113855143474	-0.36113855143474	-0.36113855143474	-0.36113855143474	-0.36113855143474	-0.36113855143474	-0.36113855143474	-0.36113855143474	-0.36113855143474	-0.36113855143474	2.99844446102979	-0.36113855143474	2.3418995593801	-0.36113855143474	-0.36113855143474	-0.36113855143474	-0.36113855143474	-0.36113855143474	-0.36113855143474	-0.36113855143474	-0.36113855143474	-0.36113855143474	-0.36113855143474	-0.36113855143474	-0.36113855143474	-0.36113855143474	-0.36113855143474	2.85495829360117	-0.36113855143474	-0.36113855143474	-0.36113855143474	2.81820100542524	2.46322653965812	-0.36113855143474	-0.36113855143474	-0.36113855143474	-0.36113855143474	2.27407515415787	2.67382453881216	-0.36113855143474	-0.36113855143474	-0.36113855143474	-0.36113855143474	-0.36113855143474	-0.36113855143474
"Olr1"	-0.260948474602262	-0.260948474602262	-0.260948474602262	-0.260948474602262	-0.260948474602262	-0.260948474602262	-0.260948474602262	-0.260948474602262	-0.260948474602262	-0.260948474602262	-0.260948474602262	-0.260948474602262	-0.260948474602262	-0.260948474602262	-0.260948474602262	-0.260948474602262	-0.260948474602262	-0.260948474602262	-0.260948474602262	3.0697252848173	3.67308804143453	-0.260948474602262	-0.260948474602262	-0.260948474602262	-0.260948474602262	-0.260948474602262	-0.260948474602262	-0.260948474602262	-0.260948474602262	-0.260948474602262	-0.260948474602262	-0.260948474602262	-0.260948474602262	-0.260948474602262	-0.260948474602262	-0.260948474602262	-0.260948474602262	-0.260948474602262	-0.260948474602262	-0.260948474602262	-0.260948474602262	-0.260948474602262	-0.260948474602262	4.67087683592977	-0.260948474602262	3.30048627824685	-0.260948474602262	3.81316525633211	-0.260948474602262	-0.260948474602262	-0.260948474602262	-0.260948474602262	-0.260948474602262
"Gm50035"	-0.260787045857796	3.91562533063547	-0.260787045857796	-0.260787045857796	-0.260787045857796	-0.260787045857796	-0.260787045857796	-0.260787045857796	-0.260787045857796	-0.260787045857796	-0.260787045857796	-0.260787045857796	-0.260787045857796	-0.260787045857796	-0.260787045857796	-0.260787045857796	-0.260787045857796	-0.260787045857796	-0.260787045857796	-0.260787045857796	2.83604289314331	-0.260787045857796	-0.260787045857796	-0.260787045857796	-0.260787045857796	-0.260787045857796	-0.260787045857796	-0.260787045857796	-0.260787045857796	-0.260787045857796	-0.260787045857796	-0.260787045857796	-0.260787045857796	-0.260787045857796	-0.260787045857796	-0.260787045857796	-0.260787045857796	3.28245145238308	-0.260787045857796	-0.260787045857796	-0.260787045857796	-0.260787045857796	-0.260787045857796	4.08053930686577	-0.260787045857796	-0.260787045857796	-0.260787045857796	-0.260787045857796	-0.260787045857796	4.40122127287587	-0.260787045857796	-0.260787045857796	-0.260787045857796
"Lpin3"	-0.199009566771247	-0.199009566771247	-0.199009566771247	-0.199009566771247	-0.199009566771247	-0.199009566771247	-0.199009566771247	-0.199009566771247	-0.199009566771247	-0.199009566771247	-0.199009566771247	-0.199009566771247	-0.199009566771247	-0.199009566771247	-0.199009566771247	-0.199009566771247	-0.199009566771247	-0.199009566771247	-0.199009566771247	-0.199009566771247	-0.199009566771247	-0.199009566771247	-0.199009566771247	-0.199009566771247	-0.199009566771247	-0.199009566771247	-0.199009566771247	-0.199009566771247	3.82315287332602	-0.199009566771247	-0.199009566771247	-0.199009566771247	-0.199009566771247	-0.199009566771247	-0.199009566771247	-0.199009566771247	-0.199009566771247	-0.199009566771247	-0.199009566771247	-0.199009566771247	-0.199009566771247	-0.199009566771247	-0.199009566771247	-0.199009566771247	-0.199009566771247	-0.199009566771247	5.03707126230614	-0.199009566771247	-0.199009566771247	-0.199009566771247	-0.199009566771247	-0.199009566771247	5.6674742386689
"A730020E08Rik"	-0.199529838735351	-0.199529838735351	-0.199529838735351	-0.199529838735351	-0.199529838735351	-0.199529838735351	-0.199529838735351	-0.199529838735351	-0.199529838735351	-0.199529838735351	-0.199529838735351	-0.199529838735351	-0.199529838735351	-0.199529838735351	-0.199529838735351	-0.199529838735351	-0.199529838735351	-0.199529838735351	-0.199529838735351	-0.199529838735351	-0.199529838735351	-0.199529838735351	-0.199529838735351	-0.199529838735351	-0.199529838735351	-0.199529838735351	-0.199529838735351	-0.199529838735351	3.90182951750735	-0.199529838735351	-0.199529838735351	-0.199529838735351	-0.199529838735351	-0.199529838735351	-0.199529838735351	-0.199529838735351	-0.199529838735351	-0.199529838735351	-0.199529838735351	-0.199529838735351	-0.199529838735351	-0.199529838735351	5.40474032770369	-0.199529838735351	-0.199529838735351	5.25910838246956	-0.199529838735351	-0.199529838735351	-0.199529838735351	-0.199529838735351	-0.199529838735351	-0.199529838735351	-0.199529838735351
"2610037D02Rik"	-0.817191090171834	-0.817191090171834	1.5535132560644	1.08196593975531	-0.817191090171834	-0.817191090171834	-0.817191090171834	-0.817191090171834	1.18704041533504	-0.817191090171834	-0.817191090171834	1.21260191326915	1.39688482829229	1.02003370205305	-0.817191090171834	1.06682636577918	-0.817191090171834	1.43058195486055	-0.817191090171834	-0.817191090171834	1.05038892243537	-0.817191090171834	0.749467939373566	1.14964740524854	0.928277380326794	-0.817191090171834	-0.817191090171834	-0.817191090171834	-0.817191090171834	1.3348676293449	-0.817191090171834	0.958647308680011	-0.817191090171834	-0.817191090171834	-0.817191090171834	1.14656218850179	1.47578643451809	-0.817191090171834	1.01458167540465	1.12411813639495	0.907370225935862	-0.817191090171834	1.0519077486881	1.19335522243575	-0.817191090171834	0.791874122634399	-0.817191090171834	-0.817191090171834	1.15557775718391	1.12426857925351	1.38267192648277	-0.817191090171834	1.25907376585022
"Gm15601"	-0.263021689982141	-0.263021689982141	-0.263021689982141	-0.263021689982141	3.29745270958486	-0.263021689982141	-0.263021689982141	-0.263021689982141	-0.263021689982141	-0.263021689982141	-0.263021689982141	-0.263021689982141	-0.263021689982141	3.73861517044707	-0.263021689982141	-0.263021689982141	-0.263021689982141	-0.263021689982141	-0.263021689982141	-0.263021689982141	-0.263021689982141	-0.263021689982141	-0.263021689982141	-0.263021689982141	-0.263021689982141	-0.263021689982141	-0.263021689982141	-0.263021689982141	-0.263021689982141	-0.263021689982141	-0.263021689982141	-0.263021689982141	4.11899114051011	-0.263021689982141	-0.263021689982141	-0.263021689982141	-0.263021689982141	-0.263021689982141	-0.263021689982141	-0.263021689982141	-0.263021689982141	-0.263021689982141	-0.263021689982141	-0.263021689982141	-0.263021689982141	-0.263021689982141	3.77330766495193	3.74617330323804	-0.263021689982141	-0.263021689982141	-0.263021689982141	-0.263021689982141	-0.263021689982141
"Gm15228"	-0.199985200799567	-0.199985200799567	-0.199985200799567	-0.199985200799567	-0.199985200799567	-0.199985200799567	-0.199985200799567	-0.199985200799567	-0.199985200799567	-0.199985200799567	-0.199985200799567	-0.199985200799567	-0.199985200799567	-0.199985200799567	-0.199985200799567	-0.199985200799567	-0.199985200799567	-0.199985200799567	-0.199985200799567	-0.199985200799567	4.09971232184668	-0.199985200799567	-0.199985200799567	-0.199985200799567	-0.199985200799567	-0.199985200799567	-0.199985200799567	-0.199985200799567	-0.199985200799567	-0.199985200799567	-0.199985200799567	-0.199985200799567	-0.199985200799567	-0.199985200799567	5.52899018469202	-0.199985200799567	-0.199985200799567	-0.199985200799567	-0.199985200799567	-0.199985200799567	4.97021715182971	-0.199985200799567	-0.199985200799567	-0.199985200799567	-0.199985200799567	-0.199985200799567	-0.199985200799567	-0.199985200799567	-0.199985200799567	-0.199985200799567	-0.199985200799567	-0.199985200799567	-0.199985200799567
"Gm29438"	3.84650473215381	-0.263123542921428	-0.263123542921428	-0.263123542921428	-0.263123542921428	-0.263123542921428	-0.263123542921428	-0.263123542921428	-0.263123542921428	-0.263123542921428	-0.263123542921428	-0.263123542921428	-0.263123542921428	-0.263123542921428	-0.263123542921428	-0.263123542921428	-0.263123542921428	-0.263123542921428	-0.263123542921428	-0.263123542921428	-0.263123542921428	-0.263123542921428	-0.263123542921428	-0.263123542921428	-0.263123542921428	3.29977845396592	-0.263123542921428	-0.263123542921428	-0.263123542921428	-0.263123542921428	-0.263123542921428	3.82518193087578	-0.263123542921428	-0.263123542921428	-0.263123542921428	-0.263123542921428	-0.263123542921428	-0.263123542921428	-0.263123542921428	-0.263123542921428	3.70713268822014	-0.263123542921428	-0.263123542921428	-0.263123542921428	-0.263123542921428	-0.263123542921428	4.00317374220575	-0.263123542921428	-0.263123542921428	-0.263123542921428	-0.263123542921428	-0.263123542921428	-0.263123542921428
"Sfi1"	1.0861434654826	-0.771327764159658	-0.771327764159658	0.978839326879996	1.15548214985709	-0.771327764159658	1.29340492511876	1.45329244596261	-0.771327764159658	-0.771327764159658	-0.771327764159658	-0.771327764159658	-0.771327764159658	1.14038107472703	-0.771327764159658	-0.771327764159658	-0.771327764159658	-0.771327764159658	-0.771327764159658	-0.771327764159658	0.946064193913244	1.17119503198297	0.858846141057802	-0.771327764159658	1.04490480420741	1.06460328636741	-0.771327764159658	-0.771327764159658	-0.771327764159658	1.46797887556901	1.40781523858615	1.30269172092539	-0.771327764159658	-0.771327764159658	1.57599922549722	-0.771327764159658	1.25564527150257	0.936135952650788	-0.771327764159658	-0.771327764159658	-0.771327764159658	1.03154929472498	0.94764045740936	-0.771327764159658	-0.771327764159658	0.90297153916165	1.38326637031165	1.14399183446509	-0.771327764159658	-0.771327764159658	1.2912577173427	-0.771327764159658	1.38911220699946
"Gm48332"	-0.114707866935281	-0.114707866935281	-0.114707866935281	-0.114707866935281	-0.114707866935281	-0.114707866935281	-0.114707866935281	-0.114707866935281	-0.114707866935281	-0.114707866935281	-0.114707866935281	-0.114707866935281	-0.114707866935281	-0.114707866935281	-0.114707866935281	-0.114707866935281	-0.114707866935281	-0.114707866935281	-0.114707866935281	-0.114707866935281	-0.114707866935281	-0.114707866935281	-0.114707866935281	-0.114707866935281	-0.114707866935281	-0.114707866935281	-0.114707866935281	-0.114707866935281	-0.114707866935281	-0.114707866935281	-0.114707866935281	-0.114707866935281	-0.114707866935281	-0.114707866935281	-0.114707866935281	-0.114707866935281	-0.114707866935281	-0.114707866935281	-0.114707866935281	-0.114707866935281	-0.114707866935281	-0.114707866935281	-0.114707866935281	-0.114707866935281	-0.114707866935281	8.60309002014607	-0.114707866935281	-0.114707866935281	-0.114707866935281	-0.114707866935281	-0.114707866935281	-0.114707866935281	-0.114707866935281
"Glipr1"	-0.447116737134658	-0.447116737134658	-0.447116737134658	-0.447116737134658	1.84523026356867	-0.447116737134658	-0.447116737134658	-0.447116737134658	-0.447116737134658	-0.447116737134658	-0.447116737134658	-0.447116737134658	2.6577315023642	-0.447116737134658	-0.447116737134658	2.19488312949702	2.24134297007623	-0.447116737134658	-0.447116737134658	-0.447116737134658	-0.447116737134658	-0.447116737134658	1.7498443016509	-0.447116737134658	-0.447116737134658	-0.447116737134658	-0.447116737134658	-0.447116737134658	1.54912141674554	-0.447116737134658	-0.447116737134658	2.04318121531063	-0.447116737134658	-0.447116737134658	2.53774228535617	2.30669845919765	-0.447116737134658	1.85400662704539	-0.447116737134658	-0.447116737134658	-0.447116737134658	-0.447116737134658	-0.447116737134658	2.37231737850348	-0.447116737134658	-0.447116737134658	-0.447116737134658	-0.447116737134658	-0.447116737134658	2.2754356317357	-0.447116737134658	-0.447116737134658	-0.447116737134658
"Adgra2"	-0.263067695794685	-0.263067695794685	-0.263067695794685	-0.263067695794685	-0.263067695794685	-0.263067695794685	-0.263067695794685	4.1858301607278	-0.263067695794685	-0.263067695794685	-0.263067695794685	-0.263067695794685	-0.263067695794685	-0.263067695794685	-0.263067695794685	-0.263067695794685	-0.263067695794685	-0.263067695794685	-0.263067695794685	-0.263067695794685	-0.263067695794685	-0.263067695794685	-0.263067695794685	-0.263067695794685	-0.263067695794685	-0.263067695794685	3.63968807932082	-0.263067695794685	-0.263067695794685	-0.263067695794685	3.64222925236618	3.43231524577132	-0.263067695794685	-0.263067695794685	-0.263067695794685	-0.263067695794685	-0.263067695794685	-0.263067695794685	-0.263067695794685	-0.263067695794685	3.77774366323653	-0.263067695794685	-0.263067695794685	-0.263067695794685	-0.263067695794685	-0.263067695794685	-0.263067695794685	-0.263067695794685	-0.263067695794685	-0.263067695794685	-0.263067695794685	-0.263067695794685	-0.263067695794685
"Cd9"	-0.406412224365037	-0.406412224365037	-0.406412224365037	2.14654153635896	2.40420891082456	2.50859032636855	-0.406412224365037	-0.406412224365037	-0.406412224365037	-0.406412224365037	-0.406412224365037	-0.406412224365037	2.62381705070521	-0.406412224365037	-0.406412224365037	-0.406412224365037	-0.406412224365037	-0.406412224365037	-0.406412224365037	1.87762740683564	-0.406412224365037	-0.406412224365037	1.97150850289925	-0.406412224365037	-0.406412224365037	-0.406412224365037	-0.406412224365037	-0.406412224365037	-0.406412224365037	-0.406412224365037	2.44211871639695	-0.406412224365037	-0.406412224365037	-0.406412224365037	-0.406412224365037	-0.406412224365037	-0.406412224365037	-0.406412224365037	2.70397830879435	-0.406412224365037	-0.406412224365037	-0.406412224365037	2.43056045852967	-0.406412224365037	-0.406412224365037	-0.406412224365037	-0.406412224365037	-0.406412224365037	-0.406412224365037	-0.406412224365037	-0.406412224365037	2.56284028984776	2.74500307616648
"Notch4"	-0.488109963487673	-0.488109963487673	-0.488109963487673	1.71107025568573	-0.488109963487673	-0.488109963487673	-0.488109963487673	-0.488109963487673	2.13241706047706	-0.488109963487673	-0.488109963487673	-0.488109963487673	-0.488109963487673	-0.488109963487673	-0.488109963487673	-0.488109963487673	-0.488109963487673	-0.488109963487673	-0.488109963487673	-0.488109963487673	-0.488109963487673	-0.488109963487673	-0.488109963487673	-0.488109963487673	-0.488109963487673	-0.488109963487673	-0.488109963487673	1.80570541682008	1.37314230845516	-0.488109963487673	1.96568806254889	-0.488109963487673	2.1423943922965	-0.488109963487673	-0.488109963487673	-0.488109963487673	-0.488109963487673	1.6574111414345	1.90692774586208	-0.488109963487673	1.76674907895686	-0.488109963487673	-0.488109963487673	-0.488109963487673	-0.488109963487673	1.8994450060127	1.93488201765193	-0.488109963487673	-0.488109963487673	-0.488109963487673	-0.488109963487673	-0.488109963487673	-0.488109963487673
"Gm37640"	-0.200753409531937	-0.200753409531937	-0.200753409531937	-0.200753409531937	-0.200753409531937	5.10252825261351	-0.200753409531937	-0.200753409531937	-0.200753409531937	-0.200753409531937	-0.200753409531937	-0.200753409531937	-0.200753409531937	-0.200753409531937	-0.200753409531937	-0.200753409531937	-0.200753409531937	-0.200753409531937	-0.200753409531937	-0.200753409531937	-0.200753409531937	-0.200753409531937	-0.200753409531937	-0.200753409531937	-0.200753409531937	-0.200753409531937	-0.200753409531937	-0.200753409531937	-0.200753409531937	-0.200753409531937	-0.200753409531937	-0.200753409531937	-0.200753409531937	-0.200753409531937	-0.200753409531937	5.22194640599314	-0.200753409531937	4.33052423722479	-0.200753409531937	-0.200753409531937	-0.200753409531937	-0.200753409531937	-0.200753409531937	-0.200753409531937	-0.200753409531937	-0.200753409531937	-0.200753409531937	-0.200753409531937	-0.200753409531937	-0.200753409531937	-0.200753409531937	-0.200753409531937	-0.200753409531937
"Kit"	1.25383396793336	-0.664753295904742	-0.664753295904742	1.74711876877023	-0.664753295904742	-0.664753295904742	-0.664753295904742	-0.664753295904742	1.86020308666512	-0.664753295904742	-0.664753295904742	-0.664753295904742	-0.664753295904742	-0.664753295904742	-0.664753295904742	-0.664753295904742	-0.664753295904742	-0.664753295904742	1.77398644522159	0.952580498199723	0.876691288124234	-0.664753295904742	-0.664753295904742	-0.664753295904742	1.21123843857189	0.998593833321014	-0.664753295904742	-0.664753295904742	1.23401122416647	-0.664753295904742	1.35229811209763	1.61432052562819	-0.664753295904742	-0.664753295904742	-0.664753295904742	-0.664753295904742	-0.664753295904742	1.46890533651374	-0.664753295904742	-0.664753295904742	1.18876788153134	1.19744349521764	-0.664753295904742	1.49613836612386	-0.664753295904742	1.06463516941428	-0.664753295904742	1.54732474709944	-0.664753295904742	1.42188553729126	-0.664753295904742	1.4377813400383	-0.664753295904742
"Srebf2"	-0.750369391636481	-0.750369391636481	-0.750369391636481	1.53449664977803	0.957622199482192	-0.750369391636481	-0.750369391636481	1.48345827656009	-0.750369391636481	1.09151352375135	1.6758265453608	-0.750369391636481	1.33558996153382	1.1692517996168	-0.750369391636481	-0.750369391636481	1.48009125247055	-0.750369391636481	-0.750369391636481	-0.750369391636481	1.10675193978679	1.20019329244859	-0.750369391636481	-0.750369391636481	-0.750369391636481	1.09316037533582	1.20923591148044	-0.750369391636481	0.512825601180871	1.49820549168136	-0.750369391636481	-0.750369391636481	-0.750369391636481	-0.750369391636481	1.24627762592203	1.30145487292176	1.5123593315379	1.19097242610627	-0.750369391636481	-0.750369391636481	1.50591437664848	-0.750369391636481	0.975713450108668	-0.750369391636481	-0.750369391636481	1.15757564519016	1.1858941012428	1.40010745468888	-0.750369391636481	-0.750369391636481	1.32075290404171	1.29361457515528	-0.750369391636481
"Phf11a"	-0.550179197900149	-0.550179197900149	-0.550179197900149	1.68307405136389	-0.550179197900149	-0.550179197900149	-0.550179197900149	2.21992752130193	-0.550179197900149	-0.550179197900149	-0.550179197900149	1.83669126559274	-0.550179197900149	1.61024680806423	-0.550179197900149	1.92107402456267	-0.550179197900149	-0.550179197900149	-0.550179197900149	-0.550179197900149	-0.550179197900149	-0.550179197900149	1.54707937401842	-0.550179197900149	-0.550179197900149	-0.550179197900149	-0.550179197900149	-0.550179197900149	-0.550179197900149	1.98046574205625	1.91247469482813	-0.550179197900149	-0.550179197900149	-0.550179197900149	-0.550179197900149	1.75903395364162	1.74050710879888	1.37942898458131	-0.550179197900149	1.73264158507789	-0.550179197900149	-0.550179197900149	-0.550179197900149	-0.550179197900149	-0.550179197900149	1.3419498141569	1.6289767853096	-0.550179197900149	1.76963552462076	-0.550179197900149	-0.550179197900149	-0.550179197900149	-0.550179197900149
"Adcy4"	-0.200658204346502	-0.200658204346502	-0.200658204346502	-0.200658204346502	-0.200658204346502	-0.200658204346502	-0.200658204346502	-0.200658204346502	-0.200658204346502	-0.200658204346502	-0.200658204346502	-0.200658204346502	-0.200658204346502	-0.200658204346502	-0.200658204346502	-0.200658204346502	-0.200658204346502	-0.200658204346502	-0.200658204346502	-0.200658204346502	-0.200658204346502	-0.200658204346502	-0.200658204346502	-0.200658204346502	-0.200658204346502	-0.200658204346502	-0.200658204346502	-0.200658204346502	-0.200658204346502	-0.200658204346502	4.47146183942624	-0.200658204346502	-0.200658204346502	-0.200658204346502	-0.200658204346502	-0.200658204346502	-0.200658204346502	-0.200658204346502	-0.200658204346502	-0.200658204346502	-0.200658204346502	-0.200658204346502	-0.200658204346502	-0.200658204346502	-0.200658204346502	-0.200658204346502	-0.200658204346502	-0.200658204346502	4.7105928976111	-0.200658204346502	-0.200658204346502	-0.200658204346502	-0.200658204346502
"Gm44401"	-0.287564070985634	-0.287564070985634	-0.287564070985634	-0.287564070985634	-0.287564070985634	-0.287564070985634	-0.287564070985634	-0.287564070985634	-0.287564070985634	-0.287564070985634	-0.287564070985634	-0.287564070985634	-0.287564070985634	3.4883848097563	-0.287564070985634	-0.287564070985634	-0.287564070985634	-0.287564070985634	-0.287564070985634	-0.287564070985634	-0.287564070985634	-0.287564070985634	-0.287564070985634	3.75477285306	-0.287564070985634	-0.287564070985634	-0.287564070985634	-0.287564070985634	2.19717601264171	-0.287564070985634	-0.287564070985634	-0.287564070985634	-0.287564070985634	-0.287564070985634	-0.287564070985634	-0.287564070985634	-0.287564070985634	-0.287564070985634	-0.287564070985634	-0.287564070985634	-0.287564070985634	-0.287564070985634	-0.287564070985634	-0.287564070985634	-0.287564070985634	3.46541748555738	3.52112068519047	-0.287564070985634	-0.287564070985634	3.70261312278853	-0.287564070985634	-0.287564070985634	-0.287564070985634
"Fndc7"	-0.446594824564291	-0.446594824564291	-0.446594824564291	-0.446594824564291	-0.446594824564291	-0.446594824564291	-0.446594824564291	-0.446594824564291	-0.446594824564291	-0.446594824564291	-0.446594824564291	-0.446594824564291	-0.446594824564291	-0.446594824564291	-0.446594824564291	-0.446594824564291	-0.446594824564291	-0.446594824564291	-0.446594824564291	-0.446594824564291	-0.446594824564291	-0.446594824564291	1.63935256295131	-0.446594824564291	1.87743058706849	-0.446594824564291	-0.446594824564291	-0.446594824564291	1.82962306906132	-0.446594824564291	-0.446594824564291	1.91786700080799	-0.446594824564291	2.0693062207705	-0.446594824564291	2.4578249090078	-0.446594824564291	-0.446594824564291	-0.446594824564291	-0.446594824564291	-0.446594824564291	2.14965628495431	2.21140814790385	-0.446594824564291	-0.446594824564291	1.69581479597026	-0.446594824564291	-0.446594824564291	-0.446594824564291	-0.446594824564291	-0.446594824564291	-0.446594824564291	-0.446594824564291
"Slamf8"	-0.404721655984525	-0.404721655984525	-0.404721655984525	2.0353170339068	-0.404721655984525	-0.404721655984525	-0.404721655984525	-0.404721655984525	-0.404721655984525	-0.404721655984525	-0.404721655984525	-0.404721655984525	-0.404721655984525	-0.404721655984525	-0.404721655984525	-0.404721655984525	-0.404721655984525	-0.404721655984525	-0.404721655984525	2.27683324998956	-0.404721655984525	-0.404721655984525	-0.404721655984525	-0.404721655984525	2.12742385134745	1.84040388641429	-0.404721655984525	-0.404721655984525	-0.404721655984525	-0.404721655984525	-0.404721655984525	-0.404721655984525	-0.404721655984525	-0.404721655984525	-0.404721655984525	2.75979338888496	-0.404721655984525	-0.404721655984525	2.25262521518671	-0.404721655984525	2.09709390958289	-0.404721655984525	-0.404721655984525	2.51197142601531	-0.404721655984525	-0.404721655984525	-0.404721655984525	-0.404721655984525	-0.404721655984525	-0.404721655984525	2.47088285163095	-0.404721655984525	-0.404721655984525
"Cd300c"	-0.402472441467732	-0.402472441467732	-0.402472441467732	-0.402472441467732	-0.402472441467732	-0.402472441467732	-0.402472441467732	-0.402472441467732	-0.402472441467732	-0.402472441467732	-0.402472441467732	-0.402472441467732	-0.402472441467732	-0.402472441467732	-0.402472441467732	-0.402472441467732	-0.402472441467732	-0.402472441467732	-0.402472441467732	1.78065949744216	1.67822167110206	-0.402472441467732	-0.402472441467732	-0.402472441467732	-0.402472441467732	-0.402472441467732	-0.402472441467732	-0.402472441467732	-0.402472441467732	-0.402472441467732	-0.402472441467732	-0.402472441467732	3.01688229474092	-0.402472441467732	-0.402472441467732	-0.402472441467732	-0.402472441467732	1.97815407917951	-0.402472441467732	-0.402472441467732	-0.402472441467732	-0.402472441467732	-0.402472441467732	2.51437231939429	-0.402472441467732	1.93191468825328	-0.402472441467732	-0.402472441467732	-0.402472441467732	2.41414333588467	-0.402472441467732	-0.402472441467732	-0.402472441467732
"Dbnl"	1.63407657537448	-0.626365994504052	-0.626365994504052	1.51743311835671	-0.626365994504052	-0.626365994504052	-0.626365994504052	-0.626365994504052	1.63604288257446	-0.626365994504052	-0.626365994504052	-0.626365994504052	1.87291864337123	-0.626365994504052	-0.626365994504052	-0.626365994504052	-0.626365994504052	-0.626365994504052	1.68924921354707	-0.626365994504052	1.23672122022531	1.48095107356622	-0.626365994504052	-0.626365994504052	-0.626365994504052	-0.626365994504052	1.49072039068757	-0.626365994504052	0.738343989124868	-0.626365994504052	-0.626365994504052	-0.626365994504052	-0.626365994504052	1.50661950401274	1.53073891339911	1.59035040669813	-0.626365994504052	1.22595071482386	-0.626365994504052	-0.626365994504052	1.32034665815506	-0.626365994504052	1.23843120631955	-0.626365994504052	1.86096512336227	1.18997279233205	1.71101352214906	-0.626365994504052	-0.626365994504052	-0.626365994504052	-0.626365994504052	-0.626365994504052	-0.626365994504052
"Ankrd6"	-0.286180496053407	-0.286180496053407	-0.286180496053407	-0.286180496053407	-0.286180496053407	-0.286180496053407	-0.286180496053407	-0.286180496053407	-0.286180496053407	-0.286180496053407	-0.286180496053407	-0.286180496053407	-0.286180496053407	-0.286180496053407	-0.286180496053407	-0.286180496053407	-0.286180496053407	-0.286180496053407	-0.286180496053407	-0.286180496053407	-0.286180496053407	-0.286180496053407	-0.286180496053407	-0.286180496053407	-0.286180496053407	-0.286180496053407	-0.286180496053407	-0.286180496053407	2.14655019566847	-0.286180496053407	-0.286180496053407	-0.286180496053407	-0.286180496053407	-0.286180496053407	-0.286180496053407	-0.286180496053407	-0.286180496053407	-0.286180496053407	-0.286180496053407	3.6201734905994	-0.286180496053407	-0.286180496053407	-0.286180496053407	-0.286180496053407	-0.286180496053407	2.95162326174671	3.44278269108069	-0.286180496053407	-0.286180496053407	-0.286180496053407	-0.286180496053407	-0.286180496053407	-0.286180496053407
"Spag9"	0.463345342053911	0.393470861488876	-1.5847696710579	0.802869472375041	0.531605958723026	0.602030583700198	0.667328287669698	-1.5847696710579	0.465126950377135	0.440520217589095	1.01298566100059	0.268882824957179	0.679752532285289	0.811109662653788	0.784799969510394	0.56466487399698	-1.5847696710579	-1.5847696710579	0.735992400436546	0.57775439294905	0.233135039985144	0.547071591449693	0.641429276161825	-1.5847696710579	0.422736399743147	0.572322934121593	0.686180979758415	0.43184375129669	0.385936633693598	-1.5847696710579	0.557185391025453	0.231530054806531	0.472931677670754	0.34786054944656	-1.5847696710579	-1.5847696710579	0.760451860473512	0.609701436038008	0.511157124721059	0.753601216995902	0.623868408970881	0.63214976060445	0.621057922461619	-1.5847696710579	-1.5847696710579	0.282885506969792	0.31060596539999	0.520295799773667	0.432947435950698	0.6234830079874	0.442616970166102	1.04124336794691	0.761476392000905
"Ero1b"	-0.648594244235824	-0.648594244235824	-0.648594244235824	1.69184577037202	-0.648594244235824	-0.648594244235824	1.78607144073286	-0.648594244235824	-0.648594244235824	-0.648594244235824	1.67814952603938	-0.648594244235824	1.5588448815515	-0.648594244235824	-0.648594244235824	1.43455821148617	-0.648594244235824	-0.648594244235824	-0.648594244235824	1.01526614027067	-0.648594244235824	1.41556313237178	-0.648594244235824	1.76676118188756	-0.648594244235824	1.06260316231672	-0.648594244235824	-0.648594244235824	0.925390851290761	-0.648594244235824	-0.648594244235824	-0.648594244235824	1.57591594824883	1.44070585097588	-0.648594244235824	-0.648594244235824	1.50530137647724	1.40580527150706	-0.648594244235824	-0.648594244235824	-0.648594244235824	1.26717322454404	1.41806274127113	1.57446078915671	-0.648594244235824	-0.648594244235824	1.40043120082825	-0.648594244235824	1.53269035902521	-0.648594244235824	-0.648594244235824	-0.648594244235824	-0.648594244235824
"Slc12a9"	-0.546741076372345	-0.546741076372345	-0.546741076372345	1.42135085254839	-0.546741076372345	-0.546741076372345	-0.546741076372345	-0.546741076372345	-0.546741076372345	-0.546741076372345	-0.546741076372345	-0.546741076372345	-0.546741076372345	-0.546741076372345	-0.546741076372345	-0.546741076372345	-0.546741076372345	-0.546741076372345	1.85357536261469	-0.546741076372345	1.38449467179204	-0.546741076372345	-0.546741076372345	-0.546741076372345	-0.546741076372345	-0.546741076372345	-0.546741076372345	1.50604181838958	0.867887656745692	-0.546741076372345	1.64921360171192	-0.546741076372345	-0.546741076372345	-0.546741076372345	1.68926702767585	-0.546741076372345	-0.546741076372345	1.62733175624502	-0.546741076372345	-0.546741076372345	-0.546741076372345	-0.546741076372345	-0.546741076372345	2.06050280107026	-0.546741076372345	-0.546741076372345	-0.546741076372345	-0.546741076372345	2.01625989218017	-0.546741076372345	1.77267051560457	1.74227880250419	-0.546741076372345
"Shroom4"	3.25360005374045	-0.289279993810299	-0.289279993810299	-0.289279993810299	-0.289279993810299	-0.289279993810299	3.64892380263784	-0.289279993810299	-0.289279993810299	-0.289279993810299	-0.289279993810299	-0.289279993810299	-0.289279993810299	-0.289279993810299	-0.289279993810299	-0.289279993810299	-0.289279993810299	-0.289279993810299	-0.289279993810299	-0.289279993810299	-0.289279993810299	-0.289279993810299	-0.289279993810299	-0.289279993810299	-0.289279993810299	-0.289279993810299	-0.289279993810299	-0.289279993810299	-0.289279993810299	-0.289279993810299	-0.289279993810299	-0.289279993810299	-0.289279993810299	-0.289279993810299	-0.289279993810299	-0.289279993810299	-0.289279993810299	2.96748061581146	-0.289279993810299	3.56362697058075	-0.289279993810299	-0.289279993810299	-0.289279993810299	-0.289279993810299	-0.289279993810299	2.90422389508043	-0.289279993810299	-0.289279993810299	-0.289279993810299	-0.289279993810299	-0.289279993810299	-0.289279993810299	-0.289279993810299
"Rtl8a"	-0.232840371173634	-0.232840371173634	-0.232840371173634	-0.232840371173634	-0.232840371173634	-0.232840371173634	4.66672417149645	-0.232840371173634	-0.232840371173634	-0.232840371173634	-0.232840371173634	-0.232840371173634	-0.232840371173634	-0.232840371173634	-0.232840371173634	-0.232840371173634	-0.232840371173634	-0.232840371173634	-0.232840371173634	-0.232840371173634	-0.232840371173634	-0.232840371173634	3.63552588556483	-0.232840371173634	-0.232840371173634	-0.232840371173634	-0.232840371173634	-0.232840371173634	-0.232840371173634	-0.232840371173634	-0.232840371173634	-0.232840371173634	-0.232840371173634	-0.232840371173634	-0.232840371173634	4.61602385296125	-0.232840371173634	-0.232840371173634	-0.232840371173634	-0.232840371173634	-0.232840371173634	-0.232840371173634	3.84623281447908	-0.232840371173634	-0.232840371173634	-0.232840371173634	-0.232840371173634	-0.232840371173634	-0.232840371173634	-0.232840371173634	-0.232840371173634	-0.232840371173634	-0.232840371173634
"Syne1"	1.02445831438541	1.39820727373028	-0.795135907057437	1.14071889222747	1.09238306465709	-0.795135907057437	-0.795135907057437	-0.795135907057437	1.24782374170965	1.22330027957585	-0.795135907057437	-0.795135907057437	-0.795135907057437	-0.795135907057437	0.993204063429369	1.56896292815399	-0.795135907057437	-0.795135907057437	-0.795135907057437	-0.795135907057437	0.666775005539024	-0.795135907057437	-0.795135907057437	-0.795135907057437	-0.795135907057437	1.35465696783913	-0.795135907057437	0.993119745654785	1.00565836158096	-0.795135907057437	1.11784201973859	1.01501735199332	-0.795135907057437	1.13095417728762	-0.795135907057437	-0.795135907057437	-0.795135907057437	1.22843267971285	1.07203254903208	-0.795135907057437	-0.795135907057437	0.970977411936031	-0.795135907057437	-0.795135907057437	1.45092896583392	-0.795135907057437	1.31552237613639	1.08112705640448	-0.795135907057437	1.18383895360446	1.22538993661684	-0.795135907057437	-0.795135907057437
"Gramd2"	-0.230218262820767	-0.230218262820767	-0.230218262820767	-0.230218262820767	-0.230218262820767	-0.230218262820767	-0.230218262820767	-0.230218262820767	-0.230218262820767	-0.230218262820767	-0.230218262820767	-0.230218262820767	-0.230218262820767	-0.230218262820767	-0.230218262820767	-0.230218262820767	-0.230218262820767	-0.230218262820767	-0.230218262820767	-0.230218262820767	3.15127893842167	-0.230218262820767	-0.230218262820767	-0.230218262820767	-0.230218262820767	-0.230218262820767	-0.230218262820767	-0.230218262820767	-0.230218262820767	-0.230218262820767	-0.230218262820767	3.95678665420841	-0.230218262820767	-0.230218262820767	-0.230218262820767	-0.230218262820767	-0.230218262820767	-0.230218262820767	-0.230218262820767	-0.230218262820767	-0.230218262820767	-0.230218262820767	-0.230218262820767	-0.230218262820767	-0.230218262820767	-0.230218262820767	-0.230218262820767	4.10970279876627	-0.230218262820767	-0.230218262820767	-0.230218262820767	-0.230218262820767	-0.230218262820767
"Mpeg1"	1.22711983412833	-0.767151747589603	-0.767151747589603	-0.767151747589603	0.860818728189045	1.14547439358998	-0.767151747589603	-0.767151747589603	1.22885460528425	-0.767151747589603	-0.767151747589603	1.25431120155332	-0.767151747589603	1.06253326976611	-0.767151747589603	-0.767151747589603	-0.767151747589603	-0.767151747589603	-0.767151747589603	0.731479498899432	-0.767151747589603	-0.767151747589603	0.793077880159391	-0.767151747589603	-0.767151747589603	0.99000680486223	1.10064408597429	-0.767151747589603	0.436861295654464	1.80989124773437	1.31849289750265	-0.767151747589603	1.23645415206023	1.54816050779726	-0.767151747589603	-0.767151747589603	-0.767151747589603	1.08323626316733	1.05710361765439	-0.767151747589603	1.16671525703812	-0.767151747589603	1.38068626724998	-0.767151747589603	1.42729186658727	-0.767151747589603	-0.767151747589603	1.28257310636609	1.54111704011487	-0.767151747589603	-0.767151747589603	-0.767151747589603	-0.767151747589603
"Dedd2"	-0.379768703102205	-0.379768703102205	-0.379768703102205	-0.379768703102205	-0.379768703102205	-0.379768703102205	-0.379768703102205	-0.379768703102205	-0.379768703102205	-0.379768703102205	-0.379768703102205	-0.379768703102205	-0.379768703102205	-0.379768703102205	2.33918874793618	-0.379768703102205	-0.379768703102205	-0.379768703102205	-0.379768703102205	-0.379768703102205	-0.379768703102205	-0.379768703102205	-0.379768703102205	-0.379768703102205	-0.379768703102205	2.01866773050122	-0.379768703102205	-0.379768703102205	1.49385076035427	-0.379768703102205	-0.379768703102205	-0.379768703102205	-0.379768703102205	-0.379768703102205	2.5817350512836	-0.379768703102205	-0.379768703102205	2.16328929509157	-0.379768703102205	-0.379768703102205	-0.379768703102205	-0.379768703102205	-0.379768703102205	-0.379768703102205	-0.379768703102205	-0.379768703102205	-0.379768703102205	2.47286516338989	-0.379768703102205	-0.379768703102205	2.69219965209725	-0.379768703102205	-0.379768703102205
"Map3k9"	-0.314894671896144	-0.314894671896144	-0.314894671896144	3.07579199644866	-0.314894671896144	-0.314894671896144	-0.314894671896144	-0.314894671896144	-0.314894671896144	-0.314894671896144	-0.314894671896144	-0.314894671896144	-0.314894671896144	-0.314894671896144	-0.314894671896144	-0.314894671896144	-0.314894671896144	-0.314894671896144	-0.314894671896144	-0.314894671896144	-0.314894671896144	-0.314894671896144	-0.314894671896144	-0.314894671896144	-0.314894671896144	-0.314894671896144	-0.314894671896144	2.81726927112446	-0.314894671896144	-0.314894671896144	3.03572271718758	-0.314894671896144	-0.314894671896144	-0.314894671896144	-0.314894671896144	-0.314894671896144	-0.314894671896144	2.61477608605533	-0.314894671896144	-0.314894671896144	-0.314894671896144	-0.314894671896144	-0.314894671896144	-0.314894671896144	-0.314894671896144	-0.314894671896144	-0.314894671896144	-0.314894671896144	3.20721588823573	-0.314894671896144	-0.314894671896144	-0.314894671896144	-0.314894671896144
"Palld"	-0.631325804184151	-0.631325804184151	1.61063226129522	-0.631325804184151	1.85436810420417	-0.631325804184151	-0.631325804184151	-0.631325804184151	-0.631325804184151	-0.631325804184151	-0.631325804184151	1.25596589616834	-0.631325804184151	-0.631325804184151	1.42197046214303	-0.631325804184151	1.36508746420351	-0.631325804184151	1.50485479452136	-0.631325804184151	-0.631325804184151	1.6718090158142	-0.631325804184151	-0.631325804184151	-0.631325804184151	-0.631325804184151	1.54822714355805	-0.631325804184151	-0.631325804184151	1.60971054950806	-0.631325804184151	-0.631325804184151	-0.631325804184151	-0.631325804184151	-0.631325804184151	1.41361955315169	-0.631325804184151	-0.631325804184151	-0.631325804184151	-0.631325804184151	-0.631325804184151	-0.631325804184151	-0.631325804184151	1.46234726173816	-0.631325804184151	1.27022269219774	1.29844620833022	-0.631325804184151	1.42300787373171	-0.631325804184151	1.4328528860575	1.63241819607727	1.75749881710537
"4933421O10Rik"	-0.259490694046377	-0.259490694046377	-0.259490694046377	3.25611148006073	-0.259490694046377	-0.259490694046377	-0.259490694046377	-0.259490694046377	-0.259490694046377	-0.259490694046377	-0.259490694046377	-0.259490694046377	-0.259490694046377	-0.259490694046377	-0.259490694046377	-0.259490694046377	-0.259490694046377	-0.259490694046377	-0.259490694046377	-0.259490694046377	2.73821274169124	-0.259490694046377	-0.259490694046377	-0.259490694046377	-0.259490694046377	-0.259490694046377	-0.259490694046377	-0.259490694046377	-0.259490694046377	-0.259490694046377	-0.259490694046377	-0.259490694046377	-0.259490694046377	-0.259490694046377	-0.259490694046377	3.8450690830934	-0.259490694046377	-0.259490694046377	-0.259490694046377	3.79815740915034	-0.259490694046377	-0.259490694046377	-0.259490694046377	-0.259490694046377	-0.259490694046377	-0.259490694046377	-0.259490694046377	-0.259490694046377	-0.259490694046377	-0.259490694046377	-0.259490694046377	-0.259490694046377	-0.259490694046377
"Ddx17"	0.301887266436385	0.679088999548804	0.680302502255307	0.715123606732843	0.147142803258497	0.441186171448735	-1.53451676019332	0.66487208976328	-1.53451676019332	0.502566176731639	0.630284432884981	0.553612325172181	0.519283453736935	0.579231324058383	0.270344281946437	-1.53451676019332	-1.53451676019332	-1.53451676019332	0.930822875182337	0.459889085925432	0.567373793812266	0.609737987944474	0.431020549959826	-1.53451676019332	0.484678805600011	0.504190614260407	-1.53451676019332	0.270259185226004	0.599417661768687	-1.53451676019332	0.396133670668314	0.739884617850196	0.759087977098056	0.857152532694964	-1.53451676019332	0.709551721973549	0.469466604478695	0.376895480190009	0.349901002158023	0.686439412270178	0.463127540585945	0.767419261222218	0.519160477664333	-1.53451676019332	0.73229774605333	-1.53451676019332	0.595640240977522	0.582806283672583	-1.53451676019332	-1.53451676019332	0.504675138476581	0.925854709288467	-1.53451676019332
